plaza_limpia,placa,fecha_dia,coverage_ratio_14d,coverage_ratio_30d,downtime_hours_30d,activity_drop_pct,protections_applied_last_12m,last_protection_at,expected_payment,gnv_credit_30d,bank_transfer,exposure_after_transfer,arrears_amount,risk_score,needs_protection,suggested_scenario,whatsapp_segment
EDOMEX - ECATEPEC,0116YXA,2025-07-17,0.250350450090909,0.5642497718436364,264.06,0.864,0,,11000.0,6206.74749028,3663.84,1129.4125097199994,4793.25250972,0.691,1,restructure-light,PIA_OPCIONES
EDOMEX - ECATEPEC,0603561C,2025-07-27,0.6213142250909092,1.313611806909091,134.29,0.731,0,,11000.0,14449.729876,0.0,0.0,0.0,0.446,1,advisor-review,PIA_OPCIONES
EDOMEX - ECATEPEC,060374K,2025-07-27,0.4407163827272726,1.111698720909091,157.55,0.782,0,,11000.0,12228.68593,0.0,0.0,0.0,0.456,1,advisor-review,PIA_OPCIONES
EDOMEX - ECATEPEC,060381K,2025-07-31,0.6092801258181818,1.1937184838181816,155.58,0.738,0,,11000.0,13130.903321999998,0.0,0.0,0.0,0.448,1,advisor-review,PIA_OPCIONES
EDOMEX - ECATEPEC,060820K,2025-07-31,0.6046597551818181,1.447738761,103.89,0.74,0,,11000.0,15925.126371,0.0,0.0,0.0,0.448,1,advisor-review,PIA_OPCIONES
EDOMEX - ECATEPEC,060845K,2025-07-31,0.3584724689999999,0.821395474090909,219.71,0.812,0,,11000.0,9035.350215,1739.45,225.19978499999957,1964.6497849999996,0.552,1,advisor-review,PIA_OPCIONES
EDOMEX - ECATEPEC,060863K,2025-07-23,0.2906789705454545,0.8784660362727271,203.63,0.846,0,,11000.0,9663.126399,1011.59,325.2836009999993,1336.8736009999993,0.53,1,advisor-review,PIA_OPCIONES
EDOMEX - ECATEPEC,060874K,2025-07-31,0.4386030549090909,1.2587777688181816,138.76999999999998,0.725,0,,11000.0,13846.555457,0.0,0.0,0.0,0.445,1,advisor-review,PIA_OPCIONES
EDOMEX - ECATEPEC,061238K,2025-04-09,0.55894069,1.1799148354545457,166.12,0.658,0,,11000.0,12979.06319,0.0,0.0,0.0,0.432,1,advisor-review,PIA_OPCIONES
EDOMEX - ECATEPEC,061288K,2025-07-31,0.6489829374545455,1.439782099909091,121.57,0.697,0,,11000.0,15837.603099,0.0,0.0,0.0,0.439,1,advisor-review,PIA_OPCIONES
EDOMEX - ECATEPEC,061706K,2025-02-12,0.022764409090909,0.022764409090909,11.73,0.977,0,,11000.0,250.4085,5616.43,5133.1615,10749.5915,0.733,1,restructure-light,PIA_OPCIONES
EDOMEX - ECATEPEC,061802K,2025-02-24,0.3649227581818182,0.3649227581818182,122.61,0.819,0,,11000.0,4014.15034,5980.3,1005.5496599999997,6985.84966,0.781,1,restructure-full,PIA_OPCIONES
EDOMEX - ECATEPEC,061803K,2025-02-03,0.0182115272727272,0.0182115272727272,11.78,0.982,0,,11000.0,200.3268,7412.02,3387.653199999999,10799.6732,0.736,1,restructure-light,PIA_OPCIONES
EDOMEX - ECATEPEC,061899K,2025-06-18,0.0776771466363636,0.0776771466363636,45.79,0.922,0,,11000.0,854.4486129999999,8052.09,2093.4613869999994,10145.551387,0.836,1,restructure-light,PIA_OPCIONES
EDOMEX - TLANEPANTLA,0NXA9936,2025-06-24,0.2177198841818181,0.4939354307272727,270.28,0.914,0,,11000.0,5433.2897379999995,3151.03,2415.6802620000003,5566.7102620000005,0.736,1,restructure-full,PIA_OPCIONES
EDOMEX - ECATEPEC,1050,2024-11-01,0.0902038345454545,0.0902038345454545,22.39,0.91,0,,11000.0,992.24218,4366.82,5640.937820000001,10007.75782,0.73,1,restructure-light,PIA_OPCIONES
EDOMEX - ECATEPEC,109327,2025-07-26,0.0805213725454545,0.0805213725454545,34.2,0.919,0,,11000.0,885.735098,6399.81,3714.4549020000004,10114.264902,0.786,1,restructure-light,PIA_OPCIONES
EDOMEX - TLANEPANTLA,109456,2024-08-31,0.0738887954545454,0.0738887954545454,11.11,0.926,0,,11000.0,812.77675,3446.24,6740.983249999999,10187.22325,0.695,1,restructure-light,PIA_OPCIONES
EDOMEX - ECATEPEC,11G896,2025-07-29,0.1913305005454545,0.4466939739090909,284.90999999999997,0.906,0,,11000.0,4913.633713,4848.27,1238.0962869999994,6086.366287,0.758,1,restructure-full,PIA_OPCIONES
EDOMEX - ECATEPEC,120053K,2025-01-17,0.6717845945454545,1.4921605227272725,102.59,0.688,0,,11000.0,16413.76575,0.0,0.0,0.0,0.438,0,monitor,FOLLOW_UP
EDOMEX - TLANEPANTLA,120370K,2024-06-29,0.6456379872727273,1.3021552090909092,142.95000000000002,0.668,0,,11000.0,14323.7073,0.0,0.0,0.0,0.434,1,advisor-review,PIA_OPCIONES
EDOMEX - TLANEPANTLA,120466K,2025-01-24,0.5803096418181818,0.6785875227272727,127.14,0.675,0,,11000.0,7464.46275,1812.73,1722.8072500000003,3535.5372500000003,0.596,1,advisor-review,PIA_OPCIONES
EDOMEX - TLANEPANTLA,120768K,2025-05-16,0.0364115904545454,0.0364115904545454,11.56,0.964,0,,11000.0,400.527495,9353.17,1246.3025049999997,10599.472505,0.723,1,restructure-light,PIA_OPCIONES
EDOMEX - ECATEPEC,121368K,2024-11-07,0.07906528,0.07906528,22.48,0.921,0,,11000.0,869.7180800000001,8467.63,1662.6519200000002,10130.28192,0.738,1,restructure-light,PIA_OPCIONES
EDOMEX - TLANEPANTLA,121440K,2024-12-20,0.8591263581818182,1.754663728181818,65.53,0.611,0,,11000.0,19301.30101,0.0,0.0,0.0,0.395,0,monitor,FOLLOW_UP
EDOMEX - TLANEPANTLA,122409K,2024-04-12,0.8036902490909091,1.777881610909091,58.67,0.558,0,,11000.0,19556.69772,0.0,0.0,0.0,0.356,0,monitor,FOLLOW_UP
EDOMEX - TLANEPANTLA,122432K,2023-12-13,0.5334958245454545,1.1747953554545454,178.75,0.749,0,,11000.0,12922.74891,0.0,0.0,0.0,0.45,1,advisor-review,PIA_OPCIONES
EDOMEX - TLANEPANTLA,1247JGE,2024-10-31,0.03930873,0.03930873,58.709999999999994,0.961,0,,11000.0,432.39603,3448.02,7119.58397,10567.60397,0.917,1,restructure-light,PIA_OPCIONES
EDOMEX - TLANEPANTLA,1260079,2025-03-06,0.6834618045454546,0.6834618045454546,61.95,0.533,0,,11000.0,7518.07985,1366.91,2115.01015,3481.92015,0.523,1,advisor-review,PIA_OPCIONES
EDOMEX - TLANEPANTLA,1387JGE,2025-07-05,0.0444563251818181,0.0444563251818181,46.46,0.956,0,,11000.0,489.019577,7461.0,3049.980423000001,10510.980423,0.863,1,restructure-light,PIA_OPCIONES
EDOMEX - TLANEPANTLA,1416JFHA,2024-02-15,0.0219605809090909,0.0219605809090909,23.59,0.978,0,,11000.0,241.56639,8035.01,2723.42361,10758.43361,0.783,1,restructure-light,PIA_OPCIONES
EDOMEX - ECATEPEC,1507EDM016,2025-07-08,0.7694621871818181,1.4772351879090908,104.37,0.681,0,,11000.0,16249.587067,0.0,0.0,0.0,0.436,0,monitor,FOLLOW_UP
EDOMEX - TLANEPANTLA,1507MDF049,2024-03-17,0.0329936536363636,0.0329936536363636,11.6,0.967,0,,11000.0,362.93019,5270.62,5366.449810000001,10637.06981,0.725,1,restructure-light,PIA_OPCIONES
EDOMEX - TLANEPANTLA,1511MDF034,2024-01-28,0.016335829090909,0.016335829090909,11.8,0.984,0,,11000.0,179.69412,5651.18,5169.12588,10820.30588,0.738,1,restructure-light,PIA_OPCIONES
EDOMEX - TLANEPANTLA,1512EDM010,2025-05-21,0.0491318181818181,0.0491318181818181,11.41,0.951,0,,11000.0,540.45,6084.67,4374.879999999999,10459.55,0.713,1,restructure-light,PIA_OPCIONES
EDOMEX - TLANEPANTLA,1602MDF050,2024-02-06,0.045858979090909,0.045858979090909,34.86,0.954,0,,11000.0,504.44877,4341.83,6153.721229999999,10495.55123,0.813,1,restructure-light,PIA_OPCIONES
EDOMEX - TLANEPANTLA,1603MDF019,2025-02-11,0.0727287763636363,0.0727287763636363,57.46,0.927,0,,11000.0,800.01654,3855.11,6344.873459999999,10199.98346,0.888,1,restructure-light,PIA_OPCIONES
EDOMEX - ECATEPEC,1610MDF004,2024-09-18,0.0226039118181818,0.0226039118181818,23.57,0.977,0,,11000.0,248.64303,6294.09,4457.266970000001,10751.35697,0.782,1,restructure-light,PIA_OPCIONES
EDOMEX - TLANEPANTLA,1610MDF123,2024-05-13,0.0842604009090909,0.0842604009090909,22.49,0.916,0,,11000.0,926.86441,4393.35,5679.7855899999995,10073.13559,0.735,1,restructure-light,PIA_OPCIONES
EDOMEX - TLANEPANTLA,1611MDF003,2025-07-31,0.198213753090909,0.4749429139999999,276.79,0.9,0,,11000.0,5224.3720539999995,4053.85,1721.7779460000006,5775.6279460000005,0.743,1,restructure-full,PIA_OPCIONES
EDOMEX - TLANEPANTLA,1612MDF009,2024-02-27,0.1251807427272727,0.1251807427272727,123.28,0.915,0,,11000.0,1376.98817,5410.93,4212.081829999999,9623.01183,0.92,1,restructure-full,PIA_OPCIONES
EDOMEX - ECATEPEC,1701MDF078,2025-01-15,0.0011873127272727,0.0011873127272727,11.99,0.999,0,,11000.0,13.06044,8785.23,2201.709560000001,10986.93956,0.749,1,restructure-light,PIA_OPCIONES
EDOMEX - TLANEPANTLA,1701MDF118,2024-12-27,0.0174332536363636,0.0174332536363636,11.79,0.983,0,,11000.0,191.76579,7783.65,3024.584210000001,10808.23421,0.737,1,restructure-light,PIA_OPCIONES
EDOMEX - TLANEPANTLA,1703MDF193,2023-09-25,0.0513335536363636,0.0513335536363636,11.38,0.949,0,,11000.0,564.66909,5086.39,5348.94091,10435.33091,0.712,1,restructure-light,PIA_OPCIONES
EDOMEX - ECATEPEC,1704EDM001,2025-07-30,0.1724189649090909,0.316863654,272.82,0.907,0,,11000.0,3485.5001939999997,6006.76,1507.7398059999996,7514.499806,0.823,1,restructure-full,PIA_OPCIONES
EDOMEX - TLANEPANTLA,1704MDF094,2024-11-10,0.0482760899999999,0.0482760899999999,11.42,0.952,0,,11000.0,531.03699,8195.72,2273.24301,10468.96301,0.714,1,restructure-light,PIA_OPCIONES
EDOMEX - TLANEPANTLA,1705MDF058,2024-09-03,0.1326832045454545,0.2914150072727272,310.60999999999996,0.927,0,,11000.0,3205.56508,4150.44,3643.99492,7794.43492,0.84,1,restructure-full,PIA_OPCIONES
EDOMEX - TLANEPANTLA,1706MDF121,2024-04-19,0.1532759872727272,0.1532759872727272,53.48,0.847,0,,11000.0,1686.03586,4405.48,4908.4841400000005,9313.96414,0.816,1,restructure-light,PIA_OPCIONES
EDOMEX - ECATEPEC,1708MDF054,2025-07-10,0.0352019792727272,0.0352019792727272,35.32,0.965,0,,11000.0,387.221772,7529.74,3083.0382279999994,10612.778228,0.823,1,restructure-light,PIA_OPCIONES
EDOMEX - TLANEPANTLA,1710MDF045,2024-10-05,0.6204970972727273,0.6481723690909091,121.63,0.67,0,,11000.0,7129.89606,1485.55,2384.55394,3870.10394,0.61,1,advisor-review,PIA_OPCIONES
EDOMEX - TLANEPANTLA,1711MDF017,2023-11-21,0.2470838727272727,0.5237472681818182,285.51,0.874,0,,11000.0,5761.21995,2200.0,3038.7800500000003,5238.78005,0.713,1,restructure-light,PIA_OPCIONES
EDOMEX - TLANEPANTLA,1711MDF033,2024-03-07,0.0012022718181818,0.0012022718181818,11.99,0.999,0,,11000.0,13.22499,3344.57,7642.20501,10986.77501,0.749,1,restructure-light,PIA_OPCIONES
EDOMEX - TLANEPANTLA,1711MDF126,2025-02-20,0.0002172718181818,0.0002172718181818,12.0,1.0,0,,11000.0,2.38999,8491.86,2505.7500099999997,10997.61001,0.75,1,restructure-light,PIA_OPCIONES
EDOMEX - TLANEPANTLA,1712MDF018,2024-06-08,0.1029130127272727,0.1029130127272727,91.33,0.903,0,,11000.0,1132.04314,6896.82,2971.1368600000005,9867.95686,0.929,1,restructure-full,PIA_OPCIONES
EDOMEX - TLANEPANTLA,1712MDF125,2024-04-04,0.0366730809090909,0.0366730809090909,11.56,0.963,0,,11000.0,403.40389,7662.39,2934.20611,10596.59611,0.722,1,restructure-light,PIA_OPCIONES
EDOMEX - ECATEPEC,1712MDF126,2024-10-26,0.1142718745454545,0.1142718745454545,90.03,0.898,0,,11000.0,1256.99062,7486.89,2256.119379999999,9743.00938,0.922,1,restructure-full,PIA_OPCIONES
EDOMEX - TLANEPANTLA,1712MDF131,2024-08-19,0.7731490518181817,1.5595833463636362,108.74,0.613,0,,11000.0,17155.41681,0.0,0.0,0.0,0.423,0,monitor,FOLLOW_UP
EDOMEX - TLANEPANTLA,1712MDF162,2023-10-18,0.178323769090909,0.178323769090909,53.71,0.822,0,,11000.0,1961.56146,5795.85,3242.588539999999,9038.43854,0.799,1,restructure-light,PIA_OPCIONES
EDOMEX - ECATEPEC,1800827,2025-07-18,0.0625377077272727,0.0625377077272727,22.51,0.937,0,,11000.0,687.9147849999999,3958.58,6353.505214999999,10312.085215,0.75,1,restructure-light,PIA_OPCIONES
EDOMEX - TLANEPANTLA,1801MDF009,2025-04-15,0.0881905218181818,0.0881905218181818,68.34,0.912,0,,11000.0,970.09574,3698.21,6331.694259999999,10029.90426,0.923,1,restructure-light,PIA_OPCIONES
EDOMEX - TLANEPANTLA,1802709,2025-02-03,0.044826779090909,0.044826779090909,34.96,0.955,0,,11000.0,493.09457,7365.78,3141.125430000001,10506.90543,0.814,1,restructure-light,PIA_OPCIONES
EDOMEX - ECATEPEC,1802MDF002,2025-03-03,0.0129369536363636,0.0129369536363636,11.84,0.987,0,,11000.0,142.30649,6326.32,4531.373509999999,10857.69351,0.74,1,restructure-light,PIA_OPCIONES
EDOMEX - ECATEPEC,1802MDF053,2025-03-21,0.0071612354545454,0.0071612354545454,11.91,0.993,0,,11000.0,78.77359,6980.21,3941.0164099999993,10921.22641,0.745,1,restructure-light,PIA_OPCIONES
EDOMEX - ECATEPEC,1802MDF058,2025-07-27,0.167247628090909,0.167247628090909,108.53,0.888,0,,11000.0,1839.723909,6952.64,2207.6360909999994,9160.276091,0.894,1,restructure-full,PIA_OPCIONES
EDOMEX - TLANEPANTLA,1803342,2025-04-19,0.06928777,0.06928777,68.84,0.931,0,,11000.0,762.16547,6970.24,3267.5945300000003,10237.83453,0.938,1,restructure-light,PIA_OPCIONES
EDOMEX - TLANEPANTLA,1804272,2024-08-15,0.0658453709090909,0.0658453709090909,22.81,0.934,0,,11000.0,724.29908,6495.76,3779.940919999999,10275.70092,0.749,1,restructure-light,PIA_OPCIONES
EDOMEX - TLANEPANTLA,1804501,2023-11-11,0.0104720072727272,0.0104720072727272,11.87,0.99,0,,11000.0,115.19208,6917.56,3967.247919999999,10884.80792,0.742,1,restructure-light,PIA_OPCIONES
EDOMEX - TLANEPANTLA,1804586,2025-04-30,0.018167527,0.018167527,11.78,0.982,0,,11000.0,199.842797,5209.67,5590.487203000001,10800.157203,0.736,1,restructure-light,PIA_OPCIONES
EDOMEX - TLANEPANTLA,1912VLL28,2025-01-28,0.00225788,0.00225788,23.96,0.998,0,,11000.0,24.83668,3495.49,7479.67332,10975.16332,0.798,1,restructure-light,PIA_OPCIONES
EDOMEX - TLANEPANTLA,2000012,2024-07-19,0.0357221072727272,0.0357221072727272,23.36,0.964,0,,11000.0,392.94318,5961.49,4645.56682,10607.05682,0.772,1,restructure-light,PIA_OPCIONES
EDOMEX - ECATEPEC,2000578,2025-05-02,0.1005660625454545,0.2170565116363636,322.65,0.956,0,,11000.0,2387.6216280000003,3692.56,4919.818372,8612.378372,0.883,1,restructure-full,PIA_OPCIONES
EDOMEX - TLANEPANTLA,2000705,2025-06-18,0.2163106355454545,0.456387771,282.89,0.888,0,,11000.0,5020.265481,3259.66,2720.074519,5979.734519,0.749,1,restructure-full,PIA_OPCIONES
EDOMEX - ECATEPEC,203ZCT,2025-07-30,0.1348625233636363,0.1348625233636363,88.57,0.881,0,,11000.0,1483.487757,7727.81,1788.7022429999988,9516.512243,0.909,1,restructure-full,PIA_OPCIONES
EDOMEX - ECATEPEC,225C,2025-07-31,1.590553262181818,4.088098895454546,0.0,0.527,0,,11000.0,44969.08785,0.0,0.0,0.0,0.105,0,monitor,FOLLOW_UP
EDOMEX - TLANEPANTLA,2617JGE,2024-01-06,0.049864459090909,0.049864459090909,57.86,0.95,0,,11000.0,548.50905,3501.06,6950.43095,10451.49095,0.906,1,restructure-light,PIA_OPCIONES
EDOMEX - TLANEPANTLA,2900JGE,2024-12-30,0.3156807518181818,0.7767127736363636,221.71,0.859,0,,11000.0,8543.84051,1151.52,1304.63949,2456.15949,0.583,1,advisor-review,PIA_OPCIONES
EDOMEX - TLANEPANTLA,299TLA,2024-12-31,0.0258138163636363,0.0258138163636363,23.549999999999997,0.974,0,,11000.0,283.95197999999993,5102.51,5613.53802,10716.04802,0.78,1,restructure-light,PIA_OPCIONES
EDOMEX - ECATEPEC,305,2024-09-04,0.0548627718181818,0.0548627718181818,11.34,0.945,0,,11000.0,603.49049,7247.93,3148.5795099999996,10396.50951,0.709,1,restructure-light,PIA_OPCIONES
EDOMEX - ECATEPEC,308C,2025-07-31,1.1388884383636362,3.2262177054545456,0.0,0.459,0,,11000.0,35488.39476,0.0,0.0,0.0,0.092,0,monitor,FOLLOW_UP
EDOMEX - ECATEPEC,320C,2025-01-30,0.5261817,1.2736196827272728,133.25,0.773,0,,11000.0,14009.81651,0.0,0.0,0.0,0.455,1,advisor-review,PIA_OPCIONES
EDOMEX - TLANEPANTLA,329VBS,2025-07-31,0.3427324655454545,0.7164282482727273,243.43,0.826,0,,11000.0,7880.710731,2179.1,940.189269,3119.289269,0.607,1,advisor-review,PIA_OPCIONES
EDOMEX - ECATEPEC,330C,2024-11-03,0.7488298236363635,1.413846422727273,150.88,0.582,0,,11000.0,15552.31065,0.0,0.0,0.0,0.416,0,monitor,FOLLOW_UP
EDOMEX - ECATEPEC,370,2024-09-11,0.0845694818181818,0.0845694818181818,22.49,0.915,0,,11000.0,930.2643,7939.1,2130.635699999999,10069.7357,0.734,1,restructure-light,PIA_OPCIONES
EDOMEX - ECATEPEC,3866GMK,2025-06-14,0.1446415615454545,0.362098066090909,294.39,0.938,0,,11000.0,3983.078727,2808.06,4208.861273,7016.921273,0.807,1,restructure-full,PIA_OPCIONES
EDOMEX - TLANEPANTLA,4000009,2025-06-03,0.0978868128181818,0.0978868128181818,79.21000000000001,0.902,0,,11000.0,1076.754941,3112.2,6811.045059000001,9923.245059,0.931,1,restructure-full,PIA_OPCIONES
EDOMEX - TLANEPANTLA,400TL078,2024-09-28,0.9259434672727272,1.9340621236363635,34.730000000000004,0.48,0,,11000.0,21274.68336,0.0,0.0,0.0,0.241,0,monitor,FOLLOW_UP
EDOMEX - ECATEPEC,400TL310,2025-07-10,0.0182121823636363,0.0182121823636363,11.78,0.982,0,,11000.0,200.334006,7920.64,2879.0259940000005,10799.665994,0.736,1,restructure-light,PIA_OPCIONES
EDOMEX - TLANEPANTLA,400TL319,2025-07-31,0.6872441200909091,1.4772351602727272,115.71,0.63,0,,11000.0,16249.586763,0.0,0.0,0.0,0.426,0,monitor,FOLLOW_UP
EDOMEX - TLANEPANTLA,403TL113,2025-05-19,0.0526386267272727,0.0526386267272727,11.37,0.947,0,,11000.0,579.024894,4134.66,6286.315106,10420.975106,0.71,1,restructure-light,PIA_OPCIONES
EDOMEX - TLANEPANTLA,403TL167,2024-07-01,0.0501302436363636,0.0501302436363636,23.19,0.95,0,,11000.0,551.43268,6275.69,4172.8773200000005,10448.56732,0.762,1,restructure-light,PIA_OPCIONES
EDOMEX - TLANEPANTLA,403TL180,2025-04-01,0.7126377545454545,1.6294636172727273,84.35000000000001,0.673,0,,11000.0,17924.09979,0.0,0.0,0.0,0.435,0,monitor,FOLLOW_UP
EDOMEX - TLANEPANTLA,404TL087,2025-07-31,0.6474808107272727,1.4030700411818182,123.43,0.681,0,,11000.0,15433.770453,0.0,0.0,0.0,0.436,1,advisor-review,PIA_OPCIONES
EDOMEX - TLANEPANTLA,405TL020,2024-07-11,0.0166687509090909,0.0254634372727272,189.15,0.99,0,,11000.0,280.09781,6085.62,4634.282190000001,10719.90219,0.985,1,restructure-full,PIA_OPCIONES
EDOMEX - TLANEPANTLA,405TL302,2024-01-24,0.2535229445454545,0.2535229445454545,72.18,0.746,0,,11000.0,2788.75239,4340.57,3870.6776100000006,8211.24761,0.822,1,restructure-full,PIA_OPCIONES
EDOMEX - ECATEPEC,40AU2X,2024-11-27,3.960846335454545,3.960846335454545,14.11,0.0,0,,11000.0,43569.309689999995,0.0,0.0,0.0,0.059,0,monitor,FOLLOW_UP
EDOMEX - ECATEPEC,417,2024-09-04,0.0182115272727272,0.0182115272727272,11.78,0.982,0,,11000.0,200.3268,7324.01,3475.663199999999,10799.6732,0.736,1,restructure-light,PIA_OPCIONES
EDOMEX - ECATEPEC,418,2024-12-23,0.0290789263636363,0.0290789263636363,11.65,0.971,0,,11000.0,319.86818999999997,5522.56,5157.57181,10680.13181,0.728,1,restructure-light,PIA_OPCIONES
EDOMEX - ECATEPEC,418C,2025-01-04,0.5364822518181818,0.9075628645454548,222.03,0.746,0,,11000.0,9983.19151,358.52,658.2884899999995,1016.8084899999994,0.495,1,advisor-review,PIA_OPCIONES
EDOMEX - TLANEPANTLA,44VLB,2024-12-27,0.2082721663636363,0.4114330963636363,294.55,0.901,0,,11000.0,4525.7640599999995,2400.67,4073.5659400000004,6474.2359400000005,0.774,1,restructure-full,PIA_OPCIONES
EDOMEX - ECATEPEC,457C,2025-07-22,0.8247867856363634,1.593101553818182,90.4,0.583,0,,11000.0,17524.117092,0.0,0.0,0.0,0.417,0,monitor,FOLLOW_UP
EDOMEX - ECATEPEC,45BB9X,2025-07-10,3.3104165289090908,6.927180098090909,0.0,0.0,0,,11000.0,76198.98107899999,0.0,0.0,0.0,0.0,0,monitor,FOLLOW_UP
EDOMEX - TLANEPANTLA,460TL122,2025-02-18,0.6814718727272727,1.369255500909091,146.73999999999998,0.624,0,,11000.0,15061.81051,0.0,0.0,0.0,0.425,0,monitor,FOLLOW_UP
EDOMEX - TLANEPANTLA,467TL118,2024-07-24,0.0262855227272727,0.0262855227272727,58.8,0.974,0,,11000.0,289.14075,4921.88,5788.979249999999,10710.85925,0.927,1,restructure-light,PIA_OPCIONES
EDOMEX - ECATEPEC,475TL188,2025-07-31,1.0141617387272728,2.0638343697272723,24.13,0.477,0,,11000.0,22702.178066999997,0.0,0.0,0.0,0.196,0,monitor,FOLLOW_UP
EDOMEX - TLANEPANTLA,500ZDU,2024-05-20,0.0129369536363636,0.0129369536363636,11.84,0.987,0,,11000.0,142.30649,8330.57,2527.1235099999994,10857.69351,0.74,1,restructure-light,PIA_OPCIONES
EDOMEX - TLANEPANTLA,5480JES,2025-07-30,0.3498848484545455,0.6676736784545454,246.99,0.846,0,,11000.0,7344.410462999999,2669.07,986.5195370000006,3655.5895370000007,0.635,1,advisor-review,PIA_OPCIONES
EDOMEX - TLANEPANTLA,54AM8P,2025-01-14,6.706621431818181,13.93102943181818,0.0,0.0,0,,11000.0,153241.32374999998,0.0,0.0,0.0,0.0,0,monitor,FOLLOW_UP
EDOMEX - TLANEPANTLA,583371,2025-07-23,3.1041340145454543,3.1041340145454543,7.050000000000001,0.0,0,,11000.0,34145.47416,0.0,0.0,0.0,0.029,0,monitor,FOLLOW_UP
EDOMEX - TLANEPANTLA,60F708,2025-07-06,0.2276197058181818,0.4590607030909091,290.13,0.873,0,,11000.0,5049.667734,2129.23,3821.1022660000003,5950.332266,0.745,1,restructure-full,PIA_OPCIONES
EDOMEX - TLANEPANTLA,62AL5N,2025-02-12,6.862267431818181,16.058668903636367,0.0,0.0,0,,11000.0,176645.35794000002,0.0,0.0,0.0,0.0,0,monitor,FOLLOW_UP
EDOMEX - ECATEPEC,634333,2025-07-31,5.170071831272727,11.700533246181818,0.0,0.0,0,,11000.0,128705.865708,0.0,0.0,0.0,0.0,0,monitor,FOLLOW_UP
EDOMEX - ECATEPEC,640NZ022M,2024-09-23,0.0997812636363636,0.0997812636363636,22.41,0.9,0,,11000.0,1097.5938999999998,4173.05,5729.3561,9902.4061,0.723,1,restructure-light,PIA_OPCIONES
EDOMEX - TLANEPANTLA,69AY8K,2024-03-25,0.1094318445454545,0.1094318445454545,10.69,0.891,0,,11000.0,1203.75029,4737.21,5059.03971,9796.24971,0.668,1,restructure-light,PIA_OPCIONES
EDOMEX - ECATEPEC,6CS4E9,2025-04-03,0.5477655272727273,1.3179589090909092,140.5,0.667,0,,11000.0,14497.548,0.0,0.0,0.0,0.433,1,advisor-review,PIA_OPCIONES
EDOMEX - ECATEPEC,6CS4L60,2025-07-21,0.9231373677272726,2.5078410728181817,9.07,0.584,0,,11000.0,27586.251801,0.0,0.0,0.0,0.155,0,monitor,FOLLOW_UP
EDOMEX - ECATEPEC,6CS5F50,2025-07-14,0.7507239395454546,1.6499727289090909,89.85,0.623,0,,11000.0,18149.700018,0.0,0.0,0.0,0.425,0,monitor,FOLLOW_UP
EDOMEX - ECATEPEC,6CS8F90,2025-03-25,0.6802300772727272,1.4362568018181816,168.11,0.669,0,,11000.0,15798.824819999998,0.0,0.0,0.0,0.434,0,monitor,FOLLOW_UP
EDOMEX - ECATEPEC,6CSL90,2025-04-22,1.405368572727273,2.244866877272727,64.39999999999999,0.346,0,,11000.0,24693.53565,0.0,0.0,0.0,0.338,0,monitor,FOLLOW_UP
EDOMEX - TLANEPANTLA,701TL011C,2025-07-31,0.760084912090909,1.5548117143636364,101.75,0.6,0,,11000.0,17102.928858,0.0,0.0,0.0,0.42,0,monitor,FOLLOW_UP
EDOMEX - TLANEPANTLA,705TL005M,2025-07-31,0.4975986466363636,1.335998821909091,129.24,0.75,0,,11000.0,14695.987041,0.0,0.0,0.0,0.45,1,advisor-review,PIA_OPCIONES
EDOMEX - TLANEPANTLA,710TL023M,2025-07-22,0.2563277757272727,0.2563277757272727,133.16,0.867,0,,11000.0,2819.605533,5321.01,2859.384467,8180.394467,0.845,1,restructure-full,PIA_OPCIONES
EDOMEX - TLANEPANTLA,710TL065M,2025-06-30,0.0170647906363636,0.0170647906363636,11.8,0.983,0,,11000.0,187.712697,7459.48,3352.8073029999996,10812.287303,0.737,1,restructure-light,PIA_OPCIONES
EDOMEX - TLANEPANTLA,71BA4V,2025-07-25,5.668356349909091,12.37378013081818,0.0,0.0,0,,11000.0,136111.581439,0.0,0.0,0.0,0.0,0,monitor,FOLLOW_UP
EDOMEX - TLANEPANTLA,741601J,2024-04-25,0.0106550536363636,0.0106550536363636,11.87,0.989,0,,11000.0,117.20559,5979.93,4902.86441,10882.79441,0.742,1,restructure-light,PIA_OPCIONES
EDOMEX - TLANEPANTLA,744733J,2025-07-13,0.863541375,1.815969968090909,50.52,0.558,0,,11000.0,19975.669649,0.0,0.0,0.0,0.322,0,monitor,FOLLOW_UP
EDOMEX - ECATEPEC,747276J,2024-12-10,0.042851299090909,0.042851299090909,11.49,0.957,0,,11000.0,471.36429,6279.22,4249.41571,10528.63571,0.718,1,restructure-light,PIA_OPCIONES
EDOMEX - ECATEPEC,752895J,2025-05-22,0.4334315078181817,1.0308858114545454,176.75,0.773,0,,11000.0,11339.743926,0.0,0.0,0.0,0.455,1,advisor-review,PIA_OPCIONES
EDOMEX - ECATEPEC,753233J,2025-07-28,0.3850224379090909,0.8395668841818181,209.75,0.815,0,,11000.0,9235.235726,682.46,1082.3042739999992,1764.7642739999992,0.543,1,advisor-review,PIA_OPCIONES
EDOMEX - ECATEPEC,754292J,2025-05-17,0.5382256088181817,1.376664247909091,120.54,0.713,0,,11000.0,15143.306727,0.0,0.0,0.0,0.443,1,advisor-review,PIA_OPCIONES
EDOMEX - ECATEPEC,756963J,2025-07-16,0.7907929216363637,2.177431762363636,61.84,0.683,0,,11000.0,23951.749386,0.0,0.0,0.0,0.394,0,monitor,FOLLOW_UP
EDOMEX - ECATEPEC,757306J,2024-09-06,0.0468182909090909,0.0468182909090909,23.16,0.953,0,,11000.0,515.0011999999999,4218.7,6266.2988,10484.9988,0.764,1,restructure-light,PIA_OPCIONES
EDOMEX - ECATEPEC,7681JFL,2025-07-01,0.1895465148181818,0.3789103944545455,286.5,0.91,0,,11000.0,4168.014339,5841.84,990.1456609999996,6831.985661,0.793,1,restructure-full,PIA_OPCIONES
EDOMEX - ECATEPEC,770517J,2025-07-27,0.683533361909091,1.6959214346363638,63.98,0.715,0,,11000.0,18655.135781,0.0,0.0,0.0,0.41,0,monitor,FOLLOW_UP
EDOMEX - ECATEPEC,770529J,2025-07-31,0.5141442019090908,1.202149447090909,150.70999999999998,0.735,0,,11000.0,13223.643918,0.0,0.0,0.0,0.447,1,advisor-review,PIA_OPCIONES
EDOMEX - ECATEPEC,770680J,2025-07-25,0.7689184718181818,1.789551556909091,44.39,0.65,0,,11000.0,19685.067126,0.0,0.0,0.0,0.315,0,monitor,FOLLOW_UP
EDOMEX - ECATEPEC,770778J,2025-07-25,0.240759582,0.240759582,148.75,0.839,0,,11000.0,2648.355402,2619.76,5731.884597999999,8351.644597999999,0.847,1,restructure-full,PIA_OPCIONES
EDOMEX - ECATEPEC,770792J,2025-07-04,0.91670232,2.0386249030909087,17.189999999999998,0.516,0,,11000.0,22424.873933999996,0.0,0.0,0.0,0.175,0,monitor,FOLLOW_UP
EDOMEX - ECATEPEC,770804J,2025-07-31,0.6958824313636364,1.492308774,107.55,0.655,0,,11000.0,16415.396514,0.0,0.0,0.0,0.431,0,monitor,FOLLOW_UP
EDOMEX - ECATEPEC,770957J,2025-07-30,0.660635946,1.3836695026363637,123.74,0.664,0,,11000.0,15220.364529,0.0,0.0,0.0,0.433,0,monitor,FOLLOW_UP
EDOMEX - ECATEPEC,770973J,2025-07-31,0.8148484749999999,1.505445662,100.78,0.614,0,,11000.0,16559.902282,0.0,0.0,0.0,0.423,0,monitor,FOLLOW_UP
EDOMEX - TLANEPANTLA,772,2025-04-23,0.0008505263636363,0.0008505263636363,11.99,0.999,0,,11000.0,9.35579,6506.41,4484.2342100000005,10990.64421,0.749,1,restructure-light,PIA_OPCIONES
EDOMEX - TLANEPANTLA,807703J,2024-11-14,0.727061529090909,1.3974449236363635,149.62,0.609,0,,11000.0,15371.89416,0.0,0.0,0.0,0.422,0,monitor,FOLLOW_UP
EDOMEX - ECATEPEC,8162,2025-07-30,0.3946341591818181,0.3946341591818181,95.13,0.724,0,,11000.0,4340.975751,5744.71,914.314249,6659.024249,0.747,1,restructure-full,PIA_OPCIONES
EDOMEX - TLANEPANTLA,8163JES,2025-06-11,0.2286652174545454,0.5065782792727272,274.02000000000004,0.883,0,,11000.0,5572.361072,3490.17,1937.4689280000002,5427.638928,0.723,1,restructure-light,PIA_OPCIONES
EDOMEX - ECATEPEC,837757J,2025-03-24,0.6664429636363636,1.43903715,127.95,0.643,0,,11000.0,15829.40865,0.0,0.0,0.0,0.429,0,monitor,FOLLOW_UP
EDOMEX - ECATEPEC,838745J,2025-07-31,0.6948900139090908,1.3996325840818182,119.27,0.688,0,,11000.0,15395.9584249,0.0,0.0,0.0,0.438,0,monitor,FOLLOW_UP
EDOMEX - ECATEPEC,838850J,2025-07-30,0.8798585672727274,1.9659293056363631,33.62,0.576,0,,11000.0,21625.222361999997,0.0,0.0,0.0,0.255,0,monitor,FOLLOW_UP
EDOMEX - TLANEPANTLA,845NA083C,2024-03-03,0.0338488172727272,0.0338488172727272,11.59,0.966,0,,11000.0,372.33699,6508.42,4119.24301,10627.66301,0.725,1,restructure-light,PIA_OPCIONES
EDOMEX - TLANEPANTLA,845NA116C,2024-07-22,0.0020515263636363,0.0020515263636363,11.98,0.998,0,,11000.0,22.56679,6184.1,4793.333209999999,10977.43321,0.748,1,restructure-light,PIA_OPCIONES
EDOMEX - ECATEPEC,852EC085,2025-07-31,0.6611285885454545,1.611080405181818,70.37,0.663,0,,11000.0,17721.884456999996,0.0,0.0,0.0,0.426,0,monitor,FOLLOW_UP
EDOMEX - TLANEPANTLA,867004J,2025-07-23,0.7850464017272727,1.7091093210000003,82.69,0.61,0,,11000.0,18800.202531000003,0.0,0.0,0.0,0.422,0,monitor,FOLLOW_UP
EDOMEX - TLANEPANTLA,88107,2023-09-25,0.0815410254545454,0.0815410254545454,22.53,0.918,0,,11000.0,896.95128,8463.29,1639.7587199999998,10103.04872,0.737,1,restructure-light,PIA_OPCIONES
EDOMEX - ECATEPEC,8E9003481,2025-04-14,0.7880115545454546,1.56372615,93.01,0.612,0,,11000.0,17200.98765,0.0,0.0,0.0,0.422,0,monitor,FOLLOW_UP
EDOMEX - ECATEPEC,902246,2024-11-23,0.922552131818182,1.9751871672727277,91.42,0.605,0,,11000.0,21727.05884,0.0,0.0,0.0,0.421,0,monitor,FOLLOW_UP
EDOMEX - ECATEPEC,9026746,2025-07-31,0.37609845,0.8376409606363635,200.35,0.828,0,,11000.0,9214.050566999998,652.13,1133.8194330000015,1785.9494330000016,0.547,1,advisor-review,PIA_OPCIONES
EDOMEX - ECATEPEC,906068,2025-07-31,0.6538797139999999,1.4125530549090908,115.98,0.676,0,,11000.0,15538.083604,0.0,0.0,0.0,0.435,0,monitor,FOLLOW_UP
EDOMEX - ECATEPEC,906301,2025-04-04,0.7070070090909091,2.5753615045454548,23.21,0.637,0,,11000.0,28328.976550000003,0.0,0.0,0.0,0.224,0,monitor,FOLLOW_UP
EDOMEX - TLANEPANTLA,91171,2024-08-06,0.4570518472727272,0.7522760227272727,173.66,0.765,0,,11000.0,8275.03625,1895.63,829.3337500000007,2724.963750000001,0.577,1,advisor-review,PIA_OPCIONES
EDOMEX - TLANEPANTLA,9312JES,2025-07-31,0.2263336014545454,0.4662243732727273,283.38,0.892,0,,11000.0,5128.468106,4322.6,1548.9318939999994,5871.531894,0.745,1,restructure-full,PIA_OPCIONES
EDOMEX - TLANEPANTLA,94AL6N,2024-02-09,5.513550733636364,5.513550733636364,10.46,0.0,0,,11000.0,60649.05807,0.0,0.0,0.0,0.044,0,monitor,FOLLOW_UP
EDOMEX - ECATEPEC,9RK9096968,2025-07-31,0.7667287088181818,1.8022223282727272,55.11,0.621,0,,11000.0,19824.445611,0.0,0.0,0.0,0.354,0,monitor,FOLLOW_UP
AGUASCALIENTES,A00001A,2022-07-07,0.4113745999999999,0.9387651,198.85,0.788,0,,11000.0,10326.4161,572.28,101.30389999999966,673.5838999999996,0.488,1,advisor-review,PIA_OPCIONES
AGUASCALIENTES,A00002A,2022-12-27,0.4158062999999999,0.9747737999999998,189.55999999999997,0.796,0,,11000.0,10722.511799999998,121.58,155.9082000000016,277.4882000000016,0.472,1,advisor-review,PIA_OPCIONES
AGUASCALIENTES,A00007A,2021-11-26,0.6662951727272728,1.4378456727272728,118.76,0.658,0,,11000.0,15816.3024,0.0,0.0,0.0,0.432,0,monitor,FOLLOW_UP
EDOMEX - ECATEPEC,A00012,2024-11-30,0.0160400945454545,0.0160400945454545,23.700000000000003,0.984,0,,11000.0,176.44104,6850.35,3973.20896,10823.55896,0.788,1,restructure-light,PIA_OPCIONES
AGUASCALIENTES,A00016A,2021-08-30,0.2593614090909091,0.6396089272727272,238.97,0.865,0,,11000.0,7035.6982,2071.56,1892.7418000000002,3964.3018,0.653,1,advisor-review,PIA_OPCIONES
AGUASCALIENTES,A00022A,2024-07-11,0.4151064690909091,0.8677716090909091,214.07,0.809,0,,11000.0,9545.4877,1160.52,293.99230000000034,1454.5123000000003,0.528,1,advisor-review,PIA_OPCIONES
AGUASCALIENTES,A00027A,2023-11-02,0.5681560363636363,1.1198571272727271,176.07,0.728,0,,11000.0,12318.4284,0.0,0.0,0.0,0.446,1,advisor-review,PIA_OPCIONES
AGUASCALIENTES,A00038A,2020-05-11,0.6846881909090909,1.3494471363636364,139.99,0.652,0,,11000.0,14843.9185,0.0,0.0,0.0,0.43,0,monitor,FOLLOW_UP
AGUASCALIENTES,A00039A,2021-06-13,0.5087817,1.021907781818182,189.76,0.751,0,,11000.0,11240.9856,0.0,0.0,0.0,0.45,1,advisor-review,PIA_OPCIONES
AGUASCALIENTES,A00042A,2023-06-22,0.430370890909091,1.025708581818182,187.61,0.8,0,,11000.0,11282.7944,0.0,0.0,0.0,0.46,1,advisor-review,PIA_OPCIONES
AGUASCALIENTES,A00053A,2019-10-05,0.7481050909090909,1.5717920636363636,95.69,0.615,0,,11000.0,17289.7127,0.0,0.0,0.0,0.423,0,monitor,FOLLOW_UP
EDOMEX - TLANEPANTLA,A0005J,2025-06-19,0.1793481231818181,0.1793481231818181,107.63,0.879,0,,11000.0,1972.829355,4094.54,4932.630645,9027.170645,0.886,1,restructure-full,PIA_OPCIONES
AGUASCALIENTES,A00065A,2019-05-20,0.6733831000000001,1.396614581818182,113.93,0.667,0,,11000.0,15362.7604,0.0,0.0,0.0,0.433,0,monitor,FOLLOW_UP
AGUASCALIENTES,A00068A,2019-03-05,0.6842909727272727,1.6232637,74.02,0.691,0,,11000.0,17855.9007,0.0,0.0,0.0,0.438,0,monitor,FOLLOW_UP
AGUASCALIENTES,A00070A,2019-09-05,0.7854977000000001,1.6942759363636366,85.64,0.626,0,,11000.0,18637.035300000003,0.0,0.0,0.0,0.425,0,monitor,FOLLOW_UP
AGUASCALIENTES,A00079A,2022-08-12,0.4988472909090909,1.1466356545454546,162.70000000000002,0.717,0,,11000.0,12612.9922,0.0,0.0,0.0,0.443,1,advisor-review,PIA_OPCIONES
AGUASCALIENTES,A00082A,2025-07-31,0.7159956393627271,1.6757169489772727,67.72999999999999,0.685,0,,11000.0,18432.88643875,0.0,0.0,0.0,0.419,0,monitor,FOLLOW_UP
AGUASCALIENTES,A00091A,2020-10-13,0.3828895090909091,0.6991047636363635,247.67,0.842,0,,11000.0,7690.152399999999,2763.74,546.1076000000012,3309.847600000001,0.619,1,advisor-review,PIA_OPCIONES
AGUASCALIENTES,A00095A,2019-05-16,0.7700449545454546,1.8902804818181815,30.17,0.574,0,,11000.0,20793.0853,0.0,0.0,0.0,0.241,0,monitor,FOLLOW_UP
AGUASCALIENTES,A00096A,2019-06-21,0.7431354272727273,1.644124063636364,78.72,0.641,0,,11000.0,18085.3647,0.0,0.0,0.0,0.428,0,monitor,FOLLOW_UP
AGUASCALIENTES,A00115A,2025-01-23,0.4178167063636363,0.967316271818182,196.55,0.798,0,,11000.0,10640.47899,300.58,58.941010000000404,359.5210100000004,0.476,1,advisor-review,PIA_OPCIONES
AGUASCALIENTES,A00136A,2020-02-17,0.6891082545454545,1.454814127272727,98.04,0.67,0,,11000.0,16002.9554,0.0,0.0,0.0,0.434,0,monitor,FOLLOW_UP
AGUASCALIENTES,A00137A,2020-01-17,0.6153097545454547,1.624606709090909,63.5,0.717,0,,11000.0,17870.6738,0.0,0.0,0.0,0.408,1,advisor-review,PIA_OPCIONES
AGUASCALIENTES,A00147A,2021-11-30,0.4795455545454545,1.1012954181818182,163.60000000000002,0.783,0,,11000.0,12114.2496,0.0,0.0,0.0,0.457,1,advisor-review,PIA_OPCIONES
AGUASCALIENTES,A00148A,2020-06-23,0.5524791545454546,1.374836118181818,123.1,0.715,0,,11000.0,15123.1973,0.0,0.0,0.0,0.443,1,advisor-review,PIA_OPCIONES
AGUASCALIENTES,A00150A,2022-09-08,0.505414,1.1385283,169.91000000000005,0.756,0,,11000.0,12523.8113,0.0,0.0,0.0,0.451,1,advisor-review,PIA_OPCIONES
AGUASCALIENTES,A00158A,2024-08-27,0.5665595863636363,1.2633564627272726,147.19,0.669,0,,11000.0,13896.92109,0.0,0.0,0.0,0.434,1,advisor-review,PIA_OPCIONES
EDOMEX - TLANEPANTLA,A0016D,2025-07-18,0.264218037,0.5340359915454546,273.08,0.885,0,,11000.0,5874.395907,3834.33,1291.274093,5125.604093,0.71,1,restructure-light,PIA_OPCIONES
AGUASCALIENTES,A00172A,2024-04-17,0.5566205590909091,1.3430848772727273,141.08,0.692,0,,11000.0,14773.93365,0.0,0.0,0.0,0.438,1,advisor-review,PIA_OPCIONES
AGUASCALIENTES,A00178A,2019-01-16,0.921654218181818,0.921654218181818,87.82,0.539,0,,11000.0,10138.1964,742.95,118.85359999999923,861.8035999999993,0.447,0,monitor,FOLLOW_UP
AGUASCALIENTES,A00180A,2020-08-11,0.6962715272727272,1.5459471545454544,93.68,0.644,0,,11000.0,17005.4187,0.0,0.0,0.0,0.429,0,monitor,FOLLOW_UP
AGUASCALIENTES,A00188A,2020-07-07,0.7902046818181818,1.6278991363636366,116.85,0.591,0,,11000.0,17906.8905,0.0,0.0,0.0,0.418,0,monitor,FOLLOW_UP
AGUASCALIENTES,A00191A,2019-05-22,0.7100296272727273,1.5029881454545455,110.6,0.635,0,,11000.0,16532.8696,0.0,0.0,0.0,0.427,0,monitor,FOLLOW_UP
AGUASCALIENTES,A00196A,2022-06-11,0.2209689363636363,0.5793491545454545,237.68,0.884,0,,11000.0,6372.8407,1813.71,2813.4493,4627.1593,0.687,1,restructure-light,PIA_OPCIONES
AGUASCALIENTES,A00200A,2024-03-27,0.6015481763636364,1.2607328463636365,145.87,0.702,0,,11000.0,13868.06131,0.0,0.0,0.0,0.44,1,advisor-review,PIA_OPCIONES
AGUASCALIENTES,A00201A,2024-04-25,0.31676737,0.6781325854545454,236.17,0.875,0,,11000.0,7459.458439999999,2335.45,1205.0915600000008,3540.5415600000006,0.636,1,advisor-review,PIA_OPCIONES
AGUASCALIENTES,A00212A,2019-02-05,0.6857003454545454,1.4521237636363635,154.69,0.643,0,,11000.0,15973.3614,0.0,0.0,0.0,0.429,0,monitor,FOLLOW_UP
AGUASCALIENTES,A00213A,2019-02-05,0.7626916636363636,1.444672990909091,96.53,0.719,0,,11000.0,15891.4029,0.0,0.0,0.0,0.444,0,monitor,FOLLOW_UP
AGUASCALIENTES,A00214A,2022-04-15,0.4861815818181818,1.1924230363636363,159.02,0.762,0,,11000.0,13116.6534,0.0,0.0,0.0,0.452,1,advisor-review,PIA_OPCIONES
AGUASCALIENTES,A00215A,2021-02-20,0.5185904272727273,1.1345666181818184,166.11,0.753,0,,11000.0,12480.232800000002,0.0,0.0,0.0,0.451,1,advisor-review,PIA_OPCIONES
AGUASCALIENTES,A00217A,2021-09-13,0.5401268,1.3115291,137.64999999999998,0.7,0,,11000.0,14426.8201,0.0,0.0,0.0,0.44,1,advisor-review,PIA_OPCIONES
EDOMEX - TLANEPANTLA,A0022K,2025-03-16,0.1377494654545454,0.1377494654545454,100.07,0.885,0,,11000.0,1515.2441199999998,5695.07,3789.685880000001,9484.75588,0.908,1,restructure-full,PIA_OPCIONES
AGUASCALIENTES,A00232A,2021-09-13,0.505873690909091,0.7535409363636364,241.98,0.719,0,,11000.0,8288.9503,1047.38,1663.6696999999995,2711.0496999999996,0.567,1,advisor-review,PIA_OPCIONES
AGUASCALIENTES,A00234A,2019-09-23,0.6326015090909091,1.4536582272727272,99.88,0.731,0,,11000.0,15990.2405,0.0,0.0,0.0,0.446,1,advisor-review,PIA_OPCIONES
AGUASCALIENTES,A00241A,2023-05-16,0.5111181636363636,1.0142935636363637,198.04,0.722,0,,11000.0,11157.2292,0.0,0.0,0.0,0.444,1,advisor-review,PIA_OPCIONES
AGUASCALIENTES,A00242A,2022-05-17,0.3831542454545455,0.8415005454545456,218.83,0.806,0,,11000.0,9256.506,660.95,1082.5440000000006,1743.4940000000006,0.54,1,advisor-review,PIA_OPCIONES
AGUASCALIENTES,A00252A,2022-11-01,0.4827549999999999,0.9949207,198.94,0.761,0,,11000.0,10944.1277,39.48,16.39230000000091,55.872300000000905,0.455,1,advisor-review,PIA_OPCIONES
AGUASCALIENTES,A00253A,2022-08-18,0.4063058999999999,0.8848931,205.69,0.788,0,,11000.0,9733.8241,472.41,793.7659000000001,1266.1759000000002,0.515,1,advisor-review,PIA_OPCIONES
AGUASCALIENTES,A00275A,2023-11-21,0.5525018181818182,1.2248124545454546,150.12,0.749,0,,11000.0,13472.937,0.0,0.0,0.0,0.45,1,advisor-review,PIA_OPCIONES
AGUASCALIENTES,A00276A,2023-01-13,0.4481932,0.9738183,196.7,0.787,0,,11000.0,10712.0013,206.37,81.6287000000001,287.9987000000001,0.47,1,advisor-review,PIA_OPCIONES
EDOMEX - TLANEPANTLA,A0028N,2025-06-18,0.050155616090909,0.050155616090909,34.730000000000004,0.95,0,,11000.0,551.711777,6777.49,3670.798223,10448.288223,0.81,1,restructure-light,PIA_OPCIONES
AGUASCALIENTES,A00291A,2025-06-24,0.5063266506936365,1.161380301602727,154.89,0.757,0,,11000.0,12775.18331763,0.0,0.0,0.0,0.451,1,advisor-review,PIA_OPCIONES
AGUASCALIENTES,A00296A,2024-07-09,0.5277553418181818,1.155200228181818,161.64,0.759,0,,11000.0,12707.20251,0.0,0.0,0.0,0.452,1,advisor-review,PIA_OPCIONES
AGUASCALIENTES,A00300A,2021-07-30,0.4720803454545454,1.0864732818181817,176.48,0.752,0,,11000.0,11951.2061,0.0,0.0,0.0,0.45,1,advisor-review,PIA_OPCIONES
AGUASCALIENTES,A00301A,2019-08-24,0.7593974818181818,1.736410590909091,71.63000000000001,0.499,0,,11000.0,19100.5165,0.0,0.0,0.0,0.398,0,monitor,FOLLOW_UP
EDOMEX - TLANEPANTLA,A0030N,2025-07-27,0.1165581418181818,0.1165581418181818,77.96,0.883,0,,11000.0,1282.13956,3679.52,6038.34044,9717.86044,0.918,1,restructure-full,PIA_OPCIONES
AGUASCALIENTES,A00316A,2019-05-08,0.5474217272727273,1.3782660272727272,118.31,0.743,0,,11000.0,15160.9263,0.0,0.0,0.0,0.449,1,advisor-review,PIA_OPCIONES
AGUASCALIENTES,A00317A,2022-05-30,0.4338698727272727,0.9071867454545454,205.1,0.799,0,,11000.0,9979.0542,874.48,146.4657999999995,1020.9457999999995,0.506,1,advisor-review,PIA_OPCIONES
AGUASCALIENTES,A00329A,2022-03-01,0.3427012636363636,0.7688783454545455,229.31,0.837,0,,11000.0,8457.6618,1369.17,1173.1682,2542.3382,0.583,1,advisor-review,PIA_OPCIONES
AGUASCALIENTES,A00334A,2020-06-08,0.5850898,1.3259015272727273,134.95000000000002,0.726,0,,11000.0,14584.9168,0.0,0.0,0.0,0.445,1,advisor-review,PIA_OPCIONES
AGUASCALIENTES,A00367A,2019-03-08,0.0233712272727272,0.0233712272727272,11.72,0.977,0,,11000.0,257.0835,6372.17,4370.746499999999,10742.9165,0.733,1,restructure-light,PIA_OPCIONES
AGUASCALIENTES,A00368A,2022-02-02,0.4078304181818182,0.8698100181818182,215.22,0.824,0,,11000.0,9567.9102,999.2,432.8897999999997,1432.0897999999997,0.53,1,advisor-review,PIA_OPCIONES
AGUASCALIENTES,A00383A,2021-08-03,0.4436493999999999,1.0814660636363636,167.29999999999998,0.784,0,,11000.0,11896.1267,0.0,0.0,0.0,0.457,1,advisor-review,PIA_OPCIONES
EDOMEX - TLANEPANTLA,A0050B,2025-07-30,0.1835109813636363,0.3910829768181817,295.66,0.896,0,,11000.0,4301.912745,3160.61,3537.4772550000002,6698.087255,0.784,1,restructure-full,PIA_OPCIONES
EDOMEX - TLANEPANTLA,A005JMD,2025-07-31,0.27441512,0.6264250478181819,255.45,0.867,0,,11000.0,6890.675526,3513.0,596.324474,4109.324474,0.66,1,advisor-review,PIA_OPCIONES
AGUASCALIENTES,A00770A,2021-03-23,0.5310470818181818,1.2158950545454543,142.61,0.772,0,,11000.0,13374.8456,0.0,0.0,0.0,0.454,1,advisor-review,PIA_OPCIONES
AGUASCALIENTES,A00772A,2019-10-17,0.7022526727272727,1.3489791545454544,139.54,0.637,0,,11000.0,14838.7707,0.0,0.0,0.0,0.427,0,monitor,FOLLOW_UP
AGUASCALIENTES,A00774A,2020-02-10,0.7230306363636363,1.6421773454545454,83.93,0.655,0,,11000.0,18063.9508,0.0,0.0,0.0,0.431,0,monitor,FOLLOW_UP
AGUASCALIENTES,A00786A,2021-02-09,0.5079104,1.0746094727272728,175.86,0.749,0,,11000.0,11820.7042,0.0,0.0,0.0,0.45,1,advisor-review,PIA_OPCIONES
AGUASCALIENTES,A00789A,2022-08-08,0.5148962,1.2464323636363637,130.91,0.79,0,,11000.0,13710.756,0.0,0.0,0.0,0.458,1,advisor-review,PIA_OPCIONES
AGUASCALIENTES,A00790A,2023-03-07,0.5565331636363636,1.2264787818181817,153.25,0.747,0,,11000.0,13491.2666,0.0,0.0,0.0,0.449,1,advisor-review,PIA_OPCIONES
AGUASCALIENTES,A00796A,2022-05-13,0.5488330818181819,1.2468958090909092,147.92999999999998,0.717,0,,11000.0,13715.853900000002,0.0,0.0,0.0,0.443,1,advisor-review,PIA_OPCIONES
AGUASCALIENTES,A00798A,2022-12-27,0.5075161,1.0839101,171.85,0.747,0,,11000.0,11923.0111,0.0,0.0,0.0,0.449,1,advisor-review,PIA_OPCIONES
AGUASCALIENTES,A00800A,2020-09-17,0.5189666454545454,0.9701289272727271,214.94,0.76,0,,11000.0,10671.4182,282.52,46.06179999999995,328.58179999999993,0.467,1,advisor-review,PIA_OPCIONES
AGUASCALIENTES,A00819A,2025-07-31,0.3808731299972727,0.8004242094254546,226.28,0.823,0,,11000.0,8804.66630368,1718.1,477.23369632000004,2195.33369632,0.564,1,advisor-review,PIA_OPCIONES
AGUASCALIENTES,A00865A,2021-04-23,0.5420436272727273,1.1917640909090907,159.25,0.727,0,,11000.0,13109.405,0.0,0.0,0.0,0.445,1,advisor-review,PIA_OPCIONES
AGUASCALIENTES,A00889A,2024-10-20,0.488526559090909,0.918781869090909,226.41,0.736,0,,11000.0,10106.60056,688.68,204.71943999999928,893.3994399999992,0.488,1,advisor-review,PIA_OPCIONES
AGUASCALIENTES,A00895A,2023-04-05,0.580152,1.240427018181818,154.08,0.708,0,,11000.0,13644.6972,0.0,0.0,0.0,0.442,1,advisor-review,PIA_OPCIONES
AGUASCALIENTES,A00896A,2020-10-06,0.4213646181818182,0.4213646181818182,81.63000000000001,0.7,0,,11000.0,4635.0108,2326.32,4038.6692,6364.9892,0.729,1,restructure-full,PIA_OPCIONES
AGUASCALIENTES,A00897A,2020-04-02,0.6484714636363637,1.377495627272727,119.85,0.652,0,,11000.0,15152.451899999998,0.0,0.0,0.0,0.43,1,advisor-review,PIA_OPCIONES
EDOMEX - TLANEPANTLA,A0089L,2025-06-06,0.0170538724545454,0.0170538724545454,11.8,0.983,0,,11000.0,187.592597,8413.03,2399.3774029999986,10812.407403,0.737,1,restructure-light,PIA_OPCIONES
AGUASCALIENTES,A00926A,2025-02-21,0.5906942463636363,1.4727132163636365,104.43,0.712,0,,11000.0,16199.84538,0.0,0.0,0.0,0.442,1,advisor-review,PIA_OPCIONES
AGUASCALIENTES,A00943A,2020-10-31,0.7595676636363636,1.0636483454545451,108.99,0.614,0,,11000.0,11700.1318,0.0,0.0,0.0,0.423,0,monitor,FOLLOW_UP
AGUASCALIENTES,A00947A,2023-09-25,0.5619804272727272,1.1221992545454549,182.25,0.682,0,,11000.0,12344.1918,0.0,0.0,0.0,0.436,1,advisor-review,PIA_OPCIONES
AGUASCALIENTES,A00977A,2023-07-04,0.7133938454545454,1.4090957272727274,125.18,0.668,0,,11000.0,15500.053,0.0,0.0,0.0,0.434,0,monitor,FOLLOW_UP
AGUASCALIENTES,A00982A,2023-06-11,0.4180396909090909,0.8945324727272725,209.47,0.789,0,,11000.0,9839.8572,767.86,392.2827999999996,1160.1427999999996,0.511,1,advisor-review,PIA_OPCIONES
AGUASCALIENTES,A00983A,2023-01-10,0.3046589,0.7366904999999999,233.64,0.846,0,,11000.0,8103.595499999999,1585.91,1310.4945000000005,2896.4045000000006,0.601,1,advisor-review,PIA_OPCIONES
AGUASCALIENTES,A01009A,2020-05-08,0.7452120818181818,1.5196298454545454,116.1,0.57,0,,11000.0,16715.9283,0.0,0.0,0.0,0.414,0,monitor,FOLLOW_UP
AGUASCALIENTES,A01034A,2025-07-29,0.4463044949999999,0.934477726,207.82,0.775,0,,11000.0,10279.254986,400.39,320.3550140000001,720.7450140000001,0.488,1,advisor-review,PIA_OPCIONES
EDOMEX - TLANEPANTLA,A0103J,2025-07-25,0.0149904452727272,0.0149904452727272,11.82,0.985,0,,11000.0,164.89489799999998,7488.78,3346.325102,10835.105102,0.739,1,restructure-light,PIA_OPCIONES
AGUASCALIENTES,A01121A,2021-11-08,0.3380078545454545,0.6731722181818182,249.15,0.827,0,,11000.0,7404.8944,2949.76,645.3455999999996,3595.1056,0.629,1,advisor-review,PIA_OPCIONES
AGUASCALIENTES,A01129A,2021-01-24,0.4031622272727272,0.8903942363636362,209.7,0.796,0,,11000.0,9794.3366,690.05,515.6133999999995,1205.6633999999995,0.514,1,advisor-review,PIA_OPCIONES
AGUASCALIENTES,A01133A,2021-05-11,0.3341843636363636,0.738980809090909,233.85,0.841,0,,11000.0,8128.7889,1288.32,1582.8911000000005,2871.2111000000004,0.599,1,advisor-review,PIA_OPCIONES
AGUASCALIENTES,A01146A,2020-03-18,0.3368534272727272,0.7340719909090908,234.82,0.842,0,,11000.0,8074.791899999999,1292.93,1632.2781000000007,2925.2081000000007,0.601,1,advisor-review,PIA_OPCIONES
AGUASCALIENTES,A01155A,2023-02-03,0.4712514727272727,1.005985672727273,195.23,0.756,0,,11000.0,11065.8424,0.0,0.0,0.0,0.451,1,advisor-review,PIA_OPCIONES
AGUASCALIENTES,A01156A,2020-03-05,0.3863844818181818,0.8272429636363636,221.94,0.812,0,,11000.0,9099.6726,1501.15,399.17740000000003,1900.3274000000001,0.549,1,advisor-review,PIA_OPCIONES
AGUASCALIENTES,A01159A,2023-01-31,0.5574114,1.148329,174.67,0.725,0,,11000.0,12631.619,0.0,0.0,0.0,0.445,1,advisor-review,PIA_OPCIONES
AGUASCALIENTES,A01164A,2022-08-22,0.2762486999999999,0.614159,258.39,0.861,0,,11000.0,6755.749,1442.77,2801.481,4244.251,0.665,1,advisor-review,PIA_OPCIONES
AGUASCALIENTES,A01202A,2019-01-28,0.3362527363636363,0.3362527363636363,117.44,0.804,0,,11000.0,3698.7801,4794.42,2506.7999,7301.2199,0.793,1,restructure-full,PIA_OPCIONES
AGUASCALIENTES,A01216A,2021-03-07,0.3367461090909091,0.7508071,232.78,0.823,0,,11000.0,8258.8781,1062.74,1678.3819,2741.1219,0.589,1,advisor-review,PIA_OPCIONES
AGUASCALIENTES,A01247A,2019-09-07,0.6764938818181818,1.5017236000000005,114.27,0.672,0,,11000.0,16518.959600000002,0.0,0.0,0.0,0.434,0,monitor,FOLLOW_UP
AGUASCALIENTES,A01249A,2021-02-11,0.7118960363636364,0.7118960363636364,106.26,0.624,0,,11000.0,7830.856400000001,1540.84,1628.3035999999995,3169.1435999999994,0.569,1,advisor-review,PIA_OPCIONES
AGUASCALIENTES,A01259A,2024-07-18,0.2983469781818181,0.6604298454545455,250.19,0.849,0,,11000.0,7264.728300000001,1443.02,2292.2516999999993,3735.2716999999993,0.64,1,advisor-review,PIA_OPCIONES
AGUASCALIENTES,A01278A,2020-01-18,0.4667090909090909,0.939535790909091,198.03,0.754,0,,11000.0,10334.8937,567.06,98.04629999999952,665.1062999999995,0.481,1,advisor-review,PIA_OPCIONES
AGUASCALIENTES,A01327A,2020-04-08,0.7658083636363636,1.547005690909091,114.45,0.606,0,,11000.0,17017.0626,0.0,0.0,0.0,0.421,0,monitor,FOLLOW_UP
AGUASCALIENTES,A01332A,2023-03-22,0.6095006545454545,1.2281186545454543,155.88000000000002,0.696,0,,11000.0,13509.3052,0.0,0.0,0.0,0.439,1,advisor-review,PIA_OPCIONES
EDOMEX - TLANEPANTLA,A0148G,2025-04-13,0.161772269090909,0.161772269090909,131.8,0.898,0,,11000.0,1779.49496,3615.99,5604.51504,9220.50504,0.899,1,restructure-full,PIA_OPCIONES
AGUASCALIENTES,A01703A,2019-10-11,0.4444624363636363,0.9608395727272728,204.37,0.756,0,,11000.0,10569.2353,159.08,271.6846999999997,430.7646999999997,0.471,1,advisor-review,PIA_OPCIONES
AGUASCALIENTES,A01710A,2025-07-11,0.473629975,0.843393551,232.52,0.792,0,,11000.0,9277.329061,538.66,1184.0109389999998,1722.6709389999996,0.537,1,advisor-review,PIA_OPCIONES
AGUASCALIENTES,A01722A,2022-05-10,0.8418426,1.654610809090909,93.04,0.602,0,,11000.0,18200.7189,0.0,0.0,0.0,0.42,0,monitor,FOLLOW_UP
AGUASCALIENTES,A01726A,2022-10-19,0.3893162,0.9909445,177.05,0.853,0,,11000.0,10900.3895,40.32,59.290500000000684,99.61050000000068,0.475,1,advisor-review,PIA_OPCIONES
AGUASCALIENTES,A01738A,2022-02-26,0.5336346818181819,1.0525059545454547,186.17,0.737,0,,11000.0,11577.5655,0.0,0.0,0.0,0.447,1,advisor-review,PIA_OPCIONES
AGUASCALIENTES,A01747A,2022-02-18,0.7311040363636363,1.5159368727272726,106.86,0.637,0,,11000.0,16675.3056,0.0,0.0,0.0,0.427,0,monitor,FOLLOW_UP
AGUASCALIENTES,A01860A,2025-07-31,0.57219344,1.288165606,139.09,0.702,0,,11000.0,14169.821666,0.0,0.0,0.0,0.44,1,advisor-review,PIA_OPCIONES
AGUASCALIENTES,A01867A,2023-03-30,0.3085353818181818,0.6578444,249.17,0.842,0,,11000.0,7236.2884,2018.02,1745.6915999999997,3763.7115999999996,0.639,1,advisor-review,PIA_OPCIONES
AGUASCALIENTES,A01901A,2020-04-13,0.5158573363636364,1.1195629454545457,164.79999999999998,0.686,0,,11000.0,12315.1924,0.0,0.0,0.0,0.437,1,advisor-review,PIA_OPCIONES
AGUASCALIENTES,A01905A,2025-02-18,0.62617191,1.3414023163636364,137.04000000000002,0.664,0,,11000.0,14755.42548,0.0,0.0,0.0,0.433,1,advisor-review,PIA_OPCIONES
AGUASCALIENTES,A01906A,2019-12-20,0.7547186636363636,1.6425939636363638,80.22,0.643,0,,11000.0,18068.5336,0.0,0.0,0.0,0.429,0,monitor,FOLLOW_UP
AGUASCALIENTES,A01913A,2025-07-12,0.517426364,1.012688065,183.81,0.764,0,,11000.0,11139.568715,0.0,0.0,0.0,0.453,1,advisor-review,PIA_OPCIONES
AGUASCALIENTES,A01914A,2023-12-31,0.401104309090909,0.9621739090909092,190.41,0.841,0,,11000.0,10583.913,135.68,280.4069999999995,416.08699999999953,0.487,1,advisor-review,PIA_OPCIONES
AGUASCALIENTES,A01929A,2025-07-31,0.441007931,0.909370189,210.31,0.775,0,,11000.0,10003.072079,407.64,589.2879210000004,996.9279210000004,0.5,1,advisor-review,PIA_OPCIONES
AGUASCALIENTES,A01931A,2024-06-02,0.6076268863636363,1.2305366536363636,159.11,0.691,0,,11000.0,13535.90319,0.0,0.0,0.0,0.438,1,advisor-review,PIA_OPCIONES
AGUASCALIENTES,A01937A,2023-08-02,0.5324836363636364,1.157781572727273,158.96,0.759,0,,11000.0,12735.5973,0.0,0.0,0.0,0.452,1,advisor-review,PIA_OPCIONES
AGUASCALIENTES,A01960A,2024-04-12,0.5837031572727273,1.3048431436363637,147.36,0.717,0,,11000.0,14353.27458,0.0,0.0,0.0,0.443,1,advisor-review,PIA_OPCIONES
AGUASCALIENTES,A01973A,2023-04-06,0.5136905818181817,1.158384372727273,175.26000000000002,0.737,0,,11000.0,12742.228099999998,0.0,0.0,0.0,0.447,1,advisor-review,PIA_OPCIONES
AGUASCALIENTES,A02013A,2025-07-31,0.583247028,1.084565209,193.24,0.676,0,,11000.0,11930.217299,0.0,0.0,0.0,0.435,1,advisor-review,PIA_OPCIONES
AGUASCALIENTES,A02014A,2021-10-19,0.6859346545454545,1.4847961818181818,113.19,0.655,0,,11000.0,16332.758,0.0,0.0,0.0,0.431,0,monitor,FOLLOW_UP
AGUASCALIENTES,A02015A,2021-08-18,0.5411378454545455,1.074041518181818,186.72,0.75,0,,11000.0,11814.4567,0.0,0.0,0.0,0.45,1,advisor-review,PIA_OPCIONES
AGUASCALIENTES,A02018A,2020-10-13,0.6369906818181817,0.8523880636363637,113.77,0.736,0,,11000.0,9376.2687,586.17,1037.5612999999994,1623.7312999999995,0.521,1,advisor-review,PIA_OPCIONES
AGUASCALIENTES,A02033A,2025-03-23,0.3534545154545455,0.7706229627272728,228.92,0.839,0,,11000.0,8476.85259,2018.71,504.43740999999955,2523.1474099999996,0.582,1,advisor-review,PIA_OPCIONES
AGUASCALIENTES,A02035A,2021-10-15,0.6907179454545455,1.2746987363636362,159.97,0.653,0,,11000.0,14021.6861,0.0,0.0,0.0,0.431,0,monitor,FOLLOW_UP
AGUASCALIENTES,A02062A,2021-11-10,0.6022055636363637,1.306611909090909,147.29999999999998,0.733,0,,11000.0,14372.731,0.0,0.0,0.0,0.447,1,advisor-review,PIA_OPCIONES
AGUASCALIENTES,A02076A,2025-07-31,0.4997025669999999,1.146680899,164.54000000000002,0.733,0,,11000.0,12613.489889,0.0,0.0,0.0,0.447,1,advisor-review,PIA_OPCIONES
AGUASCALIENTES,A02084A,2020-12-03,0.2932553636363636,0.2932553636363636,58.11,0.707,0,,11000.0,3225.8089999999997,6267.12,1507.0710000000008,7774.191000000001,0.737,1,restructure-light,PIA_OPCIONES
AGUASCALIENTES,A02209A,2022-09-19,0.4296838,0.9791509,180.45,0.868,0,,11000.0,10770.6599,193.01,36.33009999999945,229.34009999999944,0.484,1,advisor-review,PIA_OPCIONES
AGUASCALIENTES,A02212A,2025-07-31,0.7568307980427272,1.568285504470909,85.13000000000001,0.651,0,,11000.0,17251.14054918,0.0,0.0,0.0,0.43,0,monitor,FOLLOW_UP
AGUASCALIENTES,A02218A,2023-04-19,0.4308093545454545,0.9574463454545454,191.35,0.795,0,,11000.0,10531.9098,365.68,102.41020000000054,468.09020000000055,0.48,1,advisor-review,PIA_OPCIONES
AGUASCALIENTES,A02226A,2021-10-22,0.4609588272727272,1.0305003181818182,182.62,0.775,0,,11000.0,11335.5035,0.0,0.0,0.0,0.455,1,advisor-review,PIA_OPCIONES
AGUASCALIENTES,A02231A,2023-07-01,0.5560550454545454,1.2032128363636363,155.08,0.681,0,,11000.0,13235.3412,0.0,0.0,0.0,0.436,1,advisor-review,PIA_OPCIONES
AGUASCALIENTES,A02233A,2023-08-15,0.6200031272727272,1.3821653727272727,126.73,0.692,0,,11000.0,15203.8191,0.0,0.0,0.0,0.438,1,advisor-review,PIA_OPCIONES
AGUASCALIENTES,A02255A,2023-04-01,0.549369409090909,1.086314909090909,177.19,0.705,0,,11000.0,11949.464,0.0,0.0,0.0,0.441,1,advisor-review,PIA_OPCIONES
AGUASCALIENTES,A02262A,2023-05-28,0.2489461090909091,0.6527689727272727,237.4,0.891,0,,11000.0,7180.4587,2374.38,1445.1612999999998,3819.5413,0.652,1,advisor-review,PIA_OPCIONES
AGUASCALIENTES,A02294A,2025-07-31,0.551349526,1.118734799,174.05,0.74,0,,11000.0,12306.082789,0.0,0.0,0.0,0.448,1,advisor-review,PIA_OPCIONES
AGUASCALIENTES,A02303A,2025-07-29,0.315628677,0.692591718,243.15,0.83,0,,11000.0,7618.508898,2754.37,627.1211020000001,3381.491102,0.62,1,advisor-review,PIA_OPCIONES
AGUASCALIENTES,A02321A,2020-10-21,0.5216643636363636,0.8543891272727272,209.08,0.754,0,,11000.0,9398.2804,925.28,676.4396000000004,1601.7196000000004,0.524,1,advisor-review,PIA_OPCIONES
AGUASCALIENTES,A02325A,2024-03-04,0.6098539090909091,1.2859579909090908,148.54,0.686,0,,11000.0,14145.5379,0.0,0.0,0.0,0.437,1,advisor-review,PIA_OPCIONES
AGUASCALIENTES,A02336A,2023-09-25,0.4561242818181819,1.0494832090909092,176.71,0.763,0,,11000.0,11544.3153,0.0,0.0,0.0,0.453,1,advisor-review,PIA_OPCIONES
AGUASCALIENTES,A02350A,2024-03-05,0.6926691272727273,1.5451133727272728,94.09,0.634,0,,11000.0,16996.2471,0.0,0.0,0.0,0.427,0,monitor,FOLLOW_UP
AGUASCALIENTES,A02361A,2025-05-15,0.383619327,0.9088402959999998,203.71,0.818,0,,11000.0,9997.243255999998,384.92,617.836744000002,1002.7567440000021,0.509,1,advisor-review,PIA_OPCIONES
AGUASCALIENTES,A02362A,2025-07-30,0.5114602220000001,1.1734972339999998,164.06,0.763,0,,11000.0,12908.469574,0.0,0.0,0.0,0.453,1,advisor-review,PIA_OPCIONES
EDOMEX - TLANEPANTLA,A0240L,2025-02-15,0.1908668754545454,0.1908668754545454,106.62,0.875,0,,11000.0,2099.53563,4896.44,4004.02437,8900.46437,0.88,1,restructure-full,PIA_OPCIONES
AGUASCALIENTES,A02414A,2025-07-31,0.572981227,1.200408573,160.12,0.688,0,,11000.0,13204.494303,0.0,0.0,0.0,0.438,1,advisor-review,PIA_OPCIONES
AGUASCALIENTES,A02415A,2025-07-31,0.5461020706209091,1.2763903143654545,154.97,0.684,0,,11000.0,14040.29345802,0.0,0.0,0.0,0.437,1,advisor-review,PIA_OPCIONES
AGUASCALIENTES,A02425A,2025-07-31,0.65363108999,1.3319380527345452,144.97,0.66,0,,11000.0,14651.318580079998,0.0,0.0,0.0,0.432,0,monitor,FOLLOW_UP
AGUASCALIENTES,A02446A,2023-10-11,0.3299596909090908,0.9174132545454544,191.69,0.852,0,,11000.0,10091.5458,451.05,457.4042000000001,908.4542000000001,0.512,1,advisor-review,PIA_OPCIONES
AGUASCALIENTES,A02457A,2024-03-05,0.7392814636363636,1.5330824454545453,106.65,0.644,0,,11000.0,16863.906899999998,0.0,0.0,0.0,0.429,0,monitor,FOLLOW_UP
AGUASCALIENTES,A02465A,2025-07-31,0.463008637,0.927013633,196.47,0.753,0,,11000.0,10197.149963,571.18,231.6700370000002,802.8500370000002,0.487,1,advisor-review,PIA_OPCIONES
AGUASCALIENTES,A02468A,2024-03-05,0.6194926636363636,1.3485648545454545,134.18,0.678,0,,11000.0,14834.2134,0.0,0.0,0.0,0.436,1,advisor-review,PIA_OPCIONES
EDOMEX - TLANEPANTLA,A0278C,2023-09-13,0.012042599090909,0.012042599090909,11.86,0.988,0,,11000.0,132.46859,9447.31,1420.22141,10867.53141,0.741,1,restructure-light,PIA_OPCIONES
EDOMEX - TLANEPANTLA,A0282D,2025-05-16,0.2405196482727273,0.5091821337272727,276.49,0.875,0,,11000.0,5601.003471,4588.11,810.8865290000003,5398.996529,0.72,1,restructure-light,PIA_OPCIONES
AGUASCALIENTES,A02902A,2025-07-31,0.5826332321099998,1.2895821504327272,141.01,0.731,0,,11000.0,14185.40365476,0.0,0.0,0.0,0.446,1,advisor-review,PIA_OPCIONES
AGUASCALIENTES,A02925A,2025-07-31,0.520455572,1.119612858,172.32,0.749,0,,11000.0,12315.741438,0.0,0.0,0.0,0.45,1,advisor-review,PIA_OPCIONES
AGUASCALIENTES,A02939A,2025-07-31,0.5706746401954544,1.2500466047763636,150.28,0.716,0,,11000.0,13750.51265254,0.0,0.0,0.0,0.443,1,advisor-review,PIA_OPCIONES
EDOMEX - ECATEPEC,A0316B,2024-10-29,0.0572167318181818,0.0572167318181818,46.09,0.943,0,,11000.0,629.38405,8391.24,1979.3759499999996,10370.61595,0.852,1,restructure-light,PIA_OPCIONES
EDOMEX - TLANEPANTLA,A0339H,2025-03-26,0.0128823627272727,0.0128823627272727,11.85,0.987,0,,11000.0,141.70599,7509.08,3349.2140099999997,10858.29401,0.74,1,restructure-light,PIA_OPCIONES
EDOMEX - ECATEPEC,A0348J,2025-04-20,0.0417030872727272,0.0417030872727272,34.91,0.958,0,,11000.0,458.73396,8249.96,2291.3060400000013,10541.26604,0.816,1,restructure-light,PIA_OPCIONES
EDOMEX - TLANEPANTLA,A0363B,2023-12-01,0.0695553045454545,0.0695553045454545,57.45,0.93,0,,11000.0,765.10835,6341.88,3893.0116499999995,10234.89165,0.891,1,restructure-light,PIA_OPCIONES
EDOMEX - TLANEPANTLA,A036JLC,2024-04-21,0.0842373618181818,0.0842373618181818,57.17,0.916,0,,11000.0,926.61098,6847.39,3225.99902,10073.38902,0.879,1,restructure-light,PIA_OPCIONES
EDOMEX - ECATEPEC,A03782E,2025-07-26,0.7035231032727273,1.4626971106363635,115.93,0.665,0,,11000.0,16089.668217,0.0,0.0,0.0,0.433,0,monitor,FOLLOW_UP
EDOMEX - ECATEPEC,A03782R,2025-03-27,0.6687826336363636,1.5238868045454546,98.3,0.656,0,,11000.0,16762.75485,0.0,0.0,0.0,0.431,0,monitor,FOLLOW_UP
EDOMEX - ECATEPEC,A03787E,2025-05-05,0.3253058318181818,0.8139351490909089,196.44,0.834,0,,11000.0,8953.286639999998,862.57,1184.1433600000014,2046.7133600000016,0.56,1,advisor-review,PIA_OPCIONES
EDOMEX - TLANEPANTLA,A037JLC,2025-05-20,0.2571450970909091,0.5892266561818181,257.07,0.883,0,,11000.0,6481.493218,3239.22,1279.2867820000006,4518.506782,0.682,1,restructure-light,PIA_OPCIONES
AGUASCALIENTES,A03851A,2025-05-06,0.4878461407272728,1.110150262545455,155.94,0.804,0,,11000.0,12211.652888,0.0,0.0,0.0,0.461,1,advisor-review,PIA_OPCIONES
AGUASCALIENTES,A03864A,2023-08-16,0.4491674181818182,0.9193586272727272,207.76,0.782,0,,11000.0,10112.9449,336.43,550.6250999999995,887.0550999999996,0.497,1,advisor-review,PIA_OPCIONES
AGUASCALIENTES,A03898A,2025-07-31,0.280247604,0.617922669,254.02,0.863,0,,11000.0,6797.149359,2810.14,1392.7106410000001,4202.850641,0.664,1,advisor-review,PIA_OPCIONES
EDOMEX - ECATEPEC,A0393A,2025-06-12,0.1499104577272727,0.1499104577272727,100.02,0.872,0,,11000.0,1649.015035,3338.84,6012.1449649999995,9350.984965,0.899,1,restructure-full,PIA_OPCIONES
AGUASCALIENTES,A03951A,2025-07-30,0.6622722878618182,1.4228851356981818,115.84,0.675,0,,11000.0,15651.73649268,0.0,0.0,0.0,0.435,0,monitor,FOLLOW_UP
AGUASCALIENTES,A03952A,2025-07-31,0.6297779446309092,1.315343573018182,140.77999999999997,0.706,0,,11000.0,14468.7793032,0.0,0.0,0.0,0.441,1,advisor-review,PIA_OPCIONES
AGUASCALIENTES,A03956A,2025-07-29,0.3734459819999999,0.8271847219999999,220.39,0.807,0,,11000.0,9099.031942,1637.81,263.15805800000044,1900.9680580000004,0.548,1,advisor-review,PIA_OPCIONES
AGUASCALIENTES,A03961A,2025-07-31,0.5337569510000001,1.218180418,152.04,0.743,0,,11000.0,13399.984598,0.0,0.0,0.0,0.449,1,advisor-review,PIA_OPCIONES
AGUASCALIENTES,A03962A,2025-07-31,0.5140941259999999,1.12430773,173.13,0.76,0,,11000.0,12367.38503,0.0,0.0,0.0,0.452,1,advisor-review,PIA_OPCIONES
AGUASCALIENTES,A03966A,2025-07-31,0.570996608,1.155417627,167.74,0.714,0,,11000.0,12709.593897,0.0,0.0,0.0,0.443,1,advisor-review,PIA_OPCIONES
AGUASCALIENTES,A03970A,2025-07-31,0.470103899240909,1.0535391796381817,181.54,0.772,0,,11000.0,11588.93097602,0.0,0.0,0.0,0.454,1,advisor-review,PIA_OPCIONES
AGUASCALIENTES,A03972A,2025-07-31,0.4208414700209091,0.9635456253081818,195.55,0.801,0,,11000.0,10599.00187839,308.6,92.39812161000043,400.99812161000045,0.478,1,advisor-review,PIA_OPCIONES
AGUASCALIENTES,A03974A,2025-07-31,0.549095729,1.229101419,152.14,0.718,0,,11000.0,13520.115609,0.0,0.0,0.0,0.444,1,advisor-review,PIA_OPCIONES
AGUASCALIENTES,A03975A,2025-05-19,0.4419937339999999,1.038365601,180.17,0.756,0,,11000.0,11422.021611,0.0,0.0,0.0,0.451,1,advisor-review,PIA_OPCIONES
AGUASCALIENTES,A03977A,2025-07-31,0.8722565377136363,1.8159223233163635,64.41,0.547,0,,11000.0,19975.14555648,0.0,0.0,0.0,0.378,0,monitor,FOLLOW_UP
AGUASCALIENTES,A03978A,2025-07-31,0.7466488943127274,1.6232713353163637,88.55,0.619,0,,11000.0,17855.98468848,0.0,0.0,0.0,0.424,0,monitor,FOLLOW_UP
AGUASCALIENTES,A03981A,2025-07-31,0.8352465212136363,1.7457828205754544,69.05,0.598,0,,11000.0,19203.61102633,0.0,0.0,0.0,0.407,0,monitor,FOLLOW_UP
AGUASCALIENTES,A03982A,2025-07-31,0.8083429321472727,1.9004645410109091,58.22,0.588,0,,11000.0,20905.10995112,0.0,0.0,0.0,0.36,0,monitor,FOLLOW_UP
AGUASCALIENTES,A03983A,2025-07-31,0.9387589716545456,1.94154404486,47.82,0.512,0,,11000.0,21356.98449346,0.0,0.0,0.0,0.302,0,monitor,FOLLOW_UP
AGUASCALIENTES,A03985A,2025-07-31,0.6806958238054545,1.40624640788,122.57,0.661,0,,11000.0,15468.710486679998,0.0,0.0,0.0,0.432,0,monitor,FOLLOW_UP
AGUASCALIENTES,A03986A,2025-07-31,0.7405633135254545,1.5524078193781818,107.1,0.641,0,,11000.0,17076.48601316,0.0,0.0,0.0,0.428,0,monitor,FOLLOW_UP
AGUASCALIENTES,A03987A,2025-07-31,0.409792747,0.918711066,195.52,0.818,0,,11000.0,10105.821726,518.26,375.9182739999999,894.1782739999999,0.504,1,advisor-review,PIA_OPCIONES
AGUASCALIENTES,A03988A,2025-07-31,0.7363662471890909,1.4941063619081816,103.95,0.65,0,,11000.0,16435.16998099,0.0,0.0,0.0,0.43,0,monitor,FOLLOW_UP
AGUASCALIENTES,A03989A,2025-07-31,0.5168810577590909,1.0933326835254544,174.30999999999997,0.721,0,,11000.0,12026.65951878,0.0,0.0,0.0,0.444,1,advisor-review,PIA_OPCIONES
AGUASCALIENTES,A03990A,2025-07-31,0.3965173029999999,0.8369423789999999,222.03,0.822,0,,11000.0,9206.366169,1398.22,395.41383099999916,1793.6338309999992,0.546,1,advisor-review,PIA_OPCIONES
AGUASCALIENTES,A03991A,2025-07-31,0.459434612,1.031362332,183.6,0.756,0,,11000.0,11344.985652,0.0,0.0,0.0,0.451,1,advisor-review,PIA_OPCIONES
AGUASCALIENTES,A03992A,2025-07-30,0.476663187,0.989249443,196.25,0.752,0,,11000.0,10881.743873,78.02,40.236127000000565,118.25612700000056,0.456,1,advisor-review,PIA_OPCIONES
AGUASCALIENTES,A03993A,2025-07-31,0.4548529930190908,0.9656937120327272,193.98,0.771,0,,11000.0,10622.63083236,324.06,53.30916763999943,377.36916763999943,0.471,1,advisor-review,PIA_OPCIONES
AGUASCALIENTES,A04123A,2025-07-23,0.264327336,0.6108396839999999,255.36,0.872,0,,11000.0,6719.236523999999,1591.76,2689.003476000001,4280.763476000001,0.669,1,advisor-review,PIA_OPCIONES
AGUASCALIENTES,A04126A,2025-07-19,0.387555987,0.7720797133636363,235.48,0.807,0,,11000.0,8492.876847,928.29,1578.8331530000005,2507.1231530000005,0.575,1,advisor-review,PIA_OPCIONES
AGUASCALIENTES,A04128A,2025-07-31,0.4016472593590909,0.893779594939091,203.82,0.796,0,,11000.0,9831.57554433,412.02,756.4044556699996,1168.4244556699996,0.512,1,advisor-review,PIA_OPCIONES
AGUASCALIENTES,A04151A,2025-07-30,0.5064276489999999,1.028016262,188.99,0.752,0,,11000.0,11308.178882,0.0,0.0,0.0,0.45,1,advisor-review,PIA_OPCIONES
AGUASCALIENTES,A04205A,2025-07-31,0.5470394930000001,1.101014278,178.67,0.744,0,,11000.0,12111.157058,0.0,0.0,0.0,0.449,1,advisor-review,PIA_OPCIONES
AGUASCALIENTES,A04206A,2025-06-16,0.530686611,1.201485649,158.36,0.704,0,,11000.0,13216.342138999998,0.0,0.0,0.0,0.441,1,advisor-review,PIA_OPCIONES
AGUASCALIENTES,A04210A,2024-04-07,0.6168612736363637,1.3293784281818182,138.01,0.68,0,,11000.0,14623.16271,0.0,0.0,0.0,0.436,1,advisor-review,PIA_OPCIONES
AGUASCALIENTES,A04213A,2025-07-31,0.6443463823827272,1.347048746211818,134.73000000000002,0.652,0,,11000.0,14817.53620833,0.0,0.0,0.0,0.43,1,advisor-review,PIA_OPCIONES
AGUASCALIENTES,A04214A,2025-07-30,0.519914395,1.051717485,181.4,0.725,0,,11000.0,11568.892335,0.0,0.0,0.0,0.445,1,advisor-review,PIA_OPCIONES
AGUASCALIENTES,A04229A,2025-07-31,0.552483204,1.185244151,160.21,0.723,0,,11000.0,13037.685661,0.0,0.0,0.0,0.445,1,advisor-review,PIA_OPCIONES
AGUASCALIENTES,A04230A,2025-07-31,0.4979379120563636,1.158224564179091,160.44,0.771,0,,11000.0,12740.47020597,0.0,0.0,0.0,0.454,1,advisor-review,PIA_OPCIONES
AGUASCALIENTES,A04231A,2025-07-31,0.654280083619091,1.471847582929091,110.92,0.701,0,,11000.0,16190.32341222,0.0,0.0,0.0,0.44,0,monitor,FOLLOW_UP
AGUASCALIENTES,A04232A,2024-05-18,0.4978331645454545,0.9917287527272728,188.66,0.78,0,,11000.0,10909.01628,44.46,46.523720000000175,90.98372000000018,0.46,1,advisor-review,PIA_OPCIONES
AGUASCALIENTES,A04233A,2025-07-31,0.4211312500254545,1.1159399320254544,152.07,0.806,0,,11000.0,12275.33925228,0.0,0.0,0.0,0.461,1,advisor-review,PIA_OPCIONES
AGUASCALIENTES,A04243A,2025-07-31,0.440163451,0.916107556,204.97,0.778,0,,11000.0,10077.183116,358.67,564.1468839999998,922.8168839999998,0.498,1,advisor-review,PIA_OPCIONES
AGUASCALIENTES,A04247A,2025-07-31,0.5472466978290909,1.2153263460345454,155.63,0.729,0,,11000.0,13368.58980638,0.0,0.0,0.0,0.446,1,advisor-review,PIA_OPCIONES
AGUASCALIENTES,A04248A,2025-07-31,0.435672692,1.0109827,188.96,0.793,0,,11000.0,11120.8097,0.0,0.0,0.0,0.459,1,advisor-review,PIA_OPCIONES
AGUASCALIENTES,A04249A,2025-07-31,0.3745666406990909,0.9008052281954544,200.98,0.825,0,,11000.0,9908.85751015,578.3,512.8424898500009,1091.1424898500009,0.515,1,advisor-review,PIA_OPCIONES
AGUASCALIENTES,A04250A,2025-07-31,0.4145022114354545,0.890191475841818,211.68,0.804,0,,11000.0,9792.106234259998,891.2,316.69376574000194,1207.893765740002,0.516,1,advisor-review,PIA_OPCIONES
AGUASCALIENTES,A04251A,2025-07-30,0.510999307,1.1139442860000002,166.47,0.754,0,,11000.0,12253.387146,0.0,0.0,0.0,0.451,1,advisor-review,PIA_OPCIONES
AGUASCALIENTES,A04254A,2025-07-30,0.294530327,0.6055622300000001,262.88,0.837,0,,11000.0,6661.18453,3738.69,600.1254699999995,4338.81547,0.665,1,advisor-review,PIA_OPCIONES
AGUASCALIENTES,A04255A,2025-07-26,0.3421254199999999,0.830728535,220.35,0.83,0,,11000.0,9138.013885,1430.34,431.6461149999998,1861.9861149999997,0.551,1,advisor-review,PIA_OPCIONES
AGUASCALIENTES,A04305A,2025-07-11,0.286645268,0.6038726596363636,259.09999999999997,0.85,0,,11000.0,6642.5992559999995,2560.5,1796.9007440000005,4357.4007440000005,0.668,1,advisor-review,PIA_OPCIONES
AGUASCALIENTES,A04344A,2025-07-31,0.5984846140000001,1.245320167,162.41000000000005,0.699,0,,11000.0,13698.521837,0.0,0.0,0.0,0.44,1,advisor-review,PIA_OPCIONES
AGUASCALIENTES,A04351A,2025-07-31,0.510085303,1.191196643,148.33,0.76,0,,11000.0,13103.163073,0.0,0.0,0.0,0.452,1,advisor-review,PIA_OPCIONES
AGUASCALIENTES,A04353A,2025-07-31,0.4590943178745454,1.022040501498182,185.23,0.771,0,,11000.0,11242.44551648,0.0,0.0,0.0,0.454,1,advisor-review,PIA_OPCIONES
AGUASCALIENTES,A04363A,2025-07-31,0.539903455,1.154616736,164.83,0.733,0,,11000.0,12700.784096,0.0,0.0,0.0,0.447,1,advisor-review,PIA_OPCIONES
AGUASCALIENTES,A04427A,2025-07-30,0.543001368,1.187839016,155.45,0.716,0,,11000.0,13066.229176,0.0,0.0,0.0,0.443,1,advisor-review,PIA_OPCIONES
AGUASCALIENTES,A04428A,2025-07-31,0.529111128,1.084833477,179.21,0.733,0,,11000.0,11933.168247,0.0,0.0,0.0,0.447,1,advisor-review,PIA_OPCIONES
AGUASCALIENTES,A04429A,2025-07-26,0.559999804,1.237337738,150.69000000000003,0.71,0,,11000.0,13610.715118,0.0,0.0,0.0,0.442,1,advisor-review,PIA_OPCIONES
AGUASCALIENTES,A04440A,2025-07-31,0.404608659,0.801767239,229.84,0.777,0,,11000.0,8819.439629,813.68,1366.8803709999997,2180.5603709999996,0.555,1,advisor-review,PIA_OPCIONES
AGUASCALIENTES,A04501A,2025-07-31,0.6449038437272727,1.3912509248181817,136.23,0.662,0,,11000.0,15303.760173,0.0,0.0,0.0,0.432,1,advisor-review,PIA_OPCIONES
AGUASCALIENTES,A04502A,2025-07-31,0.394107987,0.885487148,211.07,0.807,0,,11000.0,9740.358628,896.43,363.2113720000001,1259.641372,0.519,1,advisor-review,PIA_OPCIONES
AGUASCALIENTES,A04504A,2025-07-31,0.573301274,1.088348079,180.42,0.691,0,,11000.0,11971.828869,0.0,0.0,0.0,0.438,1,advisor-review,PIA_OPCIONES
AGUASCALIENTES,A04509A,2025-07-31,0.633486945,1.323468783,136.15,0.69,0,,11000.0,14558.156613,0.0,0.0,0.0,0.438,1,advisor-review,PIA_OPCIONES
AGUASCALIENTES,A04511A,2025-06-02,0.622648299,1.240002582,161.14,0.675,0,,11000.0,13640.028402,0.0,0.0,0.0,0.435,1,advisor-review,PIA_OPCIONES
AGUASCALIENTES,A04512A,2025-07-31,0.5004672414645454,1.1249341653136362,167.87,0.75,0,,11000.0,12374.275818449998,0.0,0.0,0.0,0.45,1,advisor-review,PIA_OPCIONES
AGUASCALIENTES,A04513A,2024-09-13,0.7755263836363637,1.574043649090909,100.17,0.599,0,,11000.0,17314.48014,0.0,0.0,0.0,0.42,0,monitor,FOLLOW_UP
AGUASCALIENTES,A04516A,2025-07-31,0.513216613,0.995210762,202.29,0.756,0,,11000.0,10947.318382,29.79,22.891618000000527,52.681618000000526,0.454,1,advisor-review,PIA_OPCIONES
AGUASCALIENTES,A04521A,2025-07-31,0.5545044955218181,1.1917606327927273,163.22,0.708,0,,11000.0,13109.36696072,0.0,0.0,0.0,0.442,1,advisor-review,PIA_OPCIONES
AGUASCALIENTES,A04522A,2024-12-09,0.586552150909091,1.2534889063636363,147.23000000000002,0.705,0,,11000.0,13788.37797,0.0,0.0,0.0,0.441,1,advisor-review,PIA_OPCIONES
AGUASCALIENTES,A04523A,2025-07-31,0.7085484192045454,1.4924311320027273,112.61,0.662,0,,11000.0,16416.74245203,0.0,0.0,0.0,0.432,0,monitor,FOLLOW_UP
AGUASCALIENTES,A04525A,2025-07-31,0.5360097295790909,1.1947725099372726,156.92,0.739,0,,11000.0,13142.49760931,0.0,0.0,0.0,0.448,1,advisor-review,PIA_OPCIONES
AGUASCALIENTES,A04526A,2025-04-14,0.3893706809090909,1.1069658163636362,152.49,0.813,0,,11000.0,12176.623979999998,0.0,0.0,0.0,0.463,1,advisor-review,PIA_OPCIONES
AGUASCALIENTES,A04527A,2025-07-31,0.4173645287536364,0.9155901711372728,205.31,0.799,0,,11000.0,10071.49188251,768.36,160.14811749000057,928.5081174900006,0.502,1,advisor-review,PIA_OPCIONES
AGUASCALIENTES,A04533A,2025-07-31,0.4793691154981818,0.9969434235145456,191.29,0.752,0,,11000.0,10966.37765866,15.81,17.812341340000273,33.622341340000276,0.452,1,advisor-review,PIA_OPCIONES
AGUASCALIENTES,A04538A,2025-07-31,0.426614279,0.905119397,207.42,0.799,0,,11000.0,9956.313367,837.18,206.5066329999994,1043.6866329999993,0.507,1,advisor-review,PIA_OPCIONES
AGUASCALIENTES,A04549A,2025-07-31,0.419581344,0.908849123,206.43,0.796,0,,11000.0,9997.340353,364.82,637.8396470000005,1002.6596470000004,0.505,1,advisor-review,PIA_OPCIONES
AGUASCALIENTES,A04552A,2025-07-31,0.4526473042172727,0.9624573128263636,202.6,0.78,0,,11000.0,10587.03044109,371.45,41.51955890999926,412.96955890999925,0.475,1,advisor-review,PIA_OPCIONES
AGUASCALIENTES,A04554A,2025-07-31,0.5289730033445456,1.2162412531527274,154.15,0.743,0,,11000.0,13378.65378468,0.0,0.0,0.0,0.449,1,advisor-review,PIA_OPCIONES
AGUASCALIENTES,A04559A,2025-07-31,0.4761312501590909,1.055372461410909,175.77,0.768,0,,11000.0,11609.09707552,0.0,0.0,0.0,0.454,1,advisor-review,PIA_OPCIONES
AGUASCALIENTES,A04565A,2025-07-31,0.4904703109999999,1.1074301707790908,168.57999999999998,0.762,0,,11000.0,12181.73187857,0.0,0.0,0.0,0.452,1,advisor-review,PIA_OPCIONES
AGUASCALIENTES,A04566A,2025-07-31,0.528025919110909,1.1972451876763637,148.95999999999998,0.737,0,,11000.0,13169.69706444,0.0,0.0,0.0,0.447,1,advisor-review,PIA_OPCIONES
AGUASCALIENTES,A04568A,2025-07-31,0.531177556,1.138345845,165.61,0.747,0,,11000.0,12521.804295,0.0,0.0,0.0,0.449,1,advisor-review,PIA_OPCIONES
AGUASCALIENTES,A04573A,2025-07-31,0.4765039008954544,1.10360655443,169.08,0.761,0,,11000.0,12139.67209873,0.0,0.0,0.0,0.452,1,advisor-review,PIA_OPCIONES
AGUASCALIENTES,A04584A,2025-07-31,0.6421943090127271,1.362820308610909,123.55,0.698,0,,11000.0,14991.02339472,0.0,0.0,0.0,0.44,1,advisor-review,PIA_OPCIONES
AGUASCALIENTES,A04588A,2025-07-08,0.4743901819599999,1.0497465342618182,176.95999999999998,0.776,0,,11000.0,11547.21187688,0.0,0.0,0.0,0.455,1,advisor-review,PIA_OPCIONES
AGUASCALIENTES,A04591A,2025-07-31,0.425438832,0.978088566,194.66,0.79,0,,11000.0,10758.974226,100.97,140.05577399999973,241.02577399999973,0.469,1,advisor-review,PIA_OPCIONES
AGUASCALIENTES,A04592A,2025-07-31,0.486577455,1.080891994,169.94,0.771,0,,11000.0,11889.811934,0.0,0.0,0.0,0.454,1,advisor-review,PIA_OPCIONES
AGUASCALIENTES,A04596A,2025-07-31,0.5990129803345454,1.2782790441699998,144.73,0.705,0,,11000.0,14061.06948587,0.0,0.0,0.0,0.441,1,advisor-review,PIA_OPCIONES
AGUASCALIENTES,A04600A,2025-07-31,0.3586025169999999,0.791542115,220.34,0.811,0,,11000.0,8706.963265,737.66,1555.3767349999998,2293.0367349999997,0.566,1,advisor-review,PIA_OPCIONES
AGUASCALIENTES,A04610A,2025-07-06,0.362202568,0.786527833,225.94,0.836,0,,11000.0,8651.806163,712.11,1636.0838370000006,2348.1938370000007,0.574,1,advisor-review,PIA_OPCIONES
AGUASCALIENTES,A04626A,2025-07-27,0.565340776,1.171337622,172.18,0.712,0,,11000.0,12884.713842,0.0,0.0,0.0,0.442,1,advisor-review,PIA_OPCIONES
EDOMEX - TLANEPANTLA,A0465C,2024-03-01,0.1818691490909091,0.1818691490909091,142.32,0.892,0,,11000.0,2000.56064,5971.62,3027.8193600000004,8999.43936,0.887,1,restructure-full,PIA_OPCIONES
AGUASCALIENTES,A04661A,2025-07-31,0.4509533479272726,0.9884743610690908,194.26,0.793,0,,11000.0,10873.21797176,99.0,27.782028240000727,126.78202824000073,0.464,1,advisor-review,PIA_OPCIONES
EDOMEX - ECATEPEC,A04664E,2025-07-29,0.671350794,1.4997823448181815,105.82,0.68,0,,11000.0,16497.605793,0.0,0.0,0.0,0.436,0,monitor,FOLLOW_UP
EDOMEX - TLANEPANTLA,A0466L,2025-07-31,0.2375117247272727,0.5691124892727272,262.2,0.881,0,,11000.0,6260.237381999999,3837.53,902.2326180000005,4739.762618000001,0.692,1,restructure-light,PIA_OPCIONES
AGUASCALIENTES,A04671A,2025-07-31,0.595947716,1.301843543,143.42000000000002,0.697,0,,11000.0,14320.278973,0.0,0.0,0.0,0.439,1,advisor-review,PIA_OPCIONES
AGUASCALIENTES,A04673A,2025-07-31,0.5655222869427272,1.2326173295127272,148.34,0.72,0,,11000.0,13558.79062464,0.0,0.0,0.0,0.444,1,advisor-review,PIA_OPCIONES
AGUASCALIENTES,A04675A,2025-07-31,0.6663076419999999,1.399946548,126.38,0.667,0,,11000.0,15399.412028,0.0,0.0,0.0,0.433,0,monitor,FOLLOW_UP
AGUASCALIENTES,A04678A,2025-07-31,0.4956889199045454,1.0669804818954545,170.75,0.769,0,,11000.0,11736.78530085,0.0,0.0,0.0,0.454,1,advisor-review,PIA_OPCIONES
AGUASCALIENTES,A04680A,2025-07-31,0.5690597537336364,1.1939163124009091,155.38,0.706,0,,11000.0,13133.07943641,0.0,0.0,0.0,0.441,1,advisor-review,PIA_OPCIONES
AGUASCALIENTES,A04684A,2025-01-10,0.5231193245454545,1.1853692536363638,158.19,0.735,0,,11000.0,13039.061790000002,0.0,0.0,0.0,0.447,1,advisor-review,PIA_OPCIONES
AGUASCALIENTES,A04685A,2024-07-05,0.5802350072727273,1.17359994,168.45000000000002,0.721,0,,11000.0,12909.59934,0.0,0.0,0.0,0.444,1,advisor-review,PIA_OPCIONES
AGUASCALIENTES,A04686A,2025-07-31,0.5088653703918181,1.0958154565681817,177.3,0.737,0,,11000.0,12053.97002225,0.0,0.0,0.0,0.447,1,advisor-review,PIA_OPCIONES
AGUASCALIENTES,A04688A,2025-07-31,0.57369403,1.305880394,136.03,0.691,0,,11000.0,14364.684334,0.0,0.0,0.0,0.438,1,advisor-review,PIA_OPCIONES
AGUASCALIENTES,A04689A,2025-07-31,0.448232421,0.904000461,210.32,0.768,0,,11000.0,9944.005071,636.47,419.5249290000004,1055.9949290000004,0.502,1,advisor-review,PIA_OPCIONES
AGUASCALIENTES,A04691A,2024-11-15,0.6606410372727273,1.415029221818182,122.94,0.689,0,,11000.0,15565.321440000002,0.0,0.0,0.0,0.438,0,monitor,FOLLOW_UP
AGUASCALIENTES,A04692A,2025-07-31,0.582676891190909,1.2711432321472729,150.35,0.701,0,,11000.0,13982.57555362,0.0,0.0,0.0,0.44,1,advisor-review,PIA_OPCIONES
AGUASCALIENTES,A04693A,2025-07-31,0.656958302,1.438829574,120.04,0.696,0,,11000.0,15827.125314,0.0,0.0,0.0,0.439,0,monitor,FOLLOW_UP
AGUASCALIENTES,A04695A,2025-07-31,0.5349611123863636,1.1527468980736362,163.12,0.743,0,,11000.0,12680.21587881,0.0,0.0,0.0,0.449,1,advisor-review,PIA_OPCIONES
AGUASCALIENTES,A04697A,2025-07-31,0.5026088342754546,1.0873401999281818,168.48000000000002,0.775,0,,11000.0,11960.74219921,0.0,0.0,0.0,0.455,1,advisor-review,PIA_OPCIONES
AGUASCALIENTES,A04704A,2025-07-31,0.5164389229999999,1.009962044,198.03,0.736,0,,11000.0,11109.582484,0.0,0.0,0.0,0.447,1,advisor-review,PIA_OPCIONES
AGUASCALIENTES,A04706A,2025-07-31,0.46803848,0.956419555,194.83,0.798,0,,11000.0,10520.615105,221.69,257.69489499999924,479.38489499999923,0.481,1,advisor-review,PIA_OPCIONES
AGUASCALIENTES,A04708A,2025-07-31,0.5829495490000001,1.191152053,165.22,0.696,0,,11000.0,13102.672583,0.0,0.0,0.0,0.439,1,advisor-review,PIA_OPCIONES
EDOMEX - TLANEPANTLA,A04724E,2025-07-13,0.5086548291818183,1.0473204793636364,187.32,0.798,0,,11000.0,11520.525273,0.0,0.0,0.0,0.46,1,advisor-review,PIA_OPCIONES
AGUASCALIENTES,A04725A,2025-07-31,0.594854988,1.235509275,154.04,0.72,0,,11000.0,13590.602024999998,0.0,0.0,0.0,0.444,1,advisor-review,PIA_OPCIONES
AGUASCALIENTES,A04732A,2025-07-12,0.5358502239999999,1.1399302459999998,173.42,0.715,0,,11000.0,12539.232706,0.0,0.0,0.0,0.443,1,advisor-review,PIA_OPCIONES
AGUASCALIENTES,A04743A,2025-07-31,0.4434573779999999,0.905194927,202.76,0.789,0,,11000.0,9957.144197,698.49,344.36580300000037,1042.8558030000004,0.505,1,advisor-review,PIA_OPCIONES
EDOMEX - TLANEPANTLA,A0478C,2025-07-30,0.3065129918181818,0.6579335467272727,254.23,0.859,0,,11000.0,7237.269014,1224.43,2538.3009859999993,3762.7309859999996,0.643,1,advisor-review,PIA_OPCIONES
AGUASCALIENTES,A05001A,2025-07-31,0.7281435538363635,1.543515153950909,93.17,0.663,0,,11000.0,16978.66669346,0.0,0.0,0.0,0.433,0,monitor,FOLLOW_UP
AGUASCALIENTES,A05011A,2025-07-31,0.5929864286672727,1.2381027990036364,149.92,0.712,0,,11000.0,13619.13078904,0.0,0.0,0.0,0.442,1,advisor-review,PIA_OPCIONES
AGUASCALIENTES,A05012A,2025-07-31,0.6260649261354545,1.401076053749091,121.21,0.68,0,,11000.0,15411.83659124,0.0,0.0,0.0,0.436,1,advisor-review,PIA_OPCIONES
AGUASCALIENTES,A05016A,2025-07-31,0.5858054589681817,1.2730655304899998,148.04,0.745,0,,11000.0,14003.72083539,0.0,0.0,0.0,0.449,1,advisor-review,PIA_OPCIONES
AGUASCALIENTES,A05018A,2025-07-30,0.5838439973309091,1.2622587590418182,148.34,0.712,0,,11000.0,13884.84634946,0.0,0.0,0.0,0.442,1,advisor-review,PIA_OPCIONES
AGUASCALIENTES,A05022A,2025-07-31,0.6535417737009089,1.3721988186845453,134.73,0.665,0,,11000.0,15094.18700553,0.0,0.0,0.0,0.433,0,monitor,FOLLOW_UP
AGUASCALIENTES,A05024A,2025-07-30,0.531556389,1.051293789,191.9,0.725,0,,11000.0,11564.231679,0.0,0.0,0.0,0.445,1,advisor-review,PIA_OPCIONES
AGUASCALIENTES,A05026A,2025-07-31,0.627300128,1.3652677219999998,128.2,0.705,0,,11000.0,15017.944941999998,0.0,0.0,0.0,0.441,1,advisor-review,PIA_OPCIONES
AGUASCALIENTES,A05028A,2025-07-31,0.5052314762272726,1.0839305955499998,171.54000000000002,0.733,0,,11000.0,11923.23655105,0.0,0.0,0.0,0.447,1,advisor-review,PIA_OPCIONES
EDOMEX - TLANEPANTLA,A05072E,2025-07-31,0.8848626845454545,2.0585348961818184,22.78,0.591,0,,11000.0,22643.883858,0.0,0.0,0.0,0.213,0,monitor,FOLLOW_UP
AGUASCALIENTES,A05109A,2025-07-31,0.49062013,1.042763085,189.77,0.751,0,,11000.0,11470.393935,0.0,0.0,0.0,0.45,1,advisor-review,PIA_OPCIONES
AGUASCALIENTES,A05113A,2025-07-31,0.5266819719381817,1.0774458732990908,172.62,0.73,0,,11000.0,11851.90460629,0.0,0.0,0.0,0.446,1,advisor-review,PIA_OPCIONES
AGUASCALIENTES,A05115A,2025-07-31,0.528458749,1.1507576080000002,168.28,0.722,0,,11000.0,12658.333688,0.0,0.0,0.0,0.444,1,advisor-review,PIA_OPCIONES
AGUASCALIENTES,A05128A,2025-07-31,0.6275141599999999,1.2157234179999998,168.01,0.684,0,,11000.0,13372.957598,0.0,0.0,0.0,0.437,1,advisor-review,PIA_OPCIONES
AGUASCALIENTES,A05142A,2025-07-31,0.4992406510000001,1.0617896379999998,185.95,0.737,0,,11000.0,11679.686018,0.0,0.0,0.0,0.447,1,advisor-review,PIA_OPCIONES
AGUASCALIENTES,A05151A,2025-07-31,0.6534085740000001,1.3777396359999998,130.9,0.686,0,,11000.0,15155.135996,0.0,0.0,0.0,0.437,0,monitor,FOLLOW_UP
AGUASCALIENTES,A05155A,2025-07-31,0.5237020648299999,0.998572196960909,196.31,0.763,0,,11000.0,10984.29416657,13.58,2.125833429999984,15.705833429999984,0.453,1,advisor-review,PIA_OPCIONES
AGUASCALIENTES,A05157A,2025-07-31,0.5776974152618181,1.1422416716727273,166.39,0.742,0,,11000.0,12564.6583884,0.0,0.0,0.0,0.448,1,advisor-review,PIA_OPCIONES
AGUASCALIENTES,A05159A,2025-07-31,0.5487664734327272,1.0827152701599998,179.98000000000002,0.743,0,,11000.0,11909.86797176,0.0,0.0,0.0,0.449,1,advisor-review,PIA_OPCIONES
AGUASCALIENTES,A05160A,2025-05-31,0.553258888,1.209772564,154.67000000000002,0.731,0,,11000.0,13307.498204,0.0,0.0,0.0,0.446,1,advisor-review,PIA_OPCIONES
AGUASCALIENTES,A05163A,2025-07-03,0.5280589813481817,1.0879474107436362,185.06,0.727,0,,11000.0,11967.42151818,0.0,0.0,0.0,0.445,1,advisor-review,PIA_OPCIONES
AGUASCALIENTES,A05164A,2025-07-31,0.6740051945390909,1.442856895021818,120.13,0.68,0,,11000.0,15871.42584524,0.0,0.0,0.0,0.436,0,monitor,FOLLOW_UP
AGUASCALIENTES,A05165A,2025-07-31,0.4580182618527273,0.9566909445654548,197.65,0.761,0,,11000.0,10523.60039022,181.25,295.1496097800009,476.3996097800009,0.474,1,advisor-review,PIA_OPCIONES
AGUASCALIENTES,A05166A,2025-07-31,0.53441388,1.0808842589999998,178.16,0.754,0,,11000.0,11889.726849,0.0,0.0,0.0,0.451,1,advisor-review,PIA_OPCIONES
AGUASCALIENTES,A05169A,2025-07-31,0.5830347285272728,1.2617961458427274,145.62,0.717,0,,11000.0,13879.75760427,0.0,0.0,0.0,0.443,1,advisor-review,PIA_OPCIONES
AGUASCALIENTES,A05175A,2025-07-26,0.4708996363636364,1.0332658172727271,184.15,0.761,0,,11000.0,11365.92399,0.0,0.0,0.0,0.452,1,advisor-review,PIA_OPCIONES
AGUASCALIENTES,A05176A,2025-07-31,0.5103250879999999,1.131268866,172.64,0.707,0,,11000.0,12443.957525999998,0.0,0.0,0.0,0.441,1,advisor-review,PIA_OPCIONES
AGUASCALIENTES,A05177A,2025-07-28,0.555815897,1.160465761,174.43,0.739,0,,11000.0,12765.123371,0.0,0.0,0.0,0.448,1,advisor-review,PIA_OPCIONES
AGUASCALIENTES,A05188A,2025-07-31,0.6115635174536364,1.4080279381563636,112.5,0.7,0,,11000.0,15488.30731972,0.0,0.0,0.0,0.44,1,advisor-review,PIA_OPCIONES
AGUASCALIENTES,A05197A,2025-07-31,0.6625877953963636,1.49014727253,106.94,0.663,0,,11000.0,16391.61999783,0.0,0.0,0.0,0.433,0,monitor,FOLLOW_UP
AGUASCALIENTES,A05206A,2025-07-31,0.42867632687,0.9504316162981816,187.77,0.798,0,,11000.0,10454.747779279998,234.77,310.4822207200018,545.2522207200018,0.484,1,advisor-review,PIA_OPCIONES
AGUASCALIENTES,A05207A,2025-07-31,0.5022855372827272,1.0892963665281818,181.69,0.75,0,,11000.0,11982.26003181,0.0,0.0,0.0,0.45,1,advisor-review,PIA_OPCIONES
AGUASCALIENTES,A05211A,2025-07-31,0.4912951379381818,1.1439108795545454,162.22,0.765,0,,11000.0,12583.0196751,0.0,0.0,0.0,0.453,1,advisor-review,PIA_OPCIONES
AGUASCALIENTES,A05214A,2025-07-31,0.4656813442418181,1.0385002747199998,181.99,0.75,0,,11000.0,11423.503021919998,0.0,0.0,0.0,0.45,1,advisor-review,PIA_OPCIONES
AGUASCALIENTES,A05219A,2025-07-31,0.7092086959609091,1.5480363414054548,101.61,0.65,0,,11000.0,17028.399755460003,0.0,0.0,0.0,0.43,0,monitor,FOLLOW_UP
AGUASCALIENTES,A05220A,2025-07-31,0.5223463527790909,1.0894731790527272,178.79999999999998,0.732,0,,11000.0,11984.20496958,0.0,0.0,0.0,0.446,1,advisor-review,PIA_OPCIONES
AGUASCALIENTES,A05225A,2025-07-31,0.4866353053254544,1.1280576378663636,168.49,0.745,0,,11000.0,12408.63401653,0.0,0.0,0.0,0.449,1,advisor-review,PIA_OPCIONES
AGUASCALIENTES,A05226A,2025-07-31,0.5414403397872727,1.3583715781445451,113.27,0.765,0,,11000.0,14942.08735959,0.0,0.0,0.0,0.453,1,advisor-review,PIA_OPCIONES
AGUASCALIENTES,A05228A,2025-07-31,0.5537825721381818,1.1663686312236363,167.63,0.741,0,,11000.0,12830.05494346,0.0,0.0,0.0,0.448,1,advisor-review,PIA_OPCIONES
AGUASCALIENTES,A05229A,2025-07-31,0.593306259,1.2106178630000002,160.26000000000002,0.695,0,,11000.0,13316.796493000002,0.0,0.0,0.0,0.439,1,advisor-review,PIA_OPCIONES
AGUASCALIENTES,A05234A,2025-07-31,0.5537312689999999,1.242387692,150.63,0.734,0,,11000.0,13666.264612,0.0,0.0,0.0,0.447,1,advisor-review,PIA_OPCIONES
AGUASCALIENTES,A05238A,2025-05-27,0.5215740592845455,1.1341299731281818,171.69,0.768,0,,11000.0,12475.42970441,0.0,0.0,0.0,0.454,1,advisor-review,PIA_OPCIONES
AGUASCALIENTES,A05247A,2025-07-31,0.459778865,1.180507965,153.03,0.781,0,,11000.0,12985.587615,0.0,0.0,0.0,0.456,1,advisor-review,PIA_OPCIONES
AGUASCALIENTES,A05253A,2025-07-31,0.346395477090909,0.8212007823636364,222.07,0.817,0,,11000.0,9033.208606,1519.27,447.5213939999999,1966.7913939999999,0.553,1,advisor-review,PIA_OPCIONES
AGUASCALIENTES,A05255A,2025-07-31,0.513976827,1.097733819,169.66,0.76,0,,11000.0,12075.072009,0.0,0.0,0.0,0.452,1,advisor-review,PIA_OPCIONES
AGUASCALIENTES,A05258A,2025-07-31,0.6014581750909092,1.3823660322727274,122.66,0.721,0,,11000.0,15206.026355000002,0.0,0.0,0.0,0.444,1,advisor-review,PIA_OPCIONES
AGUASCALIENTES,A05274A,2025-07-31,0.60029917486,1.2354497855172726,154.87,0.702,0,,11000.0,13589.94764069,0.0,0.0,0.0,0.44,1,advisor-review,PIA_OPCIONES
AGUASCALIENTES,A05278A,2025-07-29,0.41999776,0.980086471,185.13,0.811,0,,11000.0,10780.951181,113.12,105.92881899999963,219.04881899999964,0.472,1,advisor-review,PIA_OPCIONES
AGUASCALIENTES,A05286A,2025-07-25,0.5588763079090909,1.1750598396363636,203.02,0.721,0,,11000.0,12925.658236,0.0,0.0,0.0,0.444,1,advisor-review,PIA_OPCIONES
EDOMEX - TLANEPANTLA,A0528N,2025-07-30,0.2263043432727272,0.4985251775454545,275.92,0.885,0,,11000.0,5483.776953,4093.17,1423.0530470000003,5516.223047,0.728,1,restructure-full,PIA_OPCIONES
AGUASCALIENTES,A05290A,2025-07-31,0.4734492174545454,1.0494110435454544,186.56,0.777,0,,11000.0,11543.521479,0.0,0.0,0.0,0.455,1,advisor-review,PIA_OPCIONES
AGUASCALIENTES,A05292A,2025-07-31,0.513813209,1.122681196,165.77,0.716,0,,11000.0,12349.493156,0.0,0.0,0.0,0.443,1,advisor-review,PIA_OPCIONES
AGUASCALIENTES,A05296A,2025-07-31,0.489967023,0.489967023,114.71,0.737,0,,11000.0,5389.637253,3378.45,2231.9127470000003,5610.362747,0.702,1,restructure-full,PIA_OPCIONES
AGUASCALIENTES,A05354A,2025-07-31,0.57532168947,1.2324078455427272,155.58,0.7,0,,11000.0,13556.48630097,0.0,0.0,0.0,0.44,1,advisor-review,PIA_OPCIONES
AGUASCALIENTES,A05355A,2025-07-31,0.4632801293072728,0.9864996438572728,191.19,0.757,0,,11000.0,10851.49608243,115.82,32.68391757000035,148.50391757000034,0.458,1,advisor-review,PIA_OPCIONES
AGUASCALIENTES,A05356A,2025-07-31,0.523434942889091,1.0191982972554543,189.52,0.795,0,,11000.0,11211.18126981,0.0,0.0,0.0,0.459,1,advisor-review,PIA_OPCIONES
EDOMEX - ECATEPEC,A05366E,2025-07-31,0.6600458702727272,1.4770083256363635,109.75,0.643,0,,11000.0,16247.091582,0.0,0.0,0.0,0.429,0,monitor,FOLLOW_UP
EDOMEX - TLANEPANTLA,A0537H,2024-11-18,0.2231602036363636,0.4691033918181817,282.18,0.882,0,,11000.0,5160.137309999999,3483.39,2356.472690000001,5839.862690000001,0.742,1,restructure-full,PIA_OPCIONES
AGUASCALIENTES,A05408A,2025-07-31,0.5526184228181819,1.2908223532727272,145.85,0.69,0,,11000.0,14199.045886,0.0,0.0,0.0,0.438,1,advisor-review,PIA_OPCIONES
AGUASCALIENTES,A05409A,2025-07-31,0.6141871419090909,1.347946826454545,128.28,0.675,0,,11000.0,14827.415091,0.0,0.0,0.0,0.435,1,advisor-review,PIA_OPCIONES
AGUASCALIENTES,A05410A,2025-07-31,0.7040759869090909,1.5619120732727272,94.73,0.668,0,,11000.0,17181.032806,0.0,0.0,0.0,0.434,0,monitor,FOLLOW_UP
AGUASCALIENTES,A05432A,2025-07-30,0.527768696,1.011497396,193.66,0.746,0,,11000.0,11126.471356,0.0,0.0,0.0,0.449,1,advisor-review,PIA_OPCIONES
AGUASCALIENTES,A05501A,2025-07-31,0.6742157362554545,1.4914890993763636,98.87,0.668,0,,11000.0,16406.38009314,0.0,0.0,0.0,0.434,0,monitor,FOLLOW_UP
AGUASCALIENTES,A05502A,2025-07-31,0.7848570672545454,1.5830994226500004,102.35,0.589,0,,11000.0,17414.093649150003,0.0,0.0,0.0,0.418,0,monitor,FOLLOW_UP
AGUASCALIENTES,A05503A,2025-07-31,0.5340632546618183,1.2120229527163635,154.25,0.728,0,,11000.0,13332.25247988,0.0,0.0,0.0,0.446,1,advisor-review,PIA_OPCIONES
AGUASCALIENTES,A05504A,2025-07-31,0.5905678953790909,1.2997228718563638,139.89,0.696,0,,11000.0,14296.951590420002,0.0,0.0,0.0,0.439,1,advisor-review,PIA_OPCIONES
AGUASCALIENTES,A05505A,2025-07-31,0.469316575,0.966934969,196.35,0.766,0,,11000.0,10636.284659,271.19,92.52534099999917,363.71534099999917,0.47,1,advisor-review,PIA_OPCIONES
AGUASCALIENTES,A05506A,2025-07-31,0.5283304269381819,1.143129312071818,173.45,0.728,0,,11000.0,12574.42243279,0.0,0.0,0.0,0.446,1,advisor-review,PIA_OPCIONES
AGUASCALIENTES,A05507A,2025-07-31,0.5867730520999999,1.3624021005727271,125.09,0.722,0,,11000.0,14986.4231063,0.0,0.0,0.0,0.444,1,advisor-review,PIA_OPCIONES
AGUASCALIENTES,A05508A,2025-07-31,0.478254777,1.033912152,201.84,0.753,0,,11000.0,11373.033672,0.0,0.0,0.0,0.451,1,advisor-review,PIA_OPCIONES
AGUASCALIENTES,A05509A,2025-07-31,0.1192998169999999,0.1192998169999999,33.08,0.881,0,,11000.0,1312.297987,5070.13,4617.572013,9687.702013,0.754,1,restructure-light,PIA_OPCIONES
EDOMEX - TLANEPANTLA,A0576E,2025-07-31,0.2549884769090909,0.5465870887272727,267.73,0.873,0,,11000.0,6012.457976,1955.95,3031.5920240000005,4987.542024,0.701,1,restructure-light,PIA_OPCIONES
EDOMEX - TLANEPANTLA,A0582H,2024-11-03,0.0100068627272727,0.0100068627272727,11.88,0.99,0,,11000.0,110.07549,7192.84,3697.0845100000006,10889.92451,0.742,1,restructure-light,PIA_OPCIONES
EDOMEX - TLANEPANTLA,A0604A,2024-05-21,0.1637317154545454,0.1637317154545454,143.13,0.905,0,,11000.0,1801.04887,3420.2,5778.75113,9198.95113,0.899,1,restructure-full,PIA_OPCIONES
EDOMEX - TLANEPANTLA,A0623N,2025-07-31,0.2407261171818182,0.496465747,278.28000000000003,0.876,0,,11000.0,5461.123217,2874.41,2664.466783,5538.876783,0.727,1,restructure-full,PIA_OPCIONES
EDOMEX - ECATEPEC,A064,2024-09-04,0.0448071263636363,0.0448071263636363,11.46,0.955,0,,11000.0,492.87839,9194.34,1312.78161,10507.12161,0.716,1,restructure-light,PIA_OPCIONES
EDOMEX - TLANEPANTLA,A0646E,2025-07-31,0.2353389209999999,0.4834426914545455,280.07,0.884,0,,11000.0,5317.869606,5098.45,583.680394,5682.130394,0.735,1,restructure-full,PIA_OPCIONES
EDOMEX - TLANEPANTLA,A0682K,2024-03-06,0.2439882163636363,0.5496279872727272,263.03999999999996,0.886,0,,11000.0,6045.907859999999,3781.27,1172.8221400000007,4954.092140000001,0.702,1,restructure-light,PIA_OPCIONES
EDOMEX - TLANEPANTLA,A0689J,2025-07-31,0.2342552007272727,0.5453605063636364,265.71999999999997,0.882,0,,11000.0,5998.96557,2433.39,2567.64443,5001.03443,0.704,1,restructure-light,PIA_OPCIONES
EDOMEX - TLANEPANTLA,A0748J,2025-07-18,0.2326624628181818,0.4842177507272727,280.52,0.885,0,,11000.0,5326.3952580000005,4043.01,1630.5947419999993,5673.6047419999995,0.735,1,restructure-full,PIA_OPCIONES
EDOMEX - TLANEPANTLA,A0772M,2024-09-14,0.1030704145454545,0.1030704145454545,79.52,0.897,0,,11000.0,1133.7745599999998,7135.69,2730.5354400000006,9866.22544,0.928,1,restructure-full,PIA_OPCIONES
EDOMEX - ECATEPEC,A0776D,2025-06-27,0.160626544,0.3515078065454545,301.65000000000003,0.91,0,,11000.0,3866.585872,3800.01,3333.404128,7133.414128,0.806,1,restructure-full,PIA_OPCIONES
EDOMEX - ECATEPEC,A0802E,2025-07-02,0.2255629762727272,0.4587409476363636,285.41,0.881,0,,11000.0,5046.1504239999995,4075.61,1878.2395760000004,5953.8495760000005,0.747,1,restructure-full,PIA_OPCIONES
EDOMEX - TLANEPANTLA,A0813B,2024-08-04,0.1670276281818181,0.1670276281818181,108.91,0.885,0,,11000.0,1837.30391,2807.79,6354.9060899999995,9162.69609,0.893,1,restructure-full,PIA_OPCIONES
EDOMEX - TLANEPANTLA,A0814M,2025-01-16,0.0135353163636363,0.0135353163636363,23.71,0.986,0,,11000.0,148.88848,4616.44,6234.671520000001,10851.11152,0.789,1,restructure-light,PIA_OPCIONES
EDOMEX - TLANEPANTLA,A0855A,2024-12-22,0.2284833845454545,0.5195665372727273,269.63,0.888,0,,11000.0,5715.23191,3250.41,2034.3580899999997,5284.76809,0.718,1,restructure-light,PIA_OPCIONES
EDOMEX - TLANEPANTLA,A0858A,2024-08-22,0.0035691536363636,0.0035691536363636,11.96,0.996,0,,11000.0,39.26069,4365.12,6595.619310000001,10960.73931,0.747,1,restructure-light,PIA_OPCIONES
EDOMEX - TLANEPANTLA,A0921D,2025-06-19,0.1150035847272727,0.2489538410909091,318.76,0.956,0,,11000.0,2738.492252,3300.84,4960.667748,8261.507748,0.867,1,restructure-full,PIA_OPCIONES
EDOMEX - TLANEPANTLA,A0945H,2023-11-09,0.0116345172727272,0.0116345172727272,11.86,0.988,0,,11000.0,127.97969,8717.0,2155.02031,10872.02031,0.741,1,restructure-light,PIA_OPCIONES
EDOMEX - ECATEPEC,A1016L,2024-11-18,0.0317863936363636,0.0317863936363636,23.45,0.968,0,,11000.0,349.65032999999994,9515.87,1134.4796699999988,10650.34967,0.775,1,restructure-light,PIA_OPCIONES
EDOMEX - ECATEPEC,A1022C,2025-07-15,0.0254971208181818,0.0254971208181818,23.59,0.975,0,,11000.0,280.46832900000004,6791.7,3927.831671000001,10719.531671,0.781,1,restructure-light,PIA_OPCIONES
EDOMEX - TLANEPANTLA,A1024C,2025-07-31,0.2651397476363636,0.3526236447272727,201.06,0.885,0,,11000.0,3878.860092,5721.42,1399.719908,7121.139908,0.801,1,restructure-full,PIA_OPCIONES
EDOMEX - TLANEPANTLA,A1113L,2024-03-11,0.1005576518181818,0.1005576518181818,90.48,0.913,0,,11000.0,1106.13417,8847.03,1046.83583,9893.86583,0.932,1,restructure-full,PIA_OPCIONES
EDOMEX - TLANEPANTLA,A1118K,2025-04-14,0.0152188536363636,0.0152188536363636,11.82,0.985,0,,11000.0,167.40739,4170.09,6662.50261,10832.59261,0.739,1,restructure-light,PIA_OPCIONES
EDOMEX - ECATEPEC,A1123C,2025-05-20,0.0240190173636363,0.0240190173636363,23.56,0.976,0,,11000.0,264.209191,6108.1,4627.690809,10735.790809,0.781,1,restructure-light,PIA_OPCIONES
EDOMEX - TLANEPANTLA,A114JLB,2025-07-26,0.2039259804545454,0.4869767140909091,275.82000000000005,0.898,0,,11000.0,5356.743855,3022.21,2621.0461450000003,5643.256145,0.736,1,restructure-full,PIA_OPCIONES
EDOMEX - TLANEPANTLA,A1155G,2025-07-31,0.2162645203636363,0.4478914852727273,283.12,0.904,0,,11000.0,4926.806338,2113.65,3959.5436619999996,6073.193662,0.757,1,restructure-full,PIA_OPCIONES
EDOMEX - ECATEPEC,A1178C,2025-07-30,0.0125227178181818,0.0125227178181818,11.85,0.987,0,,11000.0,137.749896,8181.43,2680.8201040000004,10862.250104,0.741,1,restructure-light,PIA_OPCIONES
EDOMEX - ECATEPEC,A1185K,2025-07-19,0.0846542413636363,0.0846542413636363,79.88,0.915,0,,11000.0,931.196655,5641.22,4427.583345,10068.803345,0.941,1,restructure-full,PIA_OPCIONES
EDOMEX - TLANEPANTLA,A1291M,2025-04-01,0.1042297399999999,0.1042297399999999,56.57,0.896,0,,11000.0,1146.52714,5730.74,4122.73286,9853.47286,0.863,1,restructure-light,PIA_OPCIONES
EDOMEX - TLANEPANTLA,A1297B,2024-08-10,0.027094189090909,0.027094189090909,23.48,0.973,0,,11000.0,298.03608,4178.09,6523.87392,10701.96392,0.779,1,restructure-light,PIA_OPCIONES
EDOMEX - TLANEPANTLA,A1343H,2024-10-03,0.2362149572727272,0.5028212536363635,277.65999999999997,0.878,0,,11000.0,5531.0337899999995,2234.38,3234.5862100000004,5468.9662100000005,0.724,1,restructure-light,PIA_OPCIONES
EDOMEX - TLANEPANTLA,A1343HA,2025-02-23,0.0147166172727272,0.0147166172727272,11.82,0.985,0,,11000.0,161.88279,9150.21,1687.9072100000012,10838.11721,0.739,1,restructure-light,PIA_OPCIONES
EDOMEX - TLANEPANTLA,A13857,2024-09-07,0.2221548545454545,0.485630239090909,280.81,0.875,0,,11000.0,5341.932629999999,1849.0,3809.0673700000007,5658.067370000001,0.732,1,restructure-full,PIA_OPCIONES
AGUASCALIENTES,A145AA,2020-02-11,0.3256401272727273,0.6020805363636363,271.23999999999995,0.831,0,,11000.0,6622.8859,1924.67,2452.4440999999997,4377.1141,0.665,1,advisor-review,PIA_OPCIONES
EDOMEX - TLANEPANTLA,A1506D,2025-07-27,0.1927629687272727,0.4193786618181818,289.02000000000004,0.908,0,,11000.0,4613.16528,3035.25,3351.58472,6386.83472,0.772,1,restructure-full,PIA_OPCIONES
EDOMEX - TLANEPANTLA,A154JMF,2025-07-31,0.2372331968181818,0.5231402481818181,271.95,0.879,0,,11000.0,5754.54273,3116.42,2129.03727,5245.45727,0.714,1,restructure-light,PIA_OPCIONES
EDOMEX - TLANEPANTLA,A1656L,2024-03-09,0.0785158536363636,0.0785158536363636,57.26,0.921,0,,11000.0,863.6743899999999,6607.54,3528.78561,10136.32561,0.884,1,restructure-light,PIA_OPCIONES
EDOMEX - TLANEPANTLA,A1669G,2024-02-11,0.0215529981818181,0.0215529981818181,23.630000000000003,0.978,0,,11000.0,237.08297999999996,6414.42,4348.497020000001,10762.91702,0.783,1,restructure-light,PIA_OPCIONES
EDOMEX - TLANEPANTLA,A1693J,2023-12-30,0.0155897718181818,0.0155897718181818,11.81,0.984,0,,11000.0,171.48748999999998,3795.06,7033.452510000001,10828.51251,0.738,1,restructure-light,PIA_OPCIONES
EDOMEX - TLANEPANTLA,A1724E,2025-06-06,0.0131118629090909,0.0131118629090909,11.84,0.987,0,,11000.0,144.230492,4843.85,6011.919507999999,10855.769508,0.74,1,restructure-light,PIA_OPCIONES
EDOMEX - TLANEPANTLA,A1725K,2024-10-10,0.0609040063636363,0.0609040063636363,57.92,0.939,0,,11000.0,669.94407,8327.61,2002.4459299999999,10330.05593,0.899,1,restructure-light,PIA_OPCIONES
EDOMEX - TLANEPANTLA,A1776H,2025-07-31,0.2967427047272727,0.5626211802727272,268.29,0.843,0,,11000.0,6188.832982999999,3283.88,1527.2870170000006,4811.167017000001,0.687,1,restructure-light,PIA_OPCIONES
EDOMEX - TLANEPANTLA,A177JMK,2025-07-08,0.1705513272727272,0.1705513272727272,130.23,0.909,0,,11000.0,1876.0646,6290.86,2833.0754000000006,9123.9354,0.897,1,restructure-full,PIA_OPCIONES
EDOMEX - TLANEPANTLA,A1805G,2025-05-17,0.0176539357272727,0.0176539357272727,11.79,0.982,0,,11000.0,194.193293,7586.99,3218.816707,10805.806707,0.737,1,restructure-light,PIA_OPCIONES
EDOMEX - ECATEPEC,A1830K,2025-07-20,0.0251217537272727,0.0251217537272727,23.549999999999997,0.975,0,,11000.0,276.339291,8125.77,2597.8907089999993,10723.660709,0.781,1,restructure-light,PIA_OPCIONES
EDOMEX - TLANEPANTLA,A1844K,2025-07-28,0.1811214945454545,0.2360534727272727,190.23,0.911,0,,11000.0,2596.5882,2814.01,5589.4018,8403.4118,0.864,1,restructure-full,PIA_OPCIONES
EDOMEX - ECATEPEC,A1861G,2025-07-01,0.1883487902727273,0.4275776220909091,290.17,0.912,0,,11000.0,4703.353843,3274.04,3022.606157,6296.646157,0.769,1,restructure-full,PIA_OPCIONES
EDOMEX - TLANEPANTLA,A1908B,2025-03-14,0.173547439090909,0.3444408627272727,301.59,0.903,0,,11000.0,3788.84949,4497.71,2713.4405099999994,7211.1505099999995,0.808,1,restructure-full,PIA_OPCIONES
EDOMEX - TLANEPANTLA,A191JMD,2024-09-05,0.0640912699999999,0.0640912699999999,46.2,0.936,0,,11000.0,705.00397,5179.14,5115.85603,10294.99603,0.848,1,restructure-light,PIA_OPCIONES
EDOMEX - ECATEPEC,A1921M,2025-07-17,0.0359635082727272,0.0359635082727272,23.36,0.964,0,,11000.0,395.59859099999994,8554.44,2049.9614089999995,10604.401409,0.772,1,restructure-light,PIA_OPCIONES
EDOMEX - TLANEPANTLA,A1930N,2024-08-20,0.0176754445454545,0.0176754445454545,11.79,0.982,0,,11000.0,194.42989,6370.35,4435.22011,10805.57011,0.737,1,restructure-light,PIA_OPCIONES
EDOMEX - TLANEPANTLA,A1939N,2025-03-10,0.1795719554545454,0.1795719554545454,152.41,0.906,0,,11000.0,1975.29151,6869.4,2155.3084900000013,9024.70849,0.891,1,restructure-full,PIA_OPCIONES
EDOMEX - TLANEPANTLA,A19BNE,2025-07-29,0.2311008496363636,0.5122075355454545,271.71000000000004,0.888,0,,11000.0,5634.282891,4352.72,1012.9971089999999,5365.717109,0.721,1,restructure-light,PIA_OPCIONES
EDOMEX - TLANEPANTLA,A2000N,2025-07-31,0.2641940435454545,0.556588488090909,271.83,0.848,0,,11000.0,6122.473368999999,2940.54,1936.9866310000007,4877.526631000001,0.691,1,restructure-light,PIA_OPCIONES
EDOMEX - TLANEPANTLA,A2025H,2024-08-18,0.0138759172727272,0.0138759172727272,11.83,0.986,0,,11000.0,152.63509,9173.96,1673.404910000001,10847.36491,0.74,1,restructure-light,PIA_OPCIONES
EDOMEX - TLANEPANTLA,A2044N,2023-12-24,0.2165053236363636,0.41927327,257.73,0.898,0,,11000.0,4612.00597,4166.72,2221.2740299999996,6387.99403,0.77,1,restructure-full,PIA_OPCIONES
EDOMEX - TLANEPANTLA,A2059C,2025-04-11,0.2263617963636363,0.4967870545454546,275.44,0.893,0,,11000.0,5464.6576000000005,4484.54,1050.8023999999996,5535.3423999999995,0.73,1,restructure-full,PIA_OPCIONES
EDOMEX - TLANEPANTLA,A2082M,2024-03-08,0.0329610163636363,0.0329610163636363,35.28,0.967,0,,11000.0,362.57118,5365.03,5272.398819999999,10637.42882,0.824,1,restructure-light,PIA_OPCIONES
EDOMEX - TLANEPANTLA,A2092L,2025-07-27,0.2169389228181818,0.4712274264545454,287.60999999999996,0.898,0,,11000.0,5183.5016909999995,3485.77,2330.7283090000005,5816.4983090000005,0.744,1,restructure-full,PIA_OPCIONES
EDOMEX - TLANEPANTLA,A2101H,2024-08-16,0.0187563445454545,0.0187563445454545,11.77,0.981,0,,11000.0,206.31979,6679.63,4114.05021,10793.68021,0.736,1,restructure-light,PIA_OPCIONES
EDOMEX - TLANEPANTLA,A2118G,2025-03-31,0.1546293745454545,0.1546293745454545,121.31,0.894,0,,11000.0,1700.92312,3375.45,5923.626880000001,9299.07688,0.901,1,restructure-full,PIA_OPCIONES
EDOMEX - TLANEPANTLA,A2164D,2024-10-17,0.0298226163636363,0.0298226163636363,23.520000000000003,0.97,0,,11000.0,328.04877999999997,5753.59,4918.361220000001,10671.95122,0.777,1,restructure-light,PIA_OPCIONES
EDOMEX - TLANEPANTLA,A2175A,2025-06-10,0.1089833443636363,0.1089833443636363,90.03,0.912,0,,11000.0,1198.816788,8334.95,1466.2332119999992,9801.183212,0.928,1,restructure-full,PIA_OPCIONES
EDOMEX - TLANEPANTLA,A2175D,2025-02-27,0.2142473972727272,0.4604294127272727,285.24,0.898,0,,11000.0,5064.72354,4027.08,1908.1964600000001,5935.27646,0.749,1,restructure-full,PIA_OPCIONES
EDOMEX - TLANEPANTLA,A2203E,2025-05-16,0.2756907704545454,0.5945961482727272,259.37,0.875,0,,11000.0,6540.557631,1812.78,2646.6623690000006,4459.442369,0.678,1,restructure-light,PIA_OPCIONES
EDOMEX - TLANEPANTLA,A222JMG,2025-01-25,0.2647127863636364,0.5537654345454546,265.26,0.875,0,,11000.0,6091.41978,2470.55,2438.0302199999996,4908.58022,0.698,1,restructure-light,PIA_OPCIONES
EDOMEX - TLANEPANTLA,A2235C,2025-05-06,0.1979621534545454,0.2696665689090909,210.21,0.9,0,,11000.0,2966.332258,3333.67,4699.997742,8033.667742,0.845,1,restructure-full,PIA_OPCIONES
EDOMEX - TLANEPANTLA,A22603,2025-07-27,0.1506371451818181,0.1506371451818181,120.95,0.906,0,,11000.0,1657.008597,2942.05,6400.941403,9342.991403,0.906,1,restructure-full,PIA_OPCIONES
EDOMEX - TLANEPANTLA,A23232E,2025-07-31,0.776177817,1.607981320090909,94.81,0.627,0,,11000.0,17687.794521,0.0,0.0,0.0,0.425,0,monitor,FOLLOW_UP
EDOMEX - TLANEPANTLA,A23276E,2024-07-19,0.060343699090909,0.060343699090909,11.28,0.94,0,,11000.0,663.7806899999999,5880.53,4455.689310000001,10336.21931,0.705,1,restructure-light,PIA_OPCIONES
EDOMEX - TLANEPANTLA,A23350E,2024-10-09,0.8543257290909091,1.8428892745454544,58.02,0.558,0,,11000.0,20271.78202,0.0,0.0,0.0,0.353,0,monitor,FOLLOW_UP
EDOMEX - TLANEPANTLA,A23443E,2025-07-31,0.4460710129090909,0.9204659154545456,211.72,0.766,0,,11000.0,10125.12507,576.62,298.25492999999994,874.87493,0.493,1,advisor-review,PIA_OPCIONES
EDOMEX - TLANEPANTLA,A23685E,2024-03-24,0.6722182981818181,1.4108947427272729,120.47,0.655,0,,11000.0,15519.84217,0.0,0.0,0.0,0.431,0,monitor,FOLLOW_UP
EDOMEX - ECATEPEC,A23726E,2024-11-26,0.6233383272727273,1.1260884136363636,170.7,0.727,0,,11000.0,12386.97255,0.0,0.0,0.0,0.445,1,advisor-review,PIA_OPCIONES
EDOMEX - TLANEPANTLA,A23757E,2025-02-12,0.8484506945454544,1.830557889090909,50.57,0.549,0,,11000.0,20136.13678,0.0,0.0,0.0,0.321,0,monitor,FOLLOW_UP
EDOMEX - ECATEPEC,A2381G,2025-03-27,0.0153498718181818,0.0153498718181818,11.82,0.985,0,,11000.0,168.84859,7368.02,3463.13141,10831.15141,0.739,1,restructure-light,PIA_OPCIONES
EDOMEX - ECATEPEC,A24207E,2025-07-31,0.4812668075454545,0.963178329818182,192.7,0.693,0,,11000.0,10594.961628,360.11,44.92837200000088,405.0383720000009,0.457,1,advisor-review,PIA_OPCIONES
EDOMEX - TLANEPANTLA,A24320E,2025-07-30,0.6946206398181818,1.4983391874545453,104.09,0.674,0,,11000.0,16481.731062,0.0,0.0,0.0,0.435,0,monitor,FOLLOW_UP
EDOMEX - TLANEPANTLA,A24333E,2024-10-25,0.6480182036363636,1.4761111972727274,97.21,0.709,0,,11000.0,16237.22317,0.0,0.0,0.0,0.442,1,advisor-review,PIA_OPCIONES
EDOMEX - TLANEPANTLA,A24346E,2025-03-30,0.6639721090909091,1.4910970363636364,105.85,0.671,0,,11000.0,16402.0674,0.0,0.0,0.0,0.434,0,monitor,FOLLOW_UP
EDOMEX - TLANEPANTLA,A24472E,2024-10-26,0.667239249090909,0.9815227281818182,140.43,0.662,0,,11000.0,10796.75001,171.14,32.109990000000266,203.24999000000025,0.442,0,monitor,FOLLOW_UP
EDOMEX - TLANEPANTLA,A24473E,2025-04-09,0.812277399090909,1.6942196354545451,82.96000000000001,0.617,0,,11000.0,18636.41599,0.0,0.0,0.0,0.423,0,monitor,FOLLOW_UP
EDOMEX - TLANEPANTLA,A24616E,2025-07-29,0.7841286193636363,1.7642793,63.68,0.633,0,,11000.0,19407.0723,0.0,0.0,0.0,0.392,0,monitor,FOLLOW_UP
EDOMEX - TLANEPANTLA,A24630E,2025-06-16,0.6067194768181818,1.5217380495454549,80.42,0.757,0,,11000.0,16739.118545,0.0,0.0,0.0,0.451,1,advisor-review,PIA_OPCIONES
EDOMEX - TLANEPANTLA,A2464C,2025-07-25,0.3081140803636363,0.704706536090909,243.07,0.831,0,,11000.0,7751.771897,2663.81,584.4181030000004,3248.2281030000004,0.614,1,advisor-review,PIA_OPCIONES
EDOMEX - TLANEPANTLA,A24654E,2025-07-30,0.4486556031818181,0.8489683003636362,223.49,0.805,0,,11000.0,9338.651304,612.14,1049.2086959999992,1661.348695999999,0.537,1,advisor-review,PIA_OPCIONES
EDOMEX - TLANEPANTLA,A2473G,2025-04-24,0.0700019227272727,0.0700019227272727,45.98,0.93,0,,11000.0,770.02115,7564.54,2665.4388499999995,10229.97885,0.843,1,restructure-light,PIA_OPCIONES
EDOMEX - ECATEPEC,A24761E,2025-07-31,0.810738067090909,1.7537929423636365,75.41,0.557,0,,11000.0,19291.722366,0.0,0.0,0.0,0.411,0,monitor,FOLLOW_UP
EDOMEX - TLANEPANTLA,A24766E,2023-11-20,0.1444473609090909,0.1444473609090909,32.489999999999995,0.856,0,,11000.0,1588.92097,5946.51,3464.5690300000006,9411.07903,0.734,1,restructure-light,PIA_OPCIONES
EDOMEX - TLANEPANTLA,A24778E,2024-10-29,0.7606252818181818,1.5379830318181815,111.51,0.616,0,,11000.0,16917.81335,0.0,0.0,0.0,0.423,0,monitor,FOLLOW_UP
EDOMEX - TLANEPANTLA,A2488M,2025-05-28,0.2062478391818181,0.4749163431818181,279.19000000000005,0.89,0,,11000.0,5224.079774999999,5093.72,682.2002250000005,5775.920225000001,0.741,1,restructure-full,PIA_OPCIONES
EDOMEX - TLANEPANTLA,A2490E,2025-07-20,0.1455898833636363,0.1455898833636363,99.62,0.881,0,,11000.0,1601.488717,8371.69,1026.8212829999993,9398.511283,0.903,1,restructure-full,PIA_OPCIONES
EDOMEX - TLANEPANTLA,A25096E,2025-07-31,0.468971122090909,1.0245749896363636,178.68,0.765,0,,11000.0,11270.324886,0.0,0.0,0.0,0.453,1,advisor-review,PIA_OPCIONES
EDOMEX - TLANEPANTLA,A25097E,2023-11-23,0.0272253354545454,0.0272253354545454,11.67,0.973,0,,11000.0,299.47869,7921.08,2779.44131,10700.52131,0.73,1,restructure-light,PIA_OPCIONES
EDOMEX - TLANEPANTLA,A25250E,2024-10-21,0.0506920263636363,0.0506920263636363,11.39,0.949,0,,11000.0,557.61229,7831.69,2610.6977099999995,10442.387709999999,0.712,1,restructure-light,PIA_OPCIONES
EDOMEX - ECATEPEC,A2525C,2025-07-31,0.2122801487272727,0.436076986,286.96,0.899,0,,11000.0,4796.846846,3150.55,3052.6031539999994,6203.153154,0.762,1,restructure-full,PIA_OPCIONES
EDOMEX - TLANEPANTLA,A25271E,2025-07-24,0.7193600072727273,1.7024031160909092,67.18,0.631,0,,11000.0,18726.434277,0.0,0.0,0.0,0.406,0,monitor,FOLLOW_UP
EDOMEX - ECATEPEC,A2539C,2025-07-13,0.0272617173636363,0.0272617173636363,23.53,0.973,0,,11000.0,299.878891,3472.92,7227.201109,10700.121109,0.779,1,restructure-light,PIA_OPCIONES
EDOMEX - ECATEPEC,A25907,2025-01-27,0.01211809,0.01211809,11.85,0.988,0,,11000.0,133.29899,8328.3,2538.4010100000014,10866.70101,0.741,1,restructure-light,PIA_OPCIONES
EDOMEX - TLANEPANTLA,A2591J,2024-10-29,0.2164127645454545,0.4650683481818182,278.77000000000004,0.894,0,,11000.0,5115.75183,3494.18,2390.06817,5884.24817,0.746,1,restructure-full,PIA_OPCIONES
EDOMEX - ECATEPEC,A25924E,2025-07-31,0.7280518112727272,1.6104525567272727,93.27,0.627,0,,11000.0,17714.978124,0.0,0.0,0.0,0.425,0,monitor,FOLLOW_UP
EDOMEX - ECATEPEC,A25990E,2025-03-27,0.67292832,1.6061025790909094,72.78999999999999,0.661,0,,11000.0,17667.128370000002,0.0,0.0,0.0,0.432,0,monitor,FOLLOW_UP
EDOMEX - ECATEPEC,A26052E,2025-02-07,0.7935060218181819,1.6151135563636363,102.55,0.545,0,,11000.0,17766.24912,0.0,0.0,0.0,0.409,0,monitor,FOLLOW_UP
EDOMEX - ECATEPEC,A26057E,2025-07-30,0.3762056901818181,0.7940414585454544,222.79,0.834,0,,11000.0,8734.456043999999,1239.13,1026.4139560000012,2265.5439560000013,0.57,1,advisor-review,PIA_OPCIONES
EDOMEX - TLANEPANTLA,A26082E,2025-07-31,0.6359691758181819,1.3177626417272728,132.57,0.713,0,,11000.0,14495.389059,0.0,0.0,0.0,0.443,1,advisor-review,PIA_OPCIONES
EDOMEX - TLANEPANTLA,A26145,2025-07-17,0.2130888409999999,0.4203116479090909,288.37,0.892,0,,11000.0,4623.428127,2237.49,4139.081873,6376.571873,0.768,1,restructure-full,PIA_OPCIONES
EDOMEX - TLANEPANTLA,A26160E,2024-08-30,0.1176524445454545,0.1176524445454545,21.99,0.882,0,,11000.0,1294.17689,6146.47,3559.353109999999,9705.82311,0.709,1,restructure-light,PIA_OPCIONES
EDOMEX - TLANEPANTLA,A26364E,2024-10-17,0.0436279627272727,0.0436279627272727,11.48,0.956,0,,11000.0,479.90759,8218.67,2301.422409999999,10520.09241,0.717,1,restructure-light,PIA_OPCIONES
EDOMEX - ECATEPEC,A26374E,2025-04-09,0.0152974645454545,0.0152974645454545,11.82,0.985,0,,11000.0,168.27211,9259.19,1572.5378899999996,10831.72789,0.739,1,restructure-light,PIA_OPCIONES
EDOMEX - TLANEPANTLA,A2657C,2025-07-21,0.2173536528181818,0.4855509937272727,275.23,0.904,0,,11000.0,5341.060931,4490.65,1168.2890690000004,5658.939069,0.738,1,restructure-full,PIA_OPCIONES
EDOMEX - TLANEPANTLA,A26614E,2025-04-13,1.056754099090909,2.227875471818182,4.85,0.503,0,,11000.0,24506.63019,0.0,0.0,0.0,0.121,0,monitor,FOLLOW_UP
EDOMEX - TLANEPANTLA,A266JME,2025-07-31,0.2798416502727272,0.5789918277272728,262.08,0.864,0,,11000.0,6368.910105,2424.94,2206.149895,4631.089895,0.683,1,restructure-light,PIA_OPCIONES
EDOMEX - ECATEPEC,A26706E,2025-07-10,0.501575194090909,1.1459367395454545,143.17,0.766,0,,11000.0,12605.304135,0.0,0.0,0.0,0.453,1,advisor-review,PIA_OPCIONES
EDOMEX - TLANEPANTLA,A2674M,2025-07-18,0.1760204423636363,0.1760204423636363,150.19,0.925,0,,11000.0,1936.224866,3313.44,5750.335133999999,9063.775134,0.897,1,restructure-full,PIA_OPCIONES
EDOMEX - ECATEPEC,A2705K,2025-01-04,0.2330266990909091,0.2330266990909091,147.72,0.87,0,,11000.0,2563.29369,5949.43,2487.2763099999993,8436.70631,0.857,1,restructure-full,PIA_OPCIONES
EDOMEX - TLANEPANTLA,A274JMF,2025-07-27,0.2937680481818182,0.6313857406363637,255.0,0.842,0,,11000.0,6945.243147,2951.68,1103.076853,4054.756853,0.653,1,advisor-review,PIA_OPCIONES
EDOMEX - TLANEPANTLA,A27513E,2024-06-17,0.6882129100000001,0.8237884154545454,130.46,0.655,0,,11000.0,9061.67257,1481.33,456.99742999999944,1938.3274299999994,0.519,1,advisor-review,PIA_OPCIONES
EDOMEX - TLANEPANTLA,A27549E,2025-02-20,0.9945699,2.103425738181818,9.19,0.492,0,,11000.0,23137.68312,0.0,0.0,0.0,0.137,0,monitor,FOLLOW_UP
EDOMEX - TLANEPANTLA,A2757H,2024-06-24,0.01728239,0.01728239,11.79,0.983,0,,11000.0,190.10629,8038.87,2771.0237100000004,10809.89371,0.737,1,restructure-light,PIA_OPCIONES
EDOMEX - ECATEPEC,A2761B,2025-07-23,0.2152648379999999,0.2556385274545454,176.92,0.915,0,,11000.0,2812.0238019999997,6390.9,1797.0761980000007,8187.976198,0.855,1,restructure-full,PIA_OPCIONES
EDOMEX - TLANEPANTLA,A278JMF,2024-12-20,0.0945093381818181,0.0945093381818181,91.38,0.914,0,,11000.0,1039.60272,3280.74,6679.657279999999,9960.39728,0.936,1,restructure-full,PIA_OPCIONES
EDOMEX - TLANEPANTLA,A27973E,2025-05-12,0.6384155950909091,1.505150613272727,85.61999999999999,0.72,0,,11000.0,16556.656745999997,0.0,0.0,0.0,0.444,1,advisor-review,PIA_OPCIONES
EDOMEX - TLANEPANTLA,A2797B,2024-09-15,0.0159503718181818,0.0159503718181818,11.81,0.984,0,,11000.0,175.45409,7286.42,3538.1259100000007,10824.54591,0.738,1,restructure-light,PIA_OPCIONES
EDOMEX - TLANEPANTLA,A2810C,2024-12-20,0.0349233709090909,0.0349233709090909,23.369999999999997,0.965,0,,11000.0,384.1570799999999,8650.59,1965.2529200000008,10615.842920000001,0.773,1,restructure-light,PIA_OPCIONES
EDOMEX - TLANEPANTLA,A28124E,2025-06-05,0.6311553398181818,1.3413731852727273,142.76000000000002,0.652,0,,11000.0,14755.105038,0.0,0.0,0.0,0.43,1,advisor-review,PIA_OPCIONES
EDOMEX - ECATEPEC,A281JTS,2025-06-29,0.0203074906363636,0.0203074906363636,11.76,0.98,0,,11000.0,223.38239699999997,6560.56,4216.057603,10776.617603,0.735,1,restructure-light,PIA_OPCIONES
EDOMEX - ECATEPEC,A2835L,2025-07-30,0.2034565301818181,0.4276703970909091,289.2,0.894,0,,11000.0,4704.374368,4447.06,1848.5656319999998,6295.625632,0.765,1,restructure-full,PIA_OPCIONES
EDOMEX - TLANEPANTLA,A2841C,2025-07-30,0.3562976209090909,0.7267432216363636,245.13,0.807,0,,11000.0,7994.175438,955.14,2050.684562,3005.824562,0.598,1,advisor-review,PIA_OPCIONES
EDOMEX - TLANEPANTLA,A28535E,2025-07-30,0.7365357578181817,1.6379177607272726,84.02000000000001,0.665,0,,11000.0,18017.095368,0.0,0.0,0.0,0.433,0,monitor,FOLLOW_UP
EDOMEX - TLANEPANTLA,A28624E,2025-02-24,0.6063910090909091,1.4787185645454546,93.38,0.719,0,,11000.0,16265.90421,0.0,0.0,0.0,0.444,1,advisor-review,PIA_OPCIONES
EDOMEX - TLANEPANTLA,A2862L,2025-07-31,0.3078726179999999,0.6137117667272728,263.73,0.831,0,,11000.0,6750.829434,2987.03,1262.1405659999996,4249.170566,0.659,1,advisor-review,PIA_OPCIONES
EDOMEX - ECATEPEC,A2889E,2025-05-29,0.0530683686363636,0.0530683686363636,58.27,0.947,0,,11000.0,583.7520549999999,4610.18,5806.067944999999,10416.247945,0.906,1,restructure-light,PIA_OPCIONES
EDOMEX - ECATEPEC,A29015E,2025-07-30,0.7536524116363637,1.601507299090909,93.85,0.649,0,,11000.0,17616.580289999998,0.0,0.0,0.0,0.43,0,monitor,FOLLOW_UP
EDOMEX - TLANEPANTLA,A2901C,2024-02-12,0.0087570172727272,0.0087570172727272,11.89,0.991,0,,11000.0,96.32719,5547.99,5355.68281,10903.67281,0.743,1,restructure-light,PIA_OPCIONES
EDOMEX - TLANEPANTLA,A29057E,2024-09-05,0.56852782,1.2564619327272726,155.32999999999998,0.711,0,,11000.0,13821.08126,0.0,0.0,0.0,0.442,1,advisor-review,PIA_OPCIONES
EDOMEX - TLANEPANTLA,A29081,2024-11-11,0.0877838072727272,0.0877838072727272,10.95,0.912,0,,11000.0,965.62188,4810.14,5224.238119999999,10034.37812,0.684,1,restructure-light,PIA_OPCIONES
EDOMEX - TLANEPANTLA,A29124E,2024-06-05,0.7837310663636364,0.9197264109090908,111.17,0.595,0,,11000.0,10116.99052,577.66,305.34948000000065,883.0094800000006,0.459,1,advisor-review,PIA_OPCIONES
EDOMEX - TLANEPANTLA,A2945E,2024-11-20,0.0402912981818181,0.0402912981818181,23.28,0.96,0,,11000.0,443.20428,5681.29,4875.50572,10556.79572,0.769,1,restructure-light,PIA_OPCIONES
EDOMEX - TLANEPANTLA,A29465E,2025-07-30,0.5398464384545454,1.112260522909091,169.63,0.748,0,,11000.0,12234.865752,0.0,0.0,0.0,0.45,1,advisor-review,PIA_OPCIONES
EDOMEX - TLANEPANTLA,A29517E,2024-01-01,0.1119588163636363,0.1119588163636363,21.97,0.888,0,,11000.0,1231.54698,8126.71,1641.7430200000008,9768.45302,0.713,1,restructure-light,PIA_OPCIONES
EDOMEX - TLANEPANTLA,A2961J,2025-07-31,0.2822271935454545,0.5967366829090909,261.2,0.856,0,,11000.0,6564.103512,1830.06,2605.8364880000004,4435.896488,0.673,1,restructure-light,PIA_OPCIONES
EDOMEX - ECATEPEC,A2967L,2025-03-30,0.01283869,0.01283869,11.85,0.987,0,,11000.0,141.22559,3810.2,7048.57441,10858.77441,0.74,1,restructure-light,PIA_OPCIONES
EDOMEX - TLANEPANTLA,A2988C,2025-06-08,0.1064600505454545,0.1064600505454545,79.06,0.894,0,,11000.0,1171.060556,4965.15,4863.789444,9828.939444,0.926,1,restructure-full,PIA_OPCIONES
EDOMEX - TLANEPANTLA,A29998E,2025-07-30,0.6318192864545454,1.4478579733636363,112.4,0.682,0,,11000.0,15926.437707,0.0,0.0,0.0,0.436,1,advisor-review,PIA_OPCIONES
EDOMEX - TLANEPANTLA,A3043J,2024-12-18,0.0276220799999999,0.0276220799999999,23.55,0.972,0,,11000.0,303.84288,8390.7,2305.457119999999,10696.15712,0.779,1,restructure-light,PIA_OPCIONES
EDOMEX - TLANEPANTLA,A30514E,2025-07-30,0.7377700388181817,1.526206987909091,101.21,0.632,0,,11000.0,16788.276867,0.0,0.0,0.0,0.426,0,monitor,FOLLOW_UP
EDOMEX - TLANEPANTLA,A3083D,2023-12-03,0.0290449618181818,0.0290449618181818,23.49,0.971,0,,11000.0,319.49458000000004,5103.33,5577.17542,10680.50542,0.778,1,restructure-light,PIA_OPCIONES
EDOMEX - TLANEPANTLA,A3086D,2025-07-17,0.1081816503636363,0.1081816503636363,78.93,0.892,0,,11000.0,1189.998154,5344.15,4465.851846,9810.001846,0.924,1,restructure-full,PIA_OPCIONES
EDOMEX - ECATEPEC,A3151A,2025-07-11,0.0153064174545454,0.0153064174545454,11.82,0.985,0,,11000.0,168.370592,4138.69,6692.939408000001,10831.629408,0.739,1,restructure-light,PIA_OPCIONES
EDOMEX - ECATEPEC,A3155K,2025-07-30,0.2609762410909091,0.5617852333636364,273.76,0.855,0,,11000.0,6179.637567,3108.76,1711.602433,4820.362433,0.69,1,restructure-light,PIA_OPCIONES
EDOMEX - TLANEPANTLA,A3187E,2023-12-10,0.2642782990909091,0.3023616336363636,174.79,0.861,0,,11000.0,3325.97797,6895.48,778.5420300000005,7674.02203,0.821,1,restructure-full,PIA_OPCIONES
EDOMEX - TLANEPANTLA,A32194E,2025-06-28,0.8099652616363635,1.677766779818182,81.5,0.576,0,,11000.0,18455.434578,0.0,0.0,0.0,0.415,0,monitor,FOLLOW_UP
EDOMEX - TLANEPANTLA,A3315E,2023-09-27,0.015840899090909,0.015840899090909,11.81,0.984,0,,11000.0,174.24989,7113.9,3711.850110000001,10825.75011,0.738,1,restructure-light,PIA_OPCIONES
EDOMEX - TLANEPANTLA,A3315J,2024-04-21,0.0375369627272727,0.0375369627272727,23.35,0.962,0,,11000.0,412.90659,5668.56,4918.533409999999,10587.09341,0.771,1,restructure-light,PIA_OPCIONES
EDOMEX - TLANEPANTLA,A3319E,2025-07-29,0.1102583509090909,0.1102583509090909,78.86,0.89,0,,11000.0,1212.84186,8311.05,1476.1081400000003,9787.15814,0.923,1,restructure-full,PIA_OPCIONES
EDOMEX - TLANEPANTLA,A3330M,2025-07-20,0.2184445484545454,0.455849093,296.71,0.884,0,,11000.0,5014.340023,3580.32,2405.339977,5985.659977,0.749,1,restructure-full,PIA_OPCIONES
EDOMEX - ECATEPEC,A3358A,2025-07-19,0.1164423720909091,0.1164423720909091,89.63,0.901,0,,11000.0,1280.866093,3699.3,6019.833906999999,9719.133907,0.922,1,restructure-full,PIA_OPCIONES
EDOMEX - ECATEPEC,A3392G,2025-07-14,0.1121542849999999,0.1121542849999999,78.5,0.888,0,,11000.0,1233.697135,5070.93,4695.372864999999,9766.302865,0.922,1,restructure-full,PIA_OPCIONES
EDOMEX - TLANEPANTLA,A346JMC,2025-07-31,0.2244008684545454,0.5018858361818183,275.99,0.877,0,,11000.0,5520.744198,1864.59,3614.6658019999995,5479.255802,0.724,1,restructure-light,PIA_OPCIONES
EDOMEX - TLANEPANTLA,A3472C,2023-10-15,0.0077448272727272,0.0077448272727272,11.91,0.992,0,,11000.0,85.19309999999999,4597.18,6317.626899999999,10914.8069,0.744,1,restructure-light,PIA_OPCIONES
EDOMEX - TLANEPANTLA,A3486H,2024-05-06,0.0136575536363636,0.0136575536363636,11.84,0.986,0,,11000.0,150.23309,3369.95,7479.8169100000005,10849.76691,0.74,1,restructure-light,PIA_OPCIONES
EDOMEX - TLANEPANTLA,A3487H,2025-07-12,0.1633736122727273,0.1633736122727273,154.95,0.906,0,,11000.0,1797.109735,5263.76,3939.130265,9202.890265,0.9,1,restructure-full,PIA_OPCIONES
EDOMEX - TLANEPANTLA,A3496J,2024-07-10,0.3390862618181818,0.8200005036363637,220.25,0.792,0,,11000.0,9020.00554,1347.83,632.16446,1979.99446,0.548,1,advisor-review,PIA_OPCIONES
EDOMEX - ECATEPEC,A3512J,2025-07-20,0.2725509002727272,0.5964492453636364,260.24,0.865,0,,11000.0,6560.941699,2246.05,2193.008301,4439.058301,0.675,1,restructure-light,PIA_OPCIONES
EDOMEX - ECATEPEC,A3513J,2025-06-07,0.2336208128181817,0.4836430275454546,285.17999999999995,0.888,0,,11000.0,5320.073303,3136.62,2543.306697,5679.926697,0.736,1,restructure-full,PIA_OPCIONES
EDOMEX - TLANEPANTLA,A3524H,2025-07-23,0.0820573423636363,0.0820573423636363,68.46000000000001,0.918,0,,11000.0,902.630766,8840.5,1256.8692339999998,10097.369234,0.928,1,restructure-light,PIA_OPCIONES
EDOMEX - TLANEPANTLA,A3606J,2025-06-26,0.1854501613636363,0.2143920777272727,170.5,0.906,0,,11000.0,2358.312855,6491.44,2150.2471450000003,8641.687145,0.874,1,restructure-full,PIA_OPCIONES
EDOMEX - TLANEPANTLA,A3612C,2025-07-26,0.2328778778181818,0.5131314469090908,276.26,0.884,0,,11000.0,5644.445916,3344.62,2010.9340840000004,5355.554084,0.72,1,restructure-light,PIA_OPCIONES
EDOMEX - TLANEPANTLA,A3625B,2025-07-30,0.2304707920909091,0.4611790720909091,264.26,0.889,0,,11000.0,5072.969793,2790.0,3137.030207,5927.030207,0.747,1,restructure-full,PIA_OPCIONES
EDOMEX - TLANEPANTLA,A3697K,2024-06-05,0.0154699718181818,0.0154699718181818,11.81,0.985,0,,11000.0,170.16969,9077.54,1752.2903099999985,10829.83031,0.738,1,restructure-light,PIA_OPCIONES
EDOMEX - ECATEPEC,A3730M,2025-07-14,0.2145628780909091,0.2452006035454545,165.47,0.908,0,,11000.0,2697.206639,3662.02,4640.773361,8302.793361,0.859,1,restructure-full,PIA_OPCIONES
EDOMEX - TLANEPANTLA,A3750L,2025-07-15,0.1641086699090909,0.3861606362727272,308.41,0.913,0,,11000.0,4247.7669989999995,3343.74,3408.4930010000007,6752.2330010000005,0.79,1,restructure-full,PIA_OPCIONES
EDOMEX - TLANEPANTLA,A3757E,2025-07-19,0.2406391292727272,0.5291105947272727,277.41,0.879,0,,11000.0,5820.216542,4379.19,800.5934580000003,5179.783458,0.711,1,restructure-light,PIA_OPCIONES
EDOMEX - TLANEPANTLA,A3816H,2025-07-13,0.294738177,0.5955954125454546,258.41,0.856,0,,11000.0,6551.549538,2747.92,1700.5304619999997,4448.450462,0.673,1,restructure-light,PIA_OPCIONES
EDOMEX - TLANEPANTLA,A3820J,2024-06-19,0.1526922327272727,0.1526922327272727,110.98,0.879,0,,11000.0,1679.61456,6947.33,2373.05544,9320.38544,0.899,1,restructure-full,PIA_OPCIONES
EDOMEX - TLANEPANTLA,A3859D,2025-05-28,0.2044205722727272,0.2044205722727272,148.35,0.906,0,,11000.0,2248.626295,5727.31,3024.0637049999996,8751.373705,0.879,1,restructure-full,PIA_OPCIONES
EDOMEX - ECATEPEC,A3861B,2025-02-09,0.0179374809090909,0.0179374809090909,11.78,0.982,0,,11000.0,197.31229,7476.15,3326.5377100000005,10802.68771,0.737,1,restructure-light,PIA_OPCIONES
EDOMEX - TLANEPANTLA,A3864B,2025-06-23,0.2527886030909091,0.518574624,281.91999999999996,0.88,0,,11000.0,5704.320863999999,2539.97,2755.709136000001,5295.679136000001,0.717,1,restructure-light,PIA_OPCIONES
EDOMEX - TLANEPANTLA,A3873M,2024-04-02,0.0458303881818181,0.0458303881818181,34.95,0.954,0,,11000.0,504.13427,4668.8,5827.065729999999,10495.86573,0.814,1,restructure-light,PIA_OPCIONES
EDOMEX - TLANEPANTLA,A3889A,2025-01-12,0.1894527418181818,0.2885911254545454,230.44,0.908,0,,11000.0,3174.50238,3861.85,3963.64762,7825.49762,0.837,1,restructure-full,PIA_OPCIONES
EDOMEX - ECATEPEC,A3917B,2025-07-30,0.0541397698181818,0.0541397698181818,46.39,0.946,0,,11000.0,595.537468,4091.71,6312.7525319999995,10404.462532,0.855,1,restructure-light,PIA_OPCIONES
EDOMEX - ECATEPEC,A3929L,2025-07-11,0.1764779269999999,0.1764779269999999,130.6,0.891,0,,11000.0,1941.257197,7469.74,1589.0028030000012,9058.742803000001,0.89,1,restructure-full,PIA_OPCIONES
EDOMEX - TLANEPANTLA,A399JMB,2025-07-31,0.2326171366363636,0.5102232156363636,271.7,0.89,0,,11000.0,5612.455372,2531.87,2855.6746279999998,5387.544628,0.723,1,restructure-light,PIA_OPCIONES
EDOMEX - TLANEPANTLA,A4056C,2025-07-15,0.2151653556363636,0.4742714310909091,275.67,0.889,0,,11000.0,5216.985742,3683.16,2099.8542580000003,5783.014258,0.741,1,restructure-full,PIA_OPCIONES
EDOMEX - TLANEPANTLA,A40958,2024-06-02,0.0095632354545454,0.0095632354545454,11.89,0.99,0,,11000.0,105.19559,8445.49,2449.314410000001,10894.80441,0.743,1,restructure-light,PIA_OPCIONES
EDOMEX - TLANEPANTLA,A4096M,2025-07-23,0.1946524025454545,0.2988384143636363,217.12,0.902,0,,11000.0,3287.222558,5941.11,1771.6674420000008,7712.7774420000005,0.831,1,restructure-full,PIA_OPCIONES
EDOMEX - TLANEPANTLA,A4114B,2024-09-25,0.0175444263636363,0.0175444263636363,11.79,0.982,0,,11000.0,192.98869,6084.69,4722.32131,10807.01131,0.737,1,restructure-light,PIA_OPCIONES
EDOMEX - TLANEPANTLA,A4147E,2025-06-17,0.2546485447272727,0.5033920569999999,275.16,0.872,0,,11000.0,5537.312626999999,3199.79,2262.8973730000007,5462.687373000001,0.723,1,restructure-light,PIA_OPCIONES
EDOMEX - TLANEPANTLA,A4171D,2024-07-18,0.0156337445454545,0.0156337445454545,11.81,0.984,0,,11000.0,171.97119,9710.8,1117.2288100000005,10828.02881,0.738,1,restructure-light,PIA_OPCIONES
EDOMEX - TLANEPANTLA,A4172C,2024-02-27,0.1297177,0.1297177,111.43,0.908,0,,11000.0,1426.8947,6746.73,2826.3752999999997,9573.1053,0.917,1,restructure-full,PIA_OPCIONES
EDOMEX - ECATEPEC,A4174H,2025-05-04,0.0158527632727272,0.0158527632727272,11.81,0.984,0,,11000.0,174.380396,8539.07,2286.549604,10825.619604,0.738,1,restructure-light,PIA_OPCIONES
EDOMEX - ECATEPEC,A4177K,2025-07-20,0.202238792,0.2634432692727272,199.16,0.899,0,,11000.0,2897.875962,6818.2,1283.924038,8102.124038,0.848,1,restructure-full,PIA_OPCIONES
EDOMEX - TLANEPANTLA,A4193A,2024-06-05,0.2313121745454545,0.2925333181818182,185.36,0.883,0,,11000.0,3217.8665,6012.12,1770.0135,7782.1335,0.83,1,restructure-full,PIA_OPCIONES
EDOMEX - ECATEPEC,A4223B,2025-07-31,0.2048169030909091,0.4220164876363636,291.35,0.882,0,,11000.0,4642.181364,2613.75,3744.068636,6357.818636,0.765,1,restructure-full,PIA_OPCIONES
EDOMEX - TLANEPANTLA,A4250B,2025-07-31,0.1760495676363636,0.3884024173636364,292.49,0.912,0,,11000.0,4272.426591,4287.5,2440.0734089999996,6727.573409,0.788,1,restructure-full,PIA_OPCIONES
EDOMEX - TLANEPANTLA,A4267D,2025-07-16,0.1511865617272727,0.3711237344545454,294.71,0.923,0,,11000.0,4082.361079,2498.21,4419.428921,6917.638921,0.799,1,restructure-full,PIA_OPCIONES
EDOMEX - TLANEPANTLA,A4272L,2023-12-31,0.04174677,0.04174677,46.88,0.958,0,,11000.0,459.21447,7291.62,3249.1655299999993,10540.78553,0.866,1,restructure-light,PIA_OPCIONES
EDOMEX - ECATEPEC,A4307J,2025-07-30,0.1535545100909091,0.3908106164545454,297.41999999999996,0.925,0,,11000.0,4298.916781,5851.45,849.6332190000003,6701.083219,0.79,1,restructure-full,PIA_OPCIONES
EDOMEX - TLANEPANTLA,A4342L,2025-07-15,0.038022416090909,0.038022416090909,35.07,0.962,0,,11000.0,418.246577,6429.89,4151.863423,10581.753423,0.82,1,restructure-light,PIA_OPCIONES
EDOMEX - TLANEPANTLA,A4385LA,2024-01-11,0.0341512163636363,0.0341512163636363,23.369999999999997,0.966,0,,11000.0,375.66338,5947.33,4677.00662,10624.33662,0.773,1,restructure-light,PIA_OPCIONES
EDOMEX - ECATEPEC,A4404M,2025-07-27,0.1680681085454545,0.3135411988181818,308.12,0.919,0,,11000.0,3448.953187,2427.7,5123.346813,7551.046813,0.827,1,restructure-full,PIA_OPCIONES
EDOMEX - TLANEPANTLA,A4434C,2025-07-27,0.220810510090909,0.4697002909999999,281.08,0.871,0,,11000.0,5166.703200999999,5109.18,724.1167990000004,5833.296799000001,0.739,1,restructure-full,PIA_OPCIONES
EDOMEX - TLANEPANTLA,A4488G,2023-12-23,0.07990242,0.07990242,91.48,0.93,0,,11000.0,878.92662,3661.82,6459.25338,10121.07338,0.946,1,restructure-full,PIA_OPCIONES
EDOMEX - TLANEPANTLA,A4521C,2025-04-02,0.1976113718181818,0.4340854027272727,278.87,0.901,0,,11000.0,4774.93943,2020.95,4204.11057,6225.06057,0.763,1,restructure-full,PIA_OPCIONES
EDOMEX - TLANEPANTLA,A4531G,2025-05-30,0.2532969073636363,0.539587120090909,286.38,0.875,0,,11000.0,5935.458320999999,2267.09,2797.4516790000007,5064.541679000001,0.705,1,restructure-light,PIA_OPCIONES
EDOMEX - TLANEPANTLA,A4533K,2024-10-07,0.1723242290909091,0.1723242290909091,109.16,0.873,0,,11000.0,1895.56652,3089.3,6015.1334799999995,9104.43348,0.888,1,restructure-full,PIA_OPCIONES
EDOMEX - ECATEPEC,A4538J,2025-06-13,0.2079137353636363,0.3264208908181818,237.8,0.893,0,,11000.0,3590.629799,4246.09,3163.2802009999996,7409.370201,0.815,1,restructure-full,PIA_OPCIONES
EDOMEX - TLANEPANTLA,A4584C,2025-07-29,0.1710790653636363,0.3750623644545454,297.71,0.925,0,,11000.0,4125.686009,4190.94,2683.3739910000004,6874.313991,0.797,1,restructure-full,PIA_OPCIONES
EDOMEX - TLANEPANTLA,A4609G,2024-01-11,0.0140620809090909,0.0140620809090909,11.83,0.986,0,,11000.0,154.68289,5287.55,5557.76711,10845.31711,0.739,1,restructure-light,PIA_OPCIONES
EDOMEX - TLANEPANTLA,A4614H,2024-02-13,0.017106999090909,0.017106999090909,11.79,0.983,0,,11000.0,188.17699,3574.13,7237.69301,10811.82301,0.737,1,restructure-light,PIA_OPCIONES
EDOMEX - TLANEPANTLA,A4620M,2025-04-18,0.01367939,0.01367939,11.84,0.986,0,,11000.0,150.47329,3981.34,6868.18671,10849.52671,0.74,1,restructure-light,PIA_OPCIONES
EDOMEX - TLANEPANTLA,A46353,2024-11-08,0.0179791445454545,0.0179791445454545,11.78,0.982,0,,11000.0,197.77059,5732.77,5069.4594099999995,10802.22941,0.736,1,restructure-light,PIA_OPCIONES
EDOMEX - TLANEPANTLA,A4649L,2024-04-01,0.0425323263636363,0.0425323263636363,35.07,0.957,0,,11000.0,467.8555899999999,3542.14,6990.004410000001,10532.14441,0.816,1,restructure-light,PIA_OPCIONES
EDOMEX - TLANEPANTLA,A465JME,2025-02-22,0.2822460363636364,0.58619157,261.0,0.859,0,,11000.0,6448.1072699999995,3272.42,1279.4727300000004,4551.8927300000005,0.679,1,restructure-light,PIA_OPCIONES
EDOMEX - ECATEPEC,A4680C,2024-09-20,0.0007293345454545,0.0007293345454545,11.99,0.999,0,,11000.0,8.022680000000001,4662.93,6329.04732,10991.97732,0.749,1,restructure-light,PIA_OPCIONES
EDOMEX - TLANEPANTLA,A4756A,2025-07-28,0.2829025669090909,0.5814269025454546,265.31,0.857,0,,11000.0,6395.695928,2215.79,2388.514072,4604.304072,0.681,1,restructure-light,PIA_OPCIONES
EDOMEX - ECATEPEC,A4766C,2025-03-06,0.1913345854545454,0.3661859918181818,301.90999999999997,0.906,0,,11000.0,4028.04591,3740.28,3231.67409,6971.95409,0.798,1,restructure-full,PIA_OPCIONES
EDOMEX - ECATEPEC,A4777J,2025-07-08,0.1586479510909091,0.1586479510909091,109.6,0.887,0,,11000.0,1745.127462,5089.86,4165.012538,9254.872538,0.898,1,restructure-full,PIA_OPCIONES
EDOMEX - TLANEPANTLA,A4792J,2025-07-14,0.1431664677272727,0.1431664677272727,99.21,0.895,0,,11000.0,1574.831145,2836.94,6588.228854999999,9425.168855,0.907,1,restructure-full,PIA_OPCIONES
EDOMEX - TLANEPANTLA,A4821E,2024-05-30,0.0358674899999999,0.0358674899999999,58.81,0.964,0,,11000.0,394.5423899999999,3894.77,6710.687609999999,10605.45761,0.92,1,restructure-light,PIA_OPCIONES
EDOMEX - ECATEPEC,A4826H,2025-07-30,0.2043809498181818,0.4637541051818181,284.96999999999997,0.895,0,,11000.0,5101.295157,4823.13,1075.5748430000003,5898.704843,0.747,1,restructure-full,PIA_OPCIONES
EDOMEX - ECATEPEC,A4863E,2025-04-22,0.2144134381818182,0.2316958281818181,160.93,0.872,0,,11000.0,2548.65411,2541.66,5909.685890000001,8451.34589,0.859,1,restructure-full,PIA_OPCIONES
EDOMEX - TLANEPANTLA,A4898K,2025-04-08,0.1177564181818181,0.1177564181818181,101.06,0.907,0,,11000.0,1295.3206,5870.36,3834.319400000001,9704.6794,0.923,1,restructure-full,PIA_OPCIONES
EDOMEX - TLANEPANTLA,A4913C,2024-02-20,0.0120530627272727,0.0120530627272727,11.86,0.988,0,,11000.0,132.58369,6452.0,4415.4163100000005,10867.41631,0.741,1,restructure-light,PIA_OPCIONES
EDOMEX - ECATEPEC,A4925J,2025-06-23,0.0028383997272727,0.0028383997272727,11.97,0.997,0,,11000.0,31.222396999999997,5482.81,5485.967603,10968.777603,0.748,1,restructure-light,PIA_OPCIONES
EDOMEX - TLANEPANTLA,A4981E,2025-06-24,0.2021221906363636,0.2021221906363636,150.36,0.896,0,,11000.0,2223.344097,4904.36,3872.2959029999993,8776.655902999999,0.878,1,restructure-full,PIA_OPCIONES
EDOMEX - TLANEPANTLA,A5007M,2025-04-18,0.2445977945454545,0.5085133036363637,271.10999999999996,0.883,0,,11000.0,5593.64634,4153.96,1252.3936599999997,5406.35366,0.722,1,restructure-light,PIA_OPCIONES
EDOMEX - TLANEPANTLA,A5026G,2025-06-26,0.2413167025454545,0.461277758,283.7,0.877,0,,11000.0,5074.055338,4768.74,1157.204662,5925.944662,0.745,1,restructure-full,PIA_OPCIONES
EDOMEX - ECATEPEC,A5037G,2025-04-29,0.018386109,0.018386109,11.78,0.982,0,,11000.0,202.247199,4926.03,5871.722801000001,10797.752801,0.736,1,restructure-light,PIA_OPCIONES
EDOMEX - TLANEPANTLA,A5070M,2024-04-19,0.1774023709090909,0.1774023709090909,130.73,0.888,0,,11000.0,1951.42608,4465.42,4583.153920000001,9048.57392,0.889,1,restructure-full,PIA_OPCIONES
EDOMEX - TLANEPANTLA,A516JME,2024-03-10,0.0112055081818181,0.0112055081818181,11.87,0.989,0,,11000.0,123.26059,4845.48,6031.259410000001,10876.73941,0.742,1,restructure-light,PIA_OPCIONES
EDOMEX - TLANEPANTLA,A5176E,2025-07-27,0.2035533955454545,0.4709719349090909,280.66999999999996,0.9,0,,11000.0,5180.691284,3421.28,2398.0287159999993,5819.308716,0.745,1,restructure-full,PIA_OPCIONES
EDOMEX - TLANEPANTLA,A5208G,2025-04-10,0.2239551572727272,0.30765843,206.06,0.891,0,,11000.0,3384.24273,5406.85,2208.9072699999997,7615.75727,0.824,1,restructure-full,PIA_OPCIONES
EDOMEX - TLANEPANTLA,A5213A,2025-01-27,0.0127950172727272,0.0127950172727272,11.85,0.987,0,,11000.0,140.74518999999998,4744.97,6114.28481,10859.25481,0.74,1,restructure-light,PIA_OPCIONES
EDOMEX - TLANEPANTLA,A5253L,2024-05-18,0.14575522,0.14575522,144.64,0.911,0,,11000.0,1603.30742,4683.7,4712.992579999999,9396.692579999999,0.909,1,restructure-full,PIA_OPCIONES
EDOMEX - TLANEPANTLA,A5263L,2024-10-11,0.0845460681818181,0.0845460681818181,69.1,0.915,0,,11000.0,930.00675,8642.38,1427.6132500000003,10069.99325,0.929,1,restructure-light,PIA_OPCIONES
EDOMEX - TLANEPANTLA,A5272H,2025-07-31,0.2460823577272727,0.5266495815454546,275.15999999999997,0.86,0,,11000.0,5793.145397,1713.79,3493.064603,5206.854603,0.709,1,restructure-light,PIA_OPCIONES
EDOMEX - TLANEPANTLA,A52753,2025-07-21,0.1123111874545454,0.1123111874545454,78.81,0.888,0,,11000.0,1235.423062,5628.91,4135.666938,9764.576938,0.921,1,restructure-full,PIA_OPCIONES
EDOMEX - TLANEPANTLA,A5282B,2023-09-22,0.0292040809090909,0.0292040809090909,23.5,0.971,0,,11000.0,321.24489,7762.76,2915.99511,10678.75511,0.778,1,restructure-light,PIA_OPCIONES
EDOMEX - TLANEPANTLA,A5301H,2024-01-22,0.0078048263636363,0.0078048263636363,11.91,0.992,0,,11000.0,85.85309,4259.49,6654.65691,10914.14691,0.744,1,restructure-light,PIA_OPCIONES
EDOMEX - TLANEPANTLA,A5352E,2025-06-10,0.0459153218181818,0.0459153218181818,81.77,0.954,0,,11000.0,505.06854,3446.79,7048.14146,10494.93146,0.968,1,restructure-full,PIA_OPCIONES
EDOMEX - ECATEPEC,A5376K,2025-07-31,0.1801225953636363,0.3650776871818181,299.4,0.911,0,,11000.0,4015.854559,2674.39,4309.755441000001,6984.145441000001,0.8,1,restructure-full,PIA_OPCIONES
EDOMEX - TLANEPANTLA,A5387E,2024-09-24,0.11851931,0.11851931,100.7,0.913,0,,11000.0,1303.71241,8254.39,1441.8975900000005,9696.28759,0.923,1,restructure-full,PIA_OPCIONES
EDOMEX - TLANEPANTLA,A5425L,2024-05-25,0.2085318136363636,0.3333795681818182,211.83,0.902,0,,11000.0,3667.17525,2240.59,5092.23475,7332.82475,0.814,1,restructure-full,PIA_OPCIONES
EDOMEX - TLANEPANTLA,A5460L,2024-08-25,0.0199464263636363,0.0199464263636363,11.76,0.98,0,,11000.0,219.41069,4452.31,6328.279309999999,10780.58931,0.735,1,restructure-light,PIA_OPCIONES
EDOMEX - TLANEPANTLA,A546JMF,2025-07-29,0.2313261385454545,0.4785673831818182,280.51,0.889,0,,11000.0,5264.241215,1828.39,3907.3687849999997,5735.758785,0.739,1,restructure-full,PIA_OPCIONES
EDOMEX - TLANEPANTLA,A555JMA,2025-07-31,0.4604382502581819,0.7789260802454545,253.23,0.785,0,,11000.0,8568.1868827,890.96,1540.8531173000001,2431.8131173,0.568,1,advisor-review,PIA_OPCIONES
EDOMEX - TLANEPANTLA,A559JMC,2024-04-25,0.0178501354545454,0.0178501354545454,11.79,0.982,0,,11000.0,196.35149,7261.02,3542.6285099999986,10803.648509999999,0.737,1,restructure-light,PIA_OPCIONES
EDOMEX - ECATEPEC,A5616D,2025-04-18,0.0136029627272727,0.0136029627272727,11.84,0.986,0,,11000.0,149.63259,4828.23,6022.137410000001,10850.36741,0.74,1,restructure-light,PIA_OPCIONES
EDOMEX - TLANEPANTLA,A5651M,2024-09-14,0.2244737536363636,0.5195835163636363,266.61,0.897,0,,11000.0,5715.41868,3390.2,1894.3813200000004,5284.58132,0.72,1,restructure-light,PIA_OPCIONES
EDOMEX - TLANEPANTLA,A5685J,2024-11-22,0.177634369090909,0.177634369090909,119.03,0.892,0,,11000.0,1953.97806,5917.16,3128.8619400000007,9046.02194,0.89,1,restructure-full,PIA_OPCIONES
EDOMEX - ECATEPEC,A5709B,2025-07-31,0.2137932854545454,0.4891754886363636,278.95,0.886,0,,11000.0,5380.930375,4549.54,1069.5296250000001,5619.069625,0.733,1,restructure-full,PIA_OPCIONES
EDOMEX - TLANEPANTLA,A5739D,2025-01-21,0.0395623336363636,0.0395623336363636,35.2,0.96,0,,11000.0,435.18567,3199.5,7365.314329999999,10564.81433,0.819,1,restructure-light,PIA_OPCIONES
EDOMEX - ECATEPEC,A5775E,2025-04-07,0.0280508199999999,0.0280508199999999,23.45,0.972,0,,11000.0,308.55902,8681.68,2009.760979999999,10691.44098,0.778,1,restructure-light,PIA_OPCIONES
EDOMEX - TLANEPANTLA,A579JMD,2025-07-28,0.2323892212727272,0.4534054667272727,289.1,0.871,0,,11000.0,4987.460134,4037.25,1975.289866,6012.539866,0.747,1,restructure-full,PIA_OPCIONES
EDOMEX - TLANEPANTLA,A5818G,2024-11-16,0.0173536445454545,0.0173536445454545,11.79,0.983,0,,11000.0,190.89009,4298.2,6510.909909999999,10809.10991,0.737,1,restructure-light,PIA_OPCIONES
EDOMEX - TLANEPANTLA,A5829B,2024-12-15,0.0162732354545454,0.0162732354545454,11.8,0.984,0,,11000.0,179.00558999999998,8264.67,2556.3244099999993,10820.99441,0.738,1,restructure-light,PIA_OPCIONES
EDOMEX - TLANEPANTLA,A582JLA,2025-07-07,0.2955253416363636,0.6413987325454545,252.18,0.862,0,,11000.0,7055.386058,3208.13,736.4839419999998,3944.613942,0.652,1,advisor-review,PIA_OPCIONES
EDOMEX - ECATEPEC,A5872H,2025-02-09,0.0650154418181818,0.0650154418181818,45.84,0.935,0,,11000.0,715.16986,4654.48,5630.3501400000005,10284.83014,0.845,1,restructure-light,PIA_OPCIONES
EDOMEX - TLANEPANTLA,A5947G,2025-01-25,0.0202412172727272,0.0202412172727272,11.76,0.98,0,,11000.0,222.65339,9174.5,1602.8466100000005,10777.34661,0.735,1,restructure-light,PIA_OPCIONES
EDOMEX - TLANEPANTLA,A5948A,2025-04-16,0.3784315754545455,0.9196378754545456,203.09,0.821,0,,11000.0,10116.01663,506.23,377.7533699999999,883.9833699999999,0.504,1,advisor-review,PIA_OPCIONES
EDOMEX - ECATEPEC,A5956L,2025-04-22,0.0409944972727272,0.0409944972727272,35.08,0.959,0,,11000.0,450.93947,6984.05,3565.0105300000005,10549.06053,0.817,1,restructure-light,PIA_OPCIONES
EDOMEX - TLANEPANTLA,A596JLA,2025-07-31,0.3420186856363636,0.6910422826363636,244.11,0.825,0,,11000.0,7601.465109,3027.38,371.15489100000013,3398.5348910000002,0.619,1,advisor-review,PIA_OPCIONES
EDOMEX - TLANEPANTLA,A5993L,2024-05-10,0.1798847018181818,0.4200983100000001,286.70000000000005,0.916,0,,11000.0,4621.081410000001,3297.4,3081.518589999999,6378.918589999999,0.773,1,restructure-full,PIA_OPCIONES
EDOMEX - TLANEPANTLA,A59BEB,2024-07-25,0.0111463718181818,0.0111463718181818,11.87,0.989,0,,11000.0,122.61009,8570.25,2307.13991,10877.38991,0.742,1,restructure-light,PIA_OPCIONES
EDOMEX - ECATEPEC,A6041C,2025-05-03,0.0292350701818181,0.0292350701818181,47.06,0.971,0,,11000.0,321.585772,5243.52,5434.894227999999,10678.414228,0.876,1,restructure-light,PIA_OPCIONES
EDOMEX - TLANEPANTLA,A6058C,2024-05-28,0.2067073854545454,0.4319122145454546,301.59,0.9,0,,11000.0,4751.034360000001,4871.24,1377.7256399999997,6248.965639999999,0.764,1,restructure-full,PIA_OPCIONES
EDOMEX - TLANEPANTLA,A6060E,2024-12-04,0.0140328081818181,0.0140328081818181,11.83,0.986,0,,11000.0,154.36089,7162.9,3682.7391100000004,10845.63911,0.739,1,restructure-light,PIA_OPCIONES
EDOMEX - ECATEPEC,A6069L,2025-07-23,0.2335681751818181,0.5189388587272726,269.53,0.898,0,,11000.0,5708.327445999999,2274.43,3017.242554000001,5291.672554000001,0.72,1,restructure-light,PIA_OPCIONES
EDOMEX - ECATEPEC,A6076H,2025-05-27,0.0820674962727272,0.0820674962727272,57.07,0.918,0,,11000.0,902.742459,5537.49,4559.767540999999,10097.257540999999,0.88,1,restructure-light,PIA_OPCIONES
EDOMEX - TLANEPANTLA,A6086J,2025-01-24,0.27754686,0.5624939536363637,266.81,0.866,0,,11000.0,6187.43349,2360.96,2451.6065099999996,4812.56651,0.692,1,restructure-light,PIA_OPCIONES
EDOMEX - ECATEPEC,A6086L,2025-04-06,0.1667304627272727,0.1667304627272727,140.66,0.92,0,,11000.0,1834.03509,3179.35,5986.61491,9165.96491,0.901,1,restructure-full,PIA_OPCIONES
EDOMEX - TLANEPANTLA,A6090C,2025-04-20,0.0321955345454545,0.0321955345454545,23.44,0.968,0,,11000.0,354.15088,3384.32,7261.529120000001,10645.84912,0.775,1,restructure-light,PIA_OPCIONES
EDOMEX - TLANEPANTLA,A6107K,2024-04-01,0.0473455154545454,0.0473455154545454,34.88,0.953,0,,11000.0,520.80067,5322.25,5156.9493299999995,10479.19933,0.812,1,restructure-light,PIA_OPCIONES
EDOMEX - ECATEPEC,A6140E,2025-07-30,0.213011052,0.2537762674545454,177.21,0.9,0,,11000.0,2791.538942,2556.28,5652.181058,8208.461058,0.853,1,restructure-full,PIA_OPCIONES
EDOMEX - TLANEPANTLA,A6164B,2025-07-30,0.2217975137272727,0.4586536144545454,287.55,0.895,0,,11000.0,5045.189759,2377.71,3577.100241,5954.810241,0.75,1,restructure-full,PIA_OPCIONES
EDOMEX - TLANEPANTLA,A6175M,2025-01-03,0.2772682281818182,0.57611728,285.12,0.865,0,,11000.0,6337.29008,3427.6,1235.1099200000003,4662.70992,0.685,1,restructure-light,PIA_OPCIONES
EDOMEX - TLANEPANTLA,A6181H,2025-07-29,0.1856299464545454,0.4158567988181818,289.32,0.9,0,,11000.0,4574.424787,4657.61,1767.9652130000004,6425.575213,0.772,1,restructure-full,PIA_OPCIONES
EDOMEX - TLANEPANTLA,A6187A,2025-07-29,0.2181102576363636,0.4507837476363637,286.87,0.888,0,,11000.0,4958.621224,4489.64,1551.7387759999992,6041.378776,0.752,1,restructure-full,PIA_OPCIONES
EDOMEX - TLANEPANTLA,A6251M,2025-04-09,0.074935849090909,0.074935849090909,57.28,0.925,0,,11000.0,824.2943399999999,4989.07,5186.63566,10175.70566,0.886,1,restructure-light,PIA_OPCIONES
EDOMEX - ECATEPEC,A6274A,2025-07-30,0.2525624389090909,0.5134791735454546,270.37,0.868,0,,11000.0,5648.270909,4463.4,888.3290910000005,5351.729091,0.717,1,restructure-light,PIA_OPCIONES
EDOMEX - TLANEPANTLA,A6274J,2024-08-05,0.0712576209090909,0.0712576209090909,68.72,0.929,0,,11000.0,783.83383,6704.85,3511.31617,10216.16617,0.937,1,restructure-light,PIA_OPCIONES
EDOMEX - ECATEPEC,A6275M,2025-04-26,0.0136590821818181,0.0136590821818181,11.84,0.986,0,,11000.0,150.24990400000002,4075.34,6774.410096,10849.750096,0.74,1,restructure-light,PIA_OPCIONES
EDOMEX - TLANEPANTLA,A6277E,2024-07-28,0.0625922972727272,0.0625922972727272,46.19,0.937,0,,11000.0,688.51527,3982.62,6328.86473,10311.48473,0.849,1,restructure-light,PIA_OPCIONES
EDOMEX - TLANEPANTLA,A6293D,2025-01-25,0.2760053181818181,0.5467217181818181,271.74,0.856,0,,11000.0,6013.9389,3569.31,1416.7511,4986.0611,0.698,1,restructure-light,PIA_OPCIONES
EDOMEX - ECATEPEC,A6316G,2025-07-27,0.0325560529090909,0.0325560529090909,23.41,0.967,0,,11000.0,358.116582,4296.83,6345.0534179999995,10641.883418,0.775,1,restructure-light,PIA_OPCIONES
EDOMEX - ECATEPEC,A6317D,2025-07-31,0.1987828599090909,0.4114817068181817,292.98,0.9,0,,11000.0,4526.298774999999,3912.55,2561.1512250000005,6473.701225000001,0.774,1,restructure-full,PIA_OPCIONES
EDOMEX - TLANEPANTLA,A6323E,2024-12-20,0.2183222454545454,0.2183222454545454,127.04,0.874,0,,11000.0,2401.5447,7696.17,902.2852999999996,8598.4553,0.866,1,restructure-full,PIA_OPCIONES
EDOMEX - TLANEPANTLA,A6354C,2024-01-13,0.0119379627272727,0.0119379627272727,11.86,0.988,0,,11000.0,131.31759,3286.74,7581.94241,10868.68241,0.741,1,restructure-light,PIA_OPCIONES
EDOMEX - TLANEPANTLA,A6360C,2025-07-30,0.2993461933636363,0.6581982059999999,252.63,0.847,0,,11000.0,7240.180265999999,1165.35,2594.4697340000007,3759.8197340000006,0.64,1,advisor-review,PIA_OPCIONES
EDOMEX - TLANEPANTLA,A6397J,2025-07-28,0.2133202006363636,0.4632070124545454,282.37,0.895,0,,11000.0,5095.277137,5289.75,614.972863,5904.722863,0.747,1,restructure-full,PIA_OPCIONES
EDOMEX - TLANEPANTLA,A6505B,2025-07-29,0.282824652,0.6910068588181818,236.99,0.852,0,,11000.0,7601.075446999999,2211.96,1186.9645530000007,3398.9245530000007,0.625,1,advisor-review,PIA_OPCIONES
EDOMEX - TLANEPANTLA,A6506B,2024-07-20,0.1383036381818181,0.1383036381818181,111.42,0.893,0,,11000.0,1521.34002,3565.36,5913.29998,9478.65998,0.909,1,restructure-full,PIA_OPCIONES
EDOMEX - TLANEPANTLA,A6525L,2025-07-25,0.2508031922727272,0.5166193212727272,276.72999999999996,0.879,0,,11000.0,5682.812534,4457.83,859.3574660000004,5317.187466,0.717,1,restructure-light,PIA_OPCIONES
EDOMEX - TLANEPANTLA,A6617J,2025-07-31,0.2338039783636363,0.5183167216363636,276.56,0.878,0,,11000.0,5701.483937999999,4388.38,910.1360620000005,5298.516062000001,0.716,1,restructure-light,PIA_OPCIONES
EDOMEX - TLANEPANTLA,A67282,2025-01-30,0.2121821099999999,0.4323217172727273,289.1,0.877,0,,11000.0,4755.53889,3882.31,2362.1511100000002,6244.46111,0.759,1,restructure-full,PIA_OPCIONES
EDOMEX - TLANEPANTLA,A6741B,2025-07-23,0.0159729724545454,0.0159729724545454,11.81,0.984,0,,11000.0,175.702697,7285.57,3538.7273029999997,10824.297303,0.738,1,restructure-light,PIA_OPCIONES
EDOMEX - TLANEPANTLA,A674JMD,2025-07-31,0.2504437862727273,0.5498272123636363,267.59000000000003,0.873,0,,11000.0,6048.099335999999,2297.25,2654.6506640000007,4951.900664000001,0.7,1,restructure-light,PIA_OPCIONES
EDOMEX - ECATEPEC,A6784G,2025-07-14,0.1761689033636363,0.1761689033636363,139.63,0.917,0,,11000.0,1937.857937,2993.33,6068.812062999999,9062.142063,0.895,1,restructure-full,PIA_OPCIONES
EDOMEX - TLANEPANTLA,A6814G,2025-07-12,0.0125007722727272,0.0125007722727272,11.85,0.987,0,,11000.0,137.508495,7133.84,3728.651505,10862.491505,0.741,1,restructure-light,PIA_OPCIONES
EDOMEX - TLANEPANTLA,A6814L,2025-04-12,0.200908699090909,0.4391595709090909,284.59999999999997,0.901,0,,11000.0,4830.75528,2941.82,3227.4247199999995,6169.24472,0.761,1,restructure-full,PIA_OPCIONES
EDOMEX - TLANEPANTLA,A6839B,2025-07-27,0.1684419053636363,0.4218001117272728,296.25,0.916,0,,11000.0,4639.801229000001,4440.52,1919.678770999999,6360.198770999999,0.772,1,restructure-full,PIA_OPCIONES
EDOMEX - TLANEPANTLA,A6859J,2025-07-30,0.2334910700909091,0.4995400503636364,276.43,0.88,0,,11000.0,5494.940554000001,4413.67,1091.3894459999992,5505.059445999999,0.726,1,restructure-full,PIA_OPCIONES
EDOMEX - ECATEPEC,A6867C,2025-07-31,0.2871007764545454,0.5430207424545455,275.54,0.834,0,,11000.0,5973.228167,1562.8,3463.9718329999996,5026.771833,0.695,1,restructure-light,PIA_OPCIONES
EDOMEX - TLANEPANTLA,A6869D,2024-04-07,0.0275880618181818,0.0275880618181818,23.48,0.972,0,,11000.0,303.46868,7032.2,3664.3313200000002,10696.53132,0.778,1,restructure-light,PIA_OPCIONES
EDOMEX - ECATEPEC,A6899H,2025-01-26,0.0279582254545454,0.0279582254545454,23.46,0.972,0,,11000.0,307.54048,4691.51,6000.94952,10692.45952,0.778,1,restructure-light,PIA_OPCIONES
EDOMEX - TLANEPANTLA,A6907D,2024-05-08,0.0484285254545454,0.0484285254545454,34.82,0.952,0,,11000.0,532.71378,8628.53,1838.7562199999993,10467.28622,0.811,1,restructure-light,PIA_OPCIONES
EDOMEX - TLANEPANTLA,A6918G,2025-04-23,0.0591470081818181,0.0591470081818181,46.04,0.941,0,,11000.0,650.61709,4679.98,5669.402910000001,10349.38291,0.85,1,restructure-light,PIA_OPCIONES
EDOMEX - TLANEPANTLA,A6932H,2025-05-05,0.1377701456363636,0.1377701456363636,132.02,0.931,0,,11000.0,1515.471602,6321.08,3163.4483980000005,9484.528398,0.917,1,restructure-full,PIA_OPCIONES
EDOMEX - ECATEPEC,A6934H,2025-02-10,0.0164526081818181,0.0164526081818181,11.8,0.984,0,,11000.0,180.97869,6838.97,3980.05131,10819.02131,0.738,1,restructure-light,PIA_OPCIONES
EDOMEX - ECATEPEC,A6954H,2025-07-06,0.1537524484545454,0.1537524484545454,98.87,0.878,0,,11000.0,1691.276933,5005.3,4303.423066999999,9308.723066999999,0.899,1,restructure-full,PIA_OPCIONES
EDOMEX - TLANEPANTLA,A696JMA,2024-03-04,0.1140681209090909,0.1140681209090909,79.3,0.886,0,,11000.0,1254.74933,6885.73,2859.52067,9745.25067,0.92,1,restructure-full,PIA_OPCIONES
EDOMEX - TLANEPANTLA,A7010H,2025-07-21,0.0252191439090909,0.0252191439090909,23.57,0.975,0,,11000.0,277.410583,7886.05,2836.539416999999,10722.589417,0.781,1,restructure-light,PIA_OPCIONES
EDOMEX - TLANEPANTLA,A7049M,2024-08-04,0.0332655163636363,0.0332655163636363,23.4,0.967,0,,11000.0,365.92067999999995,6807.54,3826.5393200000008,10634.07932,0.774,1,restructure-light,PIA_OPCIONES
EDOMEX - TLANEPANTLA,A7077E,2025-06-16,0.1056964582727272,0.1056964582727272,79.08,0.894,0,,11000.0,1162.661041,7427.72,2409.6189590000004,9837.338959,0.926,1,restructure-full,PIA_OPCIONES
EDOMEX - TLANEPANTLA,A7138G,2025-07-31,0.2206932632727272,0.4960767984545455,275.64,0.888,0,,11000.0,5456.8447830000005,4933.69,609.4652169999999,5543.1552169999995,0.73,1,restructure-full,PIA_OPCIONES
EDOMEX - TLANEPANTLA,A7145D,2024-10-07,0.0858747754545454,0.0858747754545454,79.29,0.914,0,,11000.0,944.62253,5546.18,4509.197469999999,10055.37747,0.94,1,restructure-full,PIA_OPCIONES
EDOMEX - TLANEPANTLA,A7145G,2025-07-26,0.1265070675454545,0.1265070675454545,78.34,0.873,0,,11000.0,1391.5777429999998,5849.13,3759.292257,9608.422257,0.911,1,restructure-full,PIA_OPCIONES
EDOMEX - TLANEPANTLA,A7164E,2025-07-26,0.2247825213636363,0.3511966995454545,222.78,0.881,0,,11000.0,3863.163695,2194.45,4942.386305,7136.836305,0.801,1,restructure-full,PIA_OPCIONES
EDOMEX - TLANEPANTLA,A7212G,2024-02-07,0.2622756863636363,0.4468580181818181,232.25,0.879,0,,11000.0,4915.4382,4731.46,1353.1018000000004,6084.5618,0.752,1,restructure-full,PIA_OPCIONES
EDOMEX - TLANEPANTLA,A7276E,2024-02-23,0.0156954545454545,0.0156954545454545,11.81,0.984,0,,11000.0,172.65,6627.83,4199.52,10827.35,0.738,1,restructure-light,PIA_OPCIONES
EDOMEX - TLANEPANTLA,A7279E,2023-12-18,0.0335118881818181,0.0335118881818181,35.3,0.966,0,,11000.0,368.63077,5791.72,4839.64923,10631.36923,0.824,1,restructure-light,PIA_OPCIONES
EDOMEX - TLANEPANTLA,A7284B,2025-01-03,0.2322765818181818,0.4846885772727272,278.63,0.886,0,,11000.0,5331.57435,2020.47,3647.95565,5668.42565,0.735,1,restructure-full,PIA_OPCIONES
EDOMEX - TLANEPANTLA,A728JMF,2025-07-31,0.270261339,0.586202566090909,259.83000000000004,0.877,0,,11000.0,6448.228227,3795.24,756.5317730000006,4551.771773,0.682,1,restructure-light,PIA_OPCIONES
EDOMEX - TLANEPANTLA,A7315E,2024-02-04,0.013642489090909,0.013642489090909,23.74,0.986,0,,11000.0,150.06738,5826.46,5023.47262,10849.93262,0.789,1,restructure-light,PIA_OPCIONES
EDOMEX - TLANEPANTLA,A7360E,2025-07-30,0.2860871350909091,0.5725226869090909,261.6,0.852,0,,11000.0,6297.749556,3336.48,1365.7704440000002,4702.250444,0.684,1,restructure-light,PIA_OPCIONES
EDOMEX - ECATEPEC,A7371K,2025-07-24,0.2098094552727272,0.4074554807272726,261.06,0.887,0,,11000.0,4482.0102879999995,2539.57,3978.4197120000003,6517.9897120000005,0.774,1,restructure-full,PIA_OPCIONES
EDOMEX - TLANEPANTLA,A7515C,2025-07-17,0.168449679090909,0.2016376763636363,183.74,0.913,0,,11000.0,2218.01444,7701.18,1080.8055600000007,8781.985560000001,0.882,1,restructure-full,PIA_OPCIONES
EDOMEX - TLANEPANTLA,A7563G,2024-07-11,0.0539323636363636,0.0539323636363636,34.66,0.946,0,,11000.0,593.256,4236.22,6170.524,10406.744,0.807,1,restructure-light,PIA_OPCIONES
EDOMEX - ECATEPEC,A7606J,2025-07-08,0.0733993333636363,0.0733993333636363,57.43,0.927,0,,11000.0,807.392667,4278.09,5914.517333,10192.607333,0.888,1,restructure-light,PIA_OPCIONES
EDOMEX - TLANEPANTLA,A7642C,2025-06-20,0.0575238602727272,0.0575238602727272,57.83,0.942,0,,11000.0,632.762463,8453.34,1913.8975370000007,10367.237537,0.901,1,restructure-light,PIA_OPCIONES
EDOMEX - TLANEPANTLA,A7653C,2024-02-08,0.0812426263636363,0.0812426263636363,68.8,0.919,0,,11000.0,893.6688899999999,8565.62,1540.7111099999984,10106.33111,0.93,1,restructure-light,PIA_OPCIONES
EDOMEX - ECATEPEC,A77157D,2025-07-31,0.5610741357272727,1.4395831579090907,87.72,0.694,0,,11000.0,15835.414737,0.0,0.0,0.0,0.439,1,advisor-review,PIA_OPCIONES
EDOMEX - ECATEPEC,A77254D,2025-07-30,0.6150863792727271,1.3381027418181817,130.35,0.722,0,,11000.0,14719.13016,0.0,0.0,0.0,0.444,1,advisor-review,PIA_OPCIONES
EDOMEX - ECATEPEC,A77281D,2025-07-27,0.7529673226363636,1.6638707762727274,79.45,0.58,0,,11000.0,18302.578539,0.0,0.0,0.0,0.416,0,monitor,FOLLOW_UP
EDOMEX - TLANEPANTLA,A7734B,2025-04-23,0.2004097781818181,0.4056879736363636,295.79,0.898,0,,11000.0,4462.56771,5406.58,1130.8522899999998,6537.43229,0.777,1,restructure-full,PIA_OPCIONES
EDOMEX - ECATEPEC,A77364D,2025-07-31,0.8473714150909091,1.776619308,63.97,0.577,0,,11000.0,19542.812388,0.0,0.0,0.0,0.382,0,monitor,FOLLOW_UP
EDOMEX - TLANEPANTLA,A7738C,2025-07-31,0.2682713601818182,0.630758090181818,250.57,0.86,0,,11000.0,6938.338991999999,2478.47,1583.1910080000011,4061.661008000001,0.657,1,advisor-review,PIA_OPCIONES
EDOMEX - ECATEPEC,A7739H,2024-12-14,0.08490537,0.08490537,22.19,0.915,0,,11000.0,933.95907,7499.5,2566.540929999999,10066.04093,0.733,1,restructure-light,PIA_OPCIONES
EDOMEX - ECATEPEC,A77404D,2025-07-31,0.7746174850909091,1.4480960159999998,116.69,0.633,0,,11000.0,15929.056175999998,0.0,0.0,0.0,0.427,0,monitor,FOLLOW_UP
EDOMEX - ECATEPEC,A77407D,2025-07-31,0.7551393215454545,1.2015174580909092,219.47,0.611,0,,11000.0,13216.692039,0.0,0.0,0.0,0.422,0,monitor,FOLLOW_UP
EDOMEX - TLANEPANTLA,A7742G,2025-07-31,0.2590481931818181,0.546535954090909,271.28999999999996,0.863,0,,11000.0,6011.895495,3202.17,1785.9345050000002,4988.104505,0.699,1,restructure-light,PIA_OPCIONES
EDOMEX - ECATEPEC,A77506D,2025-07-08,1.1156881330909092,2.065921848363636,17.9,0.489,0,,11000.0,22725.140332,0.0,0.0,0.0,0.172,0,monitor,FOLLOW_UP
EDOMEX - ECATEPEC,A77507D,2025-07-31,1.0051491057272728,2.0141107145454544,31.14,0.492,0,,11000.0,22155.217859999997,0.0,0.0,0.0,0.228,0,monitor,FOLLOW_UP
EDOMEX - ECATEPEC,A77510D,2025-06-12,0.3394363802727272,0.700025712090909,230.68,0.869,0,,11000.0,7700.282832999999,2703.6,596.1171670000008,3299.7171670000007,0.624,1,advisor-review,PIA_OPCIONES
EDOMEX - ECATEPEC,A77524D,2025-07-29,0.6537381861818181,1.9851891073636363,33.75,0.669,0,,11000.0,21837.080181,0.0,0.0,0.0,0.274,0,monitor,FOLLOW_UP
EDOMEX - ECATEPEC,A77525D,2025-07-31,0.8997032228181818,2.276471654181818,12.25,0.631,0,,11000.0,25041.188196,0.0,0.0,0.0,0.177,0,monitor,FOLLOW_UP
EDOMEX - ECATEPEC,A77526D,2025-07-31,0.3060944745454546,0.3060944745454546,114.28,0.749,0,,11000.0,3367.03922,3225.98,4406.98078,7632.960779999999,0.797,1,restructure-full,PIA_OPCIONES
EDOMEX - ECATEPEC,A77634D,2025-07-28,0.4628460774545454,1.4090832605454544,105.43,0.777,0,,11000.0,15499.915866,0.0,0.0,0.0,0.455,1,advisor-review,PIA_OPCIONES
EDOMEX - ECATEPEC,A77636D,2025-04-21,0.5551526181818182,1.4622173318181817,79.88,0.751,0,,11000.0,16084.39065,0.0,0.0,0.0,0.45,1,advisor-review,PIA_OPCIONES
EDOMEX - ECATEPEC,A77637D,2025-07-24,0.2186434693636363,0.2186434693636363,92.91,0.854,0,,11000.0,2405.078163,7628.29,966.6318369999999,8594.921837,0.861,1,restructure-full,PIA_OPCIONES
EDOMEX - ECATEPEC,A77638D,2025-04-08,0.6311301218181817,1.7958837872727276,70.37,0.728,0,,11000.0,19754.721660000003,0.0,0.0,0.0,0.439,1,advisor-review,PIA_OPCIONES
EDOMEX - ECATEPEC,A77639D,2025-07-27,0.5719121443636364,1.3864279442727272,133.42,0.702,0,,11000.0,15250.707387,0.0,0.0,0.0,0.44,1,advisor-review,PIA_OPCIONES
EDOMEX - ECATEPEC,A77647D,2025-07-26,0.840775125,1.6855892056363635,85.87,0.608,0,,11000.0,18541.481262,0.0,0.0,0.0,0.422,0,monitor,FOLLOW_UP
EDOMEX - TLANEPANTLA,A7764J,2024-12-01,0.0193438718181818,0.0193438718181818,11.77,0.981,0,,11000.0,212.78259,5790.34,4996.877409999999,10787.21741,0.736,1,restructure-light,PIA_OPCIONES
EDOMEX - ECATEPEC,A7778M,2025-07-12,0.2145721277272727,0.2145721277272727,137.74,0.889,0,,11000.0,2360.293405,4246.24,4393.466595,8639.706595,0.871,1,restructure-full,PIA_OPCIONES
EDOMEX - ECATEPEC,A7831H,2025-07-01,0.197401819090909,0.4203493449090908,292.24,0.896,0,,11000.0,4623.842793999999,4241.7,2134.457206000001,6376.157206000001,0.769,1,restructure-full,PIA_OPCIONES
EDOMEX - TLANEPANTLA,A7833A,2025-06-22,0.2071904315454545,0.3119726651818182,215.54,0.899,0,,11000.0,3431.699317,4908.75,2659.5506829999995,7568.3006829999995,0.824,1,restructure-full,PIA_OPCIONES
EDOMEX - ECATEPEC,A7861A,2025-06-12,0.1705716262727272,0.3353997653636364,301.43,0.93,0,,11000.0,3689.397419,3987.82,3322.782581,7310.602581,0.818,1,restructure-full,PIA_OPCIONES
EDOMEX - ECATEPEC,A7861D,2024-12-30,0.0117684981818181,0.0117684981818181,11.86,0.988,0,,11000.0,129.45348,7186.14,3684.4065199999995,10870.54652,0.741,1,restructure-light,PIA_OPCIONES
EDOMEX - TLANEPANTLA,A7874H,2025-07-30,0.192088709,0.4527862662727273,279.75,0.907,0,,11000.0,4980.648929,5184.04,835.3110710000001,6019.351071,0.755,1,restructure-full,PIA_OPCIONES
EDOMEX - TLANEPANTLA,A7876M,2025-07-14,0.193438844,0.4759248794545455,271.46,0.88,0,,11000.0,5235.173674000001,3346.97,2417.8563259999996,5764.826325999999,0.738,1,restructure-full,PIA_OPCIONES
EDOMEX - ECATEPEC,A7878L,2025-03-01,0.0173369809090909,0.0173369809090909,11.79,0.983,0,,11000.0,190.70679,4518.77,6290.523209999999,10809.29321,0.737,1,restructure-light,PIA_OPCIONES
EDOMEX - TLANEPANTLA,A7886M,2025-07-27,0.2416309204545454,0.5531788231818182,265.46999999999997,0.879,0,,11000.0,6084.967055,2586.9,2328.132945,4915.032945,0.699,1,restructure-light,PIA_OPCIONES
EDOMEX - ECATEPEC,A8046M,2025-07-28,0.1696433244545454,0.4183395962727272,296.75,0.921,0,,11000.0,4601.735559,3432.44,2965.824441,6398.264441,0.775,1,restructure-full,PIA_OPCIONES
EDOMEX - TLANEPANTLA,A8077A,2024-04-27,0.015906699090909,0.015906699090909,11.81,0.984,0,,11000.0,174.97369,4099.06,6725.966309999999,10825.02631,0.738,1,restructure-light,PIA_OPCIONES
EDOMEX - TLANEPANTLA,A8143L,2025-07-30,0.2515638371818182,0.5163783153636363,273.65999999999997,0.868,0,,11000.0,5680.161469,2115.82,3204.018531,5319.838531,0.715,1,restructure-light,PIA_OPCIONES
EDOMEX - ECATEPEC,A8204H,2025-03-02,0.1967473345454545,0.1967473345454545,107.99,0.85,0,,11000.0,2164.22068,6279.92,2555.8593199999996,8835.77932,0.872,1,restructure-full,PIA_OPCIONES
EDOMEX - ECATEPEC,A83112D,2025-01-04,0.4464035609090909,1.214128961818182,129.58,0.817,0,,11000.0,13355.41858,0.0,0.0,0.0,0.463,1,advisor-review,PIA_OPCIONES
EDOMEX - ECATEPEC,A83155D,2024-11-18,0.2756180372727272,0.5124650636363637,246.01,0.875,0,,11000.0,5637.1157,4681.47,681.4142999999995,5362.8843,0.719,1,restructure-light,PIA_OPCIONES
EDOMEX - TLANEPANTLA,A831JMD,2025-07-17,0.2322976493636363,0.5211683339090909,271.21999999999997,0.882,0,,11000.0,5732.851673,2349.98,2917.168327,5267.148327,0.716,1,restructure-light,PIA_OPCIONES
EDOMEX - TLANEPANTLA,A8322M,2023-11-20,0.0303251272727272,0.0303251272727272,23.42,0.97,0,,11000.0,333.5764,3833.03,6833.393599999999,10666.4236,0.776,1,restructure-light,PIA_OPCIONES
EDOMEX - ECATEPEC,A83338D,2025-07-31,0.7619305385454544,1.5854770570909091,94.46,0.575,0,,11000.0,17440.247628,0.0,0.0,0.0,0.415,0,monitor,FOLLOW_UP
EDOMEX - TLANEPANTLA,A8340B,2025-07-06,0.2182115163636363,0.2793240036363636,185.51,0.895,0,,11000.0,3072.5640399999997,6568.84,1358.5959600000006,7927.435960000001,0.839,1,restructure-full,PIA_OPCIONES
EDOMEX - ECATEPEC,A83496D,2025-07-31,0.6744563015454544,1.585146039,90.05,0.611,0,,11000.0,17436.606429,0.0,0.0,0.0,0.422,0,monitor,FOLLOW_UP
EDOMEX - ECATEPEC,A83527D,2025-04-15,0.4753430872727273,1.177505182727273,138.11999999999998,0.786,0,,11000.0,12952.55701,0.0,0.0,0.0,0.457,1,advisor-review,PIA_OPCIONES
EDOMEX - TLANEPANTLA,A835JMF,2025-07-30,0.2303665188181818,0.4861562142727272,291.26,0.888,0,,11000.0,5347.718357,2325.69,3326.591643,5652.281643,0.735,1,restructure-full,PIA_OPCIONES
EDOMEX - ECATEPEC,A83828D,2025-07-23,0.7661302966363637,1.715544056181818,70.33,0.613,0,,11000.0,18870.984618,0.0,0.0,0.0,0.416,0,monitor,FOLLOW_UP
EDOMEX - TLANEPANTLA,A8395L,2025-07-07,0.0769033054545454,0.0769033054545454,57.129999999999995,0.923,0,,11000.0,845.9363599999999,5900.02,4254.04364,10154.06364,0.884,1,restructure-light,PIA_OPCIONES
EDOMEX - ECATEPEC,A8402L,2025-07-20,0.2043304997272727,0.2043304997272727,148.86,0.905,0,,11000.0,2247.635497,3988.14,4764.224503000001,8752.364503,0.879,1,restructure-full,PIA_OPCIONES
EDOMEX - ECATEPEC,A84113D,2025-07-31,0.5240050767272727,2.329608018,38.93,0.754,0,,11000.0,25625.688198,0.0,0.0,0.0,0.313,1,advisor-review,PIA_OPCIONES
EDOMEX - ECATEPEC,A84130D,2025-07-30,0.5725040031818182,1.3340934619090907,130.21,0.695,0,,11000.0,14675.028081,0.0,0.0,0.0,0.439,1,advisor-review,PIA_OPCIONES
EDOMEX - ECATEPEC,A84209D,2025-07-31,0.6247038621818182,1.52243868,97.55,0.7,0,,11000.0,16746.82548,0.0,0.0,0.0,0.44,1,advisor-review,PIA_OPCIONES
EDOMEX - ECATEPEC,A84390D,2025-07-20,0.6542118515454546,1.5086293333636362,86.15,0.683,0,,11000.0,16594.922667,0.0,0.0,0.0,0.437,0,monitor,FOLLOW_UP
EDOMEX - TLANEPANTLA,A8446C,2025-07-31,0.1640395676363636,0.3433416616363636,304.1,0.934,0,,11000.0,3776.758278,4314.47,2908.7717220000004,7223.241722000001,0.815,1,restructure-full,PIA_OPCIONES
EDOMEX - ECATEPEC,A84663D,2025-07-31,0.986157913909091,2.035494812181818,27.72,0.481,0,,11000.0,22390.442934,0.0,0.0,0.0,0.212,0,monitor,FOLLOW_UP
EDOMEX - ECATEPEC,A84780D,2025-07-26,0.3118180067272727,0.8061907682727273,215.51,0.89,0,,11000.0,8868.098451,962.47,1169.4315490000001,2131.901549,0.575,1,advisor-review,PIA_OPCIONES
EDOMEX - ECATEPEC,A84782D,2025-07-31,0.6629531999999999,1.413439861090909,108.99,0.675,0,,11000.0,15547.838471999998,0.0,0.0,0.0,0.435,0,monitor,FOLLOW_UP
EDOMEX - ECATEPEC,A84826D,2025-07-30,1.0126734946363636,2.0882764704545456,33.220000000000006,0.497,0,,11000.0,22971.041175,0.0,0.0,0.0,0.238,0,monitor,FOLLOW_UP
EDOMEX - TLANEPANTLA,A8482M,2025-02-19,0.0896210181818181,0.0896210181818181,114.26,0.934,0,,11000.0,985.8312,8271.97,1742.1988000000001,10014.1688,0.942,1,restructure-full,PIA_OPCIONES
EDOMEX - ECATEPEC,A84873D,2025-04-11,0.5489118,1.2243994227272728,136.78,0.754,0,,11000.0,13468.39365,0.0,0.0,0.0,0.451,1,advisor-review,PIA_OPCIONES
EDOMEX - ECATEPEC,A85090D,2025-07-28,0.7737877409999999,2.0373814819090907,28.04,0.616,0,,11000.0,22411.196300999996,0.0,0.0,0.0,0.24,0,monitor,FOLLOW_UP
EDOMEX - ECATEPEC,A85212D,2025-07-16,0.2280667813636363,0.2280667813636363,63.04,0.772,0,,11000.0,2508.734595,7552.3,938.9654049999999,8491.265405,0.803,1,restructure-light,PIA_OPCIONES
EDOMEX - TLANEPANTLA,A8523D,2025-07-30,0.2494229363636363,0.5019634436363637,280.42,0.869,0,,11000.0,5521.59788,4776.07,702.33212,5478.40212,0.723,1,restructure-light,PIA_OPCIONES
EDOMEX - ECATEPEC,A85266D,2025-05-29,0.579209217909091,1.325303177909091,130.42,0.686,0,,11000.0,14578.334957,0.0,0.0,0.0,0.437,1,advisor-review,PIA_OPCIONES
EDOMEX - TLANEPANTLA,A8527J,2025-07-30,0.2481868683636363,0.5388008363636364,274.94,0.866,0,,11000.0,5926.809200000001,1941.39,3131.800799999999,5073.190799999999,0.704,1,restructure-light,PIA_OPCIONES
EDOMEX - ECATEPEC,A85421D,2025-06-01,0.5052086202727272,1.056703343818182,191.64,0.764,0,,11000.0,11623.736782,0.0,0.0,0.0,0.453,1,advisor-review,PIA_OPCIONES
EDOMEX - ECATEPEC,A85424D,2025-07-26,0.6637486339090909,1.7320684475454542,43.849999999999994,0.805,0,,11000.0,19052.752922999996,0.0,0.0,0.0,0.344,0,monitor,FOLLOW_UP
EDOMEX - ECATEPEC,A85439D,2025-07-31,0.6423617719090908,1.380847928818182,117.53,0.655,0,,11000.0,15189.327217,0.0,0.0,0.0,0.431,1,advisor-review,PIA_OPCIONES
EDOMEX - ECATEPEC,A85444D,2025-07-31,0.6455115141818182,1.5383581156363637,93.72,0.686,0,,11000.0,16921.939272,0.0,0.0,0.0,0.437,1,advisor-review,PIA_OPCIONES
EDOMEX - ECATEPEC,A85470D,2025-07-31,0.8241286977272727,1.8467304425454545,39.3,0.587,0,,11000.0,20314.034868,0.0,0.0,0.0,0.281,0,monitor,FOLLOW_UP
EDOMEX - ECATEPEC,A85593D,2025-07-30,0.6949095005454545,1.3587026637272728,147.82,0.6,0,,11000.0,14945.729301,0.0,0.0,0.0,0.42,0,monitor,FOLLOW_UP
EDOMEX - ECATEPEC,A85595D,2025-07-31,0.8234043807272727,1.845854944909091,52.370000000000005,0.537,0,,11000.0,20304.404394,0.0,0.0,0.0,0.326,0,monitor,FOLLOW_UP
EDOMEX - ECATEPEC,A85596D,2025-06-12,0.4727852520909091,1.116614802090909,161.76999999999998,0.817,0,,11000.0,12282.762823,0.0,0.0,0.0,0.463,1,advisor-review,PIA_OPCIONES
EDOMEX - ECATEPEC,A85597D,2025-07-31,0.8480353617272727,1.7979615051818183,48.629999999999995,0.577,0,,11000.0,19777.576557,0.0,0.0,0.0,0.318,0,monitor,FOLLOW_UP
EDOMEX - TLANEPANTLA,A8570D,2024-08-29,0.0167910718181818,0.0167910718181818,11.8,0.983,0,,11000.0,184.70179,8772.94,2042.3582100000003,10815.29821,0.737,1,restructure-light,PIA_OPCIONES
EDOMEX - TLANEPANTLA,A8584C,2025-07-30,0.1799364368181818,0.3800384151818181,298.03000000000003,0.916,0,,11000.0,4180.422567,4436.39,2383.187433,6819.577433,0.793,1,restructure-full,PIA_OPCIONES
EDOMEX - ECATEPEC,A85853D,2025-07-31,0.5455574180909091,0.5951576262727273,129.46,0.669,0,,11000.0,6546.733889,3300.22,1153.046111,4453.266111,0.636,1,restructure-light,PIA_OPCIONES
EDOMEX - TLANEPANTLA,A8601E,2024-12-16,0.0102115718181818,0.0102115718181818,11.88,0.99,0,,11000.0,112.32729,5200.17,5687.502710000001,10887.67271,0.742,1,restructure-light,PIA_OPCIONES
EDOMEX - TLANEPANTLA,A8610B,2023-09-13,0.0091755627272727,0.0091755627272727,11.89,0.991,0,,11000.0,100.93119,5697.51,5201.55881,10899.06881,0.743,1,restructure-light,PIA_OPCIONES
EDOMEX - TLANEPANTLA,A8624L,2025-07-29,0.1592766199999999,0.1592766199999999,120.44,0.899,0,,11000.0,1752.04282,5020.84,4227.117179999999,9247.95718,0.9,1,restructure-full,PIA_OPCIONES
EDOMEX - TLANEPANTLA,A8675A,2025-01-13,0.0194917172727272,0.0194917172727272,11.77,0.981,0,,11000.0,214.40889,8154.0,2631.5911099999994,10785.59111,0.735,1,restructure-light,PIA_OPCIONES
EDOMEX - TLANEPANTLA,A8691L,2025-07-31,0.2050039307272727,0.2126567027272727,160.29,0.896,0,,11000.0,2339.22373,6611.74,2049.0362700000005,8660.77627,0.873,1,restructure-full,PIA_OPCIONES
EDOMEX - TLANEPANTLA,A8695B,2024-06-07,0.0369766063636363,0.0369766063636363,35.230000000000004,0.963,0,,11000.0,406.74267,4492.47,6100.78733,10593.25733,0.821,1,restructure-light,PIA_OPCIONES
EDOMEX - TLANEPANTLA,A8731E,2024-02-23,0.1927857418181818,0.1927857418181818,152.1,0.894,0,,11000.0,2120.64316,7679.96,1199.3968400000003,8879.35684,0.882,1,restructure-full,PIA_OPCIONES
EDOMEX - TLANEPANTLA,A8801K,2024-09-23,0.0967694299999999,0.0967694299999999,79.41,0.903,0,,11000.0,1064.46373,3699.93,6235.60627,9935.53627,0.932,1,restructure-full,PIA_OPCIONES
EDOMEX - ECATEPEC,A88211,2024-10-19,0.0176972809090909,0.0176972809090909,11.79,0.982,0,,11000.0,194.67009,9051.34,1753.9899100000002,10805.32991,0.737,1,restructure-light,PIA_OPCIONES
EDOMEX - ECATEPEC,A8912B,2025-07-27,0.2245478037272727,0.4594517528181818,284.77,0.891,0,,11000.0,5053.969281000001,2141.98,3804.0507189999994,5946.030718999999,0.748,1,restructure-full,PIA_OPCIONES
EDOMEX - ECATEPEC,A8944C,2025-07-20,0.1832264753636363,0.2647455653636363,209.18,0.914,0,,11000.0,2912.201219,3710.07,4377.728781,8087.7987809999995,0.85,1,restructure-full,PIA_OPCIONES
EDOMEX - TLANEPANTLA,A9007G,2024-08-10,0.0106113809090909,0.0106113809090909,11.87,0.989,0,,11000.0,116.72519,8792.46,2090.8148100000017,10883.27481,0.742,1,restructure-light,PIA_OPCIONES
EDOMEX - TLANEPANTLA,A9053B,2024-12-01,0.0380167527272727,0.0380167527272727,23.34,0.962,0,,11000.0,418.18428000000006,4314.16,6267.655720000001,10581.81572,0.771,1,restructure-light,PIA_OPCIONES
EDOMEX - TLANEPANTLA,A9054A,2024-10-22,0.1967845745454545,0.3771218581818182,301.11,0.895,0,,11000.0,4148.34044,3755.67,3095.98956,6851.65956,0.79,1,restructure-full,PIA_OPCIONES
EDOMEX - TLANEPANTLA,A9088G,2025-04-14,0.1785529554545454,0.28739284,254.52,0.902,0,,11000.0,3161.32124,4467.39,3371.2887599999995,7838.67876,0.837,1,restructure-full,PIA_OPCIONES
EDOMEX - TLANEPANTLA,A9094E,2024-11-10,0.0167508899999999,0.0167508899999999,11.8,0.983,0,,11000.0,184.25979,4836.32,5979.42021,10815.74021,0.737,1,restructure-light,PIA_OPCIONES
EDOMEX - TLANEPANTLA,A9119G,2024-06-29,0.1095203054545454,0.1095203054545454,78.7,0.89,0,,11000.0,1204.72336,7112.81,2682.4666399999996,9795.27664,0.923,1,restructure-full,PIA_OPCIONES
EDOMEX - TLANEPANTLA,A9130A,2025-07-22,0.1715330723636363,0.3698760517272727,295.38,0.921,0,,11000.0,4068.636569,5619.95,1311.413431,6931.363431,0.799,1,restructure-full,PIA_OPCIONES
EDOMEX - TLANEPANTLA,A9254H,2024-02-21,0.013653999090909,0.013653999090909,11.84,0.986,0,,11000.0,150.19399,8948.32,1901.4860100000005,10849.80601,0.74,1,restructure-light,PIA_OPCIONES
EDOMEX - TLANEPANTLA,A9255J,2025-07-30,0.2581263654545454,0.5389201592727273,271.33000000000004,0.857,0,,11000.0,5928.121752,2554.16,2517.718248,5071.878248,0.702,1,restructure-light,PIA_OPCIONES
EDOMEX - TLANEPANTLA,A9293J,2024-08-09,0.0279811163636363,0.0279811163636363,23.51,0.972,0,,11000.0,307.79228,6613.24,4078.9677200000006,10692.20772,0.778,1,restructure-light,PIA_OPCIONES
EDOMEX - TLANEPANTLA,A929JMF,2025-07-31,0.281771919,0.6985525249090909,237.88,0.851,0,,11000.0,7684.077774,1488.99,1826.9322259999997,3315.9222259999997,0.621,1,advisor-review,PIA_OPCIONES
EDOMEX - TLANEPANTLA,A931JMD,2024-08-20,0.130104,0.3073843472727273,302.47,0.938,0,,11000.0,3381.22782,3404.66,4214.11218,7618.77218,0.834,1,restructure-full,PIA_OPCIONES
EDOMEX - ECATEPEC,A9341M,2025-07-31,0.1229209839999999,0.1229209839999999,78.02,0.877,0,,11000.0,1352.1308239999998,3827.82,5820.049176,9647.869176,0.914,1,restructure-full,PIA_OPCIONES
EDOMEX - TLANEPANTLA,A9358L,2023-12-06,0.017797599090909,0.017797599090909,11.79,0.982,0,,11000.0,195.77359,9334.97,1469.25641,10804.22641,0.737,1,restructure-light,PIA_OPCIONES
EDOMEX - TLANEPANTLA,A93980,2025-06-05,0.269575006,0.506916436,259.98,0.862,0,,11000.0,5576.080796,4517.0,906.9192039999998,5423.919204,0.719,1,restructure-light,PIA_OPCIONES
EDOMEX - TLANEPANTLA,A9412C,2025-07-30,0.1402480851818182,0.3521928452727272,300.59999999999997,0.922,0,,11000.0,3874.121298,5461.38,1664.4987019999999,7125.878702,0.808,1,restructure-full,PIA_OPCIONES
EDOMEX - TLANEPANTLA,A9417K,2024-11-09,0.0379396345454545,0.0379396345454545,23.31,0.962,0,,11000.0,417.3359799999999,6461.74,4120.92402,10582.66402,0.771,1,restructure-light,PIA_OPCIONES
EDOMEX - TLANEPANTLA,A9423D,2025-07-28,0.2273248432727272,0.478246045090909,297.04,0.892,0,,11000.0,5260.706496,3411.23,2328.063504,5739.293504,0.739,1,restructure-full,PIA_OPCIONES
EDOMEX - TLANEPANTLA,A9425H,2025-07-31,0.2523492651818181,0.530385040090909,272.95000000000005,0.871,0,,11000.0,5834.235441,3191.65,1974.114559,5165.764559,0.709,1,restructure-light,PIA_OPCIONES
EDOMEX - TLANEPANTLA,A9448K,2024-07-10,0.01848339,0.01848339,11.78,0.982,0,,11000.0,203.31729,6714.9,4081.7827099999995,10796.68271,0.736,1,restructure-light,PIA_OPCIONES
EDOMEX - TLANEPANTLA,A9502L,2024-09-03,0.0387235609090909,0.0387235609090909,35.06,0.961,0,,11000.0,425.95917,5929.26,4644.78083,10574.04083,0.819,1,restructure-light,PIA_OPCIONES
EDOMEX - TLANEPANTLA,A9514J,2024-11-25,0.2402481418181818,0.2402481418181818,147.14,0.875,0,,11000.0,2642.72956,3167.85,5189.42044,8357.27044,0.855,1,restructure-full,PIA_OPCIONES
EDOMEX - TLANEPANTLA,A95229,2025-06-12,0.1132814862727272,0.1132814862727272,78.34,0.887,0,,11000.0,1246.096349,3661.6,6092.303651,9753.903651,0.921,1,restructure-full,PIA_OPCIONES
EDOMEX - TLANEPANTLA,A952JMF,2025-07-26,0.2051889939090909,0.4487107415454545,281.82,0.907,0,,11000.0,4935.818157,5284.02,780.1618429999999,6064.181843,0.757,1,restructure-full,PIA_OPCIONES
AGUASCALIENTES,A954AA,2022-12-31,0.4466279999999999,0.9269988,208.36,0.787,0,,11000.0,10196.9868,473.15,329.86319999999944,803.0131999999994,0.494,1,advisor-review,PIA_OPCIONES
EDOMEX - TLANEPANTLA,A9560B,2024-12-04,0.2073277081818181,0.2073277081818181,116.89,0.871,0,,11000.0,2280.60479,7602.64,1116.7552100000003,8719.39521,0.871,1,restructure-full,PIA_OPCIONES
EDOMEX - TLANEPANTLA,A9588H,2025-07-31,0.2939047472727272,0.5912232447272727,260.86,0.856,0,,11000.0,6503.4556919999995,1790.28,2706.2643080000007,4496.5443080000005,0.676,1,restructure-light,PIA_OPCIONES
EDOMEX - TLANEPANTLA,A9592J,2025-07-19,0.247775346,0.5422493732727273,270.7,0.879,0,,11000.0,5964.743106,3185.55,1849.706894,5035.256894,0.705,1,restructure-light,PIA_OPCIONES
EDOMEX - TLANEPANTLA,A9636H,2024-04-02,0.1487086036363636,0.1487086036363636,110.38,0.891,0,,11000.0,1635.7946399999998,3976.33,5387.87536,9364.20536,0.904,1,restructure-full,PIA_OPCIONES
EDOMEX - TLANEPANTLA,A9675D,2024-06-19,0.0214302072727272,0.0214302072727272,23.65,0.979,0,,11000.0,235.73227999999995,4864.49,5899.77772,10764.26772,0.784,1,restructure-light,PIA_OPCIONES
EDOMEX - TLANEPANTLA,A96BCJ,2025-01-10,0.0812006327272727,0.0812006327272727,45.57,0.919,0,,11000.0,893.20696,3214.29,6892.5030400000005,10106.79304,0.833,1,restructure-light,PIA_OPCIONES
EDOMEX - TLANEPANTLA,A970JMF,2025-06-24,0.1815609664545454,0.4496468546363636,278.78999999999996,0.914,0,,11000.0,4946.115401,2248.24,3805.644599,6053.884599,0.758,1,restructure-full,PIA_OPCIONES
EDOMEX - TLANEPANTLA,A9793C,2024-02-23,0.0294322899999999,0.0294322899999999,23.55,0.971,0,,11000.0,323.75518999999997,9075.97,1600.2748100000008,10676.24481,0.778,1,restructure-light,PIA_OPCIONES
EDOMEX - TLANEPANTLA,A9822K,2025-05-13,0.0269448717272727,0.0269448717272727,23.51,0.973,0,,11000.0,296.393589,5276.02,5427.586411,10703.606411,0.779,1,restructure-light,PIA_OPCIONES
EDOMEX - TLANEPANTLA,A9862H,2025-07-30,0.1750424745454545,0.3730348580909091,294.40000000000003,0.898,0,,11000.0,4103.383439,4585.41,2311.206561,6896.616561,0.793,1,restructure-full,PIA_OPCIONES
EDOMEX - TLANEPANTLA,A988JMJ,2025-07-31,0.2995316784545454,0.657364387090909,246.28,0.852,0,,11000.0,7231.008258,2182.28,1586.711742,3768.991742,0.642,1,advisor-review,PIA_OPCIONES
EDOMEX - TLANEPANTLA,A9895M,2025-07-28,0.2761738298181818,0.5976577696363635,259.85,0.866,0,,11000.0,6574.235465999999,2391.11,2034.6545340000007,4425.764534000001,0.674,1,restructure-light,PIA_OPCIONES
EDOMEX - TLANEPANTLA,A9913D,2024-01-27,0.016416399090909,0.016416399090909,11.8,0.984,0,,11000.0,180.58039,6698.65,4120.769610000001,10819.41961,0.738,1,restructure-light,PIA_OPCIONES
EDOMEX - TLANEPANTLA,A9914E,2025-01-01,0.01474929,0.01474929,11.82,0.985,0,,11000.0,162.24219,4468.88,6368.877809999999,10837.75781,0.739,1,restructure-light,PIA_OPCIONES
EDOMEX - TLANEPANTLA,A9926G,2025-07-31,0.2379277366363636,0.4713591799090909,282.89,0.886,0,,11000.0,5184.950979,5193.78,621.2690210000001,5815.049021,0.742,1,restructure-full,PIA_OPCIONES
EDOMEX - TLANEPANTLA,A9933E,2025-04-28,0.0157107177272727,0.0157107177272727,11.81,0.984,0,,11000.0,172.817895,8564.14,2263.0421050000004,10827.182105,0.738,1,restructure-light,PIA_OPCIONES
EDOMEX - TLANEPANTLA,A9933G,2025-04-29,0.0295437265454545,0.0295437265454545,23.450000000000003,0.97,0,,11000.0,324.980992,7952.56,2722.459007999999,10675.019008,0.777,1,restructure-light,PIA_OPCIONES
EDOMEX - TLANEPANTLA,A9939H,2024-03-22,0.0179811536363636,0.0179811536363636,11.78,0.982,0,,11000.0,197.79269,6278.84,4523.36731,10802.20731,0.736,1,restructure-light,PIA_OPCIONES
EDOMEX - TLANEPANTLA,A996JMF,2025-07-31,0.2180249015454545,0.5144551704545454,271.97999999999996,0.884,0,,11000.0,5659.006874999999,2092.21,3248.783125000001,5340.993125000001,0.72,1,restructure-light,PIA_OPCIONES
EDOMEX - ECATEPEC,A9976D,2025-07-30,0.1203997040909091,0.2402193251818181,318.34999999999997,0.939,0,,11000.0,2642.412577,7124.0,1233.5874230000009,8357.587423,0.868,1,restructure-full,PIA_OPCIONES
EDOMEX - ECATEPEC,AA2539C,2025-06-28,0.0433248797272727,0.0433248797272727,34.86,0.957,0,,11000.0,476.573677,5312.56,5210.866322999999,10523.426323,0.815,1,restructure-light,PIA_OPCIONES
EDOMEX - TLANEPANTLA,AEW266B,2025-07-30,0.25375601,0.5565091123636364,270.01,0.848,0,,11000.0,6121.600236,1610.18,3268.2197639999995,4878.399764,0.691,1,restructure-light,PIA_OPCIONES
EDOMEX - TLANEPANTLA,B01923,2025-03-01,0.0198372445454545,0.0198372445454545,23.63,0.98,0,,11000.0,218.20969,5449.57,5332.220310000001,10781.79031,0.785,1,restructure-light,PIA_OPCIONES
EDOMEX - TLANEPANTLA,B05479,2024-03-13,0.032267489090909,0.032267489090909,23.41,0.968,0,,11000.0,354.94237999999996,8267.74,2377.31762,10645.05762,0.775,1,restructure-light,PIA_OPCIONES
EDOMEX - ECATEPEC,B05BJN,2025-06-17,0.2364416342727272,0.5102488897272728,276.27000000000004,0.875,0,,11000.0,5612.737787,3629.0,1758.262213,5387.262213,0.72,1,restructure-light,PIA_OPCIONES
EDOMEX - TLANEPANTLA,B07991,2024-11-09,0.026545379090909,0.026545379090909,23.44,0.973,0,,11000.0,291.99917,8036.39,2671.6108300000005,10708.00083,0.779,1,restructure-light,PIA_OPCIONES
EDOMEX - ECATEPEC,B07BGL,2025-04-06,0.0529641972727272,0.0529641972727272,34.71,0.947,0,,11000.0,582.60617,8085.79,2331.603830000001,10417.39383,0.808,1,restructure-light,PIA_OPCIONES
EDOMEX - TLANEPANTLA,B16790,2024-12-06,0.1620522654545454,0.3080961754545454,272.24,0.936,0,,11000.0,3389.05793,3251.19,4359.7520700000005,7610.94207,0.833,1,restructure-full,PIA_OPCIONES
EDOMEX - TLANEPANTLA,B27ALF,2024-10-14,0.0517379881818181,0.0517379881818181,34.69,0.948,0,,11000.0,569.11787,8910.79,1520.092129999999,10430.88213,0.808,1,restructure-light,PIA_OPCIONES
EDOMEX - ECATEPEC,B34116,2025-07-07,0.0671626890909091,0.0671626890909091,114.92,0.963,0,,11000.0,738.78958,5774.95,4486.26042,10261.21042,0.959,1,restructure-full,PIA_OPCIONES
EDOMEX - TLANEPANTLA,B36AYC,2024-01-12,0.0832120681818181,0.0832120681818181,56.98,0.917,0,,11000.0,915.33275,6891.94,3192.727250000001,10084.66725,0.879,1,restructure-light,PIA_OPCIONES
EDOMEX - TLANEPANTLA,B49AGZ,2025-01-29,0.016387099090909,0.016387099090909,11.8,0.984,0,,11000.0,180.25809,3260.91,7558.831910000001,10819.74191,0.738,1,restructure-light,PIA_OPCIONES
EDOMEX - ECATEPEC,B49BEB,2025-06-19,0.0999801657272727,0.0999801657272727,79.03,0.9,0,,11000.0,1099.781823,8870.8,1029.4181770000014,9900.218177,0.93,1,restructure-full,PIA_OPCIONES
EDOMEX - TLANEPANTLA,B73AVH,2025-06-10,0.235767048090909,0.4397125144545454,301.40000000000003,0.906,0,,11000.0,4836.837659,2887.67,3275.492341,6163.162341,0.761,1,restructure-full,PIA_OPCIONES
EDOMEX - TLANEPANTLA,C30BCE,2025-04-21,0.0454600336363636,0.0454600336363636,34.93,0.955,0,,11000.0,500.06037,3540.98,6958.959630000001,10499.93963,0.814,1,restructure-light,PIA_OPCIONES
EDOMEX - TLANEPANTLA,C89BFD,2024-09-23,0.2304586445454545,0.4837278627272727,279.65999999999997,0.888,0,,11000.0,5321.00649,3265.18,2413.8135100000004,5678.99351,0.736,1,restructure-full,PIA_OPCIONES
EDOMEX - TLANEPANTLA,C96ATD,2025-02-24,0.0052614718181818,0.0052614718181818,11.94,0.995,0,,11000.0,57.87619,4129.75,6812.373809999999,10942.12381,0.746,1,restructure-light,PIA_OPCIONES
EDOMEX - ECATEPEC,CR5643,2025-07-31,5.314733428363636,10.35561803890909,0.0,0.0,0,,11000.0,113911.798428,0.0,0.0,0.0,0.0,0,monitor,FOLLOW_UP
EDOMEX - ECATEPEC,CR5657,2025-07-05,5.376900009818181,11.283149600727272,0.0,0.0,0,,11000.0,124114.645608,0.0,0.0,0.0,0.0,0,monitor,FOLLOW_UP
EDOMEX - TLANEPANTLA,CR5662,2025-03-20,0.000173599090909,0.000173599090909,12.0,1.0,0,,11000.0,1.90959,5892.3,5105.7904100000005,10998.09041,0.75,1,restructure-light,PIA_OPCIONES
EDOMEX - ECATEPEC,CR5666,2024-10-31,0.127479599090909,0.127479599090909,10.47,0.873,0,,11000.0,1402.27559,8187.93,1409.7944100000004,9597.72441,0.654,1,restructure-light,PIA_OPCIONES
EDOMEX - TLANEPANTLA,CR5673,2025-07-14,1.2498359621818182,1.2498359621818182,9.98,0.0,0,,11000.0,13748.195584,0.0,0.0,0.0,0.042,0,monitor,FOLLOW_UP
EDOMEX - ECATEPEC,CR5674,2025-07-30,1.8840476584545456,1.8840476584545456,12.07,0.0,0,,11000.0,20724.524243,0.0,0.0,0.0,0.05,0,monitor,FOLLOW_UP
EDOMEX - ECATEPEC,CR5727,2025-07-31,4.923539502545454,10.672535395636364,0.0,0.0,0,,11000.0,117397.889352,0.0,0.0,0.0,0.0,0,monitor,FOLLOW_UP
EDOMEX - ECATEPEC,CR5729,2025-07-05,5.477648658545454,5.477648658545454,9.23,0.0,0,,11000.0,60254.135244,0.0,0.0,0.0,0.038,0,monitor,FOLLOW_UP
EDOMEX - ECATEPEC,CR5733,2025-07-11,4.636953320727272,7.825677753636364,15.78,0.0,0,,11000.0,86082.45529,0.0,0.0,0.0,0.066,0,monitor,FOLLOW_UP
EDOMEX - ECATEPEC,CR5734,2025-06-11,4.383513389454546,9.96259975309091,0.0,0.0,0,,11000.0,109588.597284,0.0,0.0,0.0,0.0,0,monitor,FOLLOW_UP
EDOMEX - ECATEPEC,CR5743,2025-05-06,2.755669115454545,2.755669115454545,11.92,0.0,0,,11000.0,30312.360269999997,0.0,0.0,0.0,0.05,0,monitor,FOLLOW_UP
EDOMEX - ECATEPEC,CR5759,2025-06-30,3.900781992,6.038475805636363,22.5,0.0,0,,11000.0,66423.233862,0.0,0.0,0.0,0.094,0,monitor,FOLLOW_UP
EDOMEX - ECATEPEC,CR5763,2025-05-22,3.3710862872727274,3.3710862872727274,17.7,0.0,0,,11000.0,37081.94916,0.0,0.0,0.0,0.074,0,monitor,FOLLOW_UP
EDOMEX - TLANEPANTLA,CR5768,2025-07-09,0.3058164829090909,0.3058164829090909,8.33,0.694,0,,11000.0,3363.981312,5397.57,2238.4486880000004,7636.018688,0.521,1,restructure-light,PIA_OPCIONES
EDOMEX - ECATEPEC,CR5769,2025-07-30,4.663442199272727,9.780561687272728,0.0,0.0,0,,11000.0,107586.17856,0.0,0.0,0.0,0.0,0,monitor,FOLLOW_UP
EDOMEX - ECATEPEC,CR5770,2025-06-21,4.2129502196363635,4.2129502196363635,15.93,0.0,0,,11000.0,46342.452416,0.0,0.0,0.0,0.066,0,monitor,FOLLOW_UP
EDOMEX - ECATEPEC,CR5774,2025-07-18,4.113887232,8.785004261454546,0.0,0.0,0,,11000.0,96635.046876,0.0,0.0,0.0,0.0,0,monitor,FOLLOW_UP
EDOMEX - ECATEPEC,CR5775,2025-06-12,4.805936226545454,10.343500681090909,0.0,0.0,0,,11000.0,113778.507492,0.0,0.0,0.0,0.0,0,monitor,FOLLOW_UP
EDOMEX - ECATEPEC,CR5776,2025-04-24,1.192345888181818,1.192345888181818,15.17,0.0,0,,11000.0,13115.80477,0.0,0.0,0.0,0.063,0,monitor,FOLLOW_UP
EDOMEX - ECATEPEC,CR5777,2025-07-31,5.133530699363636,11.054777849909092,0.0,0.0,0,,11000.0,121602.556349,0.0,0.0,0.0,0.0,0,monitor,FOLLOW_UP
EDOMEX - TLANEPANTLA,CR5778,2025-07-07,0.3634027985454545,0.3634027985454545,7.64,0.637,0,,11000.0,3997.430784,4333.53,2669.039216,7002.569216,0.478,1,restructure-light,PIA_OPCIONES
EDOMEX - ECATEPEC,CR5779,2025-07-31,4.060750154545454,4.39974769,11.59,0.0,0,,11000.0,48397.22459,0.0,0.0,0.0,0.048,0,monitor,FOLLOW_UP
EDOMEX - ECATEPEC,CR5780,2025-07-30,4.980571741090909,10.401768332727274,0.0,0.0,0,,11000.0,114419.45166,0.0,0.0,0.0,0.0,0,monitor,FOLLOW_UP
EDOMEX - ECATEPEC,CR5782,2025-01-25,1.259025769090909,1.259025769090909,12.04,0.0,0,,11000.0,13849.28346,0.0,0.0,0.0,0.05,0,monitor,FOLLOW_UP
EDOMEX - ECATEPEC,CR5783,2025-07-26,5.216235752727273,10.391786258181815,0.0,0.0,0,,11000.0,114309.64884,0.0,0.0,0.0,0.0,0,monitor,FOLLOW_UP
EDOMEX - ECATEPEC,CR5814,2025-07-01,5.954555116363636,10.03824159181818,17.93,0.0,0,,11000.0,110420.65751,0.0,0.0,0.0,0.075,0,monitor,FOLLOW_UP
EDOMEX - ECATEPEC,CR5815,2025-07-31,5.573100218181818,10.927015159272726,0.0,0.0,0,,11000.0,120197.166752,0.0,0.0,0.0,0.0,0,monitor,FOLLOW_UP
EDOMEX - ECATEPEC,CR5816,2025-07-31,5.202300209454545,9.318751645818182,16.91,0.0,0,,11000.0,102506.268104,0.0,0.0,0.0,0.07,0,monitor,FOLLOW_UP
EDOMEX - TLANEPANTLA,CR5817,2025-07-14,1.5743691403636364,1.5743691403636364,12.3,0.0,0,,11000.0,17318.060544,0.0,0.0,0.0,0.051,0,monitor,FOLLOW_UP
EDOMEX - TLANEPANTLA,CR5818,2025-07-02,4.9946119079999995,8.155018494363636,15.31,0.0,0,,11000.0,89705.203438,0.0,0.0,0.0,0.064,0,monitor,FOLLOW_UP
EDOMEX - ECATEPEC,CR5819,2025-06-11,5.377976789454546,7.883024973090909,14.68,0.0,0,,11000.0,86713.274704,0.0,0.0,0.0,0.061,0,monitor,FOLLOW_UP
EDOMEX - ECATEPEC,CR5820,2025-06-19,5.626106686909091,6.005818167818181,9.89,0.0,0,,11000.0,66063.99984599999,0.0,0.0,0.0,0.041,0,monitor,FOLLOW_UP
EDOMEX - TLANEPANTLA,CR5822,2025-07-09,0.2533136290909091,0.2533136290909091,8.96,0.747,0,,11000.0,2786.44992,5652.92,2560.630080000001,8213.55008,0.56,1,restructure-light,PIA_OPCIONES
EDOMEX - TLANEPANTLA,CR5823,2025-07-10,0.3646035316363636,0.3646035316363636,7.62,0.635,0,,11000.0,4010.638848,3532.55,3456.8111519999993,6989.3611519999995,0.476,1,restructure-light,PIA_OPCIONES
EDOMEX - ECATEPEC,CR5831,2025-07-19,4.597061928,10.241372655272729,0.0,0.0,0,,11000.0,112655.099208,0.0,0.0,0.0,0.0,0,monitor,FOLLOW_UP
EDOMEX - TLANEPANTLA,CR5835,2025-07-11,0.8247338356363636,0.8247338356363636,9.26,0.175,0,,11000.0,9072.072192,1087.41,840.5178080000003,1927.9278080000004,0.161,0,monitor,FOLLOW_UP
EDOMEX - ECATEPEC,CR5836,2025-01-31,4.781319087272727,8.770840192727272,11.71,0.0,0,,11000.0,96479.24212,0.0,0.0,0.0,0.049,0,monitor,FOLLOW_UP
EDOMEX - ECATEPEC,CR5837,2025-05-31,1.1008104456363634,1.1008104456363634,12.33,0.0,0,,11000.0,12108.914902,0.0,0.0,0.0,0.051,0,monitor,FOLLOW_UP
EDOMEX - ECATEPEC,CR5838,2025-01-27,4.333599686363637,8.047237854545454,13.46,0.0,0,,11000.0,88519.6164,0.0,0.0,0.0,0.056,0,monitor,FOLLOW_UP
EDOMEX - ECATEPEC,CR5842,2024-09-28,0.5525342436363636,0.5525342436363636,14.38,0.447,0,,11000.0,6077.87668,3412.56,1509.5633199999997,4922.12332,0.373,1,restructure-light,PIA_OPCIONES
EDOMEX - ECATEPEC,CR5843,2025-02-22,0.6152360163636365,0.6152360163636365,13.2,0.385,0,,11000.0,6767.5961800000005,2953.14,1279.2638199999997,4232.4038199999995,0.324,1,advisor-review,PIA_OPCIONES
EDOMEX - ECATEPEC,CR5846,2025-04-23,2.19984804,2.19984804,16.37,0.0,0,,11000.0,24198.32844,0.0,0.0,0.0,0.068,0,monitor,FOLLOW_UP
EDOMEX - ECATEPEC,CR5847,2025-07-31,5.076344133818181,9.703096459636363,0.0,0.0,0,,11000.0,106734.061056,0.0,0.0,0.0,0.0,0,monitor,FOLLOW_UP
EDOMEX - ECATEPEC,CR5849,2025-04-26,2.153315241818182,2.153315241818182,20.05,0.0,0,,11000.0,23686.46766,0.0,0.0,0.0,0.084,0,monitor,FOLLOW_UP
EDOMEX - TLANEPANTLA,CR5850,2025-07-30,1.2054781025454544,1.2054781025454544,9.73,0.0,0,,11000.0,13260.259127999998,0.0,0.0,0.0,0.041,0,monitor,FOLLOW_UP
EDOMEX - TLANEPANTLA,CR5851,2025-07-29,4.813251192,4.813251192,8.2,0.0,0,,11000.0,52945.763112,0.0,0.0,0.0,0.034,0,monitor,FOLLOW_UP
EDOMEX - ECATEPEC,CR5852,2025-07-30,5.436989253818182,10.901116636181818,13.86,0.0,0,,11000.0,119912.282998,0.0,0.0,0.0,0.058,0,monitor,FOLLOW_UP
EDOMEX - TLANEPANTLA,CR5853,2025-07-18,1.1195890036363634,1.1195890036363634,10.48,0.0,0,,11000.0,12315.479039999998,0.0,0.0,0.0,0.044,0,monitor,FOLLOW_UP
EDOMEX - ECATEPEC,CR5854,2025-07-31,4.8648793832727275,10.33484781381818,0.0,0.0,0,,11000.0,113683.32595199998,0.0,0.0,0.0,0.0,0,monitor,FOLLOW_UP
EDOMEX - TLANEPANTLA,CR5855,2025-07-31,3.937326525090909,3.937326525090909,11.31,0.0,0,,11000.0,43310.591776,0.0,0.0,0.0,0.047,0,monitor,FOLLOW_UP
EDOMEX - TLANEPANTLA,CR5857,2025-07-09,1.4045012943636364,1.4045012943636364,11.98,0.0,0,,11000.0,15449.514238,0.0,0.0,0.0,0.05,0,monitor,FOLLOW_UP
EDOMEX - ECATEPEC,CR5858,2025-07-30,5.091551511272727,10.582130829818182,0.0,0.0,0,,11000.0,116403.439128,0.0,0.0,0.0,0.0,0,monitor,FOLLOW_UP
EDOMEX - ECATEPEC,CR5859,2025-07-30,5.006944302545454,11.101062195272728,0.0,0.0,0,,11000.0,122111.684148,0.0,0.0,0.0,0.0,0,monitor,FOLLOW_UP
EDOMEX - TLANEPANTLA,CR5860,2025-07-26,1.456754269090909,1.456754269090909,10.63,0.0,0,,11000.0,16024.29696,0.0,0.0,0.0,0.044,0,monitor,FOLLOW_UP
EDOMEX - ECATEPEC,CR5896,2025-05-21,2.854066425454546,2.854066425454546,17.85,0.0,0,,11000.0,31394.730679999997,0.0,0.0,0.0,0.074,0,monitor,FOLLOW_UP
EDOMEX - TLANEPANTLA,CR5898,2025-07-09,0.4035898647272727,0.4035898647272727,7.16,0.596,0,,11000.0,4439.488512,4101.94,2458.5714880000005,6560.511488,0.447,1,restructure-light,PIA_OPCIONES
EDOMEX - ECATEPEC,CR5899,2025-07-05,1.7064725716363636,1.7064725716363636,10.27,0.0,0,,11000.0,18771.198288,0.0,0.0,0.0,0.043,0,monitor,FOLLOW_UP
EDOMEX - ECATEPEC,CR5901,2025-06-30,5.699012840727272,5.699012840727272,9.27,0.0,0,,11000.0,62689.141248,0.0,0.0,0.0,0.039,0,monitor,FOLLOW_UP
EDOMEX - ECATEPEC,CR5902,2025-06-20,0.3641015389090909,0.3641015389090909,7.63,0.636,0,,11000.0,4005.116928,4658.85,2336.033072,6994.8830720000005,0.477,1,restructure-light,PIA_OPCIONES
EDOMEX - TLANEPANTLA,CR5903,2025-07-14,0.7814605265454545,0.7814605265454545,9.38,0.219,0,,11000.0,8596.065792,1089.14,1314.7942080000005,2403.9342080000006,0.192,0,monitor,FOLLOW_UP
EDOMEX - TLANEPANTLA,CR5904,2025-07-08,1.6620183963636364,1.6620183963636364,11.55,0.0,0,,11000.0,18282.20236,0.0,0.0,0.0,0.048,0,monitor,FOLLOW_UP
EDOMEX - ECATEPEC,CR5986,2024-09-13,0.3434084809090909,0.3434084809090909,7.88,0.657,0,,11000.0,3777.49329,3555.6,3666.9067099999997,7222.50671,0.493,1,restructure-light,PIA_OPCIONES
EDOMEX - ECATEPEC,CR6078,2025-05-27,0.2830859630909091,0.2830859630909091,8.6,0.717,0,,11000.0,3113.9455940000003,6984.5,901.5544059999993,7886.054405999999,0.538,1,restructure-light,PIA_OPCIONES
EDOMEX - TLANEPANTLA,CR6088,2025-07-04,0.3242055615454545,0.3242055615454545,8.11,0.676,0,,11000.0,3566.261177,4012.77,3420.9688229999997,7433.738823,0.507,1,restructure-light,PIA_OPCIONES
EDOMEX - ECATEPEC,CR6091,2025-07-31,3.4931722037272728,3.4931722037272728,10.64,0.0,0,,11000.0,38424.894241,0.0,0.0,0.0,0.044,0,monitor,FOLLOW_UP
EDOMEX - ECATEPEC,CR6097,2025-07-30,2.6673665246363636,2.6673665246363636,15.3,0.0,0,,11000.0,29341.031771,0.0,0.0,0.0,0.064,0,monitor,FOLLOW_UP
EDOMEX - ECATEPEC,CR6101,2025-07-31,4.614874577454545,10.208656804363637,0.0,0.0,0,,11000.0,112295.224848,0.0,0.0,0.0,0.0,0,monitor,FOLLOW_UP
EDOMEX - ECATEPEC,CR6104,2025-07-31,4.624164584727272,5.487318641454546,16.63,0.0,0,,11000.0,60360.505056,0.0,0.0,0.0,0.069,0,monitor,FOLLOW_UP
EDOMEX - ECATEPEC,CR6105,2025-07-28,5.3214217309090905,6.5047194760909095,16.35,0.0,0,,11000.0,71551.914237,0.0,0.0,0.0,0.068,0,monitor,FOLLOW_UP
EDOMEX - TLANEPANTLA,D15ALS,2025-06-21,0.219130081,0.4863657364545455,273.48,0.901,0,,11000.0,5350.023101000001,3199.95,2450.0268989999995,5649.976898999999,0.737,1,restructure-full,PIA_OPCIONES
EDOMEX - TLANEPANTLA,D41AKT,2025-07-16,0.1728020556363636,0.3332111892727272,306.72,0.912,0,,11000.0,3665.323082,6319.28,1015.3969180000004,7334.676918,0.816,1,restructure-full,PIA_OPCIONES
EDOMEX - TLANEPANTLA,D43AFF,2025-07-31,0.2349838877272727,0.5281298858181818,270.17,0.884,0,,11000.0,5809.428744,4216.77,973.8012559999997,5190.571256,0.713,1,restructure-light,PIA_OPCIONES
EDOMEX - TLANEPANTLA,D45BME,2025-07-25,0.0428185979090909,0.0428185979090909,34.97,0.957,0,,11000.0,471.004577,5194.26,5334.735423,10528.995423,0.816,1,restructure-light,PIA_OPCIONES
EDOMEX - ECATEPEC,DV7041B,2025-04-03,0.1977348236363636,0.1977348236363636,63.6,0.802,0,,11000.0,2175.08306,5530.83,3294.0869399999992,8824.91694,0.827,1,restructure-light,PIA_OPCIONES
EDOMEX - TLANEPANTLA,E44BFC,2023-10-04,0.0325486545454545,0.0325486545454545,23.43,0.967,0,,11000.0,358.0352,6320.2,4321.7648,10641.9648,0.775,1,restructure-light,PIA_OPCIONES
EDOMEX - TLANEPANTLA,E65BCF,2025-03-28,0.0279657618181818,0.0279657618181818,23.49,0.972,0,,11000.0,307.62338,7263.56,3428.8166199999987,10692.37662,0.778,1,restructure-light,PIA_OPCIONES
EDOMEX - ECATEPEC,E9003344,2025-02-23,0.6100603554545454,1.4711629036363636,111.69,0.681,0,,11000.0,16182.79194,0.0,0.0,0.0,0.436,1,advisor-review,PIA_OPCIONES
EDOMEX - ECATEPEC,ECA102,2025-07-31,0.4928016351818182,1.3279298160909092,106.28,0.799,0,,11000.0,14607.227977,0.0,0.0,0.0,0.46,1,advisor-review,PIA_OPCIONES
EDOMEX - ECATEPEC,ECA275,2025-07-31,1.7398992253636365,3.2519212156363633,0.0,0.166,0,,11000.0,35771.133372,0.0,0.0,0.0,0.033,0,monitor,FOLLOW_UP
EDOMEX - ECATEPEC,ECA29,2025-02-05,0.5202602745454545,1.3051360063636364,136.31,0.708,0,,11000.0,14356.49607,0.0,0.0,0.0,0.442,1,advisor-review,PIA_OPCIONES
EDOMEX - ECATEPEC,ECA312,2025-07-31,0.5505220584545454,1.2883199422727274,128.19,0.692,0,,11000.0,14171.519365,0.0,0.0,0.0,0.438,1,advisor-review,PIA_OPCIONES
EDOMEX - ECATEPEC,ECA417,2025-07-31,0.1061137247272727,0.1061137247272727,151.26,0.899,0,,11000.0,1167.250972,8720.89,1111.8590280000008,9832.749028,0.927,1,restructure-full,PIA_OPCIONES
EDOMEX - ECATEPEC,ECA530,2024-11-27,0.0494872854545454,0.0494872854545454,35.05,0.951,0,,11000.0,544.36014,7810.31,2645.329859999999,10455.63986,0.811,1,restructure-light,PIA_OPCIONES
EDOMEX - ECATEPEC,ECA557,2025-03-08,0.2434145827272727,0.6665514672727273,236.65,0.912,0,,11000.0,7332.06614,2783.23,884.7038600000001,3667.93386,0.649,1,advisor-review,PIA_OPCIONES
EDOMEX - TLANEPANTLA,ECO01,2025-01-08,0.0692812872727272,0.0692812872727272,45.42,0.931,0,,11000.0,762.09416,7755.77,2482.135839999999,10237.90584,0.841,1,restructure-light,PIA_OPCIONES
EDOMEX - TLANEPANTLA,ECO010,2023-11-19,0.0420313809090909,0.0420313809090909,11.5,0.958,0,,11000.0,462.34518999999995,6199.98,4337.67481,10537.65481,0.719,1,restructure-light,PIA_OPCIONES
EDOMEX - TLANEPANTLA,ECO010R,2023-11-22,0.0619687936363636,0.0619687936363636,22.91,0.938,0,,11000.0,681.6567299999999,5921.4,4396.94327,10318.34327,0.752,1,restructure-light,PIA_OPCIONES
EDOMEX - TLANEPANTLA,ECO026R,2023-12-30,0.041888029090909,0.041888029090909,23.25,0.958,0,,11000.0,460.76832,4680.85,5858.38168,10539.23168,0.768,1,restructure-light,PIA_OPCIONES
EDOMEX - TLANEPANTLA,ECO028,2025-05-14,0.0427347126363636,0.0427347126363636,23.19,0.957,0,,11000.0,470.081839,7232.91,3297.0081609999997,10529.918161,0.767,1,restructure-light,PIA_OPCIONES
EDOMEX - TLANEPANTLA,ECO035,2024-07-24,0.5793075718181818,0.6293634690909091,129.92000000000002,0.703,0,,11000.0,6922.99816,1930.84,2146.1618399999998,4077.00184,0.626,1,advisor-review,PIA_OPCIONES
EDOMEX - TLANEPANTLA,ECO049,2023-12-10,0.4010240954545454,0.4010240954545454,120.84,0.788,0,,11000.0,4411.26505,2995.8,3592.93495,6588.73495,0.757,1,restructure-full,PIA_OPCIONES
EDOMEX - TLANEPANTLA,ECO057,2023-11-16,0.0453996254545454,0.0453996254545454,23.16,0.955,0,,11000.0,499.39588,6841.95,3658.65412,10500.60412,0.765,1,restructure-light,PIA_OPCIONES
EDOMEX - TLANEPANTLA,ECO065,2023-12-02,0.1944321518181818,0.1944321518181818,97.09,0.824,0,,11000.0,2138.75367,4838.15,4023.0963300000003,8861.24633,0.868,1,restructure-full,PIA_OPCIONES
EDOMEX - TLANEPANTLA,ECO15,2023-12-15,0.1192624345454545,0.1192624345454545,56.27,0.881,0,,11000.0,1311.88678,4178.62,5509.493219999999,9688.11322,0.851,1,restructure-light,PIA_OPCIONES
EDOMEX - TLANEPANTLA,ECO507,2024-11-21,0.0199352536363636,0.0199352536363636,11.76,0.98,0,,11000.0,219.28779,8512.81,2267.90221,10780.71221,0.735,1,restructure-light,PIA_OPCIONES
EDOMEX - TLANEPANTLA,ECO508,2024-07-16,0.0368810718181818,0.0368810718181818,11.56,0.963,0,,11000.0,405.69179,8648.58,1945.7282099999993,10594.30821,0.722,1,restructure-light,PIA_OPCIONES
EDOMEX - TLANEPANTLA,ECO516,2025-02-14,0.634691209090909,1.468251820909091,112.78,0.665,0,,11000.0,16150.77003,0.0,0.0,0.0,0.433,1,advisor-review,PIA_OPCIONES
EDOMEX - TLANEPANTLA,ECO517,2024-11-20,0.3636554645454545,0.8191638981818182,218.79,0.811,0,,11000.0,9010.80288,605.72,1383.4771200000007,1989.1971200000007,0.553,1,advisor-review,PIA_OPCIONES
EDOMEX - TLANEPANTLA,ECO518,2024-08-30,0.0012217445454545,0.0012217445454545,11.99,0.999,0,,11000.0,13.43919,5511.72,5474.840810000001,10986.56081,0.749,1,restructure-light,PIA_OPCIONES
EDOMEX - TLANEPANTLA,ECO533,2023-12-26,0.0504650718181818,0.0504650718181818,23.04,0.95,0,,11000.0,555.11579,8131.41,2313.4742100000003,10444.88421,0.761,1,restructure-light,PIA_OPCIONES
EDOMEX - TLANEPANTLA,ECO534,2024-07-23,0.1287588409090909,0.1287588409090909,54.41,0.871,0,,11000.0,1416.34725,7700.51,1883.142749999999,9583.65275,0.837,1,restructure-light,PIA_OPCIONES
EDOMEX - TLANEPANTLA,ECO772,2025-07-28,4.967296977272727,10.109419445454549,0.0,0.0,0,,11000.0,111203.6139,0.0,0.0,0.0,0.0,0,monitor,FOLLOW_UP
EDOMEX - TLANEPANTLA,F15BEA,2024-07-20,0.3423738327272727,0.3981829954545455,164.01,0.831,0,,11000.0,4380.01295,5061.65,1558.33705,6619.98705,0.767,1,restructure-full,PIA_OPCIONES
EDOMEX - TLANEPANTLA,F42BCG,2024-03-02,0.25405402,0.5323395,266.15999999999997,0.881,0,,11000.0,5855.7345,1900.41,3243.8555000000006,5144.2655,0.71,1,restructure-light,PIA_OPCIONES
EDOMEX - ECATEPEC,F52BEF,2025-07-18,0.0300497842727272,0.0300497842727272,70.9,0.97,0,,11000.0,330.547627,5697.89,4971.562373,10669.452373,0.974,1,restructure-light,PIA_OPCIONES
EDOMEX - ECATEPEC,F62ALD,2025-05-21,0.0508977249090909,0.0508977249090909,46.41,0.949,0,,11000.0,559.8749740000001,9387.4,1052.725026,10440.125026,0.858,1,restructure-light,PIA_OPCIONES
EDOMEX - TLANEPANTLA,F66BAM,2025-07-17,0.1865845228181817,0.3823179800909091,307.68,0.914,0,,11000.0,4205.497781,2823.49,3971.012219,6794.502219,0.792,1,restructure-full,PIA_OPCIONES
EDOMEX - ECATEPEC,F73AGY,2025-07-30,0.2229724192727272,0.3713094738181818,242.79,0.891,0,,11000.0,4084.404212,2713.53,4202.065788,6915.5957880000005,0.793,1,restructure-full,PIA_OPCIONES
EDOMEX - TLANEPANTLA,F87AEX,2025-02-10,0.1458504636363636,0.1458504636363636,121.49,0.903,0,,11000.0,1604.3551,5202.18,4193.464899999999,9395.6449,0.908,1,restructure-full,PIA_OPCIONES
EDOMEX - TLANEPANTLA,FVV484A,2025-07-24,0.009575027090909,0.009575027090909,11.89,0.99,0,,11000.0,105.325298,7319.05,3575.624702,10894.674702,0.743,1,restructure-light,PIA_OPCIONES
EDOMEX - ECATEPEC,G01BFL,2025-07-12,0.1073148090909091,0.1073148090909091,67.57,0.893,0,,11000.0,1180.4629,8442.25,1377.2870999999996,9819.5371,0.906,1,restructure-light,PIA_OPCIONES
EDOMEX - TLANEPANTLA,G07BJK,2025-07-26,0.2254347378181818,0.4776455587272727,279.07,0.887,0,,11000.0,5254.101146,5105.19,640.7088540000004,5745.898854,0.739,1,restructure-full,PIA_OPCIONES
EDOMEX - TLANEPANTLA,G18AMC,2024-09-11,0.0193568445454545,0.0193568445454545,11.77,0.981,0,,11000.0,212.92529,3686.85,7100.22471,10787.07471,0.736,1,restructure-light,PIA_OPCIONES
EDOMEX - TLANEPANTLA,G42ASF,2024-01-22,0.0167282154545454,0.0167282154545454,11.8,0.983,0,,11000.0,184.01037,4140.34,6675.64963,10815.98963,0.737,1,restructure-light,PIA_OPCIONES
EDOMEX - ECATEPEC,G60APY,2025-07-31,0.24140055,0.544370925,270.61,0.872,0,,11000.0,5988.080175,3881.45,1130.4698250000001,5011.919825,0.702,1,restructure-light,PIA_OPCIONES
EDOMEX - TLANEPANTLA,G69AWY,2025-02-18,0.0160595536363636,0.0160595536363636,11.81,0.984,0,,11000.0,176.65509,5004.49,5818.85491,10823.34491,0.738,1,restructure-light,PIA_OPCIONES
EDOMEX - ECATEPEC,GENCEC,2025-01-28,0.5775761854545455,0.5775761854545455,19.3,0.422,0,,11000.0,6353.33804,3860.96,785.7019600000003,4646.66196,0.376,1,restructure-light,PIA_OPCIONES
EDOMEX - TLANEPANTLA,GENTPL,2023-09-25,0.5212920854545454,0.5212920854545454,32.69,0.479,0,,11000.0,5734.212939999999,3675.9,1589.8870600000005,5265.787060000001,0.471,1,restructure-light,PIA_OPCIONES
EDOMEX - TLANEPANTLA,GKZ425B,2023-10-25,0.0132616127272727,0.0132616127272727,11.84,0.987,0,,11000.0,145.87774,3984.62,6869.50226,10854.12226,0.74,1,restructure-light,PIA_OPCIONES
EDOMEX - TLANEPANTLA,GMRP149,2025-05-13,6.40849655090909,15.129569321818185,0.0,0.0,0,,11000.0,166425.26254000005,0.0,0.0,0.0,0.0,0,monitor,FOLLOW_UP
EDOMEX - TLANEPANTLA,GOLDEN01,2025-07-31,4.212094782545455,8.570731481727272,0.0,0.0,0,,11000.0,94278.046299,0.0,0.0,0.0,0.0,0,monitor,FOLLOW_UP
EDOMEX - TLANEPANTLA,GOLDEN02,2025-07-31,2.6265727660909093,6.146955512181817,0.0,0.0,0,,11000.0,67616.51063399999,0.0,0.0,0.0,0.0,0,monitor,FOLLOW_UP
EDOMEX - TLANEPANTLA,GOLDEN03,2025-07-31,6.924941072999999,13.695268860545456,0.0,0.0,0,,11000.0,150647.95746600002,0.0,0.0,0.0,0.0,0,monitor,FOLLOW_UP
EDOMEX - TLANEPANTLA,GOLDEN04,2025-07-31,3.9687797907272726,8.660182146,0.0,0.0,0,,11000.0,95262.003606,0.0,0.0,0.0,0.0,0,monitor,FOLLOW_UP
EDOMEX - ECATEPEC,GOLDEN05,2025-07-31,1.7925281724545454,3.9681520257272727,0.0,0.142,0,,11000.0,43649.672283,0.0,0.0,0.0,0.028,0,monitor,FOLLOW_UP
EDOMEX - TLANEPANTLA,GYM770,2024-08-17,6.061788654545454,6.804226153636365,12.9,0.0,0,,11000.0,74846.48769000001,0.0,0.0,0.0,0.054,0,monitor,FOLLOW_UP
EDOMEX - ECATEPEC,H02BNA,2025-07-22,0.0460966411818181,0.0460966411818181,34.879999999999995,0.954,0,,11000.0,507.063053,9393.54,1099.3969469999993,10492.936947,0.813,1,restructure-light,PIA_OPCIONES
EDOMEX - TLANEPANTLA,H27AKN,2025-07-27,0.207706026,0.4634217987272728,283.13,0.898,0,,11000.0,5097.639786000001,5310.08,592.2802139999994,5902.360213999999,0.748,1,restructure-full,PIA_OPCIONES
EDOMEX - ECATEPEC,H34AEZ,2025-07-31,0.288641626,0.619036180090909,253.8,0.859,0,,11000.0,6809.397980999999,2555.75,1634.8520190000008,4190.602019000001,0.662,1,advisor-review,PIA_OPCIONES
EDOMEX - TLANEPANTLA,H42ASY,2024-06-20,0.0174789172727272,0.0174789172727272,11.79,0.983,0,,11000.0,192.26809,3859.65,6948.081910000001,10807.73191,0.737,1,restructure-light,PIA_OPCIONES
EDOMEX - TLANEPANTLA,HCF283E,2025-06-21,0.2504951450909091,0.4132566332727272,238.59,0.867,0,,11000.0,4545.822966,4754.83,1699.3470340000003,6454.177034,0.767,1,restructure-full,PIA_OPCIONES
EDOMEX - TLANEPANTLA,HEC477G,2024-01-19,0.3005476309090909,0.4942306754545454,228.04,0.852,0,,11000.0,5436.53743,4929.22,634.2425699999994,5563.46257,0.723,1,restructure-full,PIA_OPCIONES
EDOMEX - ECATEPEC,HKU340C,2025-05-12,0.9664874958181818,0.9664874958181818,34.22,0.034,0,,11000.0,10631.362454,181.0,187.63754599999993,368.63754599999993,0.166,0,monitor,FOLLOW_UP
EDOMEX - ECATEPEC,HN4160F,2025-07-22,2.4295368555454546,2.4295368555454546,7.28,0.0,0,,11000.0,26724.905411,0.0,0.0,0.0,0.03,0,monitor,FOLLOW_UP
EDOMEX - ECATEPEC,J0074334,2025-07-31,0.5757632270909091,1.1275584836363637,163.69,0.704,0,,11000.0,12403.14332,0.0,0.0,0.0,0.441,1,advisor-review,PIA_OPCIONES
EDOMEX - TLANEPANTLA,J32BGP,2023-10-05,0.0141667172727272,0.0141667172727272,11.83,0.986,0,,11000.0,155.83389,3587.81,7256.356110000001,10844.16611,0.739,1,restructure-light,PIA_OPCIONES
EDOMEX - ECATEPEC,J45ADU,2025-07-07,0.2463507450909091,0.4424427741818181,257.53,0.869,0,,11000.0,4866.870516,4313.79,1819.339484,6133.129484,0.753,1,restructure-full,PIA_OPCIONES
EDOMEX - ECATEPEC,J50AXL,2025-07-07,0.1900703585454545,0.3834799369090909,294.34000000000003,0.907,0,,11000.0,4218.279305999999,3472.26,3309.4606940000003,6781.720694000001,0.79,1,restructure-full,PIA_OPCIONES
EDOMEX - TLANEPANTLA,J55BFW,2024-08-21,0.1249377763636363,0.1249377763636363,100.82,0.901,0,,11000.0,1374.31554,7435.63,2190.0544600000003,9625.68446,0.918,1,restructure-full,PIA_OPCIONES
EDOMEX - TLANEPANTLA,J68BGU,2024-07-29,0.1019333781818181,0.1019333781818181,67.77,0.898,0,,11000.0,1121.26716,7895.8,1982.9328400000004,9878.73284,0.911,1,restructure-light,PIA_OPCIONES
EDOMEX - TLANEPANTLA,J75AUP,2025-03-31,0.0323593072727272,0.0323593072727272,23.41,0.968,0,,11000.0,355.95237999999995,8437.95,2206.0976199999986,10644.04762,0.775,1,restructure-light,PIA_OPCIONES
EDOMEX - ECATEPEC,J75BNH,2025-07-31,0.2085271188181818,0.4509352119090908,282.93,0.886,0,,11000.0,4960.2873309999995,3321.84,2717.8726690000003,6039.7126690000005,0.752,1,restructure-full,PIA_OPCIONES
EDOMEX - ECATEPEC,JPL2583,2025-06-20,0.1372091184545454,0.1372091184545454,133.27,0.919,0,,11000.0,1509.300303,4678.23,4812.469697,9490.699697,0.915,1,restructure-full,PIA_OPCIONES
EDOMEX - ECATEPEC,K00882,2025-03-26,0.7528020854545454,1.084641660909091,125.72,0.621,0,,11000.0,11931.05827,0.0,0.0,0.0,0.424,0,monitor,FOLLOW_UP
EDOMEX - ECATEPEC,K0088219,2025-03-25,0.0364230545454545,0.0364230545454545,23.29,0.964,0,,11000.0,400.6536,8276.33,2323.0164000000004,10599.3464,0.772,1,restructure-light,PIA_OPCIONES
EDOMEX - TLANEPANTLA,K0088228,2024-02-26,0.0572366618181818,0.0572366618181818,23.18,0.943,0,,11000.0,629.60328,6167.84,4202.5567200000005,10370.39672,0.757,1,restructure-light,PIA_OPCIONES
EDOMEX - ECATEPEC,K0088237,2025-07-29,0.6886050005454546,1.5710700646363638,95.23,0.663,0,,11000.0,17281.770711,0.0,0.0,0.0,0.433,0,monitor,FOLLOW_UP
EDOMEX - ECATEPEC,K008854,2025-05-25,1.0520261836363636,2.1701218715454544,20.0,0.579,0,,11000.0,23871.340587,0.0,0.0,0.0,0.199,0,monitor,FOLLOW_UP
EDOMEX - TLANEPANTLA,K0088915,2023-10-24,0.1478340818181818,0.1478340818181818,32.35,0.852,0,,11000.0,1626.1749,7756.29,1617.5351,9373.8251,0.731,1,restructure-light,PIA_OPCIONES
EDOMEX - ECATEPEC,K009100,2025-04-14,0.7089989754545454,1.313629819090909,176.08,0.646,0,,11000.0,14449.92801,0.0,0.0,0.0,0.429,0,monitor,FOLLOW_UP
EDOMEX - TLANEPANTLA,K52BEM,2024-09-01,0.0218123436363636,0.0218123436363636,23.61,0.978,0,,11000.0,239.93578,4219.19,6540.874220000001,10760.06422,0.783,1,restructure-light,PIA_OPCIONES
EDOMEX - TLANEPANTLA,K56BHK,2025-07-31,0.2422663300909091,0.515632414909091,274.34000000000003,0.875,0,,11000.0,5671.956564,3305.01,2023.0334359999997,5328.043436,0.717,1,restructure-light,PIA_OPCIONES
EDOMEX - TLANEPANTLA,K72ADJ,2024-02-09,0.0616057909090909,0.0616057909090909,34.5,0.938,0,,11000.0,677.6637000000001,3514.87,6807.466299999999,10322.336299999999,0.801,1,restructure-light,PIA_OPCIONES
EDOMEX - TLANEPANTLA,K74BDK,2025-06-27,0.0587041157272727,0.0587041157272727,46.28,0.941,0,,11000.0,645.745273,3434.34,6919.914726999999,10354.254727,0.852,1,restructure-light,PIA_OPCIONES
EDOMEX - ECATEPEC,K76BKB,2025-03-20,0.0192585809090909,0.0192585809090909,11.77,0.981,0,,11000.0,211.84439,3239.8,7548.35561,10788.15561,0.736,1,restructure-light,PIA_OPCIONES
EDOMEX - TLANEPANTLA,K95AVE,2025-07-31,0.2015946608181818,0.4647088813636363,283.12,0.903,0,,11000.0,5111.797695,3307.93,2580.272305,5888.202305,0.748,1,restructure-full,PIA_OPCIONES
EDOMEX - TLANEPANTLA,L0093988,2024-07-20,0.2227259972727273,0.2227259972727273,52.97,0.777,0,,11000.0,2449.98597,6538.83,2011.1840300000003,8550.01403,0.765,1,restructure-light,PIA_OPCIONES
EDOMEX - ECATEPEC,L37AZX,2025-03-17,0.0179374809090909,0.0179374809090909,11.78,0.982,0,,11000.0,197.31229,3466.62,7336.06771,10802.68771,0.737,1,restructure-light,PIA_OPCIONES
EDOMEX - TLANEPANTLA,L48BKG,2025-07-31,0.2322047967272727,0.5771858642727272,256.92,0.889,0,,11000.0,6349.044507,3215.46,1435.4954930000004,4650.955493,0.689,1,restructure-light,PIA_OPCIONES
EDOMEX - TLANEPANTLA,L57AZT,2025-02-23,0.8131230954545454,1.5752291645454544,133.57,0.61,0,,11000.0,17327.520809999998,0.0,0.0,0.0,0.422,0,monitor,FOLLOW_UP
EDOMEX - ECATEPEC,L59AZH,2025-07-31,0.2033628581818181,0.432992315,286.63000000000005,0.901,0,,11000.0,4762.915465,2499.83,3737.254535,6237.084535,0.764,1,restructure-full,PIA_OPCIONES
EDOMEX - TLANEPANTLA,L62AYS,2025-07-29,0.2505308928181818,0.5095297137272727,293.78000000000003,0.875,0,,11000.0,5604.826851,2093.97,3301.2031490000004,5395.173149,0.72,1,restructure-light,PIA_OPCIONES
EDOMEX - ECATEPEC,L89ADJ,2025-07-04,0.2283777926363636,0.3896293826363636,288.02,0.892,0,,11000.0,4285.923209,5481.91,1232.1667910000006,6714.076791,0.784,1,restructure-full,PIA_OPCIONES
EDOMEX - TLANEPANTLA,L93AXB,2024-01-13,0.0168244809090909,0.0168244809090909,11.8,0.983,0,,11000.0,185.06929,8585.7,2229.23071,10814.93071,0.737,1,restructure-light,PIA_OPCIONES
EDOMEX - TLANEPANTLA,L95BCL,2025-01-07,0.1574821581818181,0.1574821581818181,109.36,0.894,0,,11000.0,1732.3037399999998,5777.16,3490.5362600000008,9267.69626,0.9,1,restructure-full,PIA_OPCIONES
EDOMEX - TLANEPANTLA,L95BJV,2025-07-30,0.2196959457272727,0.4577612228181819,281.81,0.89,0,,11000.0,5035.373451,4721.12,1243.5065489999997,5964.626549,0.749,1,restructure-full,PIA_OPCIONES
EDOMEX - TLANEPANTLA,L97BKG,2025-01-12,0.2781549336363636,0.36141994,176.99,0.86,0,,11000.0,3975.61934,2498.25,4526.13066,7024.38066,0.791,1,restructure-full,PIA_OPCIONES
EDOMEX - ECATEPEC,LB46144,2025-07-02,0.2383439085018182,0.2383439085018182,82.88,0.789,0,,11000.0,2621.78299352,4496.5,3881.7170064799993,8378.21700648,0.839,1,restructure-full,PIA_OPCIONES
EDOMEX - ECATEPEC,LB46147,2025-07-23,0.0688973723345454,0.0688973723345454,22.75,0.931,0,,11000.0,757.87109568,7606.61,2635.51890432,10242.12890432,0.747,1,restructure-light,PIA_OPCIONES
EDOMEX - TLANEPANTLA,LB46149,2025-07-31,0.4149141823418182,0.8510223721309091,214.28,0.791,0,,11000.0,9361.24609344,744.77,893.9839065599995,1638.7539065599995,0.533,1,advisor-review,PIA_OPCIONES
EDOMEX - ECATEPEC,LB67312,2025-07-29,0.2229573088581818,0.2229573088581818,73.3,0.777,0,,11000.0,2452.53039744,6422.55,2124.9196025600004,8547.46960256,0.844,1,restructure-full,PIA_OPCIONES
EDOMEX - TLANEPANTLA,LB82663,2025-07-29,0.38129271744,0.7332039260509091,229.98,0.812,0,,11000.0,8065.24318656,1768.21,1166.5468134399998,2934.75681344,0.596,1,advisor-review,PIA_OPCIONES
EDOMEX - TLANEPANTLA,LC33620,2025-07-30,0.3990768137890909,0.8458554864872727,219.26,0.803,0,,11000.0,9304.41035136,1271.96,423.6296486399997,1695.5896486399997,0.538,1,advisor-review,PIA_OPCIONES
EDOMEX - TLANEPANTLA,LC33624,2025-07-31,0.4460628310690909,0.9091314187636363,224.7,0.774,0,,11000.0,10000.4456064,578.55,421.0043935999995,999.5543935999995,0.5,1,advisor-review,PIA_OPCIONES
EDOMEX - TLANEPANTLA,LC33626,2025-07-31,0.4063050070690909,0.8668220912290909,217.03,0.792,0,,11000.0,9535.04300352,762.87,702.0869964799994,1464.9569964799994,0.525,1,advisor-review,PIA_OPCIONES
EDOMEX - TLANEPANTLA,LE16176,2025-06-19,0.3483770176363636,0.6894755021818182,269.61,0.829,0,,11000.0,7584.230524,1473.95,1941.8194760000003,3415.7694760000004,0.621,1,advisor-review,PIA_OPCIONES
EDOMEX - TLANEPANTLA,LE17532,2025-07-28,0.3113831623636364,0.3113831623636364,110.14,0.797,0,,11000.0,3425.214786,3219.49,4355.295214,7574.7852139999995,0.804,1,restructure-full,PIA_OPCIONES
EDOMEX - ECATEPEC,LE41033,2025-03-31,0.1416586254909091,0.1416586254909091,54.92,0.858,0,,11000.0,1558.2448804,7089.76,2351.9951196,9441.7551196,0.83,1,restructure-light,PIA_OPCIONES
EDOMEX - TLANEPANTLA,LE73329,2025-07-06,0.300241127090909,0.4269599489090909,194.42,0.827,0,,11000.0,4696.559438,2340.76,3962.6805619999996,6303.440562,0.752,1,restructure-full,PIA_OPCIONES
EDOMEX - TLANEPANTLA,LF28206,2025-07-30,0.3357283042727272,0.3876641299090909,152.54,0.834,0,,11000.0,4264.305429,2368.2,4367.494571,6735.694571,0.773,1,restructure-full,PIA_OPCIONES
EDOMEX - TLANEPANTLA,LF63372,2025-07-31,0.3236626922454546,0.7086743644145455,238.1,0.839,0,,11000.0,7795.41800856,1300.34,1904.24199144,3204.58199144,0.613,1,advisor-review,PIA_OPCIONES
EDOMEX - TLANEPANTLA,LF95269,2024-12-23,0.729870289090909,0.8426856781818183,107.99,0.629,0,,11000.0,9269.54246,701.2,1029.2575399999994,1730.4575399999994,0.504,1,advisor-review,PIA_OPCIONES
EDOMEX - TLANEPANTLA,LG14267,2025-04-03,0.5651847409090909,0.5651847409090909,47.69,0.435,0,,11000.0,6217.03215,3797.03,985.9378499999998,4782.96785,0.503,1,restructure-light,PIA_OPCIONES
EDOMEX - TLANEPANTLA,LG58472,2025-06-05,0.3336694129363636,0.6786097921909091,243.59,0.866,0,,11000.0,7464.7077141,1905.89,1629.4022859,3535.2922859,0.634,1,advisor-review,PIA_OPCIONES
EDOMEX - TLANEPANTLA,LG58491,2025-07-29,0.2735050703509091,0.7243683342763636,235.38,0.87,0,,11000.0,7968.05167704,2711.27,320.67832296000006,3031.94832296,0.612,1,advisor-review,PIA_OPCIONES
EDOMEX - ECATEPEC,LGG763B,2025-07-27,0.2658828390909091,0.4445279860909091,248.14,0.852,0,,11000.0,4889.807847,2336.09,3774.102153,6110.192153,0.748,1,restructure-full,PIA_OPCIONES
EDOMEX - ECATEPEC,LGJ732B,2025-07-31,0.6157173387272727,1.464413463,105.98,0.713,0,,11000.0,16108.548092999998,0.0,0.0,0.0,0.443,1,advisor-review,PIA_OPCIONES
EDOMEX - TLANEPANTLA,LGM538A,2025-07-13,0.2238548327272727,0.5129907263636363,281.63,0.884,0,,11000.0,5642.8979899999995,3049.46,2307.6420100000005,5357.1020100000005,0.72,1,restructure-light,PIA_OPCIONES
EDOMEX - ECATEPEC,LGX501B,2025-04-08,0.2220408799999999,0.25070875,166.51,0.902,0,,11000.0,2757.79625,4415.77,3826.43375,8242.20375,0.855,1,restructure-full,PIA_OPCIONES
EDOMEX - TLANEPANTLA,LHJ272C,2025-04-29,0.0039192997272727,0.0039192997272727,11.95,0.996,0,,11000.0,43.112297,9039.99,1916.8977030000005,10956.887703,0.747,1,restructure-light,PIA_OPCIONES
EDOMEX - TLANEPANTLA,LHL900C,2025-07-30,0.2310863945454545,0.4952882663636364,275.18,0.888,0,,11000.0,5448.17093,4915.35,636.4790699999994,5551.82907,0.73,1,restructure-full,PIA_OPCIONES
EDOMEX - TLANEPANTLA,LHN874B,2025-07-29,0.2218589211818181,0.4592181242727272,287.84,0.882,0,,11000.0,5051.399366999999,4899.95,1048.650633000001,5948.600633000001,0.747,1,restructure-full,PIA_OPCIONES
EDOMEX - TLANEPANTLA,LHT976A,2025-04-21,0.0102947536363636,0.0102947536363636,11.88,0.99,0,,11000.0,113.24229,4522.15,6364.60771,10886.75771,0.742,1,restructure-light,PIA_OPCIONES
EDOMEX - TLANEPANTLA,LHY326B,2025-07-29,0.230099928,0.4504366966363636,288.35,0.891,0,,11000.0,4954.803663,2614.42,3430.7763370000002,6045.196337,0.753,1,restructure-full,PIA_OPCIONES
EDOMEX - ECATEPEC,LKC143B,2025-07-28,0.2444039532727272,0.5394603452727272,267.46,0.876,0,,11000.0,5934.063797999999,3513.96,1551.9762020000007,5065.936202000001,0.705,1,restructure-light,PIA_OPCIONES
EDOMEX - ECATEPEC,LKE361A,2025-07-30,0.2322942537272727,0.4952749064545455,275.91999999999996,0.879,0,,11000.0,5448.0239710000005,2628.58,2923.3960289999995,5551.9760289999995,0.728,1,restructure-full,PIA_OPCIONES
EDOMEX - ECATEPEC,LKH469A,2024-10-03,0.2363231163636364,0.5624341418181819,262.61,0.881,0,,11000.0,6186.77556,3565.81,1247.41444,4813.22444,0.695,1,restructure-light,PIA_OPCIONES
EDOMEX - TLANEPANTLA,LKS335C,2025-07-18,0.0629739982727272,0.0629739982727272,57.64,0.937,0,,11000.0,692.713981,6595.14,3712.146018999999,10307.286019,0.896,1,restructure-light,PIA_OPCIONES
EDOMEX - TLANEPANTLA,LKX660B,2025-07-12,0.1360674041818181,0.1360674041818181,88.57,0.881,0,,11000.0,1496.741446,5992.23,3511.0285540000004,9503.258554,0.908,1,restructure-full,PIA_OPCIONES
EDOMEX - TLANEPANTLA,LLG870A,2024-04-25,0.1606898127272727,0.1757359309090909,174.44,0.925,0,,11000.0,1933.09524,7227.49,1839.4147599999997,9066.90476,0.897,1,restructure-full,PIA_OPCIONES
EDOMEX - ECATEPEC,LLK145A,2025-07-31,0.4196324783890909,0.8303540531236365,221.67,0.788,0,,11000.0,9133.89458436,1355.39,510.7154156400004,1866.1054156400005,0.542,1,advisor-review,PIA_OPCIONES
EDOMEX - ECATEPEC,LLZ105A,2025-06-24,0.20595217,0.4776698047272728,282.32,0.898,0,,11000.0,5254.367852,1815.31,3930.3221479999997,5745.632148,0.741,1,restructure-full,PIA_OPCIONES
EDOMEX - ECATEPEC,LMA529B,2025-06-20,0.0633100599090909,0.0633100599090909,57.82,0.937,0,,11000.0,696.410659,3396.84,6906.749341000001,10303.589341,0.897,1,restructure-light,PIA_OPCIONES
EDOMEX - TLANEPANTLA,LMB124C,2025-07-18,0.1688127783636363,0.1688127783636363,86.49,0.85,0,,11000.0,1856.940562,6042.97,3100.089438,9143.059438,0.886,1,restructure-full,PIA_OPCIONES
EDOMEX - ECATEPEC,LMF593A,2025-05-22,0.113548545,0.113548545,89.7,0.897,0,,11000.0,1249.033995,5769.8,3981.166005,9750.966005,0.923,1,restructure-full,PIA_OPCIONES
EDOMEX - TLANEPANTLA,LMF749A,2025-07-19,0.2392694644545454,0.5246194217272727,273.03999999999996,0.869,0,,11000.0,5770.813639,2385.09,2844.096361,5229.186361,0.711,1,restructure-light,PIA_OPCIONES
EDOMEX - TLANEPANTLA,LMG569A,2025-07-30,0.271572339,0.6020234709090909,264.56,0.85,0,,11000.0,6622.25818,2412.98,1964.7618200000002,4377.74182,0.669,1,advisor-review,PIA_OPCIONES
EDOMEX - TLANEPANTLA,LMM734A,2025-07-31,0.3291527278745454,0.7254301544945455,241.62,0.852,0,,11000.0,7979.731699440001,2279.54,740.7283005599993,3020.2683005599993,0.608,1,advisor-review,PIA_OPCIONES
EDOMEX - TLANEPANTLA,LMN574A,2024-10-05,0.010382099090909,0.010382099090909,11.88,0.99,0,,11000.0,114.20309,8664.73,2221.0669099999996,10885.79691,0.742,1,restructure-light,PIA_OPCIONES
EDOMEX - ECATEPEC,LMS927B,2025-07-31,0.2389387316363636,0.5721305239090909,263.2,0.894,0,,11000.0,6293.4357629999995,2996.83,1709.7342370000006,4706.5642370000005,0.693,1,restructure-light,PIA_OPCIONES
EDOMEX - ECATEPEC,LMU573B,2025-07-31,0.2474868645454545,0.5346428749090909,271.36,0.87,0,,11000.0,5881.071624,2719.29,2399.638376,5118.928376,0.707,1,restructure-light,PIA_OPCIONES
EDOMEX - TLANEPANTLA,LPB973A,2024-12-09,0.1075849318181818,0.1075849318181818,79.08,0.892,0,,11000.0,1183.43425,4539.36,5277.20575,9816.56575,0.925,1,restructure-full,PIA_OPCIONES
EDOMEX - ECATEPEC,LPM957A,2025-05-18,0.1938503529090909,0.225718342,167.96,0.92,0,,11000.0,2482.901762,5222.27,3294.828238,8517.098238,0.871,1,restructure-full,PIA_OPCIONES
EDOMEX - TLANEPANTLA,LPM957A,2025-05-18,0.1874423628181818,0.2342671691818182,177.71,0.923,0,,11000.0,2576.938861,4117.61,4305.451139,8423.061139,0.867,1,restructure-full,PIA_OPCIONES
EDOMEX - TLANEPANTLA,LRK797A,2025-07-01,0.1425735962727272,0.1425735962727272,121.95,0.909,0,,11000.0,1568.309559,6021.73,3409.960441000001,9431.690441,0.911,1,restructure-full,PIA_OPCIONES
EDOMEX - TLANEPANTLA,LRN332A,2024-05-13,0.0197062263636363,0.0197062263636363,11.76,0.98,0,,11000.0,216.76849,7612.87,3170.3615099999997,10783.23151,0.735,1,restructure-light,PIA_OPCIONES
EDOMEX - TLANEPANTLA,LRS739A,2025-07-27,0.2142004359090909,0.4869479306363637,277.34999999999997,0.905,0,,11000.0,5356.427237000001,1916.83,3726.7427629999993,5643.572762999999,0.738,1,restructure-full,PIA_OPCIONES
EDOMEX - TLANEPANTLA,LRV034B,2025-03-17,0.01800299,0.01800299,11.78,0.982,0,,11000.0,198.03289,3247.51,7554.457109999999,10801.96711,0.736,1,restructure-light,PIA_OPCIONES
EDOMEX - TLANEPANTLA,LRV397A,2024-04-12,0.2074317218181818,0.4698960709090909,276.82,0.894,0,,11000.0,5168.85678,2492.03,3339.1132199999997,5831.14322,0.744,1,restructure-full,PIA_OPCIONES
EDOMEX - TLANEPANTLA,LSA232A,2025-04-22,0.45348987,0.45348987,130.8,0.786,0,,11000.0,4988.38857,5029.96,981.6514299999999,6011.61143,0.73,1,restructure-full,PIA_OPCIONES
EDOMEX - TLANEPANTLA,LSC039A,2024-03-24,0.0143344809090909,0.0143344809090909,11.83,0.986,0,,11000.0,157.67928999999998,7457.07,3385.2507100000003,10842.32071,0.739,1,restructure-light,PIA_OPCIONES
EDOMEX - TLANEPANTLA,LSG918A,2025-05-25,0.0481357524545454,0.0481357524545454,34.79,0.952,0,,11000.0,529.493277,4221.46,6249.046723,10470.506723,0.811,1,restructure-light,PIA_OPCIONES
EDOMEX - ECATEPEC,LTY048A,2025-07-30,0.2531776750909091,0.4995528942727273,273.71,0.886,0,,11000.0,5495.081837000001,4591.97,912.9481629999991,5504.918162999999,0.727,1,restructure-full,PIA_OPCIONES
EDOMEX - TLANEPANTLA,LUB299B,2025-07-28,0.2866500766363636,0.5898444349090909,263.18,0.841,0,,11000.0,6488.288784,2625.7,1886.0112159999999,4511.711216,0.673,1,restructure-light,PIA_OPCIONES
EDOMEX - ECATEPEC,LUC775A,2025-06-22,0.2676925857272727,0.3669104711818182,200.89,0.854,0,,11000.0,4036.015183,4078.49,2885.4948170000007,6963.9848170000005,0.787,1,restructure-full,PIA_OPCIONES
EDOMEX - TLANEPANTLA,LUE056A,2024-05-06,0.2376595836363636,0.3823473418181818,195.15,0.879,0,,11000.0,4205.82076,5852.0,942.1792400000004,6794.17924,0.785,1,restructure-full,PIA_OPCIONES
EDOMEX - ECATEPEC,LUG097B,2025-07-31,0.2993868296363636,0.6728328477272727,251.02,0.857,0,,11000.0,7401.161325,1208.1,2390.738675,3598.838675,0.635,1,advisor-review,PIA_OPCIONES
EDOMEX - ECATEPEC,LUJ963A,2025-07-31,0.8683511353636365,1.7499622262727272,69.8,0.599,0,,11000.0,19249.584489,0.0,0.0,0.0,0.411,0,monitor,FOLLOW_UP
EDOMEX - ECATEPEC,LUK295A,2025-07-27,0.048606326090909,0.048606326090909,34.81,0.951,0,,11000.0,534.669587,6817.77,3647.5604129999992,10465.330413,0.811,1,restructure-light,PIA_OPCIONES
EDOMEX - ECATEPEC,LUP764B,2025-05-12,0.2534413525454546,0.5457767625454546,268.64000000000004,0.859,0,,11000.0,6003.544388,2084.98,2911.4756119999997,4996.455612,0.699,1,restructure-light,PIA_OPCIONES
EDOMEX - TLANEPANTLA,LUY792A,2024-03-02,0.0533362899999999,0.0533362899999999,46.55,0.947,0,,11000.0,586.6991899999999,7369.66,3043.640810000001,10413.30081,0.857,1,restructure-light,PIA_OPCIONES
EDOMEX - TLANEPANTLA,LVA200C,2025-07-26,0.2021647667272727,0.2021647667272727,147.92,0.914,0,,11000.0,2223.812434,3760.2,5015.987566000001,8776.187566,0.882,1,restructure-full,PIA_OPCIONES
EDOMEX - TLANEPANTLA,LVJ213A,2024-11-24,0.2205149072727272,0.5380391781818182,261.27,0.896,0,,11000.0,5918.430960000001,1826.79,3254.7790399999994,5081.569039999999,0.71,1,restructure-light,PIA_OPCIONES
EDOMEX - TLANEPANTLA,LVS956A,2025-07-31,0.2161755012727272,0.4782295445454545,278.92,0.899,0,,11000.0,5260.52499,2434.63,3304.84501,5739.47501,0.741,1,restructure-full,PIA_OPCIONES
EDOMEX - ECATEPEC,LWM663A,2025-07-23,0.2002553950909091,0.4069191078181818,292.26,0.899,0,,11000.0,4476.110186,3611.89,2911.9998140000002,6523.889814,0.776,1,restructure-full,PIA_OPCIONES
EDOMEX - TLANEPANTLA,LWP774A,2025-06-16,0.0152198362727272,0.0152198362727272,11.82,0.985,0,,11000.0,167.418199,4394.59,6437.991801,10832.581801,0.739,1,restructure-light,PIA_OPCIONES
EDOMEX - ECATEPEC,LWT662A,2025-06-04,0.0173488817272727,0.0173488817272727,11.79,0.983,0,,11000.0,190.837699,4116.29,6692.872301,10809.162301,0.737,1,restructure-light,PIA_OPCIONES
EDOMEX - TLANEPANTLA,LWY580A,2025-07-30,0.5176859299090909,1.022295053181818,194.37,0.75,0,,11000.0,11245.245585,0.0,0.0,0.0,0.45,1,advisor-review,PIA_OPCIONES
EDOMEX - TLANEPANTLA,LWZ452A,2025-07-13,0.3088985350909091,0.6704509153636363,248.03,0.845,0,,11000.0,7374.960069,1784.38,1840.6599310000001,3625.0399310000003,0.634,1,advisor-review,PIA_OPCIONES
EDOMEX - TLANEPANTLA,LXL030A,2024-03-06,0.2633166763636363,0.5327226809090909,266.64,0.868,0,,11000.0,5859.94949,2654.61,2485.44051,5140.05051,0.707,1,restructure-light,PIA_OPCIONES
EDOMEX - TLANEPANTLA,LXL539A,2025-05-23,0.191383780090909,0.4257646873636364,287.52,0.898,0,,11000.0,4683.411561,2104.45,4212.138439,6316.588439,0.767,1,restructure-full,PIA_OPCIONES
EDOMEX - TLANEPANTLA,LYC130B,2025-03-18,0.2001545372727272,0.2001545372727272,117.5,0.872,0,,11000.0,2201.69991,4526.04,4272.260090000001,8798.30009,0.874,1,restructure-full,PIA_OPCIONES
EDOMEX - ECATEPEC,LYD851A,2025-01-17,0.2508549981818181,0.3224389745454545,192.21,0.889,0,,11000.0,3546.82872,3420.14,4033.0312800000006,7453.1712800000005,0.817,1,restructure-full,PIA_OPCIONES
EDOMEX - TLANEPANTLA,LYD932B,2025-07-31,0.2242068289090909,0.474105559,280.63,0.886,0,,11000.0,5215.1611490000005,3854.39,1930.4488509999996,5784.8388509999995,0.74,1,restructure-full,PIA_OPCIONES
EDOMEX - TLANEPANTLA,LYX364A,2024-10-27,0.2576389009090909,0.5494505727272727,266.72,0.865,0,,11000.0,6043.9563,2097.57,2858.4737,4956.0437,0.698,1,restructure-light,PIA_OPCIONES
EDOMEX - TLANEPANTLA,LZG813A,2025-05-31,0.0582706241818181,0.0582706241818181,58.06,0.942,0,,11000.0,640.976866,8629.27,1729.7531339999987,10359.023134,0.901,1,restructure-light,PIA_OPCIONES
EDOMEX - ECATEPEC,LZW205B,2025-04-02,0.2826696645454545,0.6135870481818182,254.96,0.857,0,,11000.0,6749.457530000001,3646.12,604.4224699999995,4250.542469999999,0.665,1,advisor-review,PIA_OPCIONES
EDOMEX - TLANEPANTLA,M00623,2025-04-27,0.2493883362727272,0.510413818090909,273.6,0.864,0,,11000.0,5614.551998999999,1938.22,3447.2280010000004,5385.448001000001,0.718,1,restructure-light,PIA_OPCIONES
EDOMEX - TLANEPANTLA,M02696,2025-04-06,0.3692110418181817,0.656144950909091,254.83,0.864,0,,11000.0,7217.59446,1378.47,2403.9355399999995,3782.4055399999997,0.645,1,advisor-review,PIA_OPCIONES
EDOMEX - TLANEPANTLA,M05ADW,2024-06-17,0.0192913354545454,0.0192913354545454,11.77,0.981,0,,11000.0,212.20469,3982.81,6804.98531,10787.79531,0.736,1,restructure-light,PIA_OPCIONES
EDOMEX - TLANEPANTLA,M07BKD,2025-01-25,0.2192536718181818,0.5035036172727273,272.71,0.889,0,,11000.0,5538.53979,3668.69,1792.7702100000001,5461.46021,0.726,1,restructure-light,PIA_OPCIONES
EDOMEX - TLANEPANTLA,M10ASM,2025-07-31,0.2581162595454546,0.5225436886363637,267.0,0.875,0,,11000.0,5747.9805750000005,1959.96,3292.0594249999995,5252.0194249999995,0.714,1,restructure-light,PIA_OPCIONES
EDOMEX - ECATEPEC,M30AFK,2025-07-12,0.1671620923636363,0.1671620923636363,109.2,0.88,0,,11000.0,1838.783016,7433.68,1727.5369840000003,9161.216984,0.892,1,restructure-full,PIA_OPCIONES
EDOMEX - TLANEPANTLA,M76BDV,2023-11-04,0.0083771872727272,0.0083771872727272,11.9,0.992,0,,11000.0,92.14906,8208.84,2699.01094,10907.85094,0.744,1,restructure-light,PIA_OPCIONES
EDOMEX - ECATEPEC,M88BHK,2025-07-31,0.1855465856363636,0.4396833184545454,281.99,0.911,0,,11000.0,4836.516503,4880.77,1282.7134969999997,6163.483497,0.762,1,restructure-full,PIA_OPCIONES
EDOMEX - ECATEPEC,M90632,2024-10-22,0.8254966172727273,1.1208797863636364,99.56,0.613,0,,11000.0,12329.67765,0.0,0.0,0.0,0.423,0,monitor,FOLLOW_UP
EDOMEX - ECATEPEC,MAF974B,2024-11-08,0.1108421854545454,0.1108421854545454,79.01,0.889,0,,11000.0,1219.26404,8783.16,997.5759600000001,9780.73596,0.922,1,restructure-full,PIA_OPCIONES
EDOMEX - TLANEPANTLA,MAT739C,2025-07-29,0.0446643165454545,0.0446643165454545,34.9,0.955,0,,11000.0,491.3074820000001,3431.14,7077.552518,10508.692518,0.814,1,restructure-light,PIA_OPCIONES
EDOMEX - TLANEPANTLA,MAW556B,2025-07-30,0.3176110835454545,0.668002362,252.27,0.832,0,,11000.0,7348.025982,1974.84,1677.134018,3651.974018,0.632,1,advisor-review,PIA_OPCIONES
EDOMEX - TLANEPANTLA,MBB284A,2025-06-30,0.1973921199090909,0.2815548508181817,194.95,0.91,0,,11000.0,3097.1033589999997,3906.89,3996.0066410000004,7902.896641,0.841,1,restructure-full,PIA_OPCIONES
EDOMEX - TLANEPANTLA,MBC922B,2025-06-26,0.2122196479090909,0.4540596679999999,278.59000000000003,0.934,0,,11000.0,4994.6563479999995,5219.77,785.573652,6005.3436520000005,0.76,1,restructure-full,PIA_OPCIONES
EDOMEX - ECATEPEC,MBF355C,2025-07-31,0.1561763877272727,0.1561763877272727,88.13,0.86,0,,11000.0,1717.940265,5997.29,3284.7697350000008,9282.059735,0.894,1,restructure-full,PIA_OPCIONES
EDOMEX - TLANEPANTLA,MBH168A,2025-05-16,0.0276661268181818,0.0276661268181818,23.48,0.972,0,,11000.0,304.327395,8382.35,2313.3226049999994,10695.672605,0.778,1,restructure-light,PIA_OPCIONES
EDOMEX - TLANEPANTLA,MBK588A,2025-04-29,0.2338747887272727,0.4933399887272727,274.05,0.901,0,,11000.0,5426.739876,2241.59,3331.670124,5573.260124,0.734,1,restructure-full,PIA_OPCIONES
EDOMEX - TLANEPANTLA,MCJ666A,2025-02-02,0.0450991972727272,0.0450991972727272,34.93,0.955,0,,11000.0,496.09117,9318.86,1185.0488299999997,10503.90883,0.814,1,restructure-light,PIA_OPCIONES
EDOMEX - ECATEPEC,MCJ790B,2025-02-05,0.089467949090909,0.089467949090909,56.45,0.911,0,,11000.0,984.14744,6001.34,4014.512559999999,10015.85256,0.873,1,restructure-light,PIA_OPCIONES
EDOMEX - TLANEPANTLA,MCZ173A,2025-07-15,0.1292555505454545,0.1292555505454545,77.83,0.871,0,,11000.0,1421.811056,5710.55,3867.6389439999994,9578.188944,0.91,1,restructure-full,PIA_OPCIONES
EDOMEX - TLANEPANTLA,MDC441A,2025-04-28,0.1005488118181818,0.1005488118181818,90.54,0.912,0,,11000.0,1106.03693,8731.73,1162.2330700000002,9893.96307,0.932,1,restructure-full,PIA_OPCIONES
EDOMEX - TLANEPANTLA,MDE922A,2024-11-17,0.0343088709090909,0.0343088709090909,23.41,0.966,0,,11000.0,377.39758,5613.4,5009.20242,10622.60242,0.774,1,restructure-light,PIA_OPCIONES
EDOMEX - ECATEPEC,MDF887A,2025-04-17,0.1992246009090909,0.4432024690909091,284.01,0.903,0,,11000.0,4875.22716,3298.28,2826.4928399999994,6124.77284,0.759,1,restructure-full,PIA_OPCIONES
EDOMEX - TLANEPANTLA,MDX643A,2025-06-08,0.041935317,0.041935317,34.95,0.958,0,,11000.0,461.288487,6859.14,3679.571513,10538.711513,0.816,1,restructure-light,PIA_OPCIONES
EDOMEX - ECATEPEC,MES414A,2024-12-02,0.0602038063636363,0.0602038063636363,57.71,0.94,0,,11000.0,662.24187,3895.59,6442.16813,10337.75813,0.898,1,restructure-light,PIA_OPCIONES
EDOMEX - ECATEPEC,MES443A,2024-10-13,0.01872359,0.01872359,11.78,0.981,0,,11000.0,205.95949,5317.7,5476.340510000001,10794.04051,0.736,1,restructure-light,PIA_OPCIONES
EDOMEX - TLANEPANTLA,MET467A,2025-07-22,0.2366999899090909,0.5230282279090909,270.71000000000004,0.876,0,,11000.0,5753.310507,2182.23,3064.459493,5246.689493,0.714,1,restructure-light,PIA_OPCIONES
EDOMEX - ECATEPEC,MFK307A,2025-03-01,0.1002775063636363,0.1002775063636363,90.84,0.909,0,,11000.0,1103.0525699999998,3582.4,6314.5474300000005,9896.94743,0.932,1,restructure-full,PIA_OPCIONES
EDOMEX - ECATEPEC,MFL068A,2025-06-08,0.2555769482727272,0.5861832673636365,260.93,0.886,0,,11000.0,6448.015941000001,3731.2,820.7840589999996,4551.984058999999,0.684,1,restructure-light,PIA_OPCIONES
EDOMEX - ECATEPEC,MFN464A,2025-07-22,0.2736972836363636,0.5559047496363636,262.88,0.875,0,,11000.0,6114.952246,3192.86,1692.187754,4885.047754,0.697,1,restructure-light,PIA_OPCIONES
EDOMEX - ECATEPEC,MFR854B,2025-07-31,0.2180981024545454,0.495969886,287.66,0.912,0,,11000.0,5455.668746,2856.46,2687.8712539999997,5544.331254,0.734,1,restructure-full,PIA_OPCIONES
EDOMEX - TLANEPANTLA,MFR854B,2025-07-31,0.2009373210909091,0.494111249090909,285.74,0.914,0,,11000.0,5435.223739999999,3033.93,2530.8462600000007,5564.776260000001,0.736,1,restructure-full,PIA_OPCIONES
EDOMEX - TLANEPANTLA,MGS123A,2025-02-24,0.048429779090909,0.048429779090909,34.91,0.952,0,,11000.0,532.72757,5850.28,4616.992430000001,10467.27243,0.812,1,restructure-light,PIA_OPCIONES
EDOMEX - TLANEPANTLA,MGU109A,2025-07-16,0.1892834175454545,0.3974945113636363,291.26000000000005,0.912,0,,11000.0,4372.439625,4506.01,2121.550375,6627.560375,0.784,1,restructure-full,PIA_OPCIONES
EDOMEX - ECATEPEC,MGU724A,2025-07-29,0.3197842417963636,0.3595922834854546,156.76,0.835,0,,11000.0,3955.51511834,6030.51,1013.9748816600004,7044.484881660001,0.787,1,restructure-full,PIA_OPCIONES
EDOMEX - TLANEPANTLA,MGY297A,2025-07-27,0.3141254759672727,0.6776015389581819,245.01,0.845,0,,11000.0,7453.616928540001,3048.71,497.67307145999894,3546.383071459999,0.63,1,advisor-review,PIA_OPCIONES
EDOMEX - TLANEPANTLA,MHB508A,2025-05-17,0.1986428888181818,0.4488525106363636,282.52,0.896,0,,11000.0,4937.377617,3242.87,2819.752383,6062.622383,0.755,1,restructure-full,PIA_OPCIONES
EDOMEX - TLANEPANTLA,MHC436A,2025-07-31,0.2428623924545454,0.5763607699090909,256.96999999999997,0.88,0,,11000.0,6339.9684689999995,2318.63,2341.4015310000004,4660.0315310000005,0.688,1,restructure-light,PIA_OPCIONES
EDOMEX - ECATEPEC,MHJ174B,2025-02-16,0.1599175172727272,0.1599175172727272,119.47,0.919,0,,11000.0,1759.09269,5273.12,3967.7873100000006,9240.90731,0.904,1,restructure-full,PIA_OPCIONES
EDOMEX - ECATEPEC,MHN831B,2025-07-26,0.2338771035454545,0.3529833673090909,223.87,0.87,0,,11000.0,3882.8170404,4560.41,2556.7729596,7117.1829596,0.798,1,restructure-full,PIA_OPCIONES
EDOMEX - TLANEPANTLA,MJA605A,2025-07-07,0.2806324840909091,0.5964397078181818,259.73,0.872,0,,11000.0,6560.836786,2561.8,1877.363214,4439.163214,0.676,1,restructure-light,PIA_OPCIONES
EDOMEX - TLANEPANTLA,MJJ069A,2025-07-16,0.2828065272981818,0.6127383823581818,255.64,0.863,0,,11000.0,6740.12220594,2961.69,1298.1877940600002,4259.87779406,0.666,1,advisor-review,PIA_OPCIONES
EDOMEX - ECATEPEC,MJS110B,2025-05-10,0.2397917596363636,0.4876291969090909,296.63,0.882,0,,11000.0,5363.921166,3565.61,2070.468834,5636.078834,0.733,1,restructure-full,PIA_OPCIONES
EDOMEX - ECATEPEC,MJV798B,2025-02-15,0.0317455254545454,0.0317455254545454,23.44,0.968,0,,11000.0,349.20078,5244.77,5406.02922,10650.79922,0.775,1,restructure-light,PIA_OPCIONES
EDOMEX - TLANEPANTLA,MKA084B,2025-07-31,0.2600798569090909,0.5698953411818182,263.71000000000004,0.867,0,,11000.0,6268.848753,2400.77,2330.381247,4731.151247,0.688,1,restructure-light,PIA_OPCIONES
EDOMEX - ECATEPEC,MKH203A,2025-07-13,0.2854785835254546,0.6622368635254546,246.31,0.856,0,,11000.0,7284.605498780001,1958.59,1756.8045012199993,3715.3945012199993,0.64,1,advisor-review,PIA_OPCIONES
EDOMEX - TLANEPANTLA,MKM030B,2025-07-30,0.3249123391145455,0.3249123391145455,137.1,0.853,0,,11000.0,3574.03573026,2649.46,4776.5042697399995,7425.9642697399995,0.808,1,restructure-full,PIA_OPCIONES
EDOMEX - TLANEPANTLA,MMJ562A,2025-06-02,0.205478848,0.3307879125454545,236.5,0.896,0,,11000.0,3638.667038,2941.87,4419.4629620000005,7361.332962,0.814,1,restructure-full,PIA_OPCIONES
EDOMEX - TLANEPANTLA,MMW997A,2024-04-16,0.016026799090909,0.016026799090909,11.81,0.984,0,,11000.0,176.29479,7943.17,2880.53521,10823.70521,0.738,1,restructure-light,PIA_OPCIONES
EDOMEX - TLANEPANTLA,MMX820A,2025-05-16,0.041355889090909,0.041355889090909,35.01,0.959,0,,11000.0,454.9147799999999,5625.36,4919.725220000001,10545.08522,0.817,1,restructure-light,PIA_OPCIONES
EDOMEX - ECATEPEC,MMY372A,2025-07-31,0.6235377207272726,1.3441618120909091,136.62,0.687,0,,11000.0,14785.779933,0.0,0.0,0.0,0.437,1,advisor-review,PIA_OPCIONES
EDOMEX - TLANEPANTLA,MMZ579A,2025-07-30,0.1914190447272727,0.4419069970909091,283.8,0.911,0,,11000.0,4860.976968,3914.26,2224.763032,6139.023032,0.761,1,restructure-full,PIA_OPCIONES
EDOMEX - ECATEPEC,MNA244B,2025-07-31,0.1077809062727272,0.1077809062727272,90.84,0.899,0,,11000.0,1185.589969,7393.43,2420.980030999999,9814.410031,0.926,1,restructure-full,PIA_OPCIONES
EDOMEX - TLANEPANTLA,MNC154A,2025-07-31,0.25245682,0.521975971,261.39,0.891,0,,11000.0,5741.735681,2389.64,2868.624319,5258.264319,0.717,1,restructure-light,PIA_OPCIONES
EDOMEX - TLANEPANTLA,MNR321A,2024-10-16,0.2504649845454545,0.5263548381818182,280.22,0.877,0,,11000.0,5789.90322,4147.62,1062.47678,5210.09678,0.712,1,restructure-light,PIA_OPCIONES
EDOMEX - TLANEPANTLA,MNW3118,2025-07-21,0.1007255771818181,0.1007255771818181,79.22,0.899,0,,11000.0,1107.981349,8472.54,1419.4786509999994,9892.018651,0.929,1,restructure-full,PIA_OPCIONES
EDOMEX - TLANEPANTLA,MPX066A,2025-07-31,0.2719938546363636,0.5176783849090909,272.33000000000004,0.862,0,,11000.0,5694.4622340000005,3493.36,1812.1777659999993,5305.5377659999995,0.714,1,restructure-light,PIA_OPCIONES
EDOMEX - TLANEPANTLA,MRH677A,2025-07-27,0.0762277975454545,0.0762277975454545,57.41,0.924,0,,11000.0,838.505773,7126.95,3034.5442269999994,10161.494227,0.886,1,restructure-light,PIA_OPCIONES
EDOMEX - TLANEPANTLA,MRZ643A,2025-05-17,0.1657012057272727,0.3387683993636363,301.44,0.933,0,,11000.0,3726.452393,2411.51,4862.037607,7273.547607,0.817,1,restructure-full,PIA_OPCIONES
EDOMEX - ECATEPEC,MSE625B,2025-07-31,0.1738304956363636,0.4064675604545454,289.29,0.911,0,,11000.0,4471.1431649999995,5662.56,866.2968350000001,6528.8568350000005,0.779,1,restructure-full,PIA_OPCIONES
EDOMEX - TLANEPANTLA,MSP256A,2025-05-05,0.2770010568181817,0.5811516868181819,262.3,0.872,0,,11000.0,6392.668555,2467.18,2140.151445,4607.331445,0.684,1,restructure-light,PIA_OPCIONES
EDOMEX - TLANEPANTLA,MSR447A,2025-07-31,0.2435517956618182,0.5917916391600001,245.12,0.898,0,,11000.0,6509.708030760001,3836.24,654.0519692399994,4490.291969239999,0.684,1,restructure-light,PIA_OPCIONES
EDOMEX - TLANEPANTLA,MST069A,2024-01-29,0.2862617809090909,0.5861234636363636,261.06,0.892,0,,11000.0,6447.3580999999995,2947.32,1605.3219000000004,4552.6419000000005,0.685,1,restructure-light,PIA_OPCIONES
EDOMEX - ECATEPEC,MSV2246,2025-07-01,0.2668437481818181,0.5274154409090909,272.44,0.89,0,,11000.0,5801.56985,1573.94,3624.49015,5198.43015,0.714,1,restructure-light,PIA_OPCIONES
EDOMEX - TLANEPANTLA,MTC009A,2025-05-07,0.1854492506363636,0.2636765551818181,198.69,0.905,0,,11000.0,2900.442107,2617.17,5482.387893,8099.557893,0.849,1,restructure-full,PIA_OPCIONES
EDOMEX - ECATEPEC,MTE9565,2025-07-30,0.269886290330909,0.5380745360981819,279.89,0.865,0,,11000.0,5918.81989708,3598.75,1482.4301029199996,5081.18010292,0.704,1,restructure-light,PIA_OPCIONES
EDOMEX - ECATEPEC,MTH187A,2025-04-13,0.2480183336363636,0.5498489281818182,284.19,0.876,0,,11000.0,6048.33821,3157.18,1794.4817900000003,4951.66179,0.7,1,restructure-light,PIA_OPCIONES
EDOMEX - ECATEPEC,MUE429B,2025-07-31,0.2768056657090909,0.5951420444054546,273.27,0.859,0,,11000.0,6546.56248846,1406.93,3046.5075115399995,4453.43751154,0.674,1,restructure-light,PIA_OPCIONES
EDOMEX - TLANEPANTLA,MUN882A,2024-07-16,0.0064624718181818,0.0064624718181818,11.92,0.994,0,,11000.0,71.08718999999999,8153.8,2775.1128099999996,10928.91281,0.745,1,restructure-light,PIA_OPCIONES
EDOMEX - ECATEPEC,MUS763B,2025-05-29,0.0096733999090909,0.0096733999090909,11.88,0.99,0,,11000.0,106.407399,8837.83,2055.7626010000004,10893.592601,0.743,1,restructure-light,PIA_OPCIONES
EDOMEX - ECATEPEC,MVB471B,2025-05-28,0.0646325256363636,0.0646325256363636,46.0,0.935,0,,11000.0,710.957782,6151.31,4137.732218,10289.042218,0.846,1,restructure-light,PIA_OPCIONES
EDOMEX - ECATEPEC,MVD212A,2025-06-28,0.2621502402727272,0.4275840597272727,224.65,0.868,0,,11000.0,4703.424657,3648.58,2647.9953430000005,6296.575343,0.76,1,restructure-full,PIA_OPCIONES
EDOMEX - TLANEPANTLA,MVJ595A,2025-06-09,0.047316998,0.047316998,34.86,0.953,0,,11000.0,520.486978,3178.27,7301.243021999999,10479.513022,0.812,1,restructure-light,PIA_OPCIONES
EDOMEX - ECATEPEC,MVJ923A,2025-07-20,0.8100525644781819,1.9976180746418184,14.43,0.708,0,,11000.0,21973.79882106,0.0,0.0,0.0,0.202,0,monitor,FOLLOW_UP
EDOMEX - ECATEPEC,MVN795A,2025-07-13,0.0901481518181818,0.0901481518181818,45.67,0.91,0,,11000.0,991.62967,4988.47,5019.9003299999995,10008.37033,0.827,1,restructure-light,PIA_OPCIONES
EDOMEX - ECATEPEC,MVR221B,2025-07-31,0.3106743735654546,0.6704373062618183,245.32,0.85,0,,11000.0,7374.810368880001,2998.97,626.2196311199991,3625.189631119999,0.635,1,advisor-review,PIA_OPCIONES
EDOMEX - TLANEPANTLA,MVR221B,2025-07-31,0.3068417552781818,0.6663726684818183,245.48,0.85,0,,11000.0,7330.099353300001,1922.43,1747.470646699999,3669.900646699999,0.637,1,advisor-review,PIA_OPCIONES
EDOMEX - TLANEPANTLA,MVY284A,2024-06-25,0.2856787754545454,0.6214022754545455,252.95,0.854,0,,11000.0,6835.42503,2661.36,1503.2149699999995,4164.57497,0.66,1,advisor-review,PIA_OPCIONES
EDOMEX - TLANEPANTLA,MVY555B,2025-07-25,0.2596530845454545,0.549579066,268.9,0.859,0,,11000.0,6045.369726,2290.06,2664.570274,4954.630274,0.697,1,restructure-light,PIA_OPCIONES
EDOMEX - ECATEPEC,MWM963A,2025-03-31,0.0126421627272727,0.0126421627272727,11.85,0.987,0,,11000.0,139.06379,4304.76,6556.17621,10860.93621,0.74,1,restructure-light,PIA_OPCIONES
EDOMEX - TLANEPANTLA,MWP074B,2025-07-31,0.2997417660909091,0.6232059661818182,258.64,0.853,0,,11000.0,6855.265628,3170.49,974.2443720000001,4144.734372,0.659,1,advisor-review,PIA_OPCIONES
EDOMEX - ECATEPEC,MWT540A,2025-06-29,0.0339867714545454,0.0339867714545454,23.4,0.966,0,,11000.0,373.854486,6353.95,4272.195514,10626.145514,0.774,1,restructure-light,PIA_OPCIONES
EDOMEX - ECATEPEC,MWW205A,2025-06-26,0.1410449489090909,0.1410449489090909,99.71,0.892,0,,11000.0,1551.494438,5875.96,3572.5455620000002,9448.505562,0.908,1,restructure-full,PIA_OPCIONES
EDOMEX - ECATEPEC,MXD890B,2025-03-30,0.2114884572727272,0.5222423390909091,274.9,0.883,0,,11000.0,5744.66573,4620.75,634.5842700000003,5255.33427,0.715,1,restructure-light,PIA_OPCIONES
EDOMEX - TLANEPANTLA,MXD895A,2025-07-27,0.1880459199090909,0.4217940387272727,297.84000000000003,0.913,0,,11000.0,4639.734426,5585.25,775.015574,6360.265574,0.772,1,restructure-full,PIA_OPCIONES
EDOMEX - TLANEPANTLA,MXG194A,2025-04-26,0.0667496147272727,0.0667496147272727,57.51,0.933,0,,11000.0,734.245762,8350.01,1915.7442379999993,10265.754238,0.893,1,restructure-light,PIA_OPCIONES
EDOMEX - ECATEPEC,MXH354A,2025-07-07,0.0710272491818181,0.0710272491818181,126.97,0.955,0,,11000.0,781.2997409999999,4215.88,6002.820258999999,10218.700259,0.955,1,restructure-full,PIA_OPCIONES
EDOMEX - ECATEPEC,MXM893A,2025-07-31,0.1623530572727272,0.3926217699090908,270.73,0.906,0,,11000.0,4318.839469,4386.61,2294.550531000001,6681.160531,0.785,1,restructure-full,PIA_OPCIONES
EDOMEX - TLANEPANTLA,MXU8000,2024-06-09,0.1893824145454545,0.2929424609090909,230.33,0.892,0,,11000.0,3222.36707,6431.23,1346.4029300000002,7777.63293,0.832,1,restructure-full,PIA_OPCIONES
EDOMEX - TLANEPANTLA,MYU919B,2025-06-15,0.0339209348181818,0.0339209348181818,23.369999999999997,0.966,0,,11000.0,373.130283,5575.69,5051.179717,10626.869717,0.774,1,restructure-light,PIA_OPCIONES
EDOMEX - ECATEPEC,MYZ280A,2024-09-10,0.0309726981818181,0.0309726981818181,23.46,0.969,0,,11000.0,340.69968,3844.42,6814.88032,10659.30032,0.776,1,restructure-light,PIA_OPCIONES
EDOMEX - TLANEPANTLA,MYZ409A,2024-10-02,0.0192476627272727,0.0192476627272727,11.77,0.981,0,,11000.0,211.72429,8485.82,2302.45571,10788.27571,0.736,1,restructure-light,PIA_OPCIONES
EDOMEX - ECATEPEC,MZB912A,2025-07-27,0.2341761115454545,0.4677121992727273,279.04,0.872,0,,11000.0,5144.834192,3449.03,2406.1358079999995,5855.165808,0.741,1,restructure-full,PIA_OPCIONES
EDOMEX - ECATEPEC,MZM886B,2025-07-31,0.2210753568181818,0.2210753568181818,93.47,0.828,0,,11000.0,2431.828925,5471.94,3096.2310750000006,8568.171075,0.855,1,restructure-full,PIA_OPCIONES
EDOMEX - TLANEPANTLA,MZU169A,2024-12-13,0.0189799445454545,0.0189799445454545,11.77,0.981,0,,11000.0,208.77939,9596.49,1194.7306100000005,10791.22061,0.736,1,restructure-light,PIA_OPCIONES
EDOMEX - ECATEPEC,MZV5006,2025-07-30,0.2395422700799999,0.4705002135272728,282.08,0.886,0,,11000.0,5175.502348800001,3869.37,1955.1276511999995,5824.497651199999,0.742,1,restructure-full,PIA_OPCIONES
EDOMEX - TLANEPANTLA,MZY949B,2025-07-31,0.0211907715454545,0.0211907715454545,23.64,0.979,0,,11000.0,233.098487,5975.5,4791.401513000001,10766.901513,0.784,1,restructure-light,PIA_OPCIONES
EDOMEX - ECATEPEC,N22BAK,2024-12-22,0.0435541336363636,0.0435541336363636,34.980000000000004,0.956,0,,11000.0,479.09547,5491.81,5029.094529999999,10520.90453,0.815,1,restructure-light,PIA_OPCIONES
EDOMEX - TLANEPANTLA,N28BEP,2025-07-19,0.2284088412727272,0.5098792921818182,273.84000000000003,0.89,0,,11000.0,5608.672214,2968.31,2423.017786,5391.327786,0.723,1,restructure-light,PIA_OPCIONES
EDOMEX - ECATEPEC,N5611894,2025-03-28,4.77485080909091,8.85016525909091,0.0,0.0,0,,11000.0,97351.81785,0.0,0.0,0.0,0.0,0,monitor,FOLLOW_UP
EDOMEX - TLANEPANTLA,N66BJB,2024-07-24,0.2219637927272727,0.5274898363636363,268.02000000000004,0.907,0,,11000.0,5802.388199999999,4037.77,1159.8418000000006,5197.611800000001,0.718,1,restructure-light,PIA_OPCIONES
EDOMEX - TLANEPANTLA,N66BPK,2025-07-28,0.2196317132727272,0.480383936090909,276.04,0.895,0,,11000.0,5284.223297,4587.65,1128.1267030000008,5715.776703,0.739,1,restructure-full,PIA_OPCIONES
EDOMEX - ECATEPEC,N82AMJ,2025-06-29,0.0961536977272727,0.0961536977272727,102.24,0.929,0,,11000.0,1057.690675,4679.23,5263.079325000001,9942.309325,0.938,1,restructure-full,PIA_OPCIONES
EDOMEX - TLANEPANTLA,N86BHC,2024-11-26,0.0305930327272727,0.0305930327272727,35.4,0.969,0,,11000.0,336.52335999999997,5142.76,5520.716640000001,10663.47664,0.826,1,restructure-light,PIA_OPCIONES
EDOMEX - ECATEPEC,NA000010,2025-07-24,7.246136558181818,15.555985365454545,0.0,0.0,0,,11000.0,171115.83901999998,0.0,0.0,0.0,0.0,0,monitor,FOLLOW_UP
EDOMEX - ECATEPEC,NA000011,2025-06-07,7.261528302272726,10.28888844590909,5.68,0.0,0,,11000.0,113177.772905,0.0,0.0,0.0,0.024,0,monitor,FOLLOW_UP
EDOMEX - ECATEPEC,NA00003,2025-06-18,4.8406491904545454,4.8406491904545454,7.6,0.0,0,,11000.0,53247.141095,0.0,0.0,0.0,0.032,0,monitor,FOLLOW_UP
EDOMEX - TLANEPANTLA,NAE825A,2025-04-21,0.1768267872727272,0.1768267872727272,97.66,0.856,0,,11000.0,1945.09466,5235.6,3819.305339999999,9054.90534,0.883,1,restructure-full,PIA_OPCIONES
EDOMEX - TLANEPANTLA,NAF870A,2025-07-31,0.2376710215454545,0.4883930606363637,277.70000000000005,0.877,0,,11000.0,5372.323667000001,4018.59,1609.0863329999993,5627.676332999999,0.731,1,restructure-full,PIA_OPCIONES
EDOMEX - TLANEPANTLA,NAN301A,2024-11-11,0.30906827,0.72980141,238.49,0.829,0,,11000.0,8027.815509999999,1183.03,1789.1544900000006,2972.1844900000006,0.601,1,advisor-review,PIA_OPCIONES
EDOMEX - ECATEPEC,NAR581A,2025-07-01,0.0175236818181818,0.0175236818181818,11.79,0.982,0,,11000.0,192.7605,7575.86,3231.3795,10807.2395,0.737,1,restructure-light,PIA_OPCIONES
EDOMEX - ECATEPEC,NAV388A,2025-07-27,0.2696732328181818,0.5041271238181817,277.5,0.866,0,,11000.0,5545.398361999999,2869.34,2585.261638000001,5454.601638000001,0.721,1,restructure-light,PIA_OPCIONES
EDOMEX - ECATEPEC,NBF241A,2025-07-31,0.4192843855454545,0.9978986591818182,168.59,0.789,0,,11000.0,10976.885251,15.52,7.594749000000302,23.1147490000003,0.459,1,advisor-review,PIA_OPCIONES
EDOMEX - ECATEPEC,NBH9999,2024-11-10,0.0591563781818181,0.0591563781818181,34.84,0.941,0,,11000.0,650.72016,3353.76,6995.519839999999,10349.27984,0.804,1,restructure-light,PIA_OPCIONES
EDOMEX - TLANEPANTLA,NCC4186,2024-04-19,0.1334544054545454,0.3241170409090909,302.81,0.936,0,,11000.0,3565.28745,4290.1,3144.61255,7434.71255,0.825,1,restructure-full,PIA_OPCIONES
EDOMEX - TLANEPANTLA,NCE5193,2025-04-11,0.050695179090909,0.050695179090909,34.81,0.949,0,,11000.0,557.64697,6404.82,4037.5330300000005,10442.35303,0.809,1,restructure-light,PIA_OPCIONES
EDOMEX - TLANEPANTLA,NCH8736,2024-09-10,0.1006167981818181,0.1006167981818181,56.4,0.899,0,,11000.0,1106.7847800000002,4240.19,5653.02522,9893.21522,0.864,1,restructure-light,PIA_OPCIONES
EDOMEX - TLANEPANTLA,NCL746B,2025-07-31,0.2697614904545454,0.572642178,262.43,0.865,0,,11000.0,6299.063958,1804.1,2896.8360420000004,4700.936042,0.687,1,restructure-light,PIA_OPCIONES
EDOMEX - ECATEPEC,NCL940A,2025-03-22,0.3224811785454545,0.7241341505454545,240.76,0.839,0,,11000.0,7965.475656,1253.52,1781.0043440000004,3034.5243440000004,0.606,1,advisor-review,PIA_OPCIONES
EDOMEX - TLANEPANTLA,NCP207B,2025-07-31,0.2451520169999999,0.5037682601818182,276.06,0.868,0,,11000.0,5541.450862,2764.67,2693.8791380000002,5458.549138,0.722,1,restructure-light,PIA_OPCIONES
EDOMEX - TLANEPANTLA,NCT211B,2025-07-01,0.2314106452727272,0.3246154307272727,203.98,0.882,0,,11000.0,3570.769738,2660.3,4768.930262,7429.230262,0.814,1,restructure-full,PIA_OPCIONES
EDOMEX - TLANEPANTLA,NCT2598,2025-02-14,0.048667959090909,0.048667959090909,58.3,0.951,0,,11000.0,535.34755,9087.42,1377.2324499999995,10464.65245,0.909,1,restructure-light,PIA_OPCIONES
EDOMEX - ECATEPEC,NCZ4998,2025-04-16,0.0191057263636363,0.0191057263636363,11.77,0.981,0,,11000.0,210.16299,5858.84,4930.997009999999,10789.83701,0.736,1,restructure-light,PIA_OPCIONES
EDOMEX - TLANEPANTLA,NDA827B,2025-07-31,0.4288751519945454,0.9280882834363636,202.33,0.801,0,,11000.0,10208.971117800002,621.26,169.76888219999842,791.0288821999984,0.496,1,advisor-review,PIA_OPCIONES
EDOMEX - TLANEPANTLA,NDE466A,2025-06-15,0.0185172363636363,0.0185172363636363,11.78,0.981,0,,11000.0,203.6896,9550.96,1245.3504000000012,10796.3104,0.736,1,restructure-light,PIA_OPCIONES
EDOMEX - ECATEPEC,NDE730A,2024-10-26,0.0093121172727272,0.0093121172727272,11.89,0.991,0,,11000.0,102.43329,3797.16,7100.406709999999,10897.56671,0.743,1,restructure-light,PIA_OPCIONES
EDOMEX - TLANEPANTLA,NDG818A,2025-07-27,0.2454344397272727,0.4882982991818181,280.2,0.86,0,,11000.0,5371.281290999999,3889.45,1739.2687090000009,5628.718709000001,0.728,1,restructure-full,PIA_OPCIONES
EDOMEX - ECATEPEC,NDJ498A,2025-07-31,0.1423758513636363,0.1423758513636363,88.37,0.877,0,,11000.0,1566.134365,7762.61,1671.2556350000004,9433.865635,0.904,1,restructure-full,PIA_OPCIONES
EDOMEX - TLANEPANTLA,NDV064A,2025-07-31,0.2178766702090909,0.4717475978072727,281.78,0.887,0,,11000.0,5189.223575880001,3954.47,1856.3064241199995,5810.776424119999,0.742,1,restructure-full,PIA_OPCIONES
EDOMEX - ECATEPEC,NDY621A,2025-01-30,0.0128517918181818,0.0128517918181818,11.85,0.987,0,,11000.0,141.36971,6052.77,4805.860289999999,10858.63029,0.74,1,restructure-light,PIA_OPCIONES
EDOMEX - ECATEPEC,NEE554A,2025-07-30,0.2089209409090909,0.4548388529999999,283.54,0.905,0,,11000.0,5003.2273829999995,3350.07,2646.7026170000004,5996.7726170000005,0.754,1,restructure-full,PIA_OPCIONES
EDOMEX - ECATEPEC,NEG316A,2025-07-02,0.0850831047272727,0.0850831047272727,56.95,0.915,0,,11000.0,935.914152,3236.0,6828.085848000001,10064.085848,0.878,1,restructure-light,PIA_OPCIONES
EDOMEX - TLANEPANTLA,NEJ369A,2024-06-27,0.0158837709090909,0.0158837709090909,11.81,0.984,0,,11000.0,174.72148,6719.9,4105.37852,10825.27852,0.738,1,restructure-light,PIA_OPCIONES
EDOMEX - TLANEPANTLA,NES3833,2025-07-30,0.0679427325454545,0.0679427325454545,69.78999999999999,0.932,0,,11000.0,747.370058,9187.65,1064.979942,10252.629942,0.943,1,restructure-light,PIA_OPCIONES
EDOMEX - TLANEPANTLA,NFH2748,2025-07-25,0.2064277242727272,0.3511591442727272,257.53,0.889,0,,11000.0,3862.750587,6246.7,890.5494129999997,7137.249413,0.802,1,restructure-full,PIA_OPCIONES
EDOMEX - ECATEPEC,NFH392B,2025-07-20,0.6565786499999999,1.38327735,133.48,0.662,0,,11000.0,15216.05085,0.0,0.0,0.0,0.432,0,monitor,FOLLOW_UP
EDOMEX - ECATEPEC,NFN637A,2025-05-11,0.0219593023636363,0.0219593023636363,11.74,0.978,0,,11000.0,241.552326,7783.5,2974.947673999999,10758.447674,0.734,1,restructure-light,PIA_OPCIONES
EDOMEX - TLANEPANTLA,NFN693A,2025-07-19,0.0883690340909091,0.0883690340909091,56.849999999999994,0.912,0,,11000.0,972.059375,4824.03,5203.9106249999995,10027.940625,0.875,1,restructure-light,PIA_OPCIONES
EDOMEX - TLANEPANTLA,NFW3006,2024-05-16,0.2132522836363636,0.4539492327272726,284.8,0.888,0,,11000.0,4993.441559999999,5056.28,950.278440000001,6006.558440000001,0.751,1,restructure-full,PIA_OPCIONES
EDOMEX - TLANEPANTLA,NFZ815A,2025-03-27,0.2107301072727272,0.2107301072727272,127.19,0.881,0,,11000.0,2318.03118,2839.6,5842.36882,8681.96882,0.871,1,restructure-full,PIA_OPCIONES
EDOMEX - TLANEPANTLA,NGH1704,2023-10-11,0.1717107109090908,0.1870807463636363,161.04,0.924,0,,11000.0,2057.88821,7703.85,1238.2617899999987,8942.111789999999,0.891,1,restructure-full,PIA_OPCIONES
EDOMEX - ECATEPEC,NGH5846,2025-06-04,0.14021673408,0.14021673408,55.04,0.86,0,,11000.0,1542.38407488,7589.6,1868.0159251200002,9457.61592512,0.831,1,restructure-light,PIA_OPCIONES
EDOMEX - TLANEPANTLA,NGS840A,2024-09-12,0.012423799090909,0.012423799090909,11.85,0.988,0,,11000.0,136.66179,4024.9,6838.43821,10863.33821,0.741,1,restructure-light,PIA_OPCIONES
EDOMEX - ECATEPEC,NHB290A,2025-02-02,0.2246579527272727,0.2544733236363636,154.94,0.889,0,,11000.0,2799.20656,2754.6,5446.193439999999,8200.79344,0.851,1,restructure-full,PIA_OPCIONES
EDOMEX - ECATEPEC,NHG251B,2025-07-31,0.2884468159090909,0.5670080645454545,271.0,0.831,0,,11000.0,6237.08871,3814.26,948.6512899999998,4762.91129,0.683,1,restructure-light,PIA_OPCIONES
EDOMEX - ECATEPEC,NHT5940,2024-10-27,0.0355583345454545,0.0355583345454545,23.37,0.964,0,,11000.0,391.14168,4174.1,6434.758319999999,10608.85832,0.772,1,restructure-light,PIA_OPCIONES
EDOMEX - TLANEPANTLA,NHT9672,2023-10-14,0.0444453418181818,0.0444453418181818,34.910000000000004,0.956,0,,11000.0,488.89876,6526.75,3984.35124,10511.10124,0.814,1,restructure-light,PIA_OPCIONES
EDOMEX - ECATEPEC,NHU5137,2025-07-10,0.1993089334690909,0.4023301031563636,290.26,0.892,0,,11000.0,4425.63113472,5584.58,989.7888652800002,6574.36886528,0.777,1,restructure-full,PIA_OPCIONES
EDOMEX - TLANEPANTLA,NHY2352,2025-04-16,0.0176863627272727,0.0176863627272727,11.79,0.982,0,,11000.0,194.54999,6920.55,3884.9000100000003,10805.45001,0.737,1,restructure-light,PIA_OPCIONES
EDOMEX - TLANEPANTLA,NJA3266,2024-07-19,0.2122389736363636,0.4210866,290.97999999999996,0.893,0,,11000.0,4631.9526,3428.17,2939.8774000000003,6368.0474,0.768,1,restructure-full,PIA_OPCIONES
EDOMEX - TLANEPANTLA,NJB3707,2025-01-19,0.5223630109090909,0.8680532145454545,218.86,0.738,0,,11000.0,9548.58536,822.97,628.4446400000008,1451.4146400000009,0.514,1,advisor-review,PIA_OPCIONES
EDOMEX - TLANEPANTLA,NJB4766,2023-09-29,0.0249313727272727,0.0249313727272727,23.53,0.975,0,,11000.0,274.2451,3623.91,7101.8449,10725.7549,0.781,1,restructure-light,PIA_OPCIONES
EDOMEX - TLANEPANTLA,NJK7453,2024-08-17,0.2759148736363636,0.4215438027272727,214.99,0.856,0,,11000.0,4636.98183,5607.42,755.5981700000002,6363.01817,0.76,1,restructure-full,PIA_OPCIONES
EDOMEX - ECATEPEC,NJT3199,2024-10-14,0.0327741981818181,0.0327741981818181,23.45,0.967,0,,11000.0,360.51618,5174.97,5464.513819999999,10639.48382,0.775,1,restructure-light,PIA_OPCIONES
EDOMEX - TLANEPANTLA,NJT3798,2024-02-19,0.0157153354545454,0.0157153354545454,11.81,0.984,0,,11000.0,172.86869,4478.3,6348.8313100000005,10827.13131,0.738,1,restructure-light,PIA_OPCIONES
EDOMEX - TLANEPANTLA,NJU829B,2025-04-29,0.0177304721818181,0.0177304721818181,11.79,0.982,0,,11000.0,195.035194,5095.93,5709.034806,10804.964806,0.737,1,restructure-light,PIA_OPCIONES
EDOMEX - TLANEPANTLA,NKH7900,2025-07-31,0.2518848217272727,0.587354119,260.83000000000004,0.878,0,,11000.0,6460.895309,3988.17,550.9346909999995,4539.104691,0.682,1,restructure-light,PIA_OPCIONES
EDOMEX - TLANEPANTLA,NKH9513,2024-07-16,0.1920405336363636,0.30201806,239.41,0.913,0,,11000.0,3322.19866,2737.69,4940.1113399999995,7677.80134,0.832,1,restructure-full,PIA_OPCIONES
EDOMEX - ECATEPEC,NKK4840,2024-09-17,0.2159234227272727,0.2159234227272727,150.64,0.872,0,,11000.0,2375.15765,7075.66,1549.1823499999991,8624.842349999999,0.866,1,restructure-full,PIA_OPCIONES
EDOMEX - TLANEPANTLA,NKN3733,2024-01-24,0.00240559,0.00240559,11.97,0.998,0,,11000.0,26.46149,7952.59,3020.94851,10973.53851,0.748,1,restructure-light,PIA_OPCIONES
EDOMEX - TLANEPANTLA,NKP6417,2024-04-11,0.1918164136363636,0.1918164136363636,129.33,0.883,0,,11000.0,2109.98055,7094.34,1795.6794499999996,8890.01945,0.881,1,restructure-full,PIA_OPCIONES
EDOMEX - TLANEPANTLA,NKT1129,2024-07-30,0.0179811536363636,0.0179811536363636,11.78,0.982,0,,11000.0,197.79269,9565.77,1236.4373099999993,10802.20731,0.736,1,restructure-light,PIA_OPCIONES
EDOMEX - TLANEPANTLA,NKW1174,2025-07-04,0.1873372704545454,0.4790553286363636,277.77,0.896,0,,11000.0,5269.608614999999,4614.64,1115.7513850000005,5730.391385000001,0.74,1,restructure-full,PIA_OPCIONES
EDOMEX - TLANEPANTLA,NLD8153,2023-12-16,0.1961215445454545,0.3150482327272727,215.22,0.901,0,,11000.0,3465.53056,6525.07,1009.3994400000001,7534.46944,0.823,1,restructure-full,PIA_OPCIONES
EDOMEX - ECATEPEC,NLK6258,2025-07-30,0.2369326075454545,0.4864553069090909,277.31,0.886,0,,11000.0,5351.008376,2124.93,3524.0616240000004,5648.991624,0.734,1,restructure-full,PIA_OPCIONES
EDOMEX - TLANEPANTLA,NLS360A,2025-07-31,0.2258627244545454,0.5240113175454546,267.88,0.895,0,,11000.0,5764.124493,4070.75,1165.1255069999997,5235.875507,0.717,1,restructure-light,PIA_OPCIONES
EDOMEX - ECATEPEC,NLZ606A,2025-07-31,0.2690608613636363,0.6009374502727273,253.3,0.879,0,,11000.0,6610.311953,2754.11,1635.5780469999995,4389.688047,0.675,1,advisor-review,PIA_OPCIONES
EDOMEX - TLANEPANTLA,NNF5462,2024-04-05,0.2994882627272727,0.6254647445454545,254.9,0.878,0,,11000.0,6880.11219,2579.45,1540.4378100000004,4119.88781,0.663,1,advisor-review,PIA_OPCIONES
EDOMEX - ECATEPEC,NNN9753,2025-07-28,0.0344856231818181,0.0344856231818181,23.43,0.966,0,,11000.0,379.341855,8914.48,1706.1781449999999,10620.658145,0.774,1,restructure-light,PIA_OPCIONES
EDOMEX - TLANEPANTLA,NNX1745,2024-03-12,0.2232784799999999,0.5127928609090909,272.21999999999997,0.883,0,,11000.0,5640.72147,4732.68,626.5985299999993,5359.27853,0.72,1,restructure-light,PIA_OPCIONES
EDOMEX - ECATEPEC,NNY176A,2025-07-31,0.3808895283054546,0.8444397860454548,220.28,0.814,0,,11000.0,9288.837646500002,1237.0,474.16235349999806,1711.162353499998,0.541,1,advisor-review,PIA_OPCIONES
EDOMEX - TLANEPANTLA,NPD9651,2025-06-30,0.1689364431818181,0.3384499504545454,281.36,0.904,0,,11000.0,3722.949455,4291.74,2985.3105450000003,7277.050545,0.812,1,restructure-full,PIA_OPCIONES
EDOMEX - TLANEPANTLA,NPM6657,2024-03-09,0.2265648881818181,0.2265648881818181,124.93,0.884,0,,11000.0,2492.21377,4882.13,3625.6562299999996,8507.78623,0.864,1,restructure-full,PIA_OPCIONES
EDOMEX - ECATEPEC,NPP1204,2025-02-15,0.0338540063636363,0.0338540063636363,35.15,0.966,0,,11000.0,372.39407,5651.81,4975.795929999999,10627.60593,0.823,1,restructure-light,PIA_OPCIONES
EDOMEX - ECATEPEC,NPR7970,2024-10-24,0.2656011499999999,0.4254943863636364,237.98,0.853,0,,11000.0,4680.43825,3266.96,3052.60175,6319.56175,0.758,1,restructure-full,PIA_OPCIONES
EDOMEX - ECATEPEC,NPU6648,2024-09-14,0.0170858627272727,0.0170858627272727,11.79,0.983,0,,11000.0,187.94448999999997,5783.41,5028.64551,10812.05551,0.737,1,restructure-light,PIA_OPCIONES
EDOMEX - TLANEPANTLA,NRA8543,2024-03-07,0.0276742254545454,0.0276742254545454,23.5,0.972,0,,11000.0,304.41648,3784.65,6910.9335200000005,10695.58352,0.778,1,restructure-light,PIA_OPCIONES
EDOMEX - ECATEPEC,NRD541A,2025-07-19,0.0238132096363636,0.0238132096363636,23.56,0.976,0,,11000.0,261.94530599999996,3720.32,7017.734694000001,10738.054694,0.781,1,restructure-light,PIA_OPCIONES
EDOMEX - TLANEPANTLA,NSF7001,2024-11-26,0.2975887454545454,0.5633842390909091,270.04,0.861,0,,11000.0,6197.22663,3688.15,1114.6233699999998,4802.77337,0.691,1,restructure-light,PIA_OPCIONES
EDOMEX - TLANEPANTLA,NSG8670,2024-11-04,0.0605592254545454,0.0605592254545454,58.01,0.939,0,,11000.0,666.15148,5865.94,4467.90852,10333.84852,0.899,1,restructure-light,PIA_OPCIONES
EDOMEX - ECATEPEC,NSM4747,2024-10-07,0.0244228809090909,0.0244228809090909,23.6,0.976,0,,11000.0,268.65169000000003,9211.9,1519.4483099999998,10731.34831,0.781,1,restructure-light,PIA_OPCIONES
EDOMEX - TLANEPANTLA,NSV2306,2024-03-13,0.2155711827272727,0.3597678363636363,245.36,0.883,0,,11000.0,3957.4462,4699.73,2342.8238,7042.5538,0.797,1,restructure-full,PIA_OPCIONES
EDOMEX - TLANEPANTLA,NSV5525,2024-02-02,0.0066015081818181,0.0066015081818181,11.92,0.993,0,,11000.0,72.61659,3508.84,7418.54341,10927.38341,0.745,1,restructure-light,PIA_OPCIONES
EDOMEX - TLANEPANTLA,NSZ793A,2025-07-29,0.226992057090909,0.4569305443636364,265.42,0.883,0,,11000.0,5026.235988,2356.73,3617.0340119999996,5973.764012,0.748,1,restructure-full,PIA_OPCIONES
EDOMEX - TLANEPANTLA,NTA5765,2025-02-06,0.0129369536363636,0.0129369536363636,11.84,0.987,0,,11000.0,142.30649,4598.14,6259.553509999999,10857.69351,0.74,1,restructure-light,PIA_OPCIONES
EDOMEX - ECATEPEC,NTC2304,2024-11-30,0.0113818254545454,0.0113818254545454,11.86,0.989,0,,11000.0,125.20008,9629.0,1245.7999199999995,10874.79992,0.742,1,restructure-light,PIA_OPCIONES
EDOMEX - ECATEPEC,NTD3059,2024-09-25,0.0277518345454545,0.0277518345454545,11.67,0.972,0,,11000.0,305.27018,4611.81,6082.91982,10694.72982,0.729,1,restructure-light,PIA_OPCIONES
EDOMEX - ECATEPEC,NTD7180,2024-11-21,0.0143171263636363,0.0143171263636363,11.83,0.986,0,,11000.0,157.48839,6608.01,4234.501609999999,10842.51161,0.739,1,restructure-light,PIA_OPCIONES
EDOMEX - ECATEPEC,NTD7979,2025-07-29,0.1579912967527272,0.1579912967527272,76.43,0.842,0,,11000.0,1737.90426428,7981.2,1280.8957357200006,9262.09573572,0.889,1,restructure-full,PIA_OPCIONES
EDOMEX - TLANEPANTLA,NTD7982,2025-07-31,0.2322911106327272,0.4974333783272727,277.26,0.876,0,,11000.0,5471.7671616,4899.76,628.4728384,5528.2328384,0.726,1,restructure-full,PIA_OPCIONES
EDOMEX - ECATEPEC,NTE1249,2025-07-13,0.1283173511818181,0.1283173511818181,78.09,0.872,0,,11000.0,1411.490863,4236.36,5352.149137000001,9588.509137000001,0.91,1,restructure-full,PIA_OPCIONES
EDOMEX - TLANEPANTLA,NTJ047A,2025-07-06,0.2303342217272727,0.2666911120909091,164.66,0.893,0,,11000.0,2933.602233,2657.64,5408.757767000001,8066.397767,0.845,1,restructure-full,PIA_OPCIONES
EDOMEX - TLANEPANTLA,NTK1467,2025-05-17,0.2932255791018182,0.7509986954654546,229.78,0.869,0,,11000.0,8260.985650120001,1074.13,1664.8843498799988,2739.014349879999,0.598,1,advisor-review,PIA_OPCIONES
EDOMEX - TLANEPANTLA,NTK9602,2025-01-11,0.2019523418181818,0.4475217772727272,284.25,0.912,0,,11000.0,4922.739549999999,2054.1,4023.1604500000008,6077.260450000001,0.759,1,restructure-full,PIA_OPCIONES
EDOMEX - TLANEPANTLA,NTS6641,2024-07-16,0.016627299090909,0.016627299090909,11.8,0.983,0,,11000.0,182.90029,4511.54,6305.55971,10817.09971,0.737,1,restructure-light,PIA_OPCIONES
EDOMEX - ECATEPEC,NTT7520,2025-03-09,0.09100621,0.09100621,79.42,0.909,0,,11000.0,1001.06831,6410.73,3588.20169,9998.93169,0.936,1,restructure-full,PIA_OPCIONES
EDOMEX - TLANEPANTLA,NTU4623,2023-10-13,0.2040843218181818,0.30818088,227.1,0.915,0,,11000.0,3389.98968,6449.25,1160.7603199999994,7610.010319999999,0.829,1,restructure-full,PIA_OPCIONES
EDOMEX - TLANEPANTLA,NUA336A,2025-07-23,0.2368406938181818,0.4970079322727273,277.9,0.866,0,,11000.0,5467.087255,3443.3,2089.6127449999994,5532.912745,0.725,1,restructure-full,PIA_OPCIONES
EDOMEX - TLANEPANTLA,NUD6464,2025-07-21,0.0627982594545454,0.0627982594545454,57.8,0.937,0,,11000.0,690.780854,6964.84,3344.3791459999993,10309.219146,0.897,1,restructure-light,PIA_OPCIONES
EDOMEX - TLANEPANTLA,NUH9419,2024-10-19,0.2908311381818181,0.6762935454545455,234.22,0.867,0,,11000.0,7439.229,1499.51,2061.2609999999995,3560.7709999999997,0.635,1,advisor-review,PIA_OPCIONES
EDOMEX - TLANEPANTLA,NUJ4051,2024-04-30,0.05344337,0.05344337,46.36,0.947,0,,11000.0,587.87707,8125.1,2287.022929999999,10412.12293,0.856,1,restructure-light,PIA_OPCIONES
EDOMEX - TLANEPANTLA,NUJ6630,2025-07-25,0.2057452051818181,0.4416248806363637,289.38,0.879,0,,11000.0,4857.873687,4119.36,2022.766313,6142.126313,0.755,1,restructure-full,PIA_OPCIONES
EDOMEX - ECATEPEC,NUK9880,2025-03-15,0.0163434263636363,0.0163434263636363,11.8,0.984,0,,11000.0,179.77768999999998,8856.16,1964.0623099999993,10820.22231,0.738,1,restructure-light,PIA_OPCIONES
EDOMEX - ECATEPEC,NUP773A,2025-07-25,0.222524883,0.4859298407272727,270.0,0.9,0,,11000.0,5345.228247999999,4915.73,739.041752000001,5654.771752000001,0.737,1,restructure-full,PIA_OPCIONES
EDOMEX - TLANEPANTLA,NUS5749,2025-04-03,0.2050650572727272,0.4807774963636363,275.07,0.899,0,,11000.0,5288.55246,2905.64,2805.8075400000002,5711.44754,0.739,1,restructure-full,PIA_OPCIONES
EDOMEX - TLANEPANTLA,NUT2155,2025-02-01,0.0092684445454545,0.0092684445454545,11.89,0.991,0,,11000.0,101.95289,3861.7,7036.34711,10898.04711,0.743,1,restructure-light,PIA_OPCIONES
EDOMEX - ECATEPEC,NUT3437,2025-07-23,0.1318354576363636,0.1318354576363636,111.59,0.906,0,,11000.0,1450.190034,4159.49,5390.319966000001,9549.809966,0.915,1,restructure-full,PIA_OPCIONES
EDOMEX - ECATEPEC,NUT6571,2025-07-20,0.0522195891818181,0.0522195891818181,34.75,0.948,0,,11000.0,574.415481,5866.53,4559.054519,10425.584519,0.808,1,restructure-light,PIA_OPCIONES
EDOMEX - TLANEPANTLA,NUW7185,2024-04-26,0.0155573172727272,0.0155573172727272,11.81,0.984,0,,11000.0,171.13049,9393.14,1435.729510000001,10828.86951,0.738,1,restructure-light,PIA_OPCIONES
EDOMEX - ECATEPEC,NUZ7516,2025-07-22,0.0601020797272727,0.0601020797272727,57.62,0.94,0,,11000.0,661.122877,5448.44,4890.437123000001,10338.877123,0.898,1,restructure-light,PIA_OPCIONES
EDOMEX - TLANEPANTLA,NVA1155,2025-05-17,0.0592496972727272,0.0592496972727272,46.15,0.941,0,,11000.0,651.74667,7890.17,2458.0833299999995,10348.25333,0.851,1,restructure-light,PIA_OPCIONES
EDOMEX - TLANEPANTLA,NVK163A,2025-07-18,0.044860407090909,0.044860407090909,34.900000000000006,0.955,0,,11000.0,493.464478,6559.08,3947.455522,10506.535522,0.814,1,restructure-light,PIA_OPCIONES
EDOMEX - TLANEPANTLA,NVM9692,2025-01-27,0.2156690554545454,0.2156690554545454,127.37,0.873,0,,11000.0,2372.35961,3534.62,5093.020390000001,8627.64039,0.867,1,restructure-full,PIA_OPCIONES
EDOMEX - ECATEPEC,NVN2055,2025-07-28,0.0330696441818181,0.0330696441818181,35.29,0.967,0,,11000.0,363.766086,5237.71,5398.523914,10636.233914,0.824,1,restructure-light,PIA_OPCIONES
EDOMEX - TLANEPANTLA,NVP3635,2025-07-31,0.2288511451818181,0.5461745069999999,263.06,0.88,0,,11000.0,6007.919577,3454.1,1537.9804230000004,4992.080423,0.703,1,restructure-light,PIA_OPCIONES
EDOMEX - ECATEPEC,NVS700A,2025-07-29,0.2423104845454545,0.4801866587272727,278.07,0.877,0,,11000.0,5282.0532459999995,4023.79,1694.1567540000005,5717.9467540000005,0.735,1,restructure-full,PIA_OPCIONES
EDOMEX - TLANEPANTLA,NWC5697,2024-12-13,0.0190595536363636,0.0190595536363636,11.77,0.981,0,,11000.0,209.65509,6051.83,4738.51491,10790.34491,0.736,1,restructure-light,PIA_OPCIONES
EDOMEX - TLANEPANTLA,NWD1976,2025-04-24,0.2104781454545454,0.474456959090909,280.46000000000004,0.889,0,,11000.0,5219.02655,2527.37,3253.6034500000005,5780.97345,0.741,1,restructure-full,PIA_OPCIONES
EDOMEX - TLANEPANTLA,NWD2314,2025-07-12,0.0790884703636363,0.0790884703636363,57.03,0.921,0,,11000.0,869.973174,7426.77,2703.256825999999,10130.026826,0.882,1,restructure-light,PIA_OPCIONES
EDOMEX - TLANEPANTLA,NWE4850,2024-07-04,0.2126886627272727,0.4517296718181818,285.23,0.895,0,,11000.0,4969.02639,2420.37,3610.60361,6030.97361,0.753,1,restructure-full,PIA_OPCIONES
EDOMEX - ECATEPEC,NWE6364,2024-09-23,0.0174789172727272,0.0174789172727272,11.79,0.983,0,,11000.0,192.26809,9316.28,1491.4519099999998,10807.73191,0.737,1,restructure-light,PIA_OPCIONES
EDOMEX - ECATEPEC,NWF7409,2025-02-18,0.2456089381818181,0.5420642963636364,268.38,0.884,0,,11000.0,5962.70726,2079.1,2958.19274,5037.29274,0.706,1,restructure-light,PIA_OPCIONES
EDOMEX - TLANEPANTLA,NWH8687,2025-07-15,0.0138330088181818,0.0138330088181818,11.83,0.986,0,,11000.0,152.163097,3952.82,6895.016903,10847.836903,0.74,1,restructure-light,PIA_OPCIONES
EDOMEX - TLANEPANTLA,NWK8907,2024-01-13,0.0371019618181818,0.0371019618181818,23.33,0.963,0,,11000.0,408.12158,6340.18,4251.698420000001,10591.878420000001,0.771,1,restructure-light,PIA_OPCIONES
EDOMEX - TLANEPANTLA,NWM1788,2025-04-27,0.0090395994545454,0.0090395994545454,11.89,0.991,0,,11000.0,99.435594,6668.2,4232.364406,10900.564406,0.743,1,restructure-light,PIA_OPCIONES
EDOMEX - ECATEPEC,NWR1656,2025-02-17,0.2314272409090908,0.2929249918181817,183.15,0.908,0,,11000.0,3222.1749099999997,4704.93,3072.89509,7777.82509,0.835,1,restructure-full,PIA_OPCIONES
EDOMEX - ECATEPEC,NWR6510,2025-03-31,0.4746142227272727,1.0735641754545455,158.82999999999998,0.792,0,,11000.0,11809.20593,0.0,0.0,0.0,0.458,1,advisor-review,PIA_OPCIONES
EDOMEX - ECATEPEC,NWR8317,2025-07-30,0.2481883400909091,0.5389677237272728,265.92999999999995,0.873,0,,11000.0,5928.644961,4548.44,522.9150390000004,5071.355039,0.705,1,restructure-light,PIA_OPCIONES
EDOMEX - TLANEPANTLA,NWT2578,2025-05-03,0.2071891415454545,0.4784207260909091,283.8,0.889,0,,11000.0,5262.627987,3395.2,2342.1720130000003,5737.372013,0.739,1,restructure-full,PIA_OPCIONES
EDOMEX - ECATEPEC,NWU2870,2025-07-15,0.2453441771818181,0.516520609909091,272.15,0.878,0,,11000.0,5681.7267090000005,3120.59,2197.6832909999994,5318.2732909999995,0.717,1,restructure-light,PIA_OPCIONES
EDOMEX - ECATEPEC,NWV5181,2025-05-26,0.2457621988181818,0.513162827,275.05,0.876,0,,11000.0,5644.791097,2961.75,2393.4589029999997,5355.208903,0.719,1,restructure-light,PIA_OPCIONES
EDOMEX - TLANEPANTLA,NWY3792,2025-04-28,0.2100278811818181,0.4943224011818182,284.71999999999997,0.897,0,,11000.0,5437.546413,1891.77,3670.683587,5562.453587,0.732,1,restructure-full,PIA_OPCIONES
EDOMEX - ECATEPEC,NXD1136,2024-12-31,0.1598132318181818,0.1598132318181818,131.83,0.901,0,,11000.0,1757.94555,6060.7,3181.35445,9242.05445,0.9,1,restructure-full,PIA_OPCIONES
EDOMEX - ECATEPEC,NXF168A,2025-07-25,0.0996322304545454,0.0996322304545454,91.29,0.901,0,,11000.0,1095.954535,4325.9,5578.145465,9904.045465,0.93,1,restructure-full,PIA_OPCIONES
EDOMEX - TLANEPANTLA,NXG9080,2024-01-21,0.2199991,0.4765492036363636,291.53000000000003,0.891,0,,11000.0,5242.0412400000005,3930.18,1827.7787599999997,5757.9587599999995,0.74,1,restructure-full,PIA_OPCIONES
EDOMEX - TLANEPANTLA,NXH6263,2025-05-23,0.0375951987272727,0.0375951987272727,35.11,0.962,0,,11000.0,413.547186,3498.82,7087.6328140000005,10586.452814,0.82,1,restructure-light,PIA_OPCIONES
EDOMEX - ECATEPEC,NXK3934,2025-07-30,0.2052835453636363,0.2936389317272727,182.32,0.903,0,,11000.0,3230.028249,6906.2,863.7717510000002,7769.971751,0.834,1,restructure-full,PIA_OPCIONES
EDOMEX - ECATEPEC,NXK6292,2025-07-30,0.3121551984545455,0.6019725817272727,261.46000000000004,0.866,0,,11000.0,6621.698399,2545.56,1832.7416010000002,4378.301601,0.672,1,advisor-review,PIA_OPCIONES
EDOMEX - TLANEPANTLA,NXK8810,2025-04-13,0.031367479090909,0.031367479090909,35.18,0.969,0,,11000.0,345.04227,8929.42,1725.53773,10654.95773,0.825,1,restructure-light,PIA_OPCIONES
EDOMEX - ECATEPEC,NXR1067,2025-07-13,0.2223785559090909,0.4733723722727273,279.91999999999996,0.915,0,,11000.0,5207.096095000001,3390.8,2402.103904999999,5792.903904999999,0.746,1,restructure-full,PIA_OPCIONES
EDOMEX - ECATEPEC,NXR9396,2025-02-03,0.2023587245454545,0.4318467136363636,280.1,0.916,0,,11000.0,4750.31385,2101.14,4148.54615,6249.68615,0.767,1,restructure-full,PIA_OPCIONES
EDOMEX - ECATEPEC,NXU8505,2025-07-19,0.2488017455054545,0.5960007582327272,248.12,0.888,0,,11000.0,6556.00834056,3525.54,918.4516594400002,4443.99165944,0.68,1,restructure-light,PIA_OPCIONES
EDOMEX - ECATEPEC,NXV2821,2025-01-15,0.0116445354545454,0.0116445354545454,11.86,0.988,0,,11000.0,128.08989,7489.77,3382.1401100000003,10871.91011,0.741,1,restructure-light,PIA_OPCIONES
EDOMEX - TLANEPANTLA,NXW6665,2025-05-04,0.967111331798182,1.58926806078,94.81,0.528,0,,11000.0,17481.94866858,0.0,0.0,0.0,0.406,0,monitor,FOLLOW_UP
EDOMEX - TLANEPANTLA,NXY1429,2025-07-28,0.2762580954545454,0.6046733830909091,254.58,0.865,0,,11000.0,6651.407214,2421.74,1926.8527860000004,4348.592786,0.671,1,advisor-review,PIA_OPCIONES
EDOMEX - ECATEPEC,NXY5000,2024-09-12,0.103711809090909,0.103711809090909,67.5,0.896,0,,11000.0,1140.8299,6731.47,3127.700099999999,9859.1701,0.909,1,restructure-light,PIA_OPCIONES
EDOMEX - TLANEPANTLA,NXZ2150,2025-06-17,0.2627468849090909,0.5637907154545454,267.25,0.869,0,,11000.0,6201.69787,3904.56,893.7421300000001,4798.30213,0.692,1,restructure-light,PIA_OPCIONES
EDOMEX - TLANEPANTLA,NYB2200,2025-07-30,0.2581523470909091,0.5355831741818181,269.96,0.869,0,,11000.0,5891.414916,3466.89,1641.6950840000004,5108.585084,0.706,1,restructure-light,PIA_OPCIONES
EDOMEX - TLANEPANTLA,NYD3632,2025-07-12,0.2017568131818181,0.4026457395454544,293.0,0.886,0,,11000.0,4429.103134999999,3341.99,3228.906865000001,6570.896865000001,0.776,1,restructure-full,PIA_OPCIONES
EDOMEX - TLANEPANTLA,NYE3957,2025-07-18,0.1993192881818181,0.40780182,288.09000000000003,0.9,0,,11000.0,4485.82002,4543.76,1970.4199799999997,6514.17998,0.776,1,restructure-full,PIA_OPCIONES
EDOMEX - TLANEPANTLA,NYF7608,2025-04-22,0.2909868109090909,0.4079917509090909,206.26,0.852,0,,11000.0,4487.90926,4578.73,1933.36074,6512.09074,0.766,1,restructure-full,PIA_OPCIONES
EDOMEX - ECATEPEC,NYF7657,2025-04-04,0.2177502999999999,0.2177502999999999,149.04,0.884,0,,11000.0,2395.2533,7540.79,1063.9566999999997,8604.7467,0.868,1,restructure-full,PIA_OPCIONES
EDOMEX - ECATEPEC,NYF8000,2025-07-31,0.1983548671818181,0.1983548671818181,139.82999999999998,0.883,0,,11000.0,2181.903539,4607.87,4210.226461000001,8818.096461000001,0.877,1,restructure-full,PIA_OPCIONES
EDOMEX - TLANEPANTLA,NYJ2223,2025-07-27,0.2708671006363636,0.5646497318181819,268.64,0.862,0,,11000.0,6211.1470500000005,2658.05,2130.8029499999993,4788.8529499999995,0.69,1,restructure-light,PIA_OPCIONES
EDOMEX - ECATEPEC,NYJY115A,2025-06-06,0.2184012201818181,0.4754807292727272,280.1,0.896,0,,11000.0,5230.288022,4542.34,1227.3719780000001,5769.711978,0.741,1,restructure-full,PIA_OPCIONES
EDOMEX - ECATEPEC,NYM3174,2025-07-25,0.1976884437272727,0.4829648609999999,276.74,0.904,0,,11000.0,5312.613471,3432.1,2255.2865290000004,5687.386529,0.739,1,restructure-full,PIA_OPCIONES
EDOMEX - ECATEPEC,NYM4040,2024-10-14,0.0072846109090909,0.0072846109090909,11.91,0.993,0,,11000.0,80.13072,8101.93,2817.9392800000005,10919.86928,0.745,1,restructure-light,PIA_OPCIONES
EDOMEX - ECATEPEC,NYM9892,2024-12-01,0.0066177899999999,0.0066177899999999,11.92,0.993,0,,11000.0,72.79569,6292.16,4635.044309999999,10927.20431,0.745,1,restructure-light,PIA_OPCIONES
EDOMEX - TLANEPANTLA,NYP4901,2024-10-20,0.0639671236363636,0.0639671236363636,46.08,0.936,0,,11000.0,703.63836,4420.2,5876.161639999999,10296.36164,0.847,1,restructure-light,PIA_OPCIONES
EDOMEX - ECATEPEC,NYR2020,2025-06-05,0.073072443,0.073072443,102.93,0.949,0,,11000.0,803.796873,7617.81,2578.3931270000003,10196.203127,0.953,1,restructure-full,PIA_OPCIONES
EDOMEX - ECATEPEC,NYT3731,2025-07-02,0.1123730655454545,0.1123730655454545,112.24,0.926,0,,11000.0,1236.103721,3697.52,6066.376279,9763.896279,0.929,1,restructure-full,PIA_OPCIONES
EDOMEX - ECATEPEC,NYU1735,2025-07-16,0.1724186446363636,0.4003888946363636,288.96,0.901,0,,11000.0,4404.277841,2764.6,3831.122159,6595.722159,0.78,1,restructure-full,PIA_OPCIONES
EDOMEX - TLANEPANTLA,NYU750B,2025-07-27,0.2637099025454545,0.4710634259999999,265.92,0.858,0,,11000.0,5181.6976859999995,3933.73,1884.5723140000005,5818.3023140000005,0.736,1,restructure-full,PIA_OPCIONES
EDOMEX - ECATEPEC,NYW4034,2025-05-30,0.0131446174545454,0.0131446174545454,11.84,0.987,0,,11000.0,144.590792,8123.77,2731.6392079999987,10855.409208,0.74,1,restructure-light,PIA_OPCIONES
EDOMEX - ECATEPEC,NYX6756,2025-07-31,0.1980860395454545,0.4570224137272727,280.63,0.897,0,,11000.0,5027.246551,4998.08,974.6734489999999,5972.753449,0.751,1,restructure-full,PIA_OPCIONES
EDOMEX - ECATEPEC,NYX9511,2025-07-30,0.2183711247272727,0.5734196821818182,263.45,0.884,0,,11000.0,6307.616504,2175.16,2517.2234960000005,4692.383496,0.69,1,restructure-light,PIA_OPCIONES
EDOMEX - TLANEPANTLA,NYZ2678,2024-12-11,0.0152838081818181,0.0152838081818181,11.82,0.985,0,,11000.0,168.12189,3969.17,6862.70811,10831.87811,0.739,1,restructure-light,PIA_OPCIONES
EDOMEX - ECATEPEC,NZA2706,2025-06-23,0.1664873148181818,0.1664873148181818,98.62,0.869,0,,11000.0,1831.360463,8009.98,1158.6595369999995,9168.639537,0.891,1,restructure-full,PIA_OPCIONES
EDOMEX - ECATEPEC,NZA4429,2025-03-09,0.2748889363636363,0.6278517818181818,253.95,0.86,0,,11000.0,6906.3696,1607.38,2486.2504,4093.6304,0.658,1,advisor-review,PIA_OPCIONES
EDOMEX - TLANEPANTLA,NZB4926,2025-05-23,0.2972723205454545,0.6656202598181818,251.05,0.839,0,,11000.0,7321.822858,1539.69,2138.4871419999995,3678.1771419999995,0.635,1,advisor-review,PIA_OPCIONES
EDOMEX - TLANEPANTLA,NZD3499,2025-07-08,0.2231250777272727,0.4820571940909091,290.36,0.897,0,,11000.0,5302.629135,2705.1,2992.270865,5697.370865,0.738,1,restructure-full,PIA_OPCIONES
EDOMEX - TLANEPANTLA,NZD4088,2024-10-14,0.2622596399999999,0.45774225,291.19,0.865,0,,11000.0,5035.16475,3684.09,2280.74525,5964.83525,0.744,1,restructure-full,PIA_OPCIONES
EDOMEX - ECATEPEC,NZE5695,2025-01-21,0.2120984027272727,0.2120984027272727,150.03,0.884,0,,11000.0,2333.08243,7190.9,1476.01757,8666.91757,0.871,1,restructure-full,PIA_OPCIONES
EDOMEX - TLANEPANTLA,NZE6296,2024-09-30,0.2304212927272727,0.5273449745454545,270.91999999999996,0.878,0,,11000.0,5800.79472,3932.3,1266.90528,5199.20528,0.712,1,restructure-light,PIA_OPCIONES
EDOMEX - ECATEPEC,NZG4949,2024-10-02,0.1680832254545454,0.1680832254545454,131.03,0.9,0,,11000.0,1848.91548,6633.57,2517.5145200000006,9151.08452,0.896,1,restructure-full,PIA_OPCIONES
EDOMEX - TLANEPANTLA,NZG6214,2023-11-02,0.1503031636363636,0.1503031636363636,99.44,0.882,0,,11000.0,1653.3348,3786.41,5560.2552,9346.6652,0.901,1,restructure-full,PIA_OPCIONES
EDOMEX - TLANEPANTLA,NZJ2346,2024-09-14,0.1050224736363636,0.1050224736363636,67.91,0.895,0,,11000.0,1155.24721,5066.2,4778.552790000001,9844.75279,0.909,1,restructure-light,PIA_OPCIONES
EDOMEX - ECATEPEC,NZJ2375,2025-07-24,0.2446581676363636,0.5117250821818182,274.5,0.879,0,,11000.0,5628.975904,3153.02,2218.004096,5371.024096,0.72,1,restructure-light,PIA_OPCIONES
EDOMEX - TLANEPANTLA,NZJ9353,2024-09-15,0.11204518,0.11204518,90.25,0.896,0,,11000.0,1232.49698,3794.24,5973.26302,9767.50302,0.923,1,restructure-full,PIA_OPCIONES
EDOMEX - TLANEPANTLA,NZN1683,2025-03-20,0.15388947,0.15388947,98.89,0.875,0,,11000.0,1692.78417,4319.09,4988.125830000001,9307.215830000001,0.898,1,restructure-full,PIA_OPCIONES
EDOMEX - ECATEPEC,NZN4071,2025-07-31,0.2460335292727272,0.5101172508181818,272.74,0.87,0,,11000.0,5611.289759,2613.52,2775.190241,5388.710241,0.719,1,restructure-light,PIA_OPCIONES
EDOMEX - ECATEPEC,NZN4196,2025-07-24,0.2670060040909091,0.604073341909091,257.06,0.876,0,,11000.0,6644.806761000001,1639.15,2716.043238999999,4355.193238999999,0.673,1,advisor-review,PIA_OPCIONES
EDOMEX - TLANEPANTLA,NZN7779,2024-11-13,0.1393394490909091,0.1393394490909091,144.72,0.917,0,,11000.0,1532.73394,5965.74,3501.52606,9467.26606,0.914,1,restructure-full,PIA_OPCIONES
EDOMEX - TLANEPANTLA,NZN9885,2025-07-20,0.2556046942727272,0.5504302179090909,266.77,0.872,0,,11000.0,6054.732397,3575.51,1369.757603,4945.267603,0.699,1,restructure-light,PIA_OPCIONES
EDOMEX - TLANEPANTLA,NZP212B,2025-06-28,0.0090614358181818,0.0090614358181818,11.89,0.991,0,,11000.0,99.675794,3727.46,7172.864205999999,10900.324206,0.743,1,restructure-light,PIA_OPCIONES
EDOMEX - TLANEPANTLA,NZS2931,2025-03-12,0.0174898354545454,0.0174898354545454,11.79,0.983,0,,11000.0,192.38819,6362.16,4445.4518100000005,10807.61181,0.737,1,restructure-light,PIA_OPCIONES
EDOMEX - ECATEPEC,NZS8009,2025-02-16,0.0975758681818181,0.0975758681818181,56.43,0.902,0,,11000.0,1073.33455,7636.85,2289.81545,9926.66545,0.867,1,restructure-light,PIA_OPCIONES
EDOMEX - TLANEPANTLA,NZT1108,2025-07-28,0.0548672981818181,0.0548672981818181,46.31,0.945,0,,11000.0,603.5402799999999,7784.81,2611.6497200000003,10396.45972,0.855,1,restructure-light,PIA_OPCIONES
EDOMEX - TLANEPANTLA,NZT1226,2025-04-06,0.2437648218181818,0.57211475,257.43,0.898,0,,11000.0,6293.26225,3713.82,992.9177500000001,4706.73775,0.694,1,restructure-light,PIA_OPCIONES
EDOMEX - ECATEPEC,NZT3779,2025-07-26,0.2293713379090909,0.5426341737272727,272.06,0.881,0,,11000.0,5968.975911,2862.37,2168.6540889999997,5031.024089,0.705,1,restructure-light,PIA_OPCIONES
EDOMEX - ECATEPEC,NZT5678,2025-07-29,0.1004853771818181,0.2612695899090909,316.56,0.943,0,,11000.0,2873.965489,6438.54,1687.4945109999999,8126.034511,0.858,1,restructure-full,PIA_OPCIONES
EDOMEX - ECATEPEC,NZT6199,2025-07-30,0.2206539492727273,0.4379363129090908,286.22,0.881,0,,11000.0,4817.2994419999995,2747.91,3434.7905580000006,6182.7005580000005,0.757,1,restructure-full,PIA_OPCIONES
EDOMEX - ECATEPEC,NZU3316,2025-07-18,0.2136740589090909,0.4437382662727273,283.6,0.893,0,,11000.0,4881.120929000001,3160.32,2958.559070999999,6118.879070999999,0.757,1,restructure-full,PIA_OPCIONES
EDOMEX - ECATEPEC,NZU5285,2025-02-21,0.1850660527272727,0.39738348,284.15,0.904,0,,11000.0,4371.21828,2690.05,3938.7317199999998,6628.78172,0.782,1,restructure-full,PIA_OPCIONES
EDOMEX - ECATEPEC,NZV2611,2025-04-04,0.0091057636363636,0.0091057636363636,11.89,0.991,0,,11000.0,100.1634,6327.25,4572.5866000000005,10899.8366,0.743,1,restructure-light,PIA_OPCIONES
EDOMEX - ECATEPEC,NZV8496,2025-06-02,0.1438414024545454,0.1896704706363636,205.53,0.94,0,,11000.0,2086.375177,4770.89,4142.734823,8913.624823,0.893,1,restructure-full,PIA_OPCIONES
EDOMEX - TLANEPANTLA,NZW4553,2024-02-11,0.0994589563636363,0.0994589563636363,67.77,0.901,0,,11000.0,1094.04852,4403.75,5502.20148,9905.95148,0.913,1,restructure-light,PIA_OPCIONES
EDOMEX - TLANEPANTLA,NZW4847,2025-01-18,0.1746164645454545,0.1746164645454545,108.8,0.873,0,,11000.0,1920.78111,6819.11,2260.1088900000004,9079.21889,0.887,1,restructure-full,PIA_OPCIONES
EDOMEX - ECATEPEC,NZY4328,2025-07-28,0.2262409073636363,0.2631192500909091,165.79,0.882,0,,11000.0,2894.3117509999997,3958.07,4147.618249000001,8105.688249000001,0.845,1,restructure-full,PIA_OPCIONES
EDOMEX - ECATEPEC,NZY5605,2025-07-22,0.2120327221818182,0.4443932683636363,283.45,0.907,0,,11000.0,4888.325951999999,2833.88,3277.7940480000007,6111.674048000001,0.759,1,restructure-full,PIA_OPCIONES
EDOMEX - ECATEPEC,NZY8710,2025-07-31,0.2266255829090908,0.572244421,258.87,0.878,0,,11000.0,6294.688631,1781.12,2924.191369,4705.311369,0.689,1,restructure-light,PIA_OPCIONES
EDOMEX - TLANEPANTLA,P000037,2025-07-14,0.0392044613636363,0.0392044613636363,34.97,0.961,0,,11000.0,431.24907499999995,5953.3,4615.450925,10568.750925,0.818,1,restructure-light,PIA_OPCIONES
EDOMEX - ECATEPEC,P000400,2024-12-22,0.037221799090909,0.037221799090909,11.55,0.963,0,,11000.0,409.43979,5102.31,5488.250209999999,10590.56021,0.722,1,restructure-light,PIA_OPCIONES
EDOMEX - TLANEPANTLA,P0320,2025-07-10,0.2752200563636363,0.5226657645454545,243.31,0.888,0,,11000.0,5749.32341,2738.56,2512.11659,5250.67659,0.716,1,restructure-light,PIA_OPCIONES
EDOMEX - ECATEPEC,P06ATS,2025-07-31,0.2179926031818181,0.4764337694545454,281.45000000000005,0.89,0,,11000.0,5240.771464,2543.27,3215.9585359999996,5759.228536,0.74,1,restructure-full,PIA_OPCIONES
EDOMEX - TLANEPANTLA,P08BJB,2025-07-26,0.241600366,0.4036386850909091,227.22,0.878,0,,11000.0,4440.025536,4971.76,1588.2144639999997,6559.974464,0.774,1,restructure-full,PIA_OPCIONES
EDOMEX - TLANEPANTLA,P08BJW,2024-02-02,0.1126745209090909,0.1126745209090909,78.36,0.887,0,,11000.0,1239.41973,8374.6,1385.98027,9760.58027,0.921,1,restructure-full,PIA_OPCIONES
EDOMEX - TLANEPANTLA,P33ATH,2025-05-28,0.0973202485454545,0.0973202485454545,79.28,0.903,0,,11000.0,1070.522734,5945.36,3984.117266,9929.477266,0.932,1,restructure-full,PIA_OPCIONES
EDOMEX - TLANEPANTLA,P43AMA,2024-12-22,0.1038094036363636,0.1038094036363636,67.73,0.896,0,,11000.0,1141.90344,6760.67,3097.42656,9858.09656,0.91,1,restructure-light,PIA_OPCIONES
EDOMEX - TLANEPANTLA,P801079,2024-11-07,0.0571960790909091,0.0571960790909091,34.41,0.943,0,,11000.0,629.15687,8507.24,1863.6031299999995,10370.84313,0.803,1,restructure-light,PIA_OPCIONES
EDOMEX - TLANEPANTLA,P801561,2025-01-21,0.0015602081818181,0.0015602081818181,11.98,0.998,0,,11000.0,17.16229,9876.84,1105.9977099999996,10982.83771,0.749,1,restructure-light,PIA_OPCIONES
EDOMEX - TLANEPANTLA,P802066,2025-02-08,0.0318554072727272,0.0318554072727272,23.43,0.968,0,,11000.0,350.40948,7115.1,3534.4905199999994,10649.59052,0.775,1,restructure-light,PIA_OPCIONES
EDOMEX - TLANEPANTLA,P802435,2024-11-20,0.512644319090909,0.7918325254545454,170.53,0.757,0,,11000.0,8710.15778,1909.43,380.4122200000004,2289.8422200000005,0.555,1,advisor-review,PIA_OPCIONES
EDOMEX - TLANEPANTLA,P802460,2025-03-26,0.1335359145454545,0.2435343909090909,244.93,0.938,0,,11000.0,2678.8783,7032.72,1288.4016999999994,8321.1217,0.866,1,restructure-full,PIA_OPCIONES
EDOMEX - ECATEPEC,P802569,2024-12-11,0.67565644,0.67565644,93.3,0.583,0,,11000.0,7432.22084,2764.57,803.2091599999999,3567.77916,0.579,1,advisor-review,PIA_OPCIONES
EDOMEX - TLANEPANTLA,P803046,2025-04-12,0.77803377,1.1119912645454546,138.18,0.612,0,,11000.0,12231.90391,0.0,0.0,0.0,0.422,0,monitor,FOLLOW_UP
EDOMEX - TLANEPANTLA,P803547,2024-09-09,0.0136466354545454,0.0136466354545454,11.84,0.986,0,,11000.0,150.11299,3783.27,7066.61701,10849.88701,0.74,1,restructure-light,PIA_OPCIONES
EDOMEX - TLANEPANTLA,PAA6858,2025-07-31,0.2265926676363636,0.4867387712727272,275.21000000000004,0.892,0,,11000.0,5354.126483999999,1747.3,3898.5735160000004,5645.873516000001,0.735,1,restructure-full,PIA_OPCIONES
EDOMEX - ECATEPEC,PAA8087,2025-07-30,0.9246278527272724,1.982947518181818,101.81,0.513,0,,11000.0,21812.4227,0.0,0.0,0.0,0.403,0,monitor,FOLLOW_UP
EDOMEX - TLANEPANTLA,PAC6869,2025-07-31,0.4784325845454545,1.0299702406363638,187.95,0.781,0,,11000.0,11329.672647,0.0,0.0,0.0,0.456,1,advisor-review,PIA_OPCIONES
EDOMEX - TLANEPANTLA,PAE1032,2025-07-30,0.2422696505454545,0.5417116456363635,269.22,0.877,0,,11000.0,5958.8281019999995,2744.5,2296.6718980000005,5041.1718980000005,0.705,1,restructure-light,PIA_OPCIONES
EDOMEX - TLANEPANTLA,PAG663A,2025-04-20,0.0256446254545454,0.0256446254545454,23.54,0.974,0,,11000.0,282.09087999999997,6869.11,3848.7991200000006,10717.90912,0.78,1,restructure-light,PIA_OPCIONES
EDOMEX - TLANEPANTLA,PAJ2909,2025-04-21,0.25611344,0.55826133,265.79,0.866,0,,11000.0,6140.87463,3067.55,1791.5753699999996,4859.12537,0.694,1,restructure-light,PIA_OPCIONES
EDOMEX - TLANEPANTLA,PAJ5018,2024-06-05,0.2391115909090909,0.2648683354545454,164.63,0.889,0,,11000.0,2913.55169,6485.07,1601.37831,8086.44831,0.845,1,restructure-full,PIA_OPCIONES
EDOMEX - TLANEPANTLA,PAL6787,2025-07-21,0.242150282,0.540635502,271.74,0.871,0,,11000.0,5946.990522,1845.33,3207.679478,5053.009478,0.704,1,restructure-light,PIA_OPCIONES
EDOMEX - ECATEPEC,PAX7437,2024-10-25,0.2888667036363636,0.5715340636363636,286.13,0.859,0,,11000.0,6286.874699999999,2050.71,2662.4153000000006,4713.125300000001,0.686,1,restructure-light,PIA_OPCIONES
EDOMEX - TLANEPANTLA,PAY4740,2025-02-07,0.15658092,0.15658092,87.83,0.861,0,,11000.0,1722.39012,7197.6,2080.0098799999996,9277.60988,0.894,1,restructure-full,PIA_OPCIONES
EDOMEX - ECATEPEC,PAY7657,2025-07-30,0.228748911090909,0.4558088792727272,281.59999999999997,0.892,0,,11000.0,5013.897671999999,4840.97,1145.1323280000006,5986.102328000001,0.75,1,restructure-full,PIA_OPCIONES
EDOMEX - TLANEPANTLA,PAZ1744,2025-05-31,0.2419283481818181,0.5323793891818182,283.59000000000003,0.888,0,,11000.0,5856.173280999999,4613.47,530.3567190000003,5143.826719000001,0.711,1,restructure-light,PIA_OPCIONES
EDOMEX - ECATEPEC,PAZ3649,2025-04-14,0.2438697418181817,0.3194897745454545,180.71,0.884,0,,11000.0,3514.38752,6166.25,1319.3624799999998,7485.61248,0.817,1,restructure-full,PIA_OPCIONES
EDOMEX - TLANEPANTLA,PAZ7154,2025-06-21,0.2340581322727272,0.5202343713636364,272.32,0.881,0,,11000.0,5722.578085,4401.05,876.3719149999997,5277.421915,0.716,1,restructure-light,PIA_OPCIONES
EDOMEX - TLANEPANTLA,PBB3001,2025-05-27,0.5204558995454546,0.5204558995454546,87.14,0.624,0,,11000.0,5725.014895,2577.4,2697.5851049999997,5274.985105,0.665,1,restructure-light,PIA_OPCIONES
EDOMEX - ECATEPEC,PBB3219,2025-07-18,0.033691107090909,0.033691107090909,35.16,0.966,0,,11000.0,370.602178,5750.47,4878.927822000001,10629.397822,0.823,1,restructure-light,PIA_OPCIONES
EDOMEX - ECATEPEC,PBB5710,2025-01-30,0.0794439663636363,0.0794439663636363,79.98,0.921,0,,11000.0,873.88363,4666.63,5459.48637,10126.11637,0.944,1,restructure-full,PIA_OPCIONES
EDOMEX - TLANEPANTLA,PBC6570,2025-01-25,0.0571384427272727,0.0571384427272727,46.28,0.943,0,,11000.0,628.52287,6884.38,3487.097129999999,10371.47713,0.853,1,restructure-light,PIA_OPCIONES
EDOMEX - TLANEPANTLA,PBE4208,2024-10-21,0.0192198172727272,0.0192198172727272,11.77,0.981,0,,11000.0,211.41798999999995,9313.6,1474.9820099999997,10788.58201,0.736,1,restructure-light,PIA_OPCIONES
EDOMEX - ECATEPEC,PBE9461,2025-07-18,0.2867086945454545,0.5834361456363637,263.3,0.864,0,,11000.0,6417.797602000001,2322.19,2260.0123979999994,4582.202397999999,0.681,1,restructure-light,PIA_OPCIONES
EDOMEX - TLANEPANTLA,PBG2889,2023-10-08,0.1727067290909091,0.1727067290909091,120.17,0.884,0,,11000.0,1899.77402,5771.37,3328.8559799999994,9100.22598,0.89,1,restructure-full,PIA_OPCIONES
EDOMEX - ECATEPEC,PBG5124,2025-06-26,0.227117507,0.5101375242727273,271.84999999999997,0.888,0,,11000.0,5611.512767,2574.51,2813.9772329999996,5388.487233,0.723,1,restructure-light,PIA_OPCIONES
EDOMEX - TLANEPANTLA,PBG6023,2024-04-11,0.0119106445454545,0.0119106445454545,11.86,0.988,0,,11000.0,131.01709,4368.03,6500.952910000001,10868.98291,0.741,1,restructure-light,PIA_OPCIONES
EDOMEX - TLANEPANTLA,PBH008B,2025-07-23,0.2017607871818181,0.333007159,247.92,0.896,0,,11000.0,3663.078749,3060.31,4276.611251,7336.921251,0.813,1,restructure-full,PIA_OPCIONES
EDOMEX - ECATEPEC,PBJ5086,2024-10-27,0.0167572254545454,0.0167572254545454,23.68,0.983,0,,11000.0,184.32948,3620.73,7194.94052,10815.67052,0.787,1,restructure-light,PIA_OPCIONES
EDOMEX - ECATEPEC,PBK804B,2025-07-31,0.2566492235454545,0.5559929052727273,269.91999999999996,0.844,0,,11000.0,6115.921958,4247.08,636.9980420000002,4884.078042,0.691,1,restructure-light,PIA_OPCIONES
EDOMEX - ECATEPEC,PBN5416,2025-04-13,0.2609329781818182,0.4748647236363636,228.59,0.871,0,,11000.0,5223.51196,3129.28,2647.20804,5776.48804,0.737,1,restructure-full,PIA_OPCIONES
EDOMEX - TLANEPANTLA,PBP2691,2025-04-01,0.2337766445454545,0.5231090618181818,270.56,0.897,0,,11000.0,5754.199680000001,4199.12,1046.6803199999995,5245.800319999999,0.718,1,restructure-light,PIA_OPCIONES
EDOMEX - ECATEPEC,PBP3281,2025-07-29,0.1903095865454545,0.2768531006363636,208.66,0.902,0,,11000.0,3045.384107,5638.21,2316.405893,7954.615893,0.842,1,restructure-full,PIA_OPCIONES
EDOMEX - ECATEPEC,PBP3474,2025-07-02,0.2146045063636363,0.2146045063636363,147.84,0.897,0,,11000.0,2360.64957,3586.65,5052.700430000001,8639.35043,0.872,1,restructure-full,PIA_OPCIONES
EDOMEX - TLANEPANTLA,PBP4733,2023-12-19,0.0033504563636363,0.0033504563636363,11.96,0.997,0,,11000.0,36.85502,4443.11,6520.034979999999,10963.14498,0.748,1,restructure-light,PIA_OPCIONES
EDOMEX - TLANEPANTLA,PBP6833,2024-10-13,0.01596129,0.01596129,11.81,0.984,0,,11000.0,175.57419,8520.91,2303.515810000001,10824.42581,0.738,1,restructure-light,PIA_OPCIONES
EDOMEX - TLANEPANTLA,PBR6322,2025-07-13,0.1538852553636363,0.3500838826363636,297.83,0.923,0,,11000.0,3850.922709,3280.19,3868.8872909999995,7149.077291,0.81,1,restructure-full,PIA_OPCIONES
EDOMEX - TLANEPANTLA,PBR6692,2025-07-31,0.2712144954545454,0.4972396731818181,236.38,0.878,0,,11000.0,5469.636404999999,4689.59,840.7735950000006,5530.363595000001,0.727,1,restructure-full,PIA_OPCIONES
EDOMEX - TLANEPANTLA,PBS7821,2025-03-09,0.2382393027272727,0.4696890872727273,289.03,0.894,0,,11000.0,5166.57996,2240.23,3593.19004,5833.42004,0.744,1,restructure-full,PIA_OPCIONES
EDOMEX - TLANEPANTLA,PBT3215,2025-07-30,0.238776739090909,0.4709541507272727,283.0,0.876,0,,11000.0,5180.495658,4112.21,1707.2943420000001,5819.504342,0.74,1,restructure-full,PIA_OPCIONES
EDOMEX - TLANEPANTLA,PBV1337,2025-07-27,0.2423046489090909,0.5133408619090909,273.79,0.876,0,,11000.0,5646.749481,4222.02,1131.2305189999997,5353.250519,0.719,1,restructure-light,PIA_OPCIONES
EDOMEX - TLANEPANTLA,PBV4760,2023-12-04,0.0303960909090909,0.0303960909090909,23.42,0.97,0,,11000.0,334.35699999999997,4705.19,5960.453,10665.643,0.776,1,restructure-light,PIA_OPCIONES
EDOMEX - TLANEPANTLA,PBW4091,2025-07-30,0.2993868725454545,0.6007588280909091,259.37,0.852,0,,11000.0,6608.347108999999,2045.3,2346.3528910000005,4391.652891000001,0.67,1,advisor-review,PIA_OPCIONES
EDOMEX - TLANEPANTLA,PBW6191,2024-12-22,0.1463601345454545,0.1463601345454545,98.51,0.89,0,,11000.0,1609.96148,8251.13,1138.9085200000009,9390.03852,0.905,1,restructure-full,PIA_OPCIONES
EDOMEX - TLANEPANTLA,PBW6513,2025-07-29,0.3345459856363636,0.6244829394545455,264.51,0.796,0,,11000.0,6869.312334,1894.99,2235.697666,4130.687666,0.647,1,advisor-review,PIA_OPCIONES
EDOMEX - ECATEPEC,PBY6165,2025-02-01,0.213354469090909,0.213354469090909,138.07999999999998,0.888,0,,11000.0,2346.89916,4828.21,3824.890839999999,8653.10084,0.871,1,restructure-full,PIA_OPCIONES
EDOMEX - TLANEPANTLA,PBZ4454,2024-09-30,0.0541097727272727,0.0541097727272727,46.27,0.946,0,,11000.0,595.2075,5821.58,4583.2125,10404.7925,0.855,1,restructure-light,PIA_OPCIONES
EDOMEX - TLANEPANTLA,PBZ4742,2024-10-26,0.0121399263636363,0.0121399263636363,11.85,0.988,0,,11000.0,133.53919,4909.69,5956.770810000001,10866.46081,0.741,1,restructure-light,PIA_OPCIONES
EDOMEX - TLANEPANTLA,PCA9362,2025-07-30,0.233604141,0.5244875301818182,266.48999999999995,0.896,0,,11000.0,5769.362832,4003.92,1226.7171680000001,5230.637168,0.717,1,restructure-light,PIA_OPCIONES
EDOMEX - ECATEPEC,PCB4784,2025-07-29,0.2347237902727272,0.5311334293636364,267.16,0.888,0,,11000.0,5842.467723,3935.76,1221.772277,5157.532277,0.712,1,restructure-light,PIA_OPCIONES
EDOMEX - TLANEPANTLA,PCD3001,2025-05-29,0.232575039090909,0.556419959090909,265.34000000000003,0.88,0,,11000.0,6120.619549999999,2571.39,2307.9904500000007,4879.380450000001,0.698,1,restructure-light,PIA_OPCIONES
EDOMEX - ECATEPEC,PCD9582,2025-07-28,0.2137905559090908,0.4300809387272727,284.99,0.89,0,,11000.0,4730.890326,5022.03,1247.0796740000005,6269.109674,0.763,1,restructure-full,PIA_OPCIONES
EDOMEX - TLANEPANTLA,PCE3341,2025-06-04,0.2393110780909091,0.5632694026363636,265.95,0.88,0,,11000.0,6195.963428999999,2055.38,2748.6565710000004,4804.036571000001,0.694,1,restructure-light,PIA_OPCIONES
EDOMEX - TLANEPANTLA,PCE9259,2025-07-17,0.1967305989090909,0.455577698,281.63,0.889,0,,11000.0,5011.354678,1812.07,4176.575322000001,5988.645322,0.75,1,restructure-full,PIA_OPCIONES
EDOMEX - TLANEPANTLA,PCE9619,2025-07-30,0.28595904612,0.6620354998690909,248.69,0.86,0,,11000.0,7282.39049856,2389.31,1328.2995014399999,3717.60950144,0.641,1,advisor-review,PIA_OPCIONES
EDOMEX - TLANEPANTLA,PCG7490,2023-10-18,0.0095313263636363,0.0095313263636363,11.89,0.99,0,,11000.0,104.84459,9766.93,1128.225409999999,10895.15541,0.743,1,restructure-light,PIA_OPCIONES
EDOMEX - TLANEPANTLA,PCJ6877,2025-04-23,0.2192173172727272,0.2498487709090909,168.87,0.876,0,,11000.0,2748.33648,2666.83,5584.83352,8251.66352,0.85,1,restructure-full,PIA_OPCIONES
EDOMEX - ECATEPEC,PCK8847,2025-07-06,0.2580602098181818,0.5506160798181818,274.5,0.854,0,,11000.0,6056.776878,2099.88,2843.343122,4943.223122,0.695,1,restructure-light,PIA_OPCIONES
EDOMEX - ECATEPEC,PCM9650,2025-07-20,0.0866433062727272,0.0866433062727272,68.33,0.913,0,,11000.0,953.076369,6142.17,3904.7536309999996,10046.923631,0.924,1,restructure-light,PIA_OPCIONES
EDOMEX - ECATEPEC,PCP5901,2025-06-12,0.0191937269090909,0.0191937269090909,11.77,0.981,0,,11000.0,211.130996,8479.67,2309.199004,10788.869004,0.736,1,restructure-light,PIA_OPCIONES
EDOMEX - TLANEPANTLA,PCP7656,2025-07-14,0.2181625234545454,0.479590817090909,290.97999999999996,0.887,0,,11000.0,5275.498987999999,2023.18,3701.3210120000003,5724.501012000001,0.738,1,restructure-full,PIA_OPCIONES
EDOMEX - TLANEPANTLA,PCR7008,2024-03-21,0.1820862772727272,0.2366698363636363,201.92,0.92,0,,11000.0,2603.3682,4510.17,3886.461799999999,8396.6318,0.866,1,restructure-full,PIA_OPCIONES
EDOMEX - ECATEPEC,PCT9966,2024-10-03,0.0134828627272727,0.0134828627272727,11.84,0.987,0,,11000.0,148.31149,8119.73,2731.9585100000004,10851.68851,0.74,1,restructure-light,PIA_OPCIONES
EDOMEX - ECATEPEC,PCZ3897,2025-04-15,0.1360629518181818,0.1360629518181818,88.59,0.881,0,,11000.0,1496.69247,4969.53,4533.77753,9503.30753,0.908,1,restructure-full,PIA_OPCIONES
EDOMEX - ECATEPEC,PCZ5897,2025-07-31,0.263243039,0.6370223496363636,255.09,0.863,0,,11000.0,7007.245846,1650.21,2342.544154,3992.754154,0.654,1,advisor-review,PIA_OPCIONES
EDOMEX - TLANEPANTLA,PDA8039,2025-07-20,0.0993626939090909,0.0993626939090909,90.41,0.91,0,,11000.0,1092.989633,4134.17,5772.840367000001,9907.010367,0.932,1,restructure-full,PIA_OPCIONES
EDOMEX - ECATEPEC,PDC2428,2024-12-07,0.0098976845454545,0.0098976845454545,11.88,0.99,0,,11000.0,108.87453,5946.87,4944.255470000001,10891.12547,0.743,1,restructure-light,PIA_OPCIONES
EDOMEX - TLANEPANTLA,PDD8511,2024-04-21,0.2828785209090909,0.4533535745454545,234.11,0.856,0,,11000.0,4986.88932,3533.61,2479.5006799999996,6013.11068,0.745,1,restructure-full,PIA_OPCIONES
EDOMEX - ECATEPEC,PDD9589,2025-06-26,0.2852153591818182,0.460354381,231.52,0.864,0,,11000.0,5063.898191,4850.32,1085.781809,5936.101809,0.743,1,restructure-full,PIA_OPCIONES
EDOMEX - TLANEPANTLA,PDE3038,2025-04-24,0.0162352271818181,0.0162352271818181,11.81,0.984,0,,11000.0,178.58749899999998,7416.47,3404.9425010000004,10821.412501,0.738,1,restructure-light,PIA_OPCIONES
EDOMEX - ECATEPEC,PDE4380,2024-10-20,0.1296272054545454,0.1296272054545454,89.03,0.886,0,,11000.0,1425.89926,6838.22,2735.8807399999996,9574.10074,0.912,1,restructure-full,PIA_OPCIONES
EDOMEX - TLANEPANTLA,PDF2203,2025-07-27,0.2317855756363636,0.5165304974545454,273.34999999999997,0.877,0,,11000.0,5681.835472,4732.06,586.1045279999998,5318.164528,0.717,1,restructure-light,PIA_OPCIONES
EDOMEX - TLANEPANTLA,PDH897B,2025-07-19,0.2633731066363636,0.5585560538181819,267.48,0.865,0,,11000.0,6144.116592,2656.68,2199.203408,4855.883408,0.694,1,restructure-light,PIA_OPCIONES
EDOMEX - TLANEPANTLA,PDK4435,2025-05-07,0.2417530140909091,0.3165151559090909,194.17,0.873,0,,11000.0,3481.666715,4075.03,3443.3032850000004,7518.333285000001,0.816,1,restructure-full,PIA_OPCIONES
EDOMEX - TLANEPANTLA,PDK8098,2025-07-31,0.2611875384545454,0.4956055330909091,280.28,0.853,0,,11000.0,5451.660864,4738.33,810.0091359999997,5548.339136,0.723,1,restructure-full,PIA_OPCIONES
EDOMEX - ECATEPEC,PDL5824,2025-04-02,0.3331388718181818,0.7316393118181819,231.3,0.855,0,,11000.0,8048.03243,1321.08,1630.8875699999999,2951.96757,0.605,1,advisor-review,PIA_OPCIONES
EDOMEX - TLANEPANTLA,PDM6606,2025-02-23,0.2372828563636363,0.3602061163636363,233.94,0.882,0,,11000.0,3962.26728,5193.07,1844.6627200000003,7037.73272,0.796,1,restructure-full,PIA_OPCIONES
EDOMEX - TLANEPANTLA,PDM6702,2025-07-05,0.2053915996363636,0.2567917441818181,188.5,0.901,0,,11000.0,2824.709186,6153.9,2021.3908140000003,8175.290814,0.852,1,restructure-full,PIA_OPCIONES
EDOMEX - ECATEPEC,PDN2241,2024-11-12,0.2793417836363636,0.29245452,154.11,0.85,0,,11000.0,3216.99972,2791.55,4991.45028,7783.00028,0.824,1,restructure-full,PIA_OPCIONES
EDOMEX - ECATEPEC,PDN2243,2024-10-20,0.0187126718181818,0.0187126718181818,11.78,0.981,0,,11000.0,205.83939,6270.75,4523.410610000001,10794.16061,0.736,1,restructure-light,PIA_OPCIONES
EDOMEX - ECATEPEC,PDN2262,2024-12-17,0.0859266409090909,0.0859266409090909,56.94,0.914,0,,11000.0,945.19305,4226.41,5828.39695,10054.80695,0.877,1,restructure-light,PIA_OPCIONES
EDOMEX - ECATEPEC,PDP9133,2025-07-28,0.2566099225454545,0.5517562603636363,269.24,0.872,0,,11000.0,6069.318864,2027.62,2903.0611360000003,4930.681136,0.699,1,restructure-light,PIA_OPCIONES
EDOMEX - ECATEPEC,PDP9740,2024-12-13,0.028252129090909,0.028252129090909,23.44,0.972,0,,11000.0,310.77342,6181.55,4507.67658,10689.22658,0.778,1,restructure-light,PIA_OPCIONES
EDOMEX - ECATEPEC,PDR246A,2025-05-20,0.57257048,1.1602144963636365,182.48,0.685,0,,11000.0,12762.35946,0.0,0.0,0.0,0.437,1,advisor-review,PIA_OPCIONES
EDOMEX - ECATEPEC,PDR4456,2025-07-30,0.2753780573636363,0.6174356763636364,258.06,0.865,0,,11000.0,6791.79244,3272.45,935.75756,4208.20756,0.664,1,advisor-review,PIA_OPCIONES
EDOMEX - ECATEPEC,PDR6179,2025-01-23,0.2274790963636363,0.5777303699999999,249.3,0.881,0,,11000.0,6355.03407,3922.97,721.9959300000005,4644.96593,0.687,1,restructure-light,PIA_OPCIONES
EDOMEX - TLANEPANTLA,PDR8767,2023-11-06,0.0195256445454545,0.0195256445454545,11.77,0.98,0,,11000.0,214.78209,8430.08,2355.1379099999995,10785.21791,0.735,1,restructure-light,PIA_OPCIONES
EDOMEX - ECATEPEC,PDS9475,2025-06-11,0.2051571670909091,0.3106508234545455,227.3,0.9,0,,11000.0,3417.159058,3485.21,4097.630942,7582.840942,0.825,1,restructure-full,PIA_OPCIONES
EDOMEX - ECATEPEC,PDT552A,2025-07-22,0.1609126003636363,0.3776368503636363,290.39000000000004,0.919,0,,11000.0,4154.005354,3179.83,3666.164646,6845.994646,0.795,1,restructure-full,PIA_OPCIONES
EDOMEX - TLANEPANTLA,PDU4392,2025-05-22,0.2192025331818181,0.4235411413636363,290.84999999999997,0.892,0,,11000.0,4658.952555,2871.46,3469.587445,6341.047445,0.767,1,restructure-full,PIA_OPCIONES
EDOMEX - ECATEPEC,PDV1717,2025-05-03,0.0478853985454545,0.0478853985454545,34.79,0.952,0,,11000.0,526.739384,3990.55,6482.710615999999,10473.260616,0.811,1,restructure-light,PIA_OPCIONES
EDOMEX - ECATEPEC,PDV9084,2024-11-02,0.2011412963636363,0.2011412963636363,116.46,0.884,0,,11000.0,2212.55426,7612.38,1175.065739999999,8787.44574,0.876,1,restructure-full,PIA_OPCIONES
EDOMEX - TLANEPANTLA,PDX3752,2025-07-31,0.3706571564563636,0.7677944497363637,229.67,0.828,0,,11000.0,8445.7389471,1382.44,1171.8210528999994,2554.2610528999994,0.582,1,advisor-review,PIA_OPCIONES
EDOMEX - ECATEPEC,PDY4327,2025-06-04,0.0972638948181818,0.0972638948181818,90.7,0.914,0,,11000.0,1069.902843,4317.74,5612.357157,9930.097157,0.934,1,restructure-full,PIA_OPCIONES
EDOMEX - TLANEPANTLA,PDZ7437,2025-06-10,0.0337792168181818,0.0337792168181818,23.39,0.966,0,,11000.0,371.571385,8587.8,2040.6286150000014,10628.428615,0.774,1,restructure-light,PIA_OPCIONES
EDOMEX - TLANEPANTLA,PEB7197,2024-04-24,0.1433175945454545,0.1433175945454545,76.87,0.857,0,,11000.0,1576.49354,5084.14,4339.36646,9423.50646,0.9,1,restructure-full,PIA_OPCIONES
EDOMEX - TLANEPANTLA,PEC1932,2025-02-01,0.2154716199999999,0.3334829645454545,186.58,0.917,0,,11000.0,3668.31261,2353.99,4977.69739,7331.68739,0.817,1,restructure-full,PIA_OPCIONES
EDOMEX - TLANEPANTLA,PEC8365,2024-07-07,0.0143781536363636,0.0143781536363636,11.83,0.986,0,,11000.0,158.15969,4306.0,6535.84031,10841.84031,0.739,1,restructure-light,PIA_OPCIONES
EDOMEX - TLANEPANTLA,PEC9204,2025-07-31,0.1988900764545454,0.4027468338181818,293.21999999999997,0.901,0,,11000.0,4430.215172,4490.78,2079.004828,6569.784828,0.779,1,restructure-full,PIA_OPCIONES
EDOMEX - TLANEPANTLA,PED4226,2025-07-13,0.2605095111818182,0.5476333454545455,268.84,0.867,0,,11000.0,6023.9668,3830.27,1145.7631999999999,4976.0332,0.7,1,restructure-light,PIA_OPCIONES
EDOMEX - ECATEPEC,PED7381,2025-07-26,0.2095625809090908,0.2095625809090908,148.48,0.902,0,,11000.0,2305.18839,3708.86,4985.95161,8694.81161,0.876,1,restructure-full,PIA_OPCIONES
EDOMEX - ECATEPEC,PEE3676,2025-07-28,0.2287068667272727,0.2708434830909091,188.26,0.892,0,,11000.0,2979.278314,6821.12,1199.601686,8020.721686,0.843,1,restructure-full,PIA_OPCIONES
EDOMEX - ECATEPEC,PEF2218,2025-07-29,0.2373399087272727,0.5716965750909091,270.23999999999995,0.877,0,,11000.0,6288.662326000001,3819.0,892.3376739999994,4711.337673999999,0.69,1,restructure-light,PIA_OPCIONES
EDOMEX - TLANEPANTLA,PEF5712,2025-07-08,0.0422959445454545,0.0422959445454545,34.96,0.958,0,,11000.0,465.25539,8522.91,2011.8346099999999,10534.74461,0.816,1,restructure-light,PIA_OPCIONES
EDOMEX - TLANEPANTLA,PEF6461,2025-07-26,0.1388613068181818,0.3373219786363636,302.26,0.93,0,,11000.0,3710.541765,3182.55,4106.908235,7289.458235,0.817,1,restructure-full,PIA_OPCIONES
EDOMEX - ECATEPEC,PEF6959,2024-11-03,0.2314698218181818,0.2314698218181818,148.19,0.875,0,,11000.0,2546.16804,2792.48,5661.35196,8453.83196,0.859,1,restructure-full,PIA_OPCIONES
EDOMEX - ECATEPEC,PEH5762,2025-07-30,0.2496711865454545,0.5648027445454546,263.45,0.871,0,,11000.0,6212.830190000001,3927.65,859.5198099999993,4787.169809999999,0.692,1,restructure-light,PIA_OPCIONES
EDOMEX - ECATEPEC,PEH9697,2025-07-30,0.1810505316363636,0.436165969,284.46,0.908,0,,11000.0,4797.825659,2998.63,3203.544341,6202.174341,0.764,1,restructure-full,PIA_OPCIONES
EDOMEX - TLANEPANTLA,PEK1713,2025-07-31,0.2995773583636363,0.6245351053636364,251.73,0.857,0,,11000.0,6869.886159000001,2772.75,1357.3638409999994,4130.113840999999,0.659,1,advisor-review,PIA_OPCIONES
EDOMEX - TLANEPANTLA,PEK2124,2025-07-29,0.1943700583636363,0.2959898346363636,230.48,0.89,0,,11000.0,3255.888181,5854.39,1889.7218189999994,7744.111819,0.83,1,restructure-full,PIA_OPCIONES
EDOMEX - TLANEPANTLA,PEK2696,2025-05-09,0.2708874784545454,0.564663923,264.04,0.883,0,,11000.0,6211.303153,1805.22,2983.476847,4788.696847,0.694,1,restructure-light,PIA_OPCIONES
EDOMEX - ECATEPEC,PEL2135,2025-07-31,0.24449693,0.4929681784545454,278.68,0.868,0,,11000.0,5422.649963,4286.21,1291.1400370000001,5577.350037,0.727,1,restructure-full,PIA_OPCIONES
EDOMEX - ECATEPEC,PEL3520,2025-05-26,0.1943849339999999,0.4111762849090909,283.02,0.895,0,,11000.0,4522.939134,5590.4,886.6608660000002,6477.060866,0.773,1,restructure-full,PIA_OPCIONES
EDOMEX - TLANEPANTLA,PEL8558,2025-01-27,0.1112690918181818,0.1112690918181818,101.34,0.912,0,,11000.0,1223.96001,7205.19,2570.8499899999997,9776.03999,0.927,1,restructure-full,PIA_OPCIONES
EDOMEX - TLANEPANTLA,PEM2390,2025-07-29,0.2264344499999999,0.4888106681818182,276.34999999999997,0.897,0,,11000.0,5376.91735,3175.54,2447.5426500000003,5623.08265,0.735,1,restructure-full,PIA_OPCIONES
EDOMEX - TLANEPANTLA,PEM4219,2025-07-31,0.260268799,0.5700944887272728,263.46,0.865,0,,11000.0,6271.039376,3906.15,822.8106240000002,4728.960624,0.688,1,restructure-light,PIA_OPCIONES
EDOMEX - ECATEPEC,PEM8837,2025-07-27,0.2502702936363636,0.5196762740909091,274.87,0.873,0,,11000.0,5716.439015,3257.18,2026.3809850000002,5283.560985,0.715,1,restructure-light,PIA_OPCIONES
EDOMEX - TLANEPANTLA,PEN9459,2025-03-23,0.1974680754545454,0.4496906018181817,282.94,0.905,0,,11000.0,4946.596619999999,4521.06,1532.3433800000003,6053.403380000001,0.756,1,restructure-full,PIA_OPCIONES
EDOMEX - TLANEPANTLA,PEP7595,2025-01-12,0.2299390027272727,0.2299390027272727,148.18,0.878,0,,11000.0,2529.32903,6711.34,1759.330969999999,8470.67097,0.861,1,restructure-full,PIA_OPCIONES
EDOMEX - TLANEPANTLA,PEP9965,2023-11-02,0.3293398709090909,0.7056068118181817,242.65,0.854,0,,11000.0,7761.674929999999,2427.49,810.835070000001,3238.325070000001,0.618,1,advisor-review,PIA_OPCIONES
EDOMEX - TLANEPANTLA,PES7501,2024-12-13,0.1189417227272727,0.1189417227272727,112.71,0.913,0,,11000.0,1308.35895,4581.36,5110.2810500000005,9691.64105,0.923,1,restructure-full,PIA_OPCIONES
EDOMEX - TLANEPANTLA,PEU5630,2025-07-29,0.2120397579999999,0.4083170087272727,247.65,0.899,0,,11000.0,4491.487096,2412.75,4095.762904,6508.512904,0.776,1,restructure-full,PIA_OPCIONES
EDOMEX - ECATEPEC,PEZ7226,2025-01-24,0.1390186827272727,0.3313619727272727,300.32,0.938,0,,11000.0,3644.9817,3258.3,4096.7182999999995,7355.0183,0.822,1,restructure-full,PIA_OPCIONES
EDOMEX - ECATEPEC,PEZ8103,2025-07-30,0.2161933671818181,0.5003684317272727,271.94,0.901,0,,11000.0,5504.052749,3307.05,2188.8972509999994,5495.947251,0.73,1,restructure-light,PIA_OPCIONES
EDOMEX - TLANEPANTLA,PNE283B,2024-03-22,0.0171841263636363,0.0171841263636363,11.79,0.983,0,,11000.0,189.02539,6520.81,4290.164609999999,10810.97461,0.737,1,restructure-light,PIA_OPCIONES
EDOMEX - ECATEPEC,PWR358D,2025-04-30,0.0420114167272727,0.0420114167272727,58.85,0.958,0,,11000.0,462.125584,6845.26,3692.6144160000003,10537.874416,0.916,1,restructure-light,PIA_OPCIONES
EDOMEX - ECATEPEC,PXJ289D,2025-01-01,0.0535622154545454,0.0535622154545454,34.78,0.946,0,,11000.0,589.18437,5591.24,4819.575630000001,10410.815630000001,0.807,1,restructure-light,PIA_OPCIONES
EDOMEX - TLANEPANTLA,PZL117C,2025-07-12,0.008712709090909,0.008712709090909,11.9,0.991,0,,11000.0,95.8398,8419.48,2484.6802000000007,10904.1602,0.743,1,restructure-light,PIA_OPCIONES
EDOMEX - TLANEPANTLA,R11BRA,2025-07-26,0.2910310316363636,0.5719665926363637,265.91999999999996,0.849,0,,11000.0,6291.632519000001,3992.19,716.1774809999993,4708.367480999999,0.684,1,restructure-light,PIA_OPCIONES
EDOMEX - TLANEPANTLA,R53AZA,2024-10-17,0.2817447736363636,0.3147144072727272,160.82,0.867,0,,11000.0,3461.85848,3377.35,4160.791520000001,7538.14152,0.816,1,restructure-full,PIA_OPCIONES
EDOMEX - ECATEPEC,R75ASY,2025-07-30,0.24618599,0.2946303963636363,173.57999999999998,0.879,0,,11000.0,3240.93436,5756.56,2002.5056399999994,7759.06564,0.828,1,restructure-full,PIA_OPCIONES
EDOMEX - ECATEPEC,RA000224,2025-07-28,9.02130381855,17.514544224345457,0.0,0.0,0,,11000.0,192659.9864678,0.0,0.0,0.0,0.0,0,monitor,FOLLOW_UP
EDOMEX - TLANEPANTLA,RAF432D,2025-07-30,0.2314686722727272,0.4923365783636363,277.78999999999996,0.874,0,,11000.0,5415.702362,3427.95,2156.347638,5584.297638,0.729,1,restructure-full,PIA_OPCIONES
EDOMEX - TLANEPANTLA,RAN627C,2023-12-01,0.0321953118181818,0.0321953118181818,23.42,0.968,0,,11000.0,354.14842999999996,4397.99,6247.861570000001,10645.85157,0.775,1,restructure-light,PIA_OPCIONES
EDOMEX - ECATEPEC,RBZ248C,2024-12-21,0.0485581336363636,0.0485581336363636,34.88,0.951,0,,11000.0,534.13947,8133.43,2332.4305299999996,10465.86053,0.811,1,restructure-light,PIA_OPCIONES
EDOMEX - ECATEPEC,S05BKH,2025-07-31,0.2210707949999999,0.454201398,284.58000000000004,0.883,0,,11000.0,4996.215378,5261.57,742.2146220000004,6003.784622,0.749,1,restructure-full,PIA_OPCIONES
EDOMEX - ECATEPEC,S3M9065,2025-06-07,1.0687518278181818,3.289295816727273,0.0,0.612,0,,11000.0,36182.253984,0.0,0.0,0.0,0.122,0,monitor,FOLLOW_UP
EDOMEX - ECATEPEC,S3M90654,2025-07-29,1.0337549792727272,2.576894453181818,0.0,0.547,0,,11000.0,28345.838985,0.0,0.0,0.0,0.109,0,monitor,FOLLOW_UP
EDOMEX - TLANEPANTLA,S4078349,2025-06-19,0.1374106680909091,0.1374106680909091,10.35,0.863,0,,11000.0,1511.517349,8449.6,1038.882651,9488.482651,0.647,1,restructure-light,PIA_OPCIONES
EDOMEX - ECATEPEC,S52BCX,2025-07-30,0.210093286,0.4627038433636364,281.39000000000004,0.907,0,,11000.0,5089.742277,3021.5,2888.7577229999997,5910.257723,0.75,1,restructure-full,PIA_OPCIONES
EDOMEX - ECATEPEC,S8M9064,2025-07-24,0.9593897710909092,2.019289702090909,31.07,0.435,0,,11000.0,22212.186723,0.0,0.0,0.0,0.216,0,monitor,FOLLOW_UP
EDOMEX - ECATEPEC,S93APC,2025-07-31,0.0199064658181818,0.0199064658181818,23.66,0.98,0,,11000.0,218.971124,6300.0,4481.028876,10781.028876,0.785,1,restructure-light,PIA_OPCIONES
EDOMEX - TLANEPANTLA,T07BAW,2025-06-08,0.0186692174545454,0.0186692174545454,11.78,0.981,0,,11000.0,205.361392,9628.57,1166.0686079999996,10794.638608,0.736,1,restructure-light,PIA_OPCIONES
EDOMEX - ECATEPEC,T47BEC,2024-12-17,0.0104902036363636,0.0104902036363636,23.83,0.99,0,,11000.0,115.39224,3878.02,7006.58776,10884.60776,0.792,1,restructure-light,PIA_OPCIONES
EDOMEX - TLANEPANTLA,T99AZF,2024-07-20,0.03381418,0.03381418,23.39,0.966,0,,11000.0,371.95598,5818.06,4809.984019999999,10628.04402,0.774,1,restructure-light,PIA_OPCIONES
EDOMEX - ECATEPEC,TR53,2025-07-31,6.805405118749091,14.453674943294546,0.0,0.0,0,,11000.0,158990.42437624,0.0,0.0,0.0,0.0,0,monitor,FOLLOW_UP
EDOMEX - ECATEPEC,TR56,2025-07-29,4.972832448523636,11.058846319592726,0.0,0.0,0,,11000.0,121647.30951552,0.0,0.0,0.0,0.0,0,monitor,FOLLOW_UP
EDOMEX - ECATEPEC,TR57,2025-07-17,4.661007492654546,9.679983363665457,0.0,0.0,0,,11000.0,106479.81700032,0.0,0.0,0.0,0.0,0,monitor,FOLLOW_UP
EDOMEX - ECATEPEC,TR62,2025-07-31,6.20474958336,12.820767877876364,0.0,0.0,0,,11000.0,141028.44665664,0.0,0.0,0.0,0.0,0,monitor,FOLLOW_UP
EDOMEX - ECATEPEC,TRANS01,2024-09-16,2.1684851872727275,2.1684851872727275,10.88,0.0,0,,11000.0,23853.33706,0.0,0.0,0.0,0.045,0,monitor,FOLLOW_UP
EDOMEX - ECATEPEC,TWB842A,2025-03-24,0.0320089709090909,0.0320089709090909,23.46,0.968,0,,11000.0,352.09868,8839.01,1808.8913200000006,10647.90132,0.775,1,restructure-light,PIA_OPCIONES
EDOMEX - ECATEPEC,TXB978B,2025-07-27,0.0745821605454545,0.0745821605454545,45.81,0.925,0,,11000.0,820.4037659999999,4894.27,5285.326234,10179.596234,0.839,1,restructure-light,PIA_OPCIONES
EDOMEX - TLANEPANTLA,U48BKJ,2025-06-04,0.2433373551818181,0.5350057306363636,269.9,0.883,0,,11000.0,5885.063037,3898.17,1216.766963,5114.936963,0.709,1,restructure-light,PIA_OPCIONES
EDOMEX - TLANEPANTLA,U75AXN,2024-08-19,0.2610137163636363,0.5479043227272727,272.49,0.871,0,,11000.0,6026.94755,2497.04,2476.01245,4973.05245,0.7,1,restructure-light,PIA_OPCIONES
EDOMEX - TLANEPANTLA,U76BHV,2025-06-05,0.2878933019090909,0.6076554473636363,255.28,0.896,0,,11000.0,6684.209921,2864.9,1450.8900790000002,4315.790079,0.675,1,advisor-review,PIA_OPCIONES
EDOMEX - TLANEPANTLA,U85AYT,2025-07-31,0.2306717206363636,0.4845120329999999,275.8,0.9,0,,11000.0,5329.632363,3941.41,1728.9576370000004,5670.367637,0.738,1,restructure-full,PIA_OPCIONES
EDOMEX - TLANEPANTLA,UAS6288,2023-09-24,0.0116659081818181,0.0116659081818181,11.86,0.988,0,,11000.0,128.32499,8672.96,2198.7150100000017,10871.67501,0.741,1,restructure-light,PIA_OPCIONES
EDOMEX - ECATEPEC,UKE843V,2025-04-25,0.089084175,0.089084175,56.77,0.911,0,,11000.0,979.925925,3153.02,6867.054075,10020.074075,0.874,1,restructure-light,PIA_OPCIONES
EDOMEX - TLANEPANTLA,UNIDAD113,2024-09-30,0.0458563636363636,0.0458563636363636,11.45,0.954,0,,11000.0,504.42,4535.08,5960.5,10495.58,0.716,1,restructure-light,PIA_OPCIONES
EDOMEX - ECATEPEC,UPS230G,2025-07-28,0.2164314457272727,0.4756891320909091,278.77,0.888,0,,11000.0,5232.580453,4193.78,1573.6395470000007,5767.419547,0.74,1,restructure-full,PIA_OPCIONES
EDOMEX - TLANEPANTLA,UPZ963G,2024-04-04,0.2270269309090909,0.5112313854545454,275.78999999999996,0.886,0,,11000.0,5623.5452399999995,3430.79,1945.6647600000006,5376.4547600000005,0.722,1,restructure-light,PIA_OPCIONES
EDOMEX - ECATEPEC,UTZ406K,2024-10-03,0.0161032263636363,0.0161032263636363,11.81,0.984,0,,11000.0,177.13549,6465.18,4357.684509999999,10822.86451,0.738,1,restructure-light,PIA_OPCIONES
EDOMEX - ECATEPEC,V24BJA,2025-03-14,0.2046003527272727,0.4305759818181818,285.15000000000003,0.897,0,,11000.0,4736.3358,2086.59,4177.0742,6263.6642,0.764,1,restructure-full,PIA_OPCIONES
EDOMEX - ECATEPEC,V25AUE,2024-11-18,0.0141920263636363,0.0141920263636363,11.83,0.986,0,,11000.0,156.11229,5519.17,5324.717710000001,10843.88771,0.739,1,restructure-light,PIA_OPCIONES
EDOMEX - TLANEPANTLA,V25BJK,2025-07-31,0.3135248157272727,0.6454829073636363,259.33,0.826,0,,11000.0,7100.311981,3194.08,705.6080190000002,3899.688019,0.642,1,advisor-review,PIA_OPCIONES
EDOMEX - TLANEPANTLA,V45ALS,2025-02-26,0.0268073881818181,0.0268073881818181,35.480000000000004,0.973,0,,11000.0,294.88127,3409.96,7295.15873,10705.11873,0.829,1,restructure-light,PIA_OPCIONES
EDOMEX - ECATEPEC,V57BDK,2025-04-20,0.0368783427272727,0.0368783427272727,35.06,0.963,0,,11000.0,405.66177,5698.29,4896.048229999999,10594.33823,0.82,1,restructure-light,PIA_OPCIONES
EDOMEX - TLANEPANTLA,V94AHX,2025-07-31,0.2654006277272727,0.5958085014545454,260.13,0.867,0,,11000.0,6553.893516,3855.17,590.9364839999998,4446.106484,0.675,1,restructure-light,PIA_OPCIONES
EDOMEX - TLANEPANTLA,W24APU,2025-07-24,0.2180448254545454,0.3147307845454545,203.53,0.894,0,,11000.0,3462.03863,2491.51,5046.45137,7537.96137,0.821,1,restructure-full,PIA_OPCIONES
EDOMEX - TLANEPANTLA,W32ABF,2024-11-01,0.0061515081818181,0.0061515081818181,11.93,0.994,0,,11000.0,67.66659,8197.32,2735.0134099999996,10932.33341,0.745,1,restructure-light,PIA_OPCIONES
EDOMEX - ECATEPEC,W41APD,2025-07-30,0.1456114236363636,0.3125102447272727,306.14,0.921,0,,11000.0,3437.6126919999997,3437.62,4124.767308,7562.387308,0.828,1,restructure-full,PIA_OPCIONES
EDOMEX - ECATEPEC,W43BEE,2025-04-27,0.0091060911818181,0.0091060911818181,11.89,0.991,0,,11000.0,100.167003,8937.48,1962.352997,10899.832997,0.743,1,restructure-light,PIA_OPCIONES
EDOMEX - ECATEPEC,W46ADC,2025-07-09,0.3213120785618182,0.6467402301981818,251.62,0.856,0,,11000.0,7114.14253218,2905.23,980.6274678200002,3885.8574678200002,0.648,1,advisor-review,PIA_OPCIONES
EDOMEX - TLANEPANTLA,W57BCN,2024-08-14,0.01824319,0.01824319,11.78,0.982,0,,11000.0,200.67509,8978.81,1820.5149099999999,10799.32491,0.736,1,restructure-light,PIA_OPCIONES
EDOMEX - TLANEPANTLA,W71BJA,2025-07-31,0.1892367896509091,0.4145865062727273,291.09,0.91,0,,11000.0,4560.451569000001,2766.14,3673.4084309999994,6439.548430999999,0.775,1,restructure-full,PIA_OPCIONES
EDOMEX - ECATEPEC,W73BCM,2024-12-27,0.0194803445454545,0.0194803445454545,11.77,0.981,0,,11000.0,214.28379,6673.94,4111.776210000001,10785.71621,0.736,1,restructure-light,PIA_OPCIONES
EDOMEX - TLANEPANTLA,W79AKU,2024-10-21,0.2842488081818182,0.5132750645454546,278.02,0.857,0,,11000.0,5646.02571,4109.51,1244.46429,5353.97429,0.715,1,restructure-light,PIA_OPCIONES
EDOMEX - TLANEPANTLA,W92AMJ,2025-07-29,0.263069422,0.5750196206363636,263.15000000000003,0.879,0,,11000.0,6325.215827,2091.59,2583.194173,4674.784173,0.688,1,restructure-light,PIA_OPCIONES
EDOMEX - ECATEPEC,W969409,2025-07-29,4.480841878840909,9.486870645477271,2.01,0.0,0,,11000.0,104355.57710025,0.0,0.0,0.0,0.008,0,monitor,FOLLOW_UP
EDOMEX - TLANEPANTLA,W96AUN,2025-02-18,0.0176863627272727,0.0176863627272727,11.79,0.982,0,,11000.0,194.54999,3417.86,7387.59001,10805.45001,0.737,1,restructure-light,PIA_OPCIONES
EDOMEX - ECATEPEC,X21BBW,2025-06-17,0.0625806161818181,0.0625806161818181,57.66,0.937,0,,11000.0,688.386778,9023.79,1287.823221999999,10311.613222,0.896,1,restructure-light,PIA_OPCIONES
EDOMEX - TLANEPANTLA,X28ABB,2025-03-23,0.0162506727272727,0.0162506727272727,11.8,0.984,0,,11000.0,178.7574,7856.33,2964.9125999999997,10821.2426,0.738,1,restructure-light,PIA_OPCIONES
EDOMEX - TLANEPANTLA,X40BLP,2024-06-14,0.0714178518181818,0.0714178518181818,45.89,0.929,0,,11000.0,785.59637,6959.44,3254.963630000001,10214.40363,0.841,1,restructure-light,PIA_OPCIONES
EDOMEX - TLANEPANTLA,X42BBB,2023-10-11,0.0142506809090909,0.0142506809090909,11.83,0.986,0,,11000.0,156.75749,8093.36,2749.8825100000004,10843.24251,0.739,1,restructure-light,PIA_OPCIONES
EDOMEX - TLANEPANTLA,X45ATY,2025-03-10,0.02591758,0.02591758,23.5,0.974,0,,11000.0,285.09338,6632.18,4082.7266199999995,10714.90662,0.78,1,restructure-light,PIA_OPCIONES
EDOMEX - TLANEPANTLA,X46BNX,2025-07-10,0.0804102254545454,0.0804102254545454,45.98,0.92,0,,11000.0,884.51248,5924.44,4191.047520000001,10115.48752,0.835,1,restructure-light,PIA_OPCIONES
EDOMEX - TLANEPANTLA,X56BGM,2025-07-12,0.1931944357272727,0.4315501575454545,302.04,0.913,0,,11000.0,4747.051733,3562.43,2690.518267,6252.948267,0.767,1,restructure-full,PIA_OPCIONES
EDOMEX - TLANEPANTLA,X91BEH,2025-01-11,0.0569284609090909,0.0569284609090909,34.629999999999995,0.943,0,,11000.0,626.21307,7098.4,3275.3869300000006,10373.78693,0.804,1,restructure-light,PIA_OPCIONES
EDOMEX - TLANEPANTLA,XWC117B,2025-07-02,0.0088538811818181,0.0088538811818181,11.89,0.991,0,,11000.0,97.392693,4589.14,6313.467307,10902.607307,0.743,1,restructure-light,PIA_OPCIONES
EDOMEX - ECATEPEC,XXJ175B,2025-07-26,0.0564119526363636,0.0564119526363636,46.55,0.944,0,,11000.0,620.531479,8644.39,1735.0785210000013,10379.468521,0.855,1,restructure-light,PIA_OPCIONES
EDOMEX - ECATEPEC,Y01BBX,2024-12-14,0.0135665263636363,0.0135665263636363,11.84,0.986,0,,11000.0,149.23179,8540.11,2310.6582099999996,10850.76821,0.74,1,restructure-light,PIA_OPCIONES
EDOMEX - TLANEPANTLA,Y20BNF,2025-04-22,0.0729541627272727,0.0729541627272727,68.77,0.927,0,,11000.0,802.4957899999999,5198.06,4999.444209999999,10197.50421,0.935,1,restructure-light,PIA_OPCIONES
EDOMEX - ECATEPEC,Y38BEE,2024-11-29,0.0161026445454545,0.0161026445454545,11.81,0.984,0,,11000.0,177.12909000000002,7004.19,3818.68091,10822.87091,0.738,1,restructure-light,PIA_OPCIONES
EDOMEX - TLANEPANTLA,Y64ANF,2025-07-31,0.3353508744545454,0.7069848469090909,237.72,0.872,0,,11000.0,7776.833316,1239.68,1983.4866839999997,3223.166684,0.621,1,advisor-review,PIA_OPCIONES
EDOMEX - ECATEPEC,YNF452A,2025-07-15,0.1516415998181818,0.340977038,251.9,0.956,0,,11000.0,3750.747418,6404.05,845.2025819999999,7249.252582,0.821,1,restructure-full,PIA_OPCIONES
EDOMEX - ECATEPEC,YNF562A,2025-07-13,0.042469762,0.042469762,23.14,0.958,0,,11000.0,467.167382,8865.86,1666.9726179999998,10532.832618,0.767,1,restructure-light,PIA_OPCIONES
EDOMEX - TLANEPANTLA,Z14ARR,2024-08-10,0.1252834554545454,0.1252834554545454,100.65,0.903,0,,11000.0,1378.11801,8208.8,1413.0819900000006,9621.88199,0.918,1,restructure-full,PIA_OPCIONES
EDOMEX - ECATEPEC,Z17BDN,2025-02-18,0.2533655936363636,0.2838033009090909,163.56,0.879,0,,11000.0,3121.8363099999997,3933.55,3944.61369,7878.16369,0.834,1,restructure-full,PIA_OPCIONES
EDOMEX - TLANEPANTLA,Z50BGG,2024-06-23,0.0202412172727272,0.0202412172727272,11.76,0.98,0,,11000.0,222.65339,4326.9,6450.446610000001,10777.34661,0.735,1,restructure-light,PIA_OPCIONES
EDOMEX - TLANEPANTLA,Z53BEA,2025-07-31,0.2844763928181818,0.6284366694545453,251.93,0.865,0,,11000.0,6912.803363999999,1745.49,2341.706636000001,4087.1966360000006,0.659,1,advisor-review,PIA_OPCIONES
EDOMEX - ECATEPEC,Z87ACD,2025-07-18,0.2503819287272727,0.4816424741818181,284.2,0.871,0,,11000.0,5298.0672159999995,2018.49,3683.4427840000008,5701.9327840000005,0.733,1,restructure-full,PIA_OPCIONES
EDOMEX - TLANEPANTLA,Z93AFX,2025-06-27,0.226287164,0.226287164,127.59,0.855,0,,11000.0,2489.158804,3166.6,5344.241195999999,8510.841196,0.858,1,restructure-full,PIA_OPCIONES
