{
  "accuracy": 0.4528301886792453,
  "roc_auc": 0.48637931034482756,
  "confusion_matrix": [
    [
      240,
      0
    ],
    [
      290,
      0
    ]
  ],
  "sklearn": false
}