plaza_limpia,placa,fecha_dia,coverage_ratio_14d,coverage_ratio_30d,downtime_hours_30d,activity_drop_pct,average_speed_kph_30d,trip_count_30d,distance_km_30d,engine_hours_30d,driving_hours_30d,idling_hours_30d,after_hours_distance_km_30d,work_distance_km_30d,after_hours_ratio_30d,idle_pressure_30d,high_speed_pressure_30d,seatbelt_pressure_30d,telemetry_health_score,telemetry_alert,safety_score,safety_alert,protections_applied_last_12m,last_protection_at,expected_payment,gnv_credit_30d,bank_transfer,exposure_after_transfer,arrears_amount,risk_score,needs_protection,suggested_scenario,whatsapp_segment
EDOMEX - ECATEPEC,0116YXA,2025-07-17,0.1529919417222222,0.3448193050155556,0.0,0.0,0.0,0.0,0.0,0.0,0.0,0.0,0.0,0.0,0.0,0.0,0.0,0.0,1.0,0,0.0,0,0,,18000.0,6206.74749028,9014.45,2778.802509719999,11793.25250972,0.249,1,restructure-light,PIA_OPCIONES
EDOMEX - ECATEPEC,0603561C,2025-07-27,0.3796920264444444,0.8027627708888888,0.0,0.0,0.0,0.0,0.0,0.0,0.0,0.0,0.0,0.0,0.0,0.0,0.0,0.0,1.0,0,0.0,0,0,,18000.0,14449.729876,1999.96,1550.3101240000005,3550.2701240000006,0.075,1,advisor-review,PIA_OPCIONES
EDOMEX - ECATEPEC,060374K,2025-07-27,0.2693266783333333,0.6793714405555555,0.0,0.0,0.0,0.0,0.0,0.0,0.0,0.0,0.0,0.0,0.0,0.0,0.0,0.0,1.0,0,0.0,0,0,,18000.0,12228.68593,4704.54,1066.7740700000004,5771.31407,0.122,1,advisor-review,PIA_OPCIONES
EDOMEX - ECATEPEC,060381K,2025-07-31,0.3723378546666667,0.729494629,0.0,0.0,0.0,0.0,0.0,0.0,0.0,0.0,0.0,0.0,0.0,0.0,0.0,0.0,1.0,0,0.0,0,0,,18000.0,13130.903321999998,3498.06,1371.0366780000018,4869.096678000002,0.103,1,advisor-review,PIA_OPCIONES
EDOMEX - ECATEPEC,060820K,2025-07-31,0.3695142948333333,0.8847292428333333,0.0,0.0,0.0,0.0,0.0,0.0,0.0,0.0,0.0,0.0,0.0,0.0,0.0,0.0,1.0,0,0.0,0,0,,18000.0,15925.126371,739.71,1335.1636289999997,2074.8736289999997,0.044,1,advisor-review,PIA_OPCIONES
EDOMEX - ECATEPEC,060845K,2025-07-31,0.2190665088333333,0.5019639008333332,0.0,0.0,0.0,0.0,0.0,0.0,0.0,0.0,0.0,0.0,0.0,0.0,0.0,0.0,1.0,0,0.0,0,0,,18000.0,9035.350215,7937.06,1027.5897849999992,8964.649785,0.189,1,restructure-light,PIA_OPCIONES
EDOMEX - ECATEPEC,060863K,2025-07-23,0.1776371486666666,0.5368403555,0.0,0.0,0.0,0.0,0.0,0.0,0.0,0.0,0.0,0.0,0.0,0.0,0.0,0.0,1.0,0,0.0,0,0,,18000.0,9663.126399,6308.38,2028.4936009999992,8336.873601,0.176,1,restructure-light,PIA_OPCIONES
EDOMEX - ECATEPEC,060874K,2025-07-31,0.2680352002222222,0.7692530809444443,0.0,0.0,0.0,0.0,0.0,0.0,0.0,0.0,0.0,0.0,0.0,0.0,0.0,0.0,1.0,0,0.0,0,0,,18000.0,13846.555457,3204.96,948.4845429999996,4153.444543,0.088,1,advisor-review,PIA_OPCIONES
EDOMEX - ECATEPEC,061238K,2025-04-09,0.3415748661111111,0.721059066111111,0.0,0.0,0.0,0.0,0.0,0.0,0.0,0.0,0.0,0.0,0.0,0.0,0.0,0.0,1.0,0,0.0,0,0,,18000.0,12979.06319,1892.23,3128.706809999999,5020.936809999999,0.106,1,advisor-review,PIA_OPCIONES
EDOMEX - ECATEPEC,061288K,2025-07-31,0.396600684,0.8798668388333333,0.0,0.0,0.0,0.0,0.0,0.0,0.0,0.0,0.0,0.0,0.0,0.0,0.0,0.0,1.0,0,0.0,0,0,,18000.0,15837.603099,1233.07,929.3269010000001,2162.396901,0.046,1,advisor-review,PIA_OPCIONES
EDOMEX - ECATEPEC,061706K,2025-02-12,0.0139115833333333,0.0139115833333333,0.0,0.0,0.0,0.0,0.0,0.0,0.0,0.0,0.0,0.0,0.0,0.0,0.0,0.0,1.0,0,0.0,0,0,,18000.0,250.4085,9273.79,8475.801499999998,17749.5915,0.375,1,restructure-light,PIA_OPCIONES
EDOMEX - ECATEPEC,061802K,2025-02-24,0.2230083522222222,0.2230083522222222,0.0,0.0,0.0,0.0,0.0,0.0,0.0,0.0,0.0,0.0,0.0,0.0,0.0,0.0,1.0,0,0.0,0,0,,18000.0,4014.15034,11972.71,2013.1396600000007,13985.84966,0.295,1,restructure-light,PIA_OPCIONES
EDOMEX - ECATEPEC,061803K,2025-02-03,0.0111292666666666,0.0111292666666666,0.0,0.0,0.0,0.0,0.0,0.0,0.0,0.0,0.0,0.0,0.0,0.0,0.0,0.0,1.0,0,0.0,0,0,,18000.0,200.3268,12216.26,5583.413200000001,17799.6732,0.376,1,restructure-light,PIA_OPCIONES
EDOMEX - ECATEPEC,061899K,2025-06-18,0.0474693673888888,0.0474693673888888,0.0,0.0,0.0,0.0,0.0,0.0,0.0,0.0,0.0,0.0,0.0,0.0,0.0,0.0,1.0,0,0.0,0,0,,18000.0,854.4486129999999,13607.69,3537.861386999999,17145.551387,0.362,1,restructure-light,PIA_OPCIONES
EDOMEX - TLANEPANTLA,0NXA9936,2025-06-24,0.1330510403333333,0.3018494298888888,0.0,0.0,0.0,0.0,0.0,0.0,0.0,0.0,0.0,0.0,0.0,0.0,0.0,0.0,1.0,0,0.0,0,0,,18000.0,5433.2897379999995,7113.37,5453.340262000001,12566.710262,0.265,1,restructure-light,PIA_OPCIONES
EDOMEX - ECATEPEC,1050,2024-11-01,0.0551245655555555,0.0551245655555555,0.0,0.0,0.0,0.0,0.0,0.0,0.0,0.0,0.0,0.0,0.0,0.0,0.0,0.0,1.0,0,0.0,0,0,,18000.0,992.24218,7421.22,9586.537819999998,17007.75782,0.359,1,restructure-light,PIA_OPCIONES
EDOMEX - ECATEPEC,109327,2025-07-26,0.0492075054444444,0.0492075054444444,0.0,0.0,0.0,0.0,0.0,0.0,0.0,0.0,0.0,0.0,0.0,0.0,0.0,0.0,1.0,0,0.0,0,0,,18000.0,885.735098,10829.07,6285.194901999999,17114.264902,0.361,1,restructure-light,PIA_OPCIONES
EDOMEX - TLANEPANTLA,109456,2024-08-31,0.0451542638888888,0.0451542638888888,0.0,0.0,0.0,0.0,0.0,0.0,0.0,0.0,0.0,0.0,0.0,0.0,0.0,0.0,1.0,0,0.0,0,0,,18000.0,812.77675,5814.27,11372.953249999999,17187.22325,0.363,1,restructure-light,PIA_OPCIONES
EDOMEX - ECATEPEC,11G896,2025-07-29,0.1169241947777777,0.2729796507222222,0.0,0.0,0.0,0.0,0.0,0.0,0.0,0.0,0.0,0.0,0.0,0.0,0.0,0.0,1.0,0,0.0,0,0,,18000.0,4913.633713,10424.32,2662.046287000001,13086.366287,0.276,1,restructure-light,PIA_OPCIONES
EDOMEX - ECATEPEC,120053K,2025-01-17,0.4105350299999999,0.911875875,0.0,0.0,0.0,0.0,0.0,0.0,0.0,0.0,0.0,0.0,0.0,0.0,0.0,0.0,1.0,0,0.0,0,0,,18000.0,16413.76575,1077.05,509.1842500000014,1586.2342500000013,0.033,1,advisor-review,PIA_OPCIONES
EDOMEX - TLANEPANTLA,120370K,2024-06-29,0.3945565477777777,0.7957615166666667,0.0,0.0,0.0,0.0,0.0,0.0,0.0,0.0,0.0,0.0,0.0,0.0,0.0,0.0,1.0,0,0.0,0,0,,18000.0,14323.7073,2775.06,901.2327,3676.2927,0.078,1,advisor-review,PIA_OPCIONES
EDOMEX - TLANEPANTLA,120466K,2025-01-24,0.3546336699999999,0.414692375,0.0,0.0,0.0,0.0,0.0,0.0,0.0,0.0,0.0,0.0,0.0,0.0,0.0,0.0,1.0,0,0.0,0,0,,18000.0,7464.46275,5401.73,5133.807250000002,10535.537250000001,0.222,1,restructure-light,PIA_OPCIONES
EDOMEX - TLANEPANTLA,120768K,2025-05-16,0.0222515275,0.0222515275,0.0,0.0,0.0,0.0,0.0,0.0,0.0,0.0,0.0,0.0,0.0,0.0,0.0,0.0,1.0,0,0.0,0,0,,18000.0,400.527495,15530.11,2069.362505000001,17599.472505,0.372,1,restructure-light,PIA_OPCIONES
EDOMEX - ECATEPEC,121368K,2024-11-07,0.0483176711111111,0.0483176711111111,0.0,0.0,0.0,0.0,0.0,0.0,0.0,0.0,0.0,0.0,0.0,0.0,0.0,0.0,1.0,0,0.0,0,0,,18000.0,869.7180800000001,14318.73,2811.5519200000017,17130.28192,0.362,1,restructure-light,PIA_OPCIONES
EDOMEX - TLANEPANTLA,121440K,2024-12-20,0.5250216633333333,1.0722945005555555,0.0,0.0,0.0,0.0,0.0,0.0,0.0,0.0,0.0,0.0,0.0,0.0,0.0,0.0,1.0,0,0.0,0,0,,18000.0,19301.30101,0.0,0.0,0.0,0.0,1,advisor-review,PIA_OPCIONES
EDOMEX - TLANEPANTLA,122409K,2024-04-12,0.4911440411111111,1.0864832066666668,0.0,0.0,0.0,0.0,0.0,0.0,0.0,0.0,0.0,0.0,0.0,0.0,0.0,0.0,1.0,0,0.0,0,0,,18000.0,19556.69772,0.0,0.0,0.0,0.0,1,advisor-review,PIA_OPCIONES
EDOMEX - TLANEPANTLA,122432K,2023-12-13,0.3260252261111111,0.7179304950000001,0.0,0.0,0.0,0.0,0.0,0.0,0.0,0.0,0.0,0.0,0.0,0.0,0.0,0.0,1.0,0,0.0,0,0,,18000.0,12922.74891,2944.97,2132.28109,5077.25109,0.107,1,advisor-review,PIA_OPCIONES
EDOMEX - TLANEPANTLA,1247JGE,2024-10-31,0.0240220016666666,0.0240220016666666,0.0,0.0,0.0,0.0,0.0,0.0,0.0,0.0,0.0,0.0,0.0,0.0,0.0,0.0,1.0,0,0.0,0,0,,18000.0,432.39603,5732.0,11835.60397,17567.60397,0.371,1,restructure-light,PIA_OPCIONES
EDOMEX - TLANEPANTLA,1260079,2025-03-06,0.4176711027777778,0.4176711027777778,0.0,0.0,0.0,0.0,0.0,0.0,0.0,0.0,0.0,0.0,0.0,0.0,0.0,0.0,1.0,0,0.0,0,0,,18000.0,7518.07985,4114.93,6366.99015,10481.92015,0.221,1,restructure-light,PIA_OPCIONES
EDOMEX - TLANEPANTLA,1387JGE,2025-07-05,0.0271677542777777,0.0271677542777777,0.0,0.0,0.0,0.0,0.0,0.0,0.0,0.0,0.0,0.0,0.0,0.0,0.0,0.0,1.0,0,0.0,0,0,,18000.0,489.019577,12429.81,5081.170423000001,17510.980423,0.37,1,restructure-light,PIA_OPCIONES
EDOMEX - TLANEPANTLA,1416JFHA,2024-02-15,0.013420355,0.013420355,0.0,0.0,0.0,0.0,0.0,0.0,0.0,0.0,0.0,0.0,0.0,0.0,0.0,0.0,1.0,0,0.0,0,0,,18000.0,241.56639,13263.02,4495.41361,17758.43361,0.375,1,restructure-light,PIA_OPCIONES
EDOMEX - ECATEPEC,1507EDM016,2025-07-08,0.4702268921666666,0.9027548370555556,0.0,0.0,0.0,0.0,0.0,0.0,0.0,0.0,0.0,0.0,0.0,0.0,0.0,0.0,1.0,0,0.0,0,0,,18000.0,16249.587067,1541.25,209.1629329999996,1750.4129329999996,0.037,1,advisor-review,PIA_OPCIONES
EDOMEX - TLANEPANTLA,1507MDF049,2024-03-17,0.0201627883333333,0.0201627883333333,0.0,0.0,0.0,0.0,0.0,0.0,0.0,0.0,0.0,0.0,0.0,0.0,0.0,0.0,1.0,0,0.0,0,0,,18000.0,362.93019,8739.08,8897.989810000001,17637.06981,0.372,1,restructure-light,PIA_OPCIONES
EDOMEX - TLANEPANTLA,1511MDF034,2024-01-28,0.0099830066666666,0.0099830066666666,0.0,0.0,0.0,0.0,0.0,0.0,0.0,0.0,0.0,0.0,0.0,0.0,0.0,0.0,1.0,0,0.0,0,0,,18000.0,179.69412,9307.11,8513.19588,17820.30588,0.376,1,restructure-light,PIA_OPCIONES
EDOMEX - TLANEPANTLA,1512EDM010,2025-05-21,0.030025,0.030025,0.0,0.0,0.0,0.0,0.0,0.0,0.0,0.0,0.0,0.0,0.0,0.0,0.0,0.0,1.0,0,0.0,0,0,,18000.0,540.45,10156.8,7302.75,17459.55,0.369,1,restructure-light,PIA_OPCIONES
EDOMEX - TLANEPANTLA,1602MDF050,2024-02-06,0.0280249316666666,0.0280249316666666,0.0,0.0,0.0,0.0,0.0,0.0,0.0,0.0,0.0,0.0,0.0,0.0,0.0,0.0,1.0,0,0.0,0,0,,18000.0,504.44877,7237.61,10257.94123,17495.55123,0.369,1,restructure-light,PIA_OPCIONES
EDOMEX - TLANEPANTLA,1603MDF019,2025-02-11,0.0444453633333333,0.0444453633333333,0.0,0.0,0.0,0.0,0.0,0.0,0.0,0.0,0.0,0.0,0.0,0.0,0.0,0.0,1.0,0,0.0,0,0,,18000.0,800.01654,6500.78,10699.20346,17199.98346,0.363,1,restructure-light,PIA_OPCIONES
EDOMEX - ECATEPEC,1610MDF004,2024-09-18,0.0138135016666666,0.0138135016666666,0.0,0.0,0.0,0.0,0.0,0.0,0.0,0.0,0.0,0.0,0.0,0.0,0.0,0.0,1.0,0,0.0,0,0,,18000.0,248.64303,10392.05,7359.3069700000015,17751.35697,0.375,1,restructure-light,PIA_OPCIONES
EDOMEX - TLANEPANTLA,1610MDF123,2024-05-13,0.0514924672222222,0.0514924672222222,0.0,0.0,0.0,0.0,0.0,0.0,0.0,0.0,0.0,0.0,0.0,0.0,0.0,0.0,1.0,0,0.0,0,0,,18000.0,926.86441,7446.37,9626.765590000003,17073.13559,0.36,1,restructure-light,PIA_OPCIONES
EDOMEX - TLANEPANTLA,1611MDF003,2025-07-31,0.1211306268888888,0.2902428918888888,0.0,0.0,0.0,0.0,0.0,0.0,0.0,0.0,0.0,0.0,0.0,0.0,0.0,0.0,1.0,0,0.0,0,0,,18000.0,5224.3720539999995,8967.07,3808.557946000001,12775.627946,0.27,1,restructure-light,PIA_OPCIONES
EDOMEX - TLANEPANTLA,1612MDF009,2024-02-27,0.0764993427777777,0.0764993427777777,0.0,0.0,0.0,0.0,0.0,0.0,0.0,0.0,0.0,0.0,0.0,0.0,0.0,0.0,1.0,0,0.0,0,0,,18000.0,1376.98817,9346.97,7276.04183,16623.01183,0.351,1,restructure-light,PIA_OPCIONES
EDOMEX - ECATEPEC,1701MDF078,2025-01-15,0.00072558,0.00072558,0.0,0.0,0.0,0.0,0.0,0.0,0.0,0.0,0.0,0.0,0.0,0.0,0.0,0.0,1.0,0,0.0,0,0,,18000.0,13.06044,14382.48,3604.4595599999993,17986.93956,0.38,1,restructure-light,PIA_OPCIONES
EDOMEX - TLANEPANTLA,1701MDF118,2024-12-27,0.010653655,0.010653655,0.0,0.0,0.0,0.0,0.0,0.0,0.0,0.0,0.0,0.0,0.0,0.0,0.0,0.0,1.0,0,0.0,0,0,,18000.0,191.76579,12824.76,4983.4742099999985,17808.23421,0.376,1,restructure-light,PIA_OPCIONES
EDOMEX - TLANEPANTLA,1703MDF193,2023-09-25,0.031370505,0.031370505,0.0,0.0,0.0,0.0,0.0,0.0,0.0,0.0,0.0,0.0,0.0,0.0,0.0,0.0,1.0,0,0.0,0,0,,18000.0,564.66909,8498.33,8937.00091,17435.33091,0.368,1,restructure-light,PIA_OPCIONES
EDOMEX - ECATEPEC,1704EDM001,2025-07-30,0.1053671452222222,0.1936388996666666,0.0,0.0,0.0,0.0,0.0,0.0,0.0,0.0,0.0,0.0,0.0,0.0,0.0,0.0,1.0,0,0.0,0,0,,18000.0,3485.5001939999997,11602.25,2912.249806,14514.499806,0.306,1,restructure-light,PIA_OPCIONES
EDOMEX - TLANEPANTLA,1704MDF094,2024-11-10,0.0295020549999999,0.0295020549999999,0.0,0.0,0.0,0.0,0.0,0.0,0.0,0.0,0.0,0.0,0.0,0.0,0.0,0.0,1.0,0,0.0,0,0,,18000.0,531.03699,13675.73,3793.23301,17468.96301,0.369,1,restructure-light,PIA_OPCIONES
EDOMEX - TLANEPANTLA,1705MDF058,2024-09-03,0.0810841805555555,0.1780869488888888,0.0,0.0,0.0,0.0,0.0,0.0,0.0,0.0,0.0,0.0,0.0,0.0,0.0,0.0,1.0,0,0.0,0,0,,18000.0,3205.56508,7877.84,6916.59492,14794.43492,0.312,1,restructure-light,PIA_OPCIONES
EDOMEX - TLANEPANTLA,1706MDF121,2024-04-19,0.0936686588888888,0.0936686588888888,0.0,0.0,0.0,0.0,0.0,0.0,0.0,0.0,0.0,0.0,0.0,0.0,0.0,0.0,1.0,0,0.0,0,0,,18000.0,1686.03586,7716.45,8597.51414,16313.96414,0.344,1,restructure-light,PIA_OPCIONES
EDOMEX - ECATEPEC,1708MDF054,2025-07-10,0.0215123206666666,0.0215123206666666,0.0,0.0,0.0,0.0,0.0,0.0,0.0,0.0,0.0,0.0,0.0,0.0,0.0,0.0,1.0,0,0.0,0,0,,18000.0,387.221772,12496.22,5116.558228,17612.778228,0.372,1,restructure-light,PIA_OPCIONES
EDOMEX - TLANEPANTLA,1710MDF045,2024-10-05,0.3791926705555555,0.3961053366666666,0.0,0.0,0.0,0.0,0.0,0.0,0.0,0.0,0.0,0.0,0.0,0.0,0.0,0.0,1.0,0,0.0,0,0,,18000.0,7129.89606,4172.51,6697.593940000001,10870.10394,0.229,1,restructure-light,PIA_OPCIONES
EDOMEX - TLANEPANTLA,1711MDF017,2023-11-21,0.1509956999999999,0.320067775,0.0,0.0,0.0,0.0,0.0,0.0,0.0,0.0,0.0,0.0,0.0,0.0,0.0,0.0,1.0,0,0.0,0,0,,18000.0,5761.21995,5139.61,7099.1700500000015,12238.780050000001,0.258,1,restructure-light,PIA_OPCIONES
EDOMEX - TLANEPANTLA,1711MDF033,2024-03-07,0.0007347216666666,0.0007347216666666,0.0,0.0,0.0,0.0,0.0,0.0,0.0,0.0,0.0,0.0,0.0,0.0,0.0,0.0,1.0,0,0.0,0,0,,18000.0,13.22499,5475.49,12511.285010000001,17986.77501,0.38,1,restructure-light,PIA_OPCIONES
EDOMEX - TLANEPANTLA,1711MDF126,2025-02-20,0.0001327772222222,0.0001327772222222,0.0,0.0,0.0,0.0,0.0,0.0,0.0,0.0,0.0,0.0,0.0,0.0,0.0,0.0,1.0,0,0.0,0,0,,18000.0,2.38999,13896.94,4100.67001,17997.61001,0.38,1,restructure-light,PIA_OPCIONES
EDOMEX - TLANEPANTLA,1712MDF018,2024-06-08,0.0628912855555555,0.0628912855555555,0.0,0.0,0.0,0.0,0.0,0.0,0.0,0.0,0.0,0.0,0.0,0.0,0.0,0.0,1.0,0,0.0,0,0,,18000.0,1132.04314,11789.19,5078.766859999998,16867.95686,0.356,1,restructure-light,PIA_OPCIONES
EDOMEX - TLANEPANTLA,1712MDF125,2024-04-04,0.0224113272222222,0.0224113272222222,0.0,0.0,0.0,0.0,0.0,0.0,0.0,0.0,0.0,0.0,0.0,0.0,0.0,0.0,1.0,0,0.0,0,0,,18000.0,403.40389,12724.09,4872.506109999998,17596.59611,0.371,1,restructure-light,PIA_OPCIONES
EDOMEX - ECATEPEC,1712MDF126,2024-10-26,0.0698328122222222,0.0698328122222222,0.0,0.0,0.0,0.0,0.0,0.0,0.0,0.0,0.0,0.0,0.0,0.0,0.0,0.0,1.0,0,0.0,0,0,,18000.0,1256.99062,12865.95,3877.059379999999,16743.00938,0.353,1,restructure-light,PIA_OPCIONES
EDOMEX - TLANEPANTLA,1712MDF131,2024-08-19,0.4724799761111111,0.9530787116666666,0.0,0.0,0.0,0.0,0.0,0.0,0.0,0.0,0.0,0.0,0.0,0.0,0.0,0.0,1.0,0,0.0,0,0,,18000.0,17155.41681,485.93,358.6531900000012,844.5831900000012,0.018,1,advisor-review,PIA_OPCIONES
EDOMEX - TLANEPANTLA,1712MDF162,2023-10-18,0.1089756366666666,0.1089756366666666,0.0,0.0,0.0,0.0,0.0,0.0,0.0,0.0,0.0,0.0,0.0,0.0,0.0,0.0,1.0,0,0.0,0,0,,18000.0,1961.56146,10284.56,5753.87854,16038.43854,0.339,1,restructure-light,PIA_OPCIONES
EDOMEX - ECATEPEC,1800827,2025-07-18,0.0382174880555555,0.0382174880555555,0.0,0.0,0.0,0.0,0.0,0.0,0.0,0.0,0.0,0.0,0.0,0.0,0.0,0.0,1.0,0,0.0,0,0,,18000.0,687.9147849999999,6645.73,10666.355215,17312.085215,0.365,1,restructure-light,PIA_OPCIONES
EDOMEX - TLANEPANTLA,1801MDF009,2025-04-15,0.0538942077777777,0.0538942077777777,0.0,0.0,0.0,0.0,0.0,0.0,0.0,0.0,0.0,0.0,0.0,0.0,0.0,0.0,1.0,0,0.0,0,0,,18000.0,970.09574,6279.23,10750.67426,17029.90426,0.36,1,restructure-light,PIA_OPCIONES
EDOMEX - TLANEPANTLA,1802709,2025-02-03,0.0273941427777777,0.0273941427777777,0.0,0.0,0.0,0.0,0.0,0.0,0.0,0.0,0.0,0.0,0.0,0.0,0.0,0.0,1.0,0,0.0,0,0,,18000.0,493.09457,12273.07,5233.835429999999,17506.90543,0.37,1,restructure-light,PIA_OPCIONES
EDOMEX - ECATEPEC,1802MDF002,2025-03-03,0.0079059161111111,0.0079059161111111,0.0,0.0,0.0,0.0,0.0,0.0,0.0,0.0,0.0,0.0,0.0,0.0,0.0,0.0,1.0,0,0.0,0,0,,18000.0,142.30649,10404.92,7452.773510000001,17857.69351,0.377,1,restructure-light,PIA_OPCIONES
EDOMEX - ECATEPEC,1802MDF053,2025-03-21,0.0043763105555555,0.0043763105555555,0.0,0.0,0.0,0.0,0.0,0.0,0.0,0.0,0.0,0.0,0.0,0.0,0.0,0.0,1.0,0,0.0,0,0,,18000.0,78.77359,11454.2,6467.026409999999,17921.22641,0.378,1,restructure-light,PIA_OPCIONES
EDOMEX - ECATEPEC,1802MDF058,2025-07-27,0.1022068838333333,0.1022068838333333,0.0,0.0,0.0,0.0,0.0,0.0,0.0,0.0,0.0,0.0,0.0,0.0,0.0,0.0,1.0,0,0.0,0,0,,18000.0,1839.723909,12265.64,3894.6360910000003,16160.276091,0.341,1,restructure-light,PIA_OPCIONES
EDOMEX - TLANEPANTLA,1803342,2025-04-19,0.0423425261111111,0.0423425261111111,0.0,0.0,0.0,0.0,0.0,0.0,0.0,0.0,0.0,0.0,0.0,0.0,0.0,0.0,1.0,0,0.0,0,0,,18000.0,762.16547,11736.05,5501.784530000001,17237.83453,0.364,1,restructure-light,PIA_OPCIONES
EDOMEX - TLANEPANTLA,1804272,2024-08-15,0.0402388377777777,0.0402388377777777,0.0,0.0,0.0,0.0,0.0,0.0,0.0,0.0,0.0,0.0,0.0,0.0,0.0,0.0,1.0,0,0.0,0,0,,18000.0,724.29908,10920.79,6354.910919999998,17275.70092,0.365,1,restructure-light,PIA_OPCIONES
EDOMEX - TLANEPANTLA,1804501,2023-11-11,0.0063995599999999,0.0063995599999999,0.0,0.0,0.0,0.0,0.0,0.0,0.0,0.0,0.0,0.0,0.0,0.0,0.0,0.0,1.0,0,0.0,0,0,,18000.0,115.19208,11366.23,6518.57792,17884.80792,0.378,1,restructure-light,PIA_OPCIONES
EDOMEX - TLANEPANTLA,1804586,2025-04-30,0.0111023776111111,0.0111023776111111,0.0,0.0,0.0,0.0,0.0,0.0,0.0,0.0,0.0,0.0,0.0,0.0,0.0,0.0,1.0,0,0.0,0,0,,18000.0,199.842797,8586.26,9213.897202999999,17800.157203,0.376,1,restructure-light,PIA_OPCIONES
EDOMEX - TLANEPANTLA,1912VLL28,2025-01-28,0.0013798155555555,0.0013798155555555,0.0,0.0,0.0,0.0,0.0,0.0,0.0,0.0,0.0,0.0,0.0,0.0,0.0,0.0,1.0,0,0.0,0,0,,18000.0,24.83668,5724.92,12250.24332,17975.16332,0.379,1,restructure-light,PIA_OPCIONES
EDOMEX - TLANEPANTLA,2000012,2024-07-19,0.0218301766666666,0.0218301766666666,0.0,0.0,0.0,0.0,0.0,0.0,0.0,0.0,0.0,0.0,0.0,0.0,0.0,0.0,1.0,0,0.0,0,0,,18000.0,392.94318,9895.7,7711.356820000001,17607.05682,0.372,1,restructure-light,PIA_OPCIONES
EDOMEX - ECATEPEC,2000578,2025-05-02,0.0614570382222222,0.132645646,0.0,0.0,0.0,0.0,0.0,0.0,0.0,0.0,0.0,0.0,0.0,0.0,0.0,0.0,1.0,0,0.0,0,0,,18000.0,2387.6216280000003,6693.82,8918.558372,15612.378372,0.33,1,restructure-light,PIA_OPCIONES
EDOMEX - TLANEPANTLA,2000705,2025-06-18,0.1321898328333333,0.2789036378333333,0.0,0.0,0.0,0.0,0.0,0.0,0.0,0.0,0.0,0.0,0.0,0.0,0.0,0.0,1.0,0,0.0,0,0,,18000.0,5020.265481,7075.48,5904.254519,12979.734519,0.274,1,restructure-light,PIA_OPCIONES
EDOMEX - ECATEPEC,203ZCT,2025-07-30,0.0824159865,0.0824159865,0.0,0.0,0.0,0.0,0.0,0.0,0.0,0.0,0.0,0.0,0.0,0.0,0.0,0.0,1.0,0,0.0,0,0,,18000.0,1483.487757,13412.1,3104.4122430000007,16516.512243,0.349,1,restructure-light,PIA_OPCIONES
EDOMEX - ECATEPEC,225C,2025-07-31,0.9720047713333332,2.4982826583333337,0.0,0.0,0.0,0.0,0.0,0.0,0.0,0.0,0.0,0.0,0.0,0.0,0.0,0.0,1.0,0,0.0,0,0,,18000.0,44969.08785,0.0,0.0,0.0,0.0,0,monitor,FOLLOW_UP
EDOMEX - TLANEPANTLA,2617JGE,2024-01-06,0.030472725,0.030472725,0.0,0.0,0.0,0.0,0.0,0.0,0.0,0.0,0.0,0.0,0.0,0.0,0.0,0.0,1.0,0,0.0,0,0,,18000.0,548.50905,5845.93,11605.56095,17451.49095,0.368,1,restructure-light,PIA_OPCIONES
EDOMEX - TLANEPANTLA,2900JGE,2024-12-30,0.192916015,0.4746578061111111,0.0,0.0,0.0,0.0,0.0,0.0,0.0,0.0,0.0,0.0,0.0,0.0,0.0,0.0,1.0,0,0.0,0,0,,18000.0,8543.84051,4433.33,5022.82949,9456.15949,0.2,1,restructure-light,PIA_OPCIONES
EDOMEX - TLANEPANTLA,299TLA,2024-12-31,0.0157751099999999,0.0157751099999999,0.0,0.0,0.0,0.0,0.0,0.0,0.0,0.0,0.0,0.0,0.0,0.0,0.0,0.0,1.0,0,0.0,0,0,,18000.0,283.95197999999993,8435.61,9280.438019999998,17716.04802,0.374,1,restructure-light,PIA_OPCIONES
EDOMEX - ECATEPEC,305,2024-09-04,0.0335272494444444,0.0335272494444444,0.0,0.0,0.0,0.0,0.0,0.0,0.0,0.0,0.0,0.0,0.0,0.0,0.0,0.0,1.0,0,0.0,0,0,,18000.0,603.49049,12127.98,5268.52951,17396.50951,0.367,1,restructure-light,PIA_OPCIONES
EDOMEX - ECATEPEC,308C,2025-07-31,0.695987379,1.9715774866666669,0.0,0.0,0.0,0.0,0.0,0.0,0.0,0.0,0.0,0.0,0.0,0.0,0.0,0.0,1.0,0,0.0,0,0,,18000.0,35488.39476,0.0,0.0,0.0,0.0,0,monitor,FOLLOW_UP
EDOMEX - ECATEPEC,320C,2025-01-30,0.3215554833333333,0.7783231394444444,0.0,0.0,0.0,0.0,0.0,0.0,0.0,0.0,0.0,0.0,0.0,0.0,0.0,0.0,1.0,0,0.0,0,0,,18000.0,14009.81651,3073.79,916.3934899999995,3990.1834899999994,0.084,1,advisor-review,PIA_OPCIONES
EDOMEX - TLANEPANTLA,329VBS,2025-07-31,0.2094476178333333,0.4378172628333333,0.0,0.0,0.0,0.0,0.0,0.0,0.0,0.0,0.0,0.0,0.0,0.0,0.0,0.0,1.0,0,0.0,0,0,,18000.0,7880.710731,7069.22,3050.0692690000005,10119.289269,0.214,1,restructure-light,PIA_OPCIONES
EDOMEX - ECATEPEC,330C,2024-11-03,0.4576182255555555,0.8640172583333333,0.0,0.0,0.0,0.0,0.0,0.0,0.0,0.0,0.0,0.0,0.0,0.0,0.0,0.0,1.0,0,0.0,0,0,,18000.0,15552.31065,1331.13,1116.5593500000004,2447.6893500000006,0.052,1,advisor-review,PIA_OPCIONES
EDOMEX - ECATEPEC,370,2024-09-11,0.0516813499999999,0.0516813499999999,0.0,0.0,0.0,0.0,0.0,0.0,0.0,0.0,0.0,0.0,0.0,0.0,0.0,0.0,1.0,0,0.0,0,0,,18000.0,930.2643,13457.99,3611.7457000000013,17069.7357,0.36,1,restructure-light,PIA_OPCIONES
EDOMEX - ECATEPEC,3866GMK,2025-06-14,0.0883920653888888,0.2212821514999999,0.0,0.0,0.0,0.0,0.0,0.0,0.0,0.0,0.0,0.0,0.0,0.0,0.0,0.0,1.0,0,0.0,0,0,,18000.0,3983.078727,5609.34,8407.581273,14016.921273,0.296,1,restructure-light,PIA_OPCIONES
EDOMEX - TLANEPANTLA,4000009,2025-06-03,0.0598197189444444,0.0598197189444444,0.0,0.0,0.0,0.0,0.0,0.0,0.0,0.0,0.0,0.0,0.0,0.0,0.0,0.0,1.0,0,0.0,0,0,,18000.0,1076.754941,5307.59,11615.655059,16923.245059,0.357,1,restructure-light,PIA_OPCIONES
EDOMEX - TLANEPANTLA,400TL078,2024-09-28,0.5658543411111111,1.1819268533333334,0.0,0.0,0.0,0.0,0.0,0.0,0.0,0.0,0.0,0.0,0.0,0.0,0.0,0.0,1.0,0,0.0,0,0,,18000.0,21274.68336,0.0,0.0,0.0,0.0,1,advisor-review,PIA_OPCIONES
EDOMEX - ECATEPEC,400TL310,2025-07-10,0.011129667,0.011129667,0.0,0.0,0.0,0.0,0.0,0.0,0.0,0.0,0.0,0.0,0.0,0.0,0.0,0.0,1.0,0,0.0,0,0,,18000.0,200.334006,13054.55,4745.115994,17799.665994,0.376,1,restructure-light,PIA_OPCIONES
EDOMEX - TLANEPANTLA,400TL319,2025-07-31,0.4199825178333333,0.9027548201666666,0.0,0.0,0.0,0.0,0.0,0.0,0.0,0.0,0.0,0.0,0.0,0.0,0.0,0.0,1.0,0,0.0,0,0,,18000.0,16249.586763,1010.21,740.2032370000006,1750.4132370000007,0.037,1,advisor-review,PIA_OPCIONES
EDOMEX - TLANEPANTLA,403TL113,2025-05-19,0.0321680496666666,0.0321680496666666,0.0,0.0,0.0,0.0,0.0,0.0,0.0,0.0,0.0,0.0,0.0,0.0,0.0,0.0,1.0,0,0.0,0,0,,18000.0,579.024894,6912.0,10508.975106000002,17420.975106,0.368,1,restructure-light,PIA_OPCIONES
EDOMEX - TLANEPANTLA,403TL167,2024-07-01,0.0306351488888888,0.0306351488888888,0.0,0.0,0.0,0.0,0.0,0.0,0.0,0.0,0.0,0.0,0.0,0.0,0.0,0.0,1.0,0,0.0,0,0,,18000.0,551.43268,10480.08,6968.487319999998,17448.56732,0.368,1,restructure-light,PIA_OPCIONES
EDOMEX - TLANEPANTLA,403TL180,2025-04-01,0.43550085,0.9957833216666668,0.0,0.0,0.0,0.0,0.0,0.0,0.0,0.0,0.0,0.0,0.0,0.0,0.0,0.0,1.0,0,0.0,0,0,,18000.0,17924.09979,29.71,46.19020999999979,75.90020999999979,0.002,1,advisor-review,PIA_OPCIONES
EDOMEX - TLANEPANTLA,404TL087,2025-07-31,0.3956827176666666,0.8574316918333333,0.0,0.0,0.0,0.0,0.0,0.0,0.0,0.0,0.0,0.0,0.0,0.0,0.0,0.0,1.0,0,0.0,0,0,,18000.0,15433.770453,1842.02,724.2095470000008,2566.229547000001,0.054,1,advisor-review,PIA_OPCIONES
EDOMEX - TLANEPANTLA,405TL020,2024-07-11,0.0101864588888888,0.0155609894444444,0.0,0.0,0.0,0.0,0.0,0.0,0.0,0.0,0.0,0.0,0.0,0.0,0.0,0.0,1.0,0,0.0,0,0,,18000.0,280.09781,10059.48,7660.422190000001,17719.90219,0.374,1,restructure-light,PIA_OPCIONES
EDOMEX - TLANEPANTLA,405TL302,2024-01-24,0.1549306883333333,0.1549306883333333,0.0,0.0,0.0,0.0,0.0,0.0,0.0,0.0,0.0,0.0,0.0,0.0,0.0,0.0,1.0,0,0.0,0,0,,18000.0,2788.75239,8040.86,7170.387610000001,15211.24761,0.321,1,restructure-light,PIA_OPCIONES
EDOMEX - ECATEPEC,40AU2X,2024-11-27,2.420517205,2.420517205,0.0,0.0,0.0,0.0,0.0,0.0,0.0,0.0,0.0,0.0,0.0,0.0,0.0,0.0,1.0,0,0.0,0,0,,18000.0,43569.309689999995,0.0,0.0,0.0,0.0,0,monitor,FOLLOW_UP
EDOMEX - ECATEPEC,417,2024-09-04,0.0111292666666666,0.0111292666666666,0.0,0.0,0.0,0.0,0.0,0.0,0.0,0.0,0.0,0.0,0.0,0.0,0.0,0.0,1.0,0,0.0,0,0,,18000.0,200.3268,12071.2,5728.4732,17799.6732,0.376,1,restructure-light,PIA_OPCIONES
EDOMEX - ECATEPEC,418,2024-12-23,0.0177704549999999,0.0177704549999999,0.0,0.0,0.0,0.0,0.0,0.0,0.0,0.0,0.0,0.0,0.0,0.0,0.0,0.0,1.0,0,0.0,0,0,,18000.0,319.86818999999997,9142.18,8537.951809999999,17680.13181,0.373,1,restructure-light,PIA_OPCIONES
EDOMEX - ECATEPEC,418C,2025-01-04,0.327850265,0.5546217505555556,0.0,0.0,0.0,0.0,0.0,0.0,0.0,0.0,0.0,0.0,0.0,0.0,0.0,0.0,1.0,0,0.0,0,0,,18000.0,9983.19151,2826.65,5190.15849,8016.808489999999,0.169,1,restructure-light,PIA_OPCIONES
EDOMEX - TLANEPANTLA,44VLB,2024-12-27,0.127277435,0.2514313366666666,0.0,0.0,0.0,0.0,0.0,0.0,0.0,0.0,0.0,0.0,0.0,0.0,0.0,0.0,1.0,0,0.0,0,0,,18000.0,4525.7640599999995,4996.29,8477.945940000001,13474.23594,0.284,1,restructure-light,PIA_OPCIONES
EDOMEX - ECATEPEC,457C,2025-07-22,0.5040363689999998,0.9735620606666668,0.0,0.0,0.0,0.0,0.0,0.0,0.0,0.0,0.0,0.0,0.0,0.0,0.0,0.0,1.0,0,0.0,0,0,,18000.0,17524.117092,417.42,58.46290799999957,475.8829079999996,0.01,1,advisor-review,PIA_OPCIONES
EDOMEX - ECATEPEC,45BB9X,2025-07-10,2.023032323222222,4.233276726611111,0.0,0.0,0.0,0.0,0.0,0.0,0.0,0.0,0.0,0.0,0.0,0.0,0.0,0.0,1.0,0,0.0,0,0,,18000.0,76198.98107899999,0.0,0.0,0.0,0.0,0,monitor,FOLLOW_UP
EDOMEX - TLANEPANTLA,460TL122,2025-02-18,0.4164550333333333,0.8367672505555557,0.0,0.0,0.0,0.0,0.0,0.0,0.0,0.0,0.0,0.0,0.0,0.0,0.0,0.0,1.0,0,0.0,0,0,,18000.0,15061.81051,2114.98,823.2094900000006,2938.1894900000007,0.062,1,advisor-review,PIA_OPCIONES
EDOMEX - TLANEPANTLA,467TL118,2024-07-24,0.016063375,0.016063375,0.0,0.0,0.0,0.0,0.0,0.0,0.0,0.0,0.0,0.0,0.0,0.0,0.0,0.0,1.0,0,0.0,0,0,,18000.0,289.14075,8138.53,9572.329250000003,17710.85925,0.374,1,restructure-light,PIA_OPCIONES
EDOMEX - ECATEPEC,475TL188,2025-07-31,0.619765507,1.2612321148333332,0.0,0.0,0.0,0.0,0.0,0.0,0.0,0.0,0.0,0.0,0.0,0.0,0.0,0.0,1.0,0,0.0,0,0,,18000.0,22702.178066999997,0.0,0.0,0.0,0.0,1,advisor-review,PIA_OPCIONES
EDOMEX - TLANEPANTLA,500ZDU,2024-05-20,0.0079059161111111,0.0079059161111111,0.0,0.0,0.0,0.0,0.0,0.0,0.0,0.0,0.0,0.0,0.0,0.0,0.0,0.0,1.0,0,0.0,0,0,,18000.0,142.30649,13701.33,4156.363510000001,17857.69351,0.377,1,restructure-light,PIA_OPCIONES
EDOMEX - TLANEPANTLA,5480JES,2025-07-30,0.2138185185,0.4080228035,0.0,0.0,0.0,0.0,0.0,0.0,0.0,0.0,0.0,0.0,0.0,0.0,0.0,0.0,1.0,0,0.0,0,0,,18000.0,7344.410462999999,7780.01,2875.5795369999996,10655.589537,0.225,1,restructure-light,PIA_OPCIONES
EDOMEX - TLANEPANTLA,54AM8P,2025-01-14,4.0984908749999995,8.513406875,0.0,0.0,0.0,0.0,0.0,0.0,0.0,0.0,0.0,0.0,0.0,0.0,0.0,0.0,1.0,0,0.0,0,0,,18000.0,153241.32374999998,0.0,0.0,0.0,0.0,0,monitor,FOLLOW_UP
EDOMEX - TLANEPANTLA,583371,2025-07-23,1.8969707866666663,1.8969707866666663,0.0,0.0,0.0,0.0,0.0,0.0,0.0,0.0,0.0,0.0,0.0,0.0,0.0,0.0,1.0,0,0.0,0,0,,18000.0,34145.47416,0.0,0.0,0.0,0.0,0,monitor,FOLLOW_UP
EDOMEX - TLANEPANTLA,60F708,2025-07-06,0.1391009313333333,0.2805370963333333,0.0,0.0,0.0,0.0,0.0,0.0,0.0,0.0,0.0,0.0,0.0,0.0,0.0,0.0,1.0,0,0.0,0,0,,18000.0,5049.667734,4634.08,8316.252266000001,12950.332266000001,0.273,1,restructure-light,PIA_OPCIONES
EDOMEX - TLANEPANTLA,62AL5N,2025-02-12,4.193607875,9.813630996666667,0.0,0.0,0.0,0.0,0.0,0.0,0.0,0.0,0.0,0.0,0.0,0.0,0.0,0.0,1.0,0,0.0,0,0,,18000.0,176645.35794000002,0.0,0.0,0.0,0.0,0,monitor,FOLLOW_UP
EDOMEX - ECATEPEC,634333,2025-07-31,3.1594883413333332,7.1503258726666665,0.0,0.0,0.0,0.0,0.0,0.0,0.0,0.0,0.0,0.0,0.0,0.0,0.0,0.0,1.0,0,0.0,0,0,,18000.0,128705.865708,0.0,0.0,0.0,0.0,0,monitor,FOLLOW_UP
EDOMEX - ECATEPEC,640NZ022M,2024-09-23,0.0609774388888888,0.0609774388888888,0.0,0.0,0.0,0.0,0.0,0.0,0.0,0.0,0.0,0.0,0.0,0.0,0.0,0.0,1.0,0,0.0,0,0,,18000.0,1097.5938999999998,7122.98,9779.4261,16902.4061,0.357,1,restructure-light,PIA_OPCIONES
EDOMEX - TLANEPANTLA,69AY8K,2024-03-25,0.0668750161111111,0.0668750161111111,0.0,0.0,0.0,0.0,0.0,0.0,0.0,0.0,0.0,0.0,0.0,0.0,0.0,0.0,1.0,0,0.0,0,0,,18000.0,1203.75029,8122.23,8674.01971,16796.24971,0.355,1,restructure-light,PIA_OPCIONES
EDOMEX - ECATEPEC,6CS4E9,2025-04-03,0.3347456,0.8054193333333334,0.0,0.0,0.0,0.0,0.0,0.0,0.0,0.0,0.0,0.0,0.0,0.0,0.0,0.0,1.0,0,0.0,0,0,,18000.0,14497.548,2267.95,1234.5019999999995,3502.4519999999993,0.074,1,advisor-review,PIA_OPCIONES
EDOMEX - ECATEPEC,6CS4L60,2025-07-21,0.5641395025,1.5325695444999998,0.0,0.0,0.0,0.0,0.0,0.0,0.0,0.0,0.0,0.0,0.0,0.0,0.0,0.0,1.0,0,0.0,0,0,,18000.0,27586.251801,0.0,0.0,0.0,0.0,1,advisor-review,PIA_OPCIONES
EDOMEX - ECATEPEC,6CS5F50,2025-07-14,0.4587757408333333,1.0083166676666666,0.0,0.0,0.0,0.0,0.0,0.0,0.0,0.0,0.0,0.0,0.0,0.0,0.0,0.0,1.0,0,0.0,0,0,,18000.0,18149.700018,0.0,0.0,0.0,0.0,1,advisor-review,PIA_OPCIONES
EDOMEX - ECATEPEC,6CS8F90,2025-03-25,0.4156961583333333,0.8777124899999998,0.0,0.0,0.0,0.0,0.0,0.0,0.0,0.0,0.0,0.0,0.0,0.0,0.0,0.0,1.0,0,0.0,0,0,,18000.0,15798.824819999998,1662.13,539.0451800000019,2201.175180000002,0.046,1,advisor-review,PIA_OPCIONES
EDOMEX - ECATEPEC,6CSL90,2025-04-22,0.85883635,1.3718630916666663,0.0,0.0,0.0,0.0,0.0,0.0,0.0,0.0,0.0,0.0,0.0,0.0,0.0,0.0,1.0,0,0.0,0,0,,18000.0,24693.53565,0.0,0.0,0.0,0.0,0,monitor,FOLLOW_UP
EDOMEX - TLANEPANTLA,701TL011C,2025-07-31,0.4644963351666666,0.9501627143333332,0.0,0.0,0.0,0.0,0.0,0.0,0.0,0.0,0.0,0.0,0.0,0.0,0.0,0.0,1.0,0,0.0,0,0,,18000.0,17102.928858,501.69,395.3811420000007,897.0711420000007,0.019,1,advisor-review,PIA_OPCIONES
EDOMEX - TLANEPANTLA,705TL005M,2025-07-31,0.3040880618333333,0.8164437245,0.0,0.0,0.0,0.0,0.0,0.0,0.0,0.0,0.0,0.0,0.0,0.0,0.0,0.0,1.0,0,0.0,0,0,,18000.0,14695.987041,2234.79,1069.2229589999997,3304.0129589999997,0.07,1,advisor-review,PIA_OPCIONES
EDOMEX - TLANEPANTLA,710TL023M,2025-07-22,0.1566447518333333,0.1566447518333333,0.0,0.0,0.0,0.0,0.0,0.0,0.0,0.0,0.0,0.0,0.0,0.0,0.0,0.0,1.0,0,0.0,0,0,,18000.0,2819.605533,9874.22,5306.174467000001,15180.394467,0.32,1,restructure-light,PIA_OPCIONES
EDOMEX - TLANEPANTLA,710TL065M,2025-06-30,0.0104284831666666,0.0104284831666666,0.0,0.0,0.0,0.0,0.0,0.0,0.0,0.0,0.0,0.0,0.0,0.0,0.0,0.0,1.0,0,0.0,0,0,,18000.0,187.712697,12288.84,5523.447303000001,17812.287303,0.376,1,restructure-light,PIA_OPCIONES
EDOMEX - TLANEPANTLA,71BA4V,2025-07-25,3.463995547166667,7.561754524388889,0.0,0.0,0.0,0.0,0.0,0.0,0.0,0.0,0.0,0.0,0.0,0.0,0.0,0.0,1.0,0,0.0,0,0,,18000.0,136111.581439,0.0,0.0,0.0,0.0,0,monitor,FOLLOW_UP
EDOMEX - TLANEPANTLA,741601J,2024-04-25,0.0065114216666666,0.0065114216666666,0.0,0.0,0.0,0.0,0.0,0.0,0.0,0.0,0.0,0.0,0.0,0.0,0.0,0.0,1.0,0,0.0,0,0,,18000.0,117.20559,9826.32,8056.474409999999,17882.79441,0.378,1,restructure-light,PIA_OPCIONES
EDOMEX - TLANEPANTLA,744733J,2025-07-13,0.5277197291666667,1.1097594249444445,0.0,0.0,0.0,0.0,0.0,0.0,0.0,0.0,0.0,0.0,0.0,0.0,0.0,0.0,1.0,0,0.0,0,0,,18000.0,19975.669649,0.0,0.0,0.0,0.0,1,advisor-review,PIA_OPCIONES
EDOMEX - ECATEPEC,747276J,2024-12-10,0.026186905,0.026186905,0.0,0.0,0.0,0.0,0.0,0.0,0.0,0.0,0.0,0.0,0.0,0.0,0.0,0.0,1.0,0,0.0,0,0,,18000.0,471.36429,10453.98,7074.655709999999,17528.63571,0.37,1,restructure-light,PIA_OPCIONES
EDOMEX - ECATEPEC,752895J,2025-05-22,0.2648748103333333,0.6299857736666666,0.0,0.0,0.0,0.0,0.0,0.0,0.0,0.0,0.0,0.0,0.0,0.0,0.0,0.0,1.0,0,0.0,0,0,,18000.0,11339.743926,3316.25,3344.006074000001,6660.256074000001,0.141,1,advisor-review,PIA_OPCIONES
EDOMEX - ECATEPEC,753233J,2025-07-28,0.2352914898333333,0.5130686514444444,0.0,0.0,0.0,0.0,0.0,0.0,0.0,0.0,0.0,0.0,0.0,0.0,0.0,0.0,1.0,0,0.0,0,0,,18000.0,9235.235726,3389.46,5375.304273999999,8764.764274,0.185,1,restructure-light,PIA_OPCIONES
EDOMEX - ECATEPEC,754292J,2025-05-17,0.3289156498333332,0.8412948181666666,0.0,0.0,0.0,0.0,0.0,0.0,0.0,0.0,0.0,0.0,0.0,0.0,0.0,0.0,1.0,0,0.0,0,0,,18000.0,15143.306727,1034.24,1822.4532730000008,2856.6932730000008,0.06,1,advisor-review,PIA_OPCIONES
EDOMEX - ECATEPEC,756963J,2025-07-16,0.483262341,1.3306527436666666,0.0,0.0,0.0,0.0,0.0,0.0,0.0,0.0,0.0,0.0,0.0,0.0,0.0,0.0,1.0,0,0.0,0,0,,18000.0,23951.749386,0.0,0.0,0.0,0.0,1,advisor-review,PIA_OPCIONES
EDOMEX - ECATEPEC,757306J,2024-09-06,0.0286111777777777,0.0286111777777777,0.0,0.0,0.0,0.0,0.0,0.0,0.0,0.0,0.0,0.0,0.0,0.0,0.0,0.0,1.0,0,0.0,0,0,,18000.0,515.0011999999999,7035.19,10449.808800000003,17484.9988,0.369,1,restructure-light,PIA_OPCIONES
EDOMEX - ECATEPEC,7681JFL,2025-07-01,0.1158339812777777,0.2315563521666666,0.0,0.0,0.0,0.0,0.0,0.0,0.0,0.0,0.0,0.0,0.0,0.0,0.0,0.0,1.0,0,0.0,0,0,,18000.0,4168.014339,11827.34,2004.6456609999987,13831.985660999999,0.292,1,restructure-light,PIA_OPCIONES
EDOMEX - ECATEPEC,770517J,2025-07-27,0.4177148322777778,1.036396432277778,0.0,0.0,0.0,0.0,0.0,0.0,0.0,0.0,0.0,0.0,0.0,0.0,0.0,0.0,1.0,0,0.0,0,0,,18000.0,18655.135781,0.0,0.0,0.0,0.0,1,advisor-review,PIA_OPCIONES
EDOMEX - ECATEPEC,770529J,2025-07-31,0.3141992345,0.7346468843333334,0.0,0.0,0.0,0.0,0.0,0.0,0.0,0.0,0.0,0.0,0.0,0.0,0.0,0.0,1.0,0,0.0,0,0,,18000.0,13223.643918,2426.97,2349.3860820000004,4776.356082,0.101,1,advisor-review,PIA_OPCIONES
EDOMEX - ECATEPEC,770680J,2025-07-25,0.4698946216666667,1.0936148403333334,0.0,0.0,0.0,0.0,0.0,0.0,0.0,0.0,0.0,0.0,0.0,0.0,0.0,0.0,1.0,0,0.0,0,0,,18000.0,19685.067126,0.0,0.0,0.0,0.0,1,advisor-review,PIA_OPCIONES
EDOMEX - ECATEPEC,770778J,2025-07-25,0.1471308556666666,0.1471308556666666,0.0,0.0,0.0,0.0,0.0,0.0,0.0,0.0,0.0,0.0,0.0,0.0,0.0,0.0,1.0,0,0.0,0,0,,18000.0,2648.355402,4815.54,10536.104597999998,15351.644597999999,0.324,1,restructure-light,PIA_OPCIONES
EDOMEX - ECATEPEC,770792J,2025-07-04,0.5602069733333334,1.2458263296666665,0.0,0.0,0.0,0.0,0.0,0.0,0.0,0.0,0.0,0.0,0.0,0.0,0.0,0.0,1.0,0,0.0,0,0,,18000.0,22424.873933999996,0.0,0.0,0.0,0.0,1,advisor-review,PIA_OPCIONES
EDOMEX - ECATEPEC,770804J,2025-07-31,0.4252614858333333,0.911966473,0.0,0.0,0.0,0.0,0.0,0.0,0.0,0.0,0.0,0.0,0.0,0.0,0.0,0.0,1.0,0,0.0,0,0,,18000.0,16415.396514,933.94,650.6634859999999,1584.603486,0.033,1,advisor-review,PIA_OPCIONES
EDOMEX - ECATEPEC,770957J,2025-07-30,0.403721967,0.8455758071666667,0.0,0.0,0.0,0.0,0.0,0.0,0.0,0.0,0.0,0.0,0.0,0.0,0.0,0.0,1.0,0,0.0,0,0,,18000.0,15220.364529,2139.32,640.3154709999994,2779.6354709999996,0.059,1,advisor-review,PIA_OPCIONES
EDOMEX - ECATEPEC,770973J,2025-07-31,0.4979629569444443,0.9199945712222222,0.0,0.0,0.0,0.0,0.0,0.0,0.0,0.0,0.0,0.0,0.0,0.0,0.0,0.0,1.0,0,0.0,0,0,,18000.0,16559.902282,503.51,936.5877180000009,1440.097718000001,0.03,1,advisor-review,PIA_OPCIONES
EDOMEX - TLANEPANTLA,772,2025-04-23,0.0005197661111111,0.0005197661111111,0.0,0.0,0.0,0.0,0.0,0.0,0.0,0.0,0.0,0.0,0.0,0.0,0.0,0.0,1.0,0,0.0,0,0,,18000.0,9.35579,10650.37,7340.274209999998,17990.64421,0.38,1,restructure-light,PIA_OPCIONES
EDOMEX - TLANEPANTLA,807703J,2024-11-14,0.4443153788888889,0.85399412,0.0,0.0,0.0,0.0,0.0,0.0,0.0,0.0,0.0,0.0,0.0,0.0,0.0,0.0,1.0,0,0.0,0,0,,18000.0,15371.89416,1562.21,1065.8958400000001,2628.10584,0.055,1,advisor-review,PIA_OPCIONES
EDOMEX - ECATEPEC,8162,2025-07-30,0.2411653195,0.2411653195,0.0,0.0,0.0,0.0,0.0,0.0,0.0,0.0,0.0,0.0,0.0,0.0,0.0,0.0,1.0,0,0.0,0,0,,18000.0,4340.975751,11783.58,1875.4442490000001,13659.024249,0.288,1,restructure-light,PIA_OPCIONES
EDOMEX - TLANEPANTLA,8163JES,2025-06-11,0.1397398551111111,0.3095756151111111,0.0,0.0,0.0,0.0,0.0,0.0,0.0,0.0,0.0,0.0,0.0,0.0,0.0,0.0,1.0,0,0.0,0,0,,18000.0,5572.361072,7991.43,4436.208928,12427.638928,0.262,1,restructure-light,PIA_OPCIONES
EDOMEX - ECATEPEC,837757J,2025-03-24,0.4072706999999999,0.8794115916666666,0.0,0.0,0.0,0.0,0.0,0.0,0.0,0.0,0.0,0.0,0.0,0.0,0.0,0.0,1.0,0,0.0,0,0,,18000.0,15829.40865,1267.83,902.7613500000007,2170.5913500000006,0.046,1,advisor-review,PIA_OPCIONES
EDOMEX - ECATEPEC,838745J,2025-07-31,0.4246550084999999,0.8553310236055556,0.0,0.0,0.0,0.0,0.0,0.0,0.0,0.0,0.0,0.0,0.0,0.0,0.0,0.0,1.0,0,0.0,0,0,,18000.0,15395.9584249,1198.34,1405.7015751000001,2604.0415751,0.055,1,advisor-review,PIA_OPCIONES
EDOMEX - ECATEPEC,838850J,2025-07-30,0.5376913466666667,1.2014012423333331,0.0,0.0,0.0,0.0,0.0,0.0,0.0,0.0,0.0,0.0,0.0,0.0,0.0,0.0,1.0,0,0.0,0,0,,18000.0,21625.222361999997,0.0,0.0,0.0,0.0,1,advisor-review,PIA_OPCIONES
EDOMEX - TLANEPANTLA,845NA083C,2024-03-03,0.0206853883333333,0.0206853883333333,0.0,0.0,0.0,0.0,0.0,0.0,0.0,0.0,0.0,0.0,0.0,0.0,0.0,0.0,1.0,0,0.0,0,0,,18000.0,372.33699,10795.24,6832.42301,17627.66301,0.372,1,restructure-light,PIA_OPCIONES
EDOMEX - TLANEPANTLA,845NA116C,2024-07-22,0.0012537105555555,0.0012537105555555,0.0,0.0,0.0,0.0,0.0,0.0,0.0,0.0,0.0,0.0,0.0,0.0,0.0,0.0,1.0,0,0.0,0,0,,18000.0,22.56679,10127.53,7849.903209999999,17977.43321,0.38,1,restructure-light,PIA_OPCIONES
EDOMEX - ECATEPEC,852EC085,2025-07-31,0.4040230263333333,0.9845491364999998,0.0,0.0,0.0,0.0,0.0,0.0,0.0,0.0,0.0,0.0,0.0,0.0,0.0,0.0,1.0,0,0.0,0,0,,18000.0,17721.884456999996,87.04,191.0755430000035,278.1155430000035,0.006,1,advisor-review,PIA_OPCIONES
EDOMEX - TLANEPANTLA,867004J,2025-07-23,0.4797505788333333,1.044455696166667,0.0,0.0,0.0,0.0,0.0,0.0,0.0,0.0,0.0,0.0,0.0,0.0,0.0,0.0,1.0,0,0.0,0,0,,18000.0,18800.202531000003,0.0,0.0,0.0,0.0,1,advisor-review,PIA_OPCIONES
EDOMEX - TLANEPANTLA,88107,2023-09-25,0.0498306266666666,0.0498306266666666,0.0,0.0,0.0,0.0,0.0,0.0,0.0,0.0,0.0,0.0,0.0,0.0,0.0,0.0,1.0,0,0.0,0,0,,18000.0,896.95128,14327.16,2775.888719999999,17103.04872,0.361,1,restructure-light,PIA_OPCIONES
EDOMEX - ECATEPEC,8E9003481,2025-04-14,0.4815626166666666,0.955610425,0.0,0.0,0.0,0.0,0.0,0.0,0.0,0.0,0.0,0.0,0.0,0.0,0.0,0.0,1.0,0,0.0,0,0,,18000.0,17200.98765,306.94,492.0723500000009,799.0123500000009,0.017,1,advisor-review,PIA_OPCIONES
EDOMEX - ECATEPEC,902246,2024-11-23,0.5637818583333333,1.2070588244444445,0.0,0.0,0.0,0.0,0.0,0.0,0.0,0.0,0.0,0.0,0.0,0.0,0.0,0.0,1.0,0,0.0,0,0,,18000.0,21727.05884,0.0,0.0,0.0,0.0,1,advisor-review,PIA_OPCIONES
EDOMEX - ECATEPEC,9026746,2025-07-31,0.2298379416666666,0.5118916981666666,0.0,0.0,0.0,0.0,0.0,0.0,0.0,0.0,0.0,0.0,0.0,0.0,0.0,0.0,1.0,0,0.0,0,0,,18000.0,9214.050566999998,3208.15,5577.799433000002,8785.949433000002,0.185,1,restructure-light,PIA_OPCIONES
EDOMEX - ECATEPEC,906068,2025-07-31,0.3995931585555555,0.8632268668888888,0.0,0.0,0.0,0.0,0.0,0.0,0.0,0.0,0.0,0.0,0.0,0.0,0.0,0.0,1.0,0,0.0,0,0,,18000.0,15538.083604,1731.57,730.3463960000006,2461.9163960000005,0.052,1,advisor-review,PIA_OPCIONES
EDOMEX - ECATEPEC,906301,2025-04-04,0.4320598388888889,1.5738320305555558,0.0,0.0,0.0,0.0,0.0,0.0,0.0,0.0,0.0,0.0,0.0,0.0,0.0,0.0,1.0,0,0.0,0,0,,18000.0,28328.976550000003,0.0,0.0,0.0,0.0,1,advisor-review,PIA_OPCIONES
EDOMEX - TLANEPANTLA,91171,2024-08-06,0.2793094622222222,0.4597242361111111,0.0,0.0,0.0,0.0,0.0,0.0,0.0,0.0,0.0,0.0,0.0,0.0,0.0,0.0,1.0,0,0.0,0,0,,18000.0,8275.03625,6765.21,2959.7537500000008,9724.96375,0.205,1,restructure-light,PIA_OPCIONES
EDOMEX - TLANEPANTLA,9312JES,2025-07-31,0.1383149786666666,0.2849148947777778,0.0,0.0,0.0,0.0,0.0,0.0,0.0,0.0,0.0,0.0,0.0,0.0,0.0,0.0,1.0,0,0.0,0,0,,18000.0,5128.468106,9475.98,3395.551894,12871.531894,0.272,1,restructure-light,PIA_OPCIONES
EDOMEX - TLANEPANTLA,94AL6N,2024-02-09,3.369392115,3.369392115,0.0,0.0,0.0,0.0,0.0,0.0,0.0,0.0,0.0,0.0,0.0,0.0,0.0,0.0,1.0,0,0.0,0,0,,18000.0,60649.05807,0.0,0.0,0.0,0.0,0,monitor,FOLLOW_UP
EDOMEX - ECATEPEC,9RK9096968,2025-07-31,0.4685564331666667,1.1013580895,0.0,0.0,0.0,0.0,0.0,0.0,0.0,0.0,0.0,0.0,0.0,0.0,0.0,0.0,1.0,0,0.0,0,0,,18000.0,19824.445611,0.0,0.0,0.0,0.0,1,advisor-review,PIA_OPCIONES
AGUASCALIENTES,A00001A,2022-07-07,0.2513955888888888,0.5736897833333332,0.0,0.0,0.0,0.0,0.0,0.0,0.0,0.0,0.0,0.0,0.0,0.0,0.0,0.0,1.0,0,0.0,0,0,,18000.0,10326.4161,6519.53,1154.0538999999999,7673.5839,0.162,1,restructure-light,PIA_OPCIONES
AGUASCALIENTES,A00002A,2022-12-27,0.2541038499999999,0.5956950999999999,0.0,0.0,0.0,0.0,0.0,0.0,0.0,0.0,0.0,0.0,0.0,0.0,0.0,0.0,1.0,0,0.0,0,0,,18000.0,10722.511799999998,3188.47,4089.018200000002,7277.488200000002,0.154,1,restructure-light,PIA_OPCIONES
AGUASCALIENTES,A00007A,2021-11-26,0.4071803833333333,0.8786834666666667,0.0,0.0,0.0,0.0,0.0,0.0,0.0,0.0,0.0,0.0,0.0,0.0,0.0,0.0,1.0,0,0.0,0,0,,18000.0,15816.3024,704.13,1479.5675999999994,2183.6975999999995,0.046,1,advisor-review,PIA_OPCIONES
EDOMEX - ECATEPEC,A00012,2024-11-30,0.00980228,0.00980228,0.0,0.0,0.0,0.0,0.0,0.0,0.0,0.0,0.0,0.0,0.0,0.0,0.0,0.0,1.0,0,0.0,0,0,,18000.0,176.44104,11280.74,6542.818959999999,17823.55896,0.376,1,restructure-light,PIA_OPCIONES
AGUASCALIENTES,A00016A,2021-08-30,0.1584986388888888,0.3908721222222222,0.0,0.0,0.0,0.0,0.0,0.0,0.0,0.0,0.0,0.0,0.0,0.0,0.0,0.0,1.0,0,0.0,0,0,,18000.0,7035.6982,5729.43,5234.871800000001,10964.301800000001,0.231,1,restructure-light,PIA_OPCIONES
AGUASCALIENTES,A00022A,2024-07-11,0.2536761755555555,0.5303048722222222,0.0,0.0,0.0,0.0,0.0,0.0,0.0,0.0,0.0,0.0,0.0,0.0,0.0,0.0,1.0,0,0.0,0,0,,18000.0,9545.4877,6745.63,1708.8823000000002,8454.5123,0.178,1,restructure-light,PIA_OPCIONES
AGUASCALIENTES,A00027A,2023-11-02,0.3472064666666666,0.6843571333333333,0.0,0.0,0.0,0.0,0.0,0.0,0.0,0.0,0.0,0.0,0.0,0.0,0.0,0.0,1.0,0,0.0,0,0,,18000.0,12318.4284,4459.75,1221.8215999999993,5681.571599999999,0.12,1,advisor-review,PIA_OPCIONES
AGUASCALIENTES,A00038A,2020-05-11,0.4184205611111111,0.8246621388888888,0.0,0.0,0.0,0.0,0.0,0.0,0.0,0.0,0.0,0.0,0.0,0.0,0.0,0.0,1.0,0,0.0,0,0,,18000.0,14843.9185,1547.37,1608.7115000000003,3156.0815000000002,0.067,1,advisor-review,PIA_OPCIONES
AGUASCALIENTES,A00039A,2021-06-13,0.3109221499999999,0.6244992,0.0,0.0,0.0,0.0,0.0,0.0,0.0,0.0,0.0,0.0,0.0,0.0,0.0,0.0,1.0,0,0.0,0,0,,18000.0,11240.9856,5892.1,866.9143999999997,6759.0144,0.143,1,advisor-review,PIA_OPCIONES
AGUASCALIENTES,A00042A,2023-06-22,0.2630044333333333,0.6268219111111112,0.0,0.0,0.0,0.0,0.0,0.0,0.0,0.0,0.0,0.0,0.0,0.0,0.0,0.0,1.0,0,0.0,0,0,,18000.0,11282.7944,3187.65,3529.5555999999992,6717.205599999999,0.142,1,advisor-review,PIA_OPCIONES
AGUASCALIENTES,A00053A,2019-10-05,0.4571753333333334,0.9605395944444444,0.0,0.0,0.0,0.0,0.0,0.0,0.0,0.0,0.0,0.0,0.0,0.0,0.0,0.0,1.0,0,0.0,0,0,,18000.0,17289.7127,432.59,277.6973,710.2873,0.015,1,advisor-review,PIA_OPCIONES
EDOMEX - TLANEPANTLA,A0005J,2025-06-19,0.1096016308333333,0.1096016308333333,0.0,0.0,0.0,0.0,0.0,0.0,0.0,0.0,0.0,0.0,0.0,0.0,0.0,0.0,1.0,0,0.0,0,0,,18000.0,1972.829355,7269.59,8757.580645,16027.170645,0.338,1,restructure-light,PIA_OPCIONES
AGUASCALIENTES,A00065A,2019-05-20,0.4115118944444445,0.8534866888888889,0.0,0.0,0.0,0.0,0.0,0.0,0.0,0.0,0.0,0.0,0.0,0.0,0.0,0.0,1.0,0,0.0,0,0,,18000.0,15362.7604,2272.31,364.92960000000085,2637.239600000001,0.056,1,advisor-review,PIA_OPCIONES
AGUASCALIENTES,A00068A,2019-03-05,0.4181778166666666,0.9919944833333332,0.0,0.0,0.0,0.0,0.0,0.0,0.0,0.0,0.0,0.0,0.0,0.0,0.0,0.0,1.0,0,0.0,0,0,,18000.0,17855.9007,57.46,86.63930000000167,144.09930000000168,0.003,1,advisor-review,PIA_OPCIONES
AGUASCALIENTES,A00070A,2019-09-05,0.4800263722222223,1.0353908500000002,0.0,0.0,0.0,0.0,0.0,0.0,0.0,0.0,0.0,0.0,0.0,0.0,0.0,0.0,1.0,0,0.0,0,0,,18000.0,18637.035300000003,0.0,0.0,0.0,0.0,1,advisor-review,PIA_OPCIONES
AGUASCALIENTES,A00079A,2022-08-12,0.3048511222222222,0.7007217888888889,0.0,0.0,0.0,0.0,0.0,0.0,0.0,0.0,0.0,0.0,0.0,0.0,0.0,0.0,1.0,0,0.0,0,0,,18000.0,12612.9922,3022.43,2364.5777999999996,5387.007799999999,0.114,1,advisor-review,PIA_OPCIONES
AGUASCALIENTES,A00082A,2025-07-31,0.4375528907216666,1.0240492465972222,0.0,0.0,0.0,0.0,0.0,0.0,0.0,0.0,0.0,0.0,0.0,0.0,0.0,0.0,1.0,0,0.0,0,0,,18000.0,18432.88643875,0.0,0.0,0.0,0.0,1,advisor-review,PIA_OPCIONES
AGUASCALIENTES,A00091A,2020-10-13,0.2339880333333333,0.4272306888888888,0.0,0.0,0.0,0.0,0.0,0.0,0.0,0.0,0.0,0.0,0.0,0.0,0.0,0.0,1.0,0,0.0,0,0,,18000.0,7690.152399999999,8608.79,1701.0576,10309.847600000001,0.218,1,restructure-light,PIA_OPCIONES
AGUASCALIENTES,A00095A,2019-05-16,0.4705830277777778,1.1551714055555555,0.0,0.0,0.0,0.0,0.0,0.0,0.0,0.0,0.0,0.0,0.0,0.0,0.0,0.0,1.0,0,0.0,0,0,,18000.0,20793.0853,0.0,0.0,0.0,0.0,1,advisor-review,PIA_OPCIONES
AGUASCALIENTES,A00096A,2019-06-21,0.4541383166666666,1.0047424833333334,0.0,0.0,0.0,0.0,0.0,0.0,0.0,0.0,0.0,0.0,0.0,0.0,0.0,0.0,1.0,0,0.0,0,0,,18000.0,18085.3647,0.0,0.0,0.0,0.0,1,advisor-review,PIA_OPCIONES
AGUASCALIENTES,A00115A,2025-01-23,0.2553324316666666,0.5911377216666668,0.0,0.0,0.0,0.0,0.0,0.0,0.0,0.0,0.0,0.0,0.0,0.0,0.0,0.0,1.0,0,0.0,0,0,,18000.0,10640.47899,6153.06,1206.46101,7359.52101,0.155,1,restructure-light,PIA_OPCIONES
AGUASCALIENTES,A00136A,2020-02-17,0.4211217111111111,0.8890530777777778,0.0,0.0,0.0,0.0,0.0,0.0,0.0,0.0,0.0,0.0,0.0,0.0,0.0,0.0,1.0,0,0.0,0,0,,18000.0,16002.9554,1220.82,776.2245999999993,1997.0445999999993,0.042,1,advisor-review,PIA_OPCIONES
AGUASCALIENTES,A00137A,2020-01-17,0.3760226277777778,0.9928152111111112,0.0,0.0,0.0,0.0,0.0,0.0,0.0,0.0,0.0,0.0,0.0,0.0,0.0,0.0,1.0,0,0.0,0,0,,18000.0,17870.6738,63.31,66.01619999999951,129.32619999999952,0.003,1,advisor-review,PIA_OPCIONES
AGUASCALIENTES,A00147A,2021-11-30,0.2930556166666666,0.6730138666666666,0.0,0.0,0.0,0.0,0.0,0.0,0.0,0.0,0.0,0.0,0.0,0.0,0.0,0.0,1.0,0,0.0,0,0,,18000.0,12114.2496,4492.05,1393.7004000000006,5885.750400000001,0.124,1,advisor-review,PIA_OPCIONES
AGUASCALIENTES,A00148A,2020-06-23,0.33762615,0.8401776277777777,0.0,0.0,0.0,0.0,0.0,0.0,0.0,0.0,0.0,0.0,0.0,0.0,0.0,0.0,1.0,0,0.0,0,0,,18000.0,15123.1973,2005.12,871.6827000000003,2876.8027,0.061,1,advisor-review,PIA_OPCIONES
AGUASCALIENTES,A00150A,2022-09-08,0.3088641111111111,0.6957672944444444,0.0,0.0,0.0,0.0,0.0,0.0,0.0,0.0,0.0,0.0,0.0,0.0,0.0,0.0,1.0,0,0.0,0,0,,18000.0,12523.8113,2870.59,2605.5987000000005,5476.188700000001,0.116,1,advisor-review,PIA_OPCIONES
AGUASCALIENTES,A00158A,2024-08-27,0.3462308583333333,0.7720511716666667,0.0,0.0,0.0,0.0,0.0,0.0,0.0,0.0,0.0,0.0,0.0,0.0,0.0,0.0,1.0,0,0.0,0,0,,18000.0,13896.92109,1463.49,2639.5889100000004,4103.07891,0.087,1,advisor-review,PIA_OPCIONES
EDOMEX - TLANEPANTLA,A0016D,2025-07-18,0.1614665781666666,0.3263553281666667,0.0,0.0,0.0,0.0,0.0,0.0,0.0,0.0,0.0,0.0,0.0,0.0,0.0,0.0,1.0,0,0.0,0,0,,18000.0,5874.395907,9070.85,3054.7540929999996,12125.604093,0.256,1,restructure-light,PIA_OPCIONES
AGUASCALIENTES,A00172A,2024-04-17,0.3401570083333333,0.8207740916666667,0.0,0.0,0.0,0.0,0.0,0.0,0.0,0.0,0.0,0.0,0.0,0.0,0.0,0.0,1.0,0,0.0,0,0,,18000.0,14773.93365,1475.85,1750.2163499999992,3226.066349999999,0.068,1,advisor-review,PIA_OPCIONES
AGUASCALIENTES,A00178A,2019-01-16,0.5632331333333332,0.5632331333333332,0.0,0.0,0.0,0.0,0.0,0.0,0.0,0.0,0.0,0.0,0.0,0.0,0.0,0.0,1.0,0,0.0,0,0,,18000.0,10138.1964,6777.57,1084.2335999999996,7861.803599999999,0.166,1,restructure-light,PIA_OPCIONES
AGUASCALIENTES,A00180A,2020-08-11,0.4254992666666666,0.9447454833333332,0.0,0.0,0.0,0.0,0.0,0.0,0.0,0.0,0.0,0.0,0.0,0.0,0.0,0.0,1.0,0,0.0,0,0,,18000.0,17005.4187,442.17,552.4113000000016,994.5813000000016,0.021,1,advisor-review,PIA_OPCIONES
AGUASCALIENTES,A00188A,2020-07-07,0.4829028611111111,0.99482725,0.0,0.0,0.0,0.0,0.0,0.0,0.0,0.0,0.0,0.0,0.0,0.0,0.0,0.0,1.0,0,0.0,0,0,,18000.0,17906.8905,34.79,58.31949999999866,93.10949999999866,0.002,1,advisor-review,PIA_OPCIONES
AGUASCALIENTES,A00191A,2019-05-22,0.4339069944444444,0.9184927555555557,0.0,0.0,0.0,0.0,0.0,0.0,0.0,0.0,0.0,0.0,0.0,0.0,0.0,0.0,1.0,0,0.0,0,0,,18000.0,16532.8696,1171.75,295.3803999999982,1467.1303999999982,0.031,1,advisor-review,PIA_OPCIONES
AGUASCALIENTES,A00196A,2022-06-11,0.1350365722222222,0.3540467055555555,0.0,0.0,0.0,0.0,0.0,0.0,0.0,0.0,0.0,0.0,0.0,0.0,0.0,0.0,1.0,0,0.0,0,0,,18000.0,6372.8407,4557.5,7069.659299999999,11627.1593,0.245,1,restructure-light,PIA_OPCIONES
AGUASCALIENTES,A00200A,2024-03-27,0.3676127744444444,0.7704478505555555,0.0,0.0,0.0,0.0,0.0,0.0,0.0,0.0,0.0,0.0,0.0,0.0,0.0,0.0,1.0,0,0.0,0,0,,18000.0,13868.06131,1684.02,2447.918690000001,4131.938690000001,0.087,1,advisor-review,PIA_OPCIONES
AGUASCALIENTES,A00201A,2024-04-25,0.1935800594444444,0.4144143577777777,0.0,0.0,0.0,0.0,0.0,0.0,0.0,0.0,0.0,0.0,0.0,0.0,0.0,0.0,1.0,0,0.0,0,0,,18000.0,7459.458439999999,6952.85,3587.691560000001,10540.541560000001,0.223,1,restructure-light,PIA_OPCIONES
AGUASCALIENTES,A00212A,2019-02-05,0.4190390999999999,0.8874089666666667,0.0,0.0,0.0,0.0,0.0,0.0,0.0,0.0,0.0,0.0,0.0,0.0,0.0,0.0,1.0,0,0.0,0,0,,18000.0,15973.3614,1671.44,355.19860000000017,2026.6386000000002,0.043,1,advisor-review,PIA_OPCIONES
AGUASCALIENTES,A00213A,2019-02-05,0.46608935,0.8828557166666667,0.0,0.0,0.0,0.0,0.0,0.0,0.0,0.0,0.0,0.0,0.0,0.0,0.0,0.0,1.0,0,0.0,0,0,,18000.0,15891.4029,881.1,1227.497100000001,2108.597100000001,0.045,1,advisor-review,PIA_OPCIONES
AGUASCALIENTES,A00214A,2022-04-15,0.2971109666666667,0.7287029666666667,0.0,0.0,0.0,0.0,0.0,0.0,0.0,0.0,0.0,0.0,0.0,0.0,0.0,0.0,1.0,0,0.0,0,0,,18000.0,13116.6534,2374.25,2509.0966000000008,4883.346600000001,0.103,1,advisor-review,PIA_OPCIONES
AGUASCALIENTES,A00215A,2021-02-20,0.3169163722222222,0.6933462666666668,0.0,0.0,0.0,0.0,0.0,0.0,0.0,0.0,0.0,0.0,0.0,0.0,0.0,0.0,1.0,0,0.0,0,0,,18000.0,12480.232800000002,4230.59,1289.1771999999983,5519.767199999998,0.117,1,advisor-review,PIA_OPCIONES
AGUASCALIENTES,A00217A,2021-09-13,0.3300774888888889,0.8014900055555555,0.0,0.0,0.0,0.0,0.0,0.0,0.0,0.0,0.0,0.0,0.0,0.0,0.0,0.0,1.0,0,0.0,0,0,,18000.0,14426.8201,3155.46,417.71989999999914,3573.179899999999,0.075,1,advisor-review,PIA_OPCIONES
EDOMEX - TLANEPANTLA,A0022K,2025-03-16,0.0841802288888888,0.0841802288888888,0.0,0.0,0.0,0.0,0.0,0.0,0.0,0.0,0.0,0.0,0.0,0.0,0.0,0.0,1.0,0,0.0,0,0,,18000.0,1515.2441199999998,9898.18,6586.57588,16484.75588,0.348,1,restructure-light,PIA_OPCIONES
AGUASCALIENTES,A00232A,2021-09-13,0.3091450333333333,0.4604972388888889,0.0,0.0,0.0,0.0,0.0,0.0,0.0,0.0,0.0,0.0,0.0,0.0,0.0,0.0,1.0,0,0.0,0,0,,18000.0,8288.9503,3751.75,5959.2997,9711.0497,0.205,1,restructure-light,PIA_OPCIONES
AGUASCALIENTES,A00234A,2019-09-23,0.3865898111111111,0.8883466944444445,0.0,0.0,0.0,0.0,0.0,0.0,0.0,0.0,0.0,0.0,0.0,0.0,0.0,0.0,1.0,0,0.0,0,0,,18000.0,15990.2405,619.73,1390.0295,2009.7595000000001,0.042,1,advisor-review,PIA_OPCIONES
AGUASCALIENTES,A00241A,2023-05-16,0.3123499888888889,0.6198460666666666,0.0,0.0,0.0,0.0,0.0,0.0,0.0,0.0,0.0,0.0,0.0,0.0,0.0,0.0,1.0,0,0.0,0,0,,18000.0,11157.2292,2995.72,3847.0508000000004,6842.7708,0.144,1,advisor-review,PIA_OPCIONES
AGUASCALIENTES,A00242A,2022-05-17,0.2341498166666666,0.5142503333333334,0.0,0.0,0.0,0.0,0.0,0.0,0.0,0.0,0.0,0.0,0.0,0.0,0.0,0.0,1.0,0,0.0,0,0,,18000.0,9256.506,3314.6,5428.894,8743.494,0.185,1,restructure-light,PIA_OPCIONES
AGUASCALIENTES,A00252A,2022-11-01,0.2950169444444444,0.6080070944444445,0.0,0.0,0.0,0.0,0.0,0.0,0.0,0.0,0.0,0.0,0.0,0.0,0.0,0.0,1.0,0,0.0,0,0,,18000.0,10944.1277,4985.65,2070.2223000000013,7055.872300000001,0.149,1,advisor-review,PIA_OPCIONES
AGUASCALIENTES,A00253A,2022-08-18,0.2482980499999999,0.5407680055555556,0.0,0.0,0.0,0.0,0.0,0.0,0.0,0.0,0.0,0.0,0.0,0.0,0.0,0.0,1.0,0,0.0,0,0,,18000.0,9733.8241,3084.11,5182.0659,8266.1759,0.175,1,restructure-light,PIA_OPCIONES
AGUASCALIENTES,A00275A,2023-11-21,0.33764,0.7484965,0.0,0.0,0.0,0.0,0.0,0.0,0.0,0.0,0.0,0.0,0.0,0.0,0.0,0.0,1.0,0,0.0,0,0,,18000.0,13472.937,2733.43,1793.6330000000003,4527.063,0.096,1,advisor-review,PIA_OPCIONES
AGUASCALIENTES,A00276A,2023-01-13,0.2738958444444445,0.5951111833333333,0.0,0.0,0.0,0.0,0.0,0.0,0.0,0.0,0.0,0.0,0.0,0.0,0.0,0.0,1.0,0,0.0,0,0,,18000.0,10712.0013,5222.27,2065.7286999999997,7287.9987,0.154,1,restructure-light,PIA_OPCIONES
EDOMEX - TLANEPANTLA,A0028N,2025-06-18,0.0306506542777777,0.0306506542777777,0.0,0.0,0.0,0.0,0.0,0.0,0.0,0.0,0.0,0.0,0.0,0.0,0.0,0.0,1.0,0,0.0,0,0,,18000.0,551.711777,11318.18,6130.108222999999,17448.288223,0.368,1,restructure-light,PIA_OPCIONES
AGUASCALIENTES,A00291A,2025-06-24,0.3094218420905556,0.709732406535,0.0,0.0,0.0,0.0,0.0,0.0,0.0,0.0,0.0,0.0,0.0,0.0,0.0,0.0,1.0,0,0.0,0,0,,18000.0,12775.18331763,2193.72,3031.0966823699996,5224.816682369999,0.11,1,advisor-review,PIA_OPCIONES
AGUASCALIENTES,A00296A,2024-07-09,0.3225171533333333,0.705955695,0.0,0.0,0.0,0.0,0.0,0.0,0.0,0.0,0.0,0.0,0.0,0.0,0.0,0.0,1.0,0,0.0,0,0,,18000.0,12707.20251,4141.48,1151.3174900000013,5292.797490000001,0.112,1,advisor-review,PIA_OPCIONES
AGUASCALIENTES,A00300A,2021-07-30,0.2884935444444444,0.6639558944444444,0.0,0.0,0.0,0.0,0.0,0.0,0.0,0.0,0.0,0.0,0.0,0.0,0.0,0.0,1.0,0,0.0,0,0,,18000.0,11951.2061,4411.05,1637.7439000000004,6048.793900000001,0.128,1,advisor-review,PIA_OPCIONES
AGUASCALIENTES,A00301A,2019-08-24,0.4640762388888888,1.0611398055555556,0.0,0.0,0.0,0.0,0.0,0.0,0.0,0.0,0.0,0.0,0.0,0.0,0.0,0.0,1.0,0,0.0,0,0,,18000.0,19100.5165,0.0,0.0,0.0,0.0,1,advisor-review,PIA_OPCIONES
EDOMEX - TLANEPANTLA,A0030N,2025-07-27,0.0712299755555555,0.0712299755555555,0.0,0.0,0.0,0.0,0.0,0.0,0.0,0.0,0.0,0.0,0.0,0.0,0.0,0.0,1.0,0,0.0,0,0,,18000.0,1282.13956,6329.96,10387.900440000001,16717.86044,0.353,1,restructure-light,PIA_OPCIONES
AGUASCALIENTES,A00316A,2019-05-08,0.3345355,0.8422736833333333,0.0,0.0,0.0,0.0,0.0,0.0,0.0,0.0,0.0,0.0,0.0,0.0,0.0,0.0,1.0,0,0.0,0,0,,18000.0,15160.9263,1062.53,1776.5437000000009,2839.073700000001,0.06,1,advisor-review,PIA_OPCIONES
AGUASCALIENTES,A00317A,2022-05-30,0.2651426999999999,0.5543918999999999,0.0,0.0,0.0,0.0,0.0,0.0,0.0,0.0,0.0,0.0,0.0,0.0,0.0,0.0,1.0,0,0.0,0,0,,18000.0,9979.0542,6870.24,1150.7057999999997,8020.9457999999995,0.169,1,restructure-light,PIA_OPCIONES
AGUASCALIENTES,A00329A,2022-03-01,0.20942855,0.4698701,0.0,0.0,0.0,0.0,0.0,0.0,0.0,0.0,0.0,0.0,0.0,0.0,0.0,0.0,1.0,0,0.0,0,0,,18000.0,8457.6618,5139.0,4403.3382,9542.3382,0.201,1,restructure-light,PIA_OPCIONES
AGUASCALIENTES,A00334A,2020-06-08,0.3575548777777778,0.8102731555555555,0.0,0.0,0.0,0.0,0.0,0.0,0.0,0.0,0.0,0.0,0.0,0.0,0.0,0.0,1.0,0,0.0,0,0,,18000.0,14584.9168,1641.18,1773.903199999999,3415.083199999999,0.072,1,advisor-review,PIA_OPCIONES
AGUASCALIENTES,A00367A,2019-03-08,0.0142824166666666,0.0142824166666666,0.0,0.0,0.0,0.0,0.0,0.0,0.0,0.0,0.0,0.0,0.0,0.0,0.0,0.0,1.0,0,0.0,0,0,,18000.0,257.0835,10524.22,7218.6965,17742.9165,0.375,1,restructure-light,PIA_OPCIONES
AGUASCALIENTES,A00368A,2022-02-02,0.2492297,0.5315505666666667,0.0,0.0,0.0,0.0,0.0,0.0,0.0,0.0,0.0,0.0,0.0,0.0,0.0,0.0,1.0,0,0.0,0,0,,18000.0,9567.9102,5883.23,2548.8598,8432.0898,0.178,1,restructure-light,PIA_OPCIONES
AGUASCALIENTES,A00383A,2021-08-03,0.2711190777777778,0.6608959277777777,0.0,0.0,0.0,0.0,0.0,0.0,0.0,0.0,0.0,0.0,0.0,0.0,0.0,0.0,1.0,0,0.0,0,0,,18000.0,11896.1267,5330.96,772.9132999999993,6103.873299999999,0.129,1,advisor-review,PIA_OPCIONES
EDOMEX - TLANEPANTLA,A0050B,2025-07-30,0.1121455997222222,0.2389951524999999,0.0,0.0,0.0,0.0,0.0,0.0,0.0,0.0,0.0,0.0,0.0,0.0,0.0,0.0,1.0,0,0.0,0,0,,18000.0,4301.912745,6463.69,7234.397255000001,13698.087255,0.289,1,restructure-light,PIA_OPCIONES
EDOMEX - TLANEPANTLA,A005JMD,2025-07-31,0.1676981288888888,0.382815307,0.0,0.0,0.0,0.0,0.0,0.0,0.0,0.0,0.0,0.0,0.0,0.0,0.0,0.0,1.0,0,0.0,0,0,,18000.0,6890.675526,9497.2,1612.1244740000002,11109.324474000001,0.235,1,restructure-light,PIA_OPCIONES
AGUASCALIENTES,A00770A,2021-03-23,0.3245287722222222,0.7430469777777777,0.0,0.0,0.0,0.0,0.0,0.0,0.0,0.0,0.0,0.0,0.0,0.0,0.0,0.0,1.0,0,0.0,0,0,,18000.0,13374.8456,1456.53,3168.6243999999997,4625.154399999999,0.098,1,advisor-review,PIA_OPCIONES
AGUASCALIENTES,A00772A,2019-10-17,0.4291544111111111,0.82437615,0.0,0.0,0.0,0.0,0.0,0.0,0.0,0.0,0.0,0.0,0.0,0.0,0.0,0.0,1.0,0,0.0,0,0,,18000.0,14838.7707,2001.43,1159.7993000000008,3161.229300000001,0.067,1,advisor-review,PIA_OPCIONES
AGUASCALIENTES,A00774A,2020-02-10,0.4418520555555555,1.003552822222222,0.0,0.0,0.0,0.0,0.0,0.0,0.0,0.0,0.0,0.0,0.0,0.0,0.0,0.0,1.0,0,0.0,0,0,,18000.0,18063.9508,0.0,0.0,0.0,0.0,1,advisor-review,PIA_OPCIONES
AGUASCALIENTES,A00786A,2021-02-09,0.3103896888888889,0.6567057888888889,0.0,0.0,0.0,0.0,0.0,0.0,0.0,0.0,0.0,0.0,0.0,0.0,0.0,0.0,1.0,0,0.0,0,0,,18000.0,11820.7042,2246.41,3932.8858,6179.2958,0.13,1,advisor-review,PIA_OPCIONES
AGUASCALIENTES,A00789A,2022-08-08,0.3146587888888889,0.7617086666666666,0.0,0.0,0.0,0.0,0.0,0.0,0.0,0.0,0.0,0.0,0.0,0.0,0.0,0.0,1.0,0,0.0,0,0,,18000.0,13710.756,1647.94,2641.3040000000005,4289.244000000001,0.091,1,advisor-review,PIA_OPCIONES
AGUASCALIENTES,A00790A,2023-03-07,0.3401036,0.7495148111111111,0.0,0.0,0.0,0.0,0.0,0.0,0.0,0.0,0.0,0.0,0.0,0.0,0.0,0.0,1.0,0,0.0,0,0,,18000.0,13491.2666,2486.42,2022.313399999999,4508.733399999999,0.095,1,advisor-review,PIA_OPCIONES
AGUASCALIENTES,A00796A,2022-05-13,0.3353979944444444,0.7619918833333335,0.0,0.0,0.0,0.0,0.0,0.0,0.0,0.0,0.0,0.0,0.0,0.0,0.0,0.0,1.0,0,0.0,0,0,,18000.0,13715.853900000002,3768.93,515.2160999999983,4284.146099999998,0.09,1,advisor-review,PIA_OPCIONES
AGUASCALIENTES,A00798A,2022-12-27,0.3101487277777777,0.6623895055555555,0.0,0.0,0.0,0.0,0.0,0.0,0.0,0.0,0.0,0.0,0.0,0.0,0.0,0.0,1.0,0,0.0,0,0,,18000.0,11923.0111,3996.38,2080.6089,6076.9889,0.128,1,advisor-review,PIA_OPCIONES
AGUASCALIENTES,A00800A,2020-09-17,0.3171462833333333,0.5928565666666666,0.0,0.0,0.0,0.0,0.0,0.0,0.0,0.0,0.0,0.0,0.0,0.0,0.0,0.0,1.0,0,0.0,0,0,,18000.0,10671.4182,6301.22,1027.3617999999997,7328.5818,0.155,1,restructure-light,PIA_OPCIONES
AGUASCALIENTES,A00819A,2025-07-31,0.2327558016649999,0.4891481279822222,0.0,0.0,0.0,0.0,0.0,0.0,0.0,0.0,0.0,0.0,0.0,0.0,0.0,0.0,1.0,0,0.0,0,0,,18000.0,8804.66630368,7196.42,1998.9136963199999,9195.33369632,0.194,1,restructure-light,PIA_OPCIONES
AGUASCALIENTES,A00865A,2021-04-23,0.3312488833333333,0.7283002777777777,0.0,0.0,0.0,0.0,0.0,0.0,0.0,0.0,0.0,0.0,0.0,0.0,0.0,0.0,1.0,0,0.0,0,0,,18000.0,13109.405,2838.64,2051.9549999999995,4890.594999999999,0.103,1,advisor-review,PIA_OPCIONES
AGUASCALIENTES,A00889A,2024-10-20,0.2985440083333333,0.5614778088888889,0.0,0.0,0.0,0.0,0.0,0.0,0.0,0.0,0.0,0.0,0.0,0.0,0.0,0.0,1.0,0,0.0,0,0,,18000.0,10106.60056,6084.69,1808.7094399999996,7893.399439999999,0.167,1,restructure-light,PIA_OPCIONES
AGUASCALIENTES,A00895A,2023-04-05,0.3545373333333333,0.7580387333333333,0.0,0.0,0.0,0.0,0.0,0.0,0.0,0.0,0.0,0.0,0.0,0.0,0.0,0.0,1.0,0,0.0,0,0,,18000.0,13644.6972,1353.2,3002.1027999999997,4355.3027999999995,0.092,1,advisor-review,PIA_OPCIONES
AGUASCALIENTES,A00896A,2020-10-06,0.2575006,0.2575006,0.0,0.0,0.0,0.0,0.0,0.0,0.0,0.0,0.0,0.0,0.0,0.0,0.0,0.0,1.0,0,0.0,0,0,,18000.0,4635.0108,4884.72,8480.269199999999,13364.9892,0.282,1,restructure-light,PIA_OPCIONES
AGUASCALIENTES,A00897A,2020-04-02,0.3962881166666666,0.8418028833333332,0.0,0.0,0.0,0.0,0.0,0.0,0.0,0.0,0.0,0.0,0.0,0.0,0.0,0.0,1.0,0,0.0,0,0,,18000.0,15152.451899999998,2271.37,576.1781000000019,2847.548100000002,0.06,1,advisor-review,PIA_OPCIONES
EDOMEX - TLANEPANTLA,A0089L,2025-06-06,0.0104218109444444,0.0104218109444444,0.0,0.0,0.0,0.0,0.0,0.0,0.0,0.0,0.0,0.0,0.0,0.0,0.0,0.0,1.0,0,0.0,0,0,,18000.0,187.592597,13859.66,3952.747403000001,17812.407403,0.376,1,restructure-light,PIA_OPCIONES
AGUASCALIENTES,A00926A,2025-02-21,0.3609798172222222,0.89999141,0.0,0.0,0.0,0.0,0.0,0.0,0.0,0.0,0.0,0.0,0.0,0.0,0.0,0.0,1.0,0,0.0,0,0,,18000.0,16199.84538,791.32,1008.8346199999993,1800.1546199999993,0.038,1,advisor-review,PIA_OPCIONES
AGUASCALIENTES,A00943A,2020-10-31,0.4641802388888889,0.6500073222222221,0.0,0.0,0.0,0.0,0.0,0.0,0.0,0.0,0.0,0.0,0.0,0.0,0.0,0.0,1.0,0,0.0,0,0,,18000.0,11700.1318,3896.23,2403.638200000001,6299.868200000001,0.133,1,advisor-review,PIA_OPCIONES
AGUASCALIENTES,A00947A,2023-09-25,0.3434324833333333,0.6857884333333334,0.0,0.0,0.0,0.0,0.0,0.0,0.0,0.0,0.0,0.0,0.0,0.0,0.0,0.0,1.0,0,0.0,0,0,,18000.0,12344.1918,3753.25,1902.5581999999995,5655.8081999999995,0.119,1,advisor-review,PIA_OPCIONES
AGUASCALIENTES,A00977A,2023-07-04,0.4359629055555555,0.8611140555555555,0.0,0.0,0.0,0.0,0.0,0.0,0.0,0.0,0.0,0.0,0.0,0.0,0.0,0.0,1.0,0,0.0,0,0,,18000.0,15500.053,2051.56,448.38700000000017,2499.947,0.053,1,advisor-review,PIA_OPCIONES
AGUASCALIENTES,A00982A,2023-06-11,0.2554687,0.5466587333333333,0.0,0.0,0.0,0.0,0.0,0.0,0.0,0.0,0.0,0.0,0.0,0.0,0.0,0.0,1.0,0,0.0,0,0,,18000.0,9839.8572,5400.91,2759.2327999999998,8160.1428,0.172,1,restructure-light,PIA_OPCIONES
AGUASCALIENTES,A00983A,2023-01-10,0.1861804388888889,0.4501997499999999,0.0,0.0,0.0,0.0,0.0,0.0,0.0,0.0,0.0,0.0,0.0,0.0,0.0,0.0,1.0,0,0.0,0,0,,18000.0,8103.595499999999,5418.71,4477.6945000000005,9896.4045,0.209,1,restructure-light,PIA_OPCIONES
AGUASCALIENTES,A01009A,2020-05-08,0.4554073833333333,0.9286626833333332,0.0,0.0,0.0,0.0,0.0,0.0,0.0,0.0,0.0,0.0,0.0,0.0,0.0,0.0,1.0,0,0.0,0,0,,18000.0,16715.9283,673.51,610.5617000000004,1284.0717000000004,0.027,1,advisor-review,PIA_OPCIONES
AGUASCALIENTES,A01034A,2025-07-29,0.2727416358333333,0.5710697214444445,0.0,0.0,0.0,0.0,0.0,0.0,0.0,0.0,0.0,0.0,0.0,0.0,0.0,0.0,1.0,0,0.0,0,0,,18000.0,10279.254986,4289.1,3431.6450139999997,7720.745014,0.163,1,restructure-light,PIA_OPCIONES
EDOMEX - TLANEPANTLA,A0103J,2025-07-25,0.0091608276666666,0.0091608276666666,0.0,0.0,0.0,0.0,0.0,0.0,0.0,0.0,0.0,0.0,0.0,0.0,0.0,0.0,1.0,0,0.0,0,0,,18000.0,164.89489799999998,12326.89,5508.215102000002,17835.105102,0.377,1,restructure-light,PIA_OPCIONES
AGUASCALIENTES,A01121A,2021-11-08,0.2065603555555555,0.4113830222222222,0.0,0.0,0.0,0.0,0.0,0.0,0.0,0.0,0.0,0.0,0.0,0.0,0.0,0.0,1.0,0,0.0,0,0,,18000.0,7404.8944,8693.22,1901.8855999999996,10595.105599999999,0.224,1,restructure-light,PIA_OPCIONES
AGUASCALIENTES,A01129A,2021-01-24,0.2463769166666666,0.544129811111111,0.0,0.0,0.0,0.0,0.0,0.0,0.0,0.0,0.0,0.0,0.0,0.0,0.0,0.0,1.0,0,0.0,0,0,,18000.0,9794.3366,4696.41,3509.2533999999996,8205.6634,0.173,1,restructure-light,PIA_OPCIONES
AGUASCALIENTES,A01133A,2021-05-11,0.2042237777777777,0.4515993833333333,0.0,0.0,0.0,0.0,0.0,0.0,0.0,0.0,0.0,0.0,0.0,0.0,0.0,0.0,1.0,0,0.0,0,0,,18000.0,8128.7889,4429.25,5441.9611,9871.2111,0.208,1,restructure-light,PIA_OPCIONES
AGUASCALIENTES,A01146A,2020-03-18,0.2058548722222222,0.4485995499999999,0.0,0.0,0.0,0.0,0.0,0.0,0.0,0.0,0.0,0.0,0.0,0.0,0.0,0.0,1.0,0,0.0,0,0,,18000.0,8074.791899999999,4386.92,5538.2881,9925.2081,0.21,1,restructure-light,PIA_OPCIONES
AGUASCALIENTES,A01155A,2023-02-03,0.2879870111111111,0.6147690222222222,0.0,0.0,0.0,0.0,0.0,0.0,0.0,0.0,0.0,0.0,0.0,0.0,0.0,0.0,1.0,0,0.0,0,0,,18000.0,11065.8424,5184.04,1750.1176000000005,6934.1576000000005,0.146,1,advisor-review,PIA_OPCIONES
AGUASCALIENTES,A01156A,2020-03-05,0.23612385,0.5055373666666667,0.0,0.0,0.0,0.0,0.0,0.0,0.0,0.0,0.0,0.0,0.0,0.0,0.0,0.0,1.0,0,0.0,0,0,,18000.0,9099.6726,7030.74,1869.5874000000003,8900.3274,0.188,1,restructure-light,PIA_OPCIONES
AGUASCALIENTES,A01159A,2023-01-31,0.3406402999999999,0.7017566111111111,0.0,0.0,0.0,0.0,0.0,0.0,0.0,0.0,0.0,0.0,0.0,0.0,0.0,0.0,1.0,0,0.0,0,0,,18000.0,12631.619,1949.62,3418.7609999999995,5368.380999999999,0.113,1,advisor-review,PIA_OPCIONES
AGUASCALIENTES,A01164A,2022-08-22,0.16881865,0.3753193888888889,0.0,0.0,0.0,0.0,0.0,0.0,0.0,0.0,0.0,0.0,0.0,0.0,0.0,0.0,1.0,0,0.0,0,0,,18000.0,6755.749,3822.32,7421.9310000000005,11244.251,0.237,1,restructure-light,PIA_OPCIONES
AGUASCALIENTES,A01202A,2019-01-28,0.2054877833333333,0.2054877833333333,0.0,0.0,0.0,0.0,0.0,0.0,0.0,0.0,0.0,0.0,0.0,0.0,0.0,0.0,1.0,0,0.0,0,0,,18000.0,3698.7801,9391.04,4910.179899999999,14301.2199,0.302,1,restructure-light,PIA_OPCIONES
AGUASCALIENTES,A01216A,2021-03-07,0.2057892888888888,0.4588265611111111,0.0,0.0,0.0,0.0,0.0,0.0,0.0,0.0,0.0,0.0,0.0,0.0,0.0,0.0,1.0,0,0.0,0,0,,18000.0,8258.8781,3776.67,5964.4519,9741.1219,0.206,1,restructure-light,PIA_OPCIONES
AGUASCALIENTES,A01247A,2019-09-07,0.4134129277777777,0.917719977777778,0.0,0.0,0.0,0.0,0.0,0.0,0.0,0.0,0.0,0.0,0.0,0.0,0.0,0.0,1.0,0,0.0,0,0,,18000.0,16518.959600000002,1177.13,303.91039999999794,1481.040399999998,0.031,1,advisor-review,PIA_OPCIONES
AGUASCALIENTES,A01249A,2021-02-11,0.4350475777777778,0.4350475777777778,0.0,0.0,0.0,0.0,0.0,0.0,0.0,0.0,0.0,0.0,0.0,0.0,0.0,0.0,1.0,0,0.0,0,0,,18000.0,7830.856400000001,4944.25,5224.893599999999,10169.1436,0.215,1,restructure-light,PIA_OPCIONES
AGUASCALIENTES,A01259A,2024-07-18,0.1823231533333333,0.4035960166666667,0.0,0.0,0.0,0.0,0.0,0.0,0.0,0.0,0.0,0.0,0.0,0.0,0.0,0.0,1.0,0,0.0,0,0,,18000.0,7264.728300000001,4147.28,6587.9917,10735.2717,0.227,1,restructure-light,PIA_OPCIONES
AGUASCALIENTES,A01278A,2020-01-18,0.2852111111111111,0.5741607611111111,0.0,0.0,0.0,0.0,0.0,0.0,0.0,0.0,0.0,0.0,0.0,0.0,0.0,0.0,1.0,0,0.0,0,0,,18000.0,10334.8937,6535.13,1129.9762999999994,7665.1062999999995,0.162,1,restructure-light,PIA_OPCIONES
AGUASCALIENTES,A01327A,2020-04-08,0.4679939999999999,0.9453923666666668,0.0,0.0,0.0,0.0,0.0,0.0,0.0,0.0,0.0,0.0,0.0,0.0,0.0,0.0,1.0,0,0.0,0,0,,18000.0,17017.0626,392.51,590.4273999999989,982.9373999999989,0.021,1,advisor-review,PIA_OPCIONES
AGUASCALIENTES,A01332A,2023-03-22,0.3724726222222222,0.7505169555555556,0.0,0.0,0.0,0.0,0.0,0.0,0.0,0.0,0.0,0.0,0.0,0.0,0.0,0.0,1.0,0,0.0,0,0,,18000.0,13509.3052,2114.36,2376.334799999999,4490.694799999999,0.095,1,advisor-review,PIA_OPCIONES
EDOMEX - TLANEPANTLA,A0148G,2025-04-13,0.0988608311111111,0.0988608311111111,0.0,0.0,0.0,0.0,0.0,0.0,0.0,0.0,0.0,0.0,0.0,0.0,0.0,0.0,1.0,0,0.0,0,0,,18000.0,1779.49496,6361.16,9859.34504,16220.50504,0.342,1,restructure-light,PIA_OPCIONES
AGUASCALIENTES,A01703A,2019-10-11,0.2716159333333333,0.5871797388888889,0.0,0.0,0.0,0.0,0.0,0.0,0.0,0.0,0.0,0.0,0.0,0.0,0.0,0.0,1.0,0,0.0,0,0,,18000.0,10569.2353,2744.14,4686.6247,7430.7647,0.157,1,restructure-light,PIA_OPCIONES
AGUASCALIENTES,A01710A,2025-07-11,0.2894405402777777,0.5154071700555556,0.0,0.0,0.0,0.0,0.0,0.0,0.0,0.0,0.0,0.0,0.0,0.0,0.0,0.0,1.0,0,0.0,0,0,,18000.0,9277.329061,2727.48,5995.190939,8722.670939,0.184,1,restructure-light,PIA_OPCIONES
AGUASCALIENTES,A01722A,2022-05-10,0.5144593666666666,1.01115105,0.0,0.0,0.0,0.0,0.0,0.0,0.0,0.0,0.0,0.0,0.0,0.0,0.0,0.0,1.0,0,0.0,0,0,,18000.0,18200.7189,0.0,0.0,0.0,0.0,1,advisor-review,PIA_OPCIONES
AGUASCALIENTES,A01726A,2022-10-19,0.2379154555555555,0.6055771944444444,0.0,0.0,0.0,0.0,0.0,0.0,0.0,0.0,0.0,0.0,0.0,0.0,0.0,0.0,1.0,0,0.0,0,0,,18000.0,10900.3895,2873.82,4225.790500000001,7099.610500000001,0.15,1,advisor-review,PIA_OPCIONES
AGUASCALIENTES,A01738A,2022-02-26,0.3261100833333333,0.6431980833333334,0.0,0.0,0.0,0.0,0.0,0.0,0.0,0.0,0.0,0.0,0.0,0.0,0.0,0.0,1.0,0,0.0,0,0,,18000.0,11577.5655,2132.44,4289.994499999999,6422.434499999999,0.136,1,advisor-review,PIA_OPCIONES
AGUASCALIENTES,A01747A,2022-02-18,0.4467857999999999,0.9264058666666668,0.0,0.0,0.0,0.0,0.0,0.0,0.0,0.0,0.0,0.0,0.0,0.0,0.0,0.0,1.0,0,0.0,0,0,,18000.0,16675.3056,867.26,457.4344000000003,1324.6944000000003,0.028,1,advisor-review,PIA_OPCIONES
AGUASCALIENTES,A01860A,2025-07-31,0.3496737688888889,0.7872123147777778,0.0,0.0,0.0,0.0,0.0,0.0,0.0,0.0,0.0,0.0,0.0,0.0,0.0,0.0,1.0,0,0.0,0,0,,18000.0,14169.821666,2713.41,1116.7683340000003,3830.178334,0.081,1,advisor-review,PIA_OPCIONES
AGUASCALIENTES,A01867A,2023-03-30,0.1885494,0.4020160222222222,0.0,0.0,0.0,0.0,0.0,0.0,0.0,0.0,0.0,0.0,0.0,0.0,0.0,0.0,1.0,0,0.0,0,0,,18000.0,7236.2884,5771.27,4992.441599999998,10763.711599999999,0.227,1,restructure-light,PIA_OPCIONES
AGUASCALIENTES,A01901A,2020-04-13,0.31524615,0.6841773555555556,0.0,0.0,0.0,0.0,0.0,0.0,0.0,0.0,0.0,0.0,0.0,0.0,0.0,0.0,1.0,0,0.0,0,0,,18000.0,12315.1924,2790.07,2894.7376,5684.8076,0.12,1,advisor-review,PIA_OPCIONES
AGUASCALIENTES,A01905A,2025-02-18,0.3826606116666667,0.81974586,0.0,0.0,0.0,0.0,0.0,0.0,0.0,0.0,0.0,0.0,0.0,0.0,0.0,0.0,1.0,0,0.0,0,0,,18000.0,14755.42548,1955.56,1289.0145200000002,3244.57452,0.068,1,advisor-review,PIA_OPCIONES
AGUASCALIENTES,A01906A,2019-12-20,0.4612169611111111,1.0038074222222224,0.0,0.0,0.0,0.0,0.0,0.0,0.0,0.0,0.0,0.0,0.0,0.0,0.0,0.0,1.0,0,0.0,0,0,,18000.0,18068.5336,0.0,0.0,0.0,0.0,1,advisor-review,PIA_OPCIONES
AGUASCALIENTES,A01913A,2025-07-12,0.3162050002222222,0.6188649286111111,0.0,0.0,0.0,0.0,0.0,0.0,0.0,0.0,0.0,0.0,0.0,0.0,0.0,0.0,1.0,0,0.0,0,0,,18000.0,11139.568715,5561.61,1298.821285000001,6860.431285000001,0.145,1,advisor-review,PIA_OPCIONES
AGUASCALIENTES,A01914A,2023-12-31,0.2451192999999999,0.5879951666666667,0.0,0.0,0.0,0.0,0.0,0.0,0.0,0.0,0.0,0.0,0.0,0.0,0.0,0.0,1.0,0,0.0,0,0,,18000.0,10583.913,2418.28,4997.806999999999,7416.0869999999995,0.157,1,restructure-light,PIA_OPCIONES
AGUASCALIENTES,A01929A,2025-07-31,0.2695048467222222,0.555726226611111,0.0,0.0,0.0,0.0,0.0,0.0,0.0,0.0,0.0,0.0,0.0,0.0,0.0,0.0,1.0,0,0.0,0,0,,18000.0,10003.072079,3269.94,4726.987921,7996.927921,0.169,1,restructure-light,PIA_OPCIONES
AGUASCALIENTES,A01931A,2024-06-02,0.3713275416666666,0.7519946216666666,0.0,0.0,0.0,0.0,0.0,0.0,0.0,0.0,0.0,0.0,0.0,0.0,0.0,0.0,1.0,0,0.0,0,0,,18000.0,13535.90319,1973.34,2490.756809999999,4464.096809999999,0.094,1,advisor-review,PIA_OPCIONES
AGUASCALIENTES,A01937A,2023-08-02,0.3254066666666667,0.7075331833333334,0.0,0.0,0.0,0.0,0.0,0.0,0.0,0.0,0.0,0.0,0.0,0.0,0.0,0.0,1.0,0,0.0,0,0,,18000.0,12735.5973,2367.05,2897.3527000000004,5264.402700000001,0.111,1,advisor-review,PIA_OPCIONES
AGUASCALIENTES,A01960A,2024-04-12,0.356707485,0.7974041433333334,0.0,0.0,0.0,0.0,0.0,0.0,0.0,0.0,0.0,0.0,0.0,0.0,0.0,0.0,1.0,0,0.0,0,0,,18000.0,14353.27458,2343.89,1302.8354200000008,3646.7254200000007,0.077,1,advisor-review,PIA_OPCIONES
AGUASCALIENTES,A01973A,2023-04-06,0.3139220222222222,0.707901561111111,0.0,0.0,0.0,0.0,0.0,0.0,0.0,0.0,0.0,0.0,0.0,0.0,0.0,0.0,1.0,0,0.0,0,0,,18000.0,12742.228099999998,2890.5,2367.2719000000016,5257.771900000002,0.111,1,advisor-review,PIA_OPCIONES
AGUASCALIENTES,A02013A,2025-07-31,0.3564287393333333,0.6627898499444445,0.0,0.0,0.0,0.0,0.0,0.0,0.0,0.0,0.0,0.0,0.0,0.0,0.0,0.0,1.0,0,0.0,0,0,,18000.0,11930.217299,2000.31,4069.472701,6069.782701,0.128,1,advisor-review,PIA_OPCIONES
AGUASCALIENTES,A02014A,2021-10-19,0.4191822888888889,0.9073754444444444,0.0,0.0,0.0,0.0,0.0,0.0,0.0,0.0,0.0,0.0,0.0,0.0,0.0,0.0,1.0,0,0.0,0,0,,18000.0,16332.758,873.92,793.3220000000002,1667.2420000000002,0.035,1,advisor-review,PIA_OPCIONES
AGUASCALIENTES,A02015A,2021-08-18,0.33069535,0.6563587055555555,0.0,0.0,0.0,0.0,0.0,0.0,0.0,0.0,0.0,0.0,0.0,0.0,0.0,0.0,1.0,0,0.0,0,0,,18000.0,11814.4567,3799.48,2386.0632999999993,6185.543299999999,0.131,1,advisor-review,PIA_OPCIONES
AGUASCALIENTES,A02018A,2020-10-13,0.3892720833333333,0.5209038166666667,0.0,0.0,0.0,0.0,0.0,0.0,0.0,0.0,0.0,0.0,0.0,0.0,0.0,0.0,1.0,0,0.0,0,0,,18000.0,9376.2687,3113.19,5510.541299999999,8623.7313,0.182,1,restructure-light,PIA_OPCIONES
AGUASCALIENTES,A02033A,2025-03-23,0.2159999816666666,0.470936255,0.0,0.0,0.0,0.0,0.0,0.0,0.0,0.0,0.0,0.0,0.0,0.0,0.0,0.0,1.0,0,0.0,0,0,,18000.0,8476.85259,7619.23,1903.91741,9523.14741,0.201,1,restructure-light,PIA_OPCIONES
AGUASCALIENTES,A02035A,2021-10-15,0.4221054111111111,0.7789825611111111,0.0,0.0,0.0,0.0,0.0,0.0,0.0,0.0,0.0,0.0,0.0,0.0,0.0,0.0,1.0,0,0.0,0,0,,18000.0,14021.6861,1317.53,2660.7838999999994,3978.313899999999,0.084,1,advisor-review,PIA_OPCIONES
AGUASCALIENTES,A02062A,2021-11-10,0.3680145111111111,0.7984850555555555,0.0,0.0,0.0,0.0,0.0,0.0,0.0,0.0,0.0,0.0,0.0,0.0,0.0,0.0,1.0,0,0.0,0,0,,18000.0,14372.731,3100.97,526.2990000000004,3627.2690000000002,0.077,1,advisor-review,PIA_OPCIONES
AGUASCALIENTES,A02076A,2025-07-31,0.3053737909444444,0.7007494382777778,0.0,0.0,0.0,0.0,0.0,0.0,0.0,0.0,0.0,0.0,0.0,0.0,0.0,0.0,1.0,0,0.0,0,0,,18000.0,12613.489889,1936.28,3450.230111,5386.510111,0.114,1,advisor-review,PIA_OPCIONES
AGUASCALIENTES,A02084A,2020-12-03,0.179211611111111,0.179211611111111,0.0,0.0,0.0,0.0,0.0,0.0,0.0,0.0,0.0,0.0,0.0,0.0,0.0,0.0,1.0,0,0.0,0,0,,18000.0,3225.8089999999997,11910.14,2864.0510000000013,14774.191,0.312,1,restructure-light,PIA_OPCIONES
AGUASCALIENTES,A02209A,2022-09-19,0.2625845444444444,0.5983699944444445,0.0,0.0,0.0,0.0,0.0,0.0,0.0,0.0,0.0,0.0,0.0,0.0,0.0,0.0,1.0,0,0.0,0,0,,18000.0,10770.6599,6084.15,1145.1900999999998,7229.340099999999,0.153,1,restructure-light,PIA_OPCIONES
AGUASCALIENTES,A02212A,2025-07-31,0.462507709915,0.9583966971766666,0.0,0.0,0.0,0.0,0.0,0.0,0.0,0.0,0.0,0.0,0.0,0.0,0.0,0.0,1.0,0,0.0,0,0,,18000.0,17251.14054918,664.79,84.06945082000038,748.8594508200003,0.016,1,advisor-review,PIA_OPCIONES
AGUASCALIENTES,A02218A,2023-04-19,0.2632723833333333,0.5851061,0.0,0.0,0.0,0.0,0.0,0.0,0.0,0.0,0.0,0.0,0.0,0.0,0.0,0.0,1.0,0,0.0,0,0,,18000.0,10531.9098,5834.19,1633.900200000001,7468.090200000001,0.158,1,restructure-light,PIA_OPCIONES
AGUASCALIENTES,A02226A,2021-10-22,0.2816970611111111,0.6297501944444445,0.0,0.0,0.0,0.0,0.0,0.0,0.0,0.0,0.0,0.0,0.0,0.0,0.0,0.0,1.0,0,0.0,0,0,,18000.0,11335.5035,5116.24,1548.2564999999995,6664.496499999999,0.141,1,advisor-review,PIA_OPCIONES
AGUASCALIENTES,A02231A,2023-07-01,0.3398114166666666,0.7352967333333332,0.0,0.0,0.0,0.0,0.0,0.0,0.0,0.0,0.0,0.0,0.0,0.0,0.0,0.0,1.0,0,0.0,0,0,,18000.0,13235.3412,3266.13,1498.5287999999991,4764.658799999999,0.101,1,advisor-review,PIA_OPCIONES
AGUASCALIENTES,A02233A,2023-08-15,0.3788907999999999,0.8446566166666667,0.0,0.0,0.0,0.0,0.0,0.0,0.0,0.0,0.0,0.0,0.0,0.0,0.0,0.0,1.0,0,0.0,0,0,,18000.0,15203.8191,2145.78,650.4008999999992,2796.1808999999994,0.059,1,advisor-review,PIA_OPCIONES
AGUASCALIENTES,A02255A,2023-04-01,0.3357257499999999,0.6638591111111111,0.0,0.0,0.0,0.0,0.0,0.0,0.0,0.0,0.0,0.0,0.0,0.0,0.0,0.0,1.0,0,0.0,0,0,,18000.0,11949.464,2303.63,3746.906,6050.536,0.128,1,advisor-review,PIA_OPCIONES
AGUASCALIENTES,A02262A,2023-05-28,0.1521337333333333,0.3989143722222222,0.0,0.0,0.0,0.0,0.0,0.0,0.0,0.0,0.0,0.0,0.0,0.0,0.0,0.0,1.0,0,0.0,0,0,,18000.0,7180.4587,6725.87,4093.671300000001,10819.5413,0.228,1,restructure-light,PIA_OPCIONES
AGUASCALIENTES,A02294A,2025-07-31,0.3369358214444444,0.6836712660555555,0.0,0.0,0.0,0.0,0.0,0.0,0.0,0.0,0.0,0.0,0.0,0.0,0.0,0.0,1.0,0,0.0,0,0,,18000.0,12306.082789,3464.94,2228.977211,5693.917211,0.12,1,advisor-review,PIA_OPCIONES
AGUASCALIENTES,A02303A,2025-07-29,0.1928841915,0.4232504943333333,0.0,0.0,0.0,0.0,0.0,0.0,0.0,0.0,0.0,0.0,0.0,0.0,0.0,0.0,1.0,0,0.0,0,0,,18000.0,7618.508898,8456.17,1925.3211019999999,10381.491102,0.219,1,restructure-light,PIA_OPCIONES
AGUASCALIENTES,A02321A,2020-10-21,0.3187948888888888,0.5221266888888889,0.0,0.0,0.0,0.0,0.0,0.0,0.0,0.0,0.0,0.0,0.0,0.0,0.0,0.0,1.0,0,0.0,0,0,,18000.0,9398.2804,4969.04,3632.6796000000004,8601.7196,0.182,1,restructure-light,PIA_OPCIONES
AGUASCALIENTES,A02325A,2024-03-04,0.3726885,0.7858632166666666,0.0,0.0,0.0,0.0,0.0,0.0,0.0,0.0,0.0,0.0,0.0,0.0,0.0,0.0,1.0,0,0.0,0,0,,18000.0,14145.5379,2046.93,1807.5321000000006,3854.4621000000006,0.081,1,advisor-review,PIA_OPCIONES
AGUASCALIENTES,A02336A,2023-09-25,0.2787426166666666,0.64135085,0.0,0.0,0.0,0.0,0.0,0.0,0.0,0.0,0.0,0.0,0.0,0.0,0.0,0.0,1.0,0,0.0,0,0,,18000.0,11544.3153,4414.0,2041.6846999999998,6455.6847,0.136,1,advisor-review,PIA_OPCIONES
AGUASCALIENTES,A02350A,2024-03-05,0.4232978,0.94423595,0.0,0.0,0.0,0.0,0.0,0.0,0.0,0.0,0.0,0.0,0.0,0.0,0.0,0.0,1.0,0,0.0,0,0,,18000.0,16996.2471,461.6,542.1528999999995,1003.7528999999995,0.021,1,advisor-review,PIA_OPCIONES
AGUASCALIENTES,A02361A,2025-05-15,0.2344340331666666,0.555402403111111,0.0,0.0,0.0,0.0,0.0,0.0,0.0,0.0,0.0,0.0,0.0,0.0,0.0,0.0,1.0,0,0.0,0,0,,18000.0,9997.243255999998,3071.95,4930.806744000002,8002.756744000002,0.169,1,restructure-light,PIA_OPCIONES
AGUASCALIENTES,A02362A,2025-07-30,0.3125590245555555,0.7171371985555555,0.0,0.0,0.0,0.0,0.0,0.0,0.0,0.0,0.0,0.0,0.0,0.0,0.0,0.0,1.0,0,0.0,0,0,,18000.0,12908.469574,2987.34,2104.190425999999,5091.530425999999,0.107,1,advisor-review,PIA_OPCIONES
EDOMEX - TLANEPANTLA,A0240L,2025-02-15,0.1166408683333333,0.1166408683333333,0.0,0.0,0.0,0.0,0.0,0.0,0.0,0.0,0.0,0.0,0.0,0.0,0.0,0.0,1.0,0,0.0,0,0,,18000.0,2099.53563,8747.38,7153.0843700000005,15900.46437,0.336,1,restructure-light,PIA_OPCIONES
AGUASCALIENTES,A02414A,2025-07-31,0.3501551942777777,0.7335830168333333,0.0,0.0,0.0,0.0,0.0,0.0,0.0,0.0,0.0,0.0,0.0,0.0,0.0,0.0,1.0,0,0.0,0,0,,18000.0,13204.494303,2107.83,2687.6756970000006,4795.5056970000005,0.101,1,advisor-review,PIA_OPCIONES
AGUASCALIENTES,A02415A,2025-07-31,0.3337290431572222,0.7800163032233334,0.0,0.0,0.0,0.0,0.0,0.0,0.0,0.0,0.0,0.0,0.0,0.0,0.0,0.0,1.0,0,0.0,0,0,,18000.0,14040.29345802,2061.06,1898.6465419800002,3959.70654198,0.084,1,advisor-review,PIA_OPCIONES
AGUASCALIENTES,A02425A,2025-07-31,0.3994412216605555,0.8139621433377777,0.0,0.0,0.0,0.0,0.0,0.0,0.0,0.0,0.0,0.0,0.0,0.0,0.0,0.0,1.0,0,0.0,0,0,,18000.0,14651.318580079998,1740.76,1607.9214199200017,3348.6814199200016,0.071,1,advisor-review,PIA_OPCIONES
AGUASCALIENTES,A02446A,2023-10-11,0.2016420333333333,0.5606414333333333,0.0,0.0,0.0,0.0,0.0,0.0,0.0,0.0,0.0,0.0,0.0,0.0,0.0,0.0,1.0,0,0.0,0,0,,18000.0,10091.5458,3926.53,3981.9242,7908.4542,0.167,1,restructure-light,PIA_OPCIONES
AGUASCALIENTES,A02457A,2024-03-05,0.4517831166666666,0.9368837166666666,0.0,0.0,0.0,0.0,0.0,0.0,0.0,0.0,0.0,0.0,0.0,0.0,0.0,0.0,1.0,0,0.0,0,0,,18000.0,16863.906899999998,599.49,536.6031000000019,1136.0931000000019,0.024,1,advisor-review,PIA_OPCIONES
AGUASCALIENTES,A02465A,2025-07-31,0.2829497226111112,0.5665083312777778,0.0,0.0,0.0,0.0,0.0,0.0,0.0,0.0,0.0,0.0,0.0,0.0,0.0,0.0,1.0,0,0.0,0,0,,18000.0,10197.149963,5551.31,2251.5400369999998,7802.850037,0.165,1,restructure-light,PIA_OPCIONES
AGUASCALIENTES,A02468A,2024-03-05,0.3785788499999999,0.8241229666666667,0.0,0.0,0.0,0.0,0.0,0.0,0.0,0.0,0.0,0.0,0.0,0.0,0.0,0.0,1.0,0,0.0,0,0,,18000.0,14834.2134,1513.64,1652.1465999999994,3165.7865999999995,0.067,1,advisor-review,PIA_OPCIONES
EDOMEX - TLANEPANTLA,A0278C,2023-09-13,0.0073593661111111,0.0073593661111111,0.0,0.0,0.0,0.0,0.0,0.0,0.0,0.0,0.0,0.0,0.0,0.0,0.0,0.0,1.0,0,0.0,0,0,,18000.0,132.46859,15532.51,2335.0214099999994,17867.53141,0.377,1,restructure-light,PIA_OPCIONES
EDOMEX - TLANEPANTLA,A0282D,2025-05-16,0.1469842295,0.3111668595,0.0,0.0,0.0,0.0,0.0,0.0,0.0,0.0,0.0,0.0,0.0,0.0,0.0,0.0,1.0,0,0.0,0,0,,18000.0,5601.003471,10536.78,1862.2165289999994,12398.996529,0.262,1,restructure-light,PIA_OPCIONES
AGUASCALIENTES,A02902A,2025-07-31,0.3560536418449999,0.7880779808199999,0.0,0.0,0.0,0.0,0.0,0.0,0.0,0.0,0.0,0.0,0.0,0.0,0.0,0.0,1.0,0,0.0,0,0,,18000.0,14185.40365476,2245.07,1569.526345239999,3814.596345239999,0.081,1,advisor-review,PIA_OPCIONES
AGUASCALIENTES,A02925A,2025-07-31,0.3180561828888888,0.6842078576666667,0.0,0.0,0.0,0.0,0.0,0.0,0.0,0.0,0.0,0.0,0.0,0.0,0.0,0.0,1.0,0,0.0,0,0,,18000.0,12315.741438,2825.17,2859.088562000001,5684.258562000001,0.12,1,advisor-review,PIA_OPCIONES
AGUASCALIENTES,A02939A,2025-07-31,0.3487456134527777,0.7639173695855556,0.0,0.0,0.0,0.0,0.0,0.0,0.0,0.0,0.0,0.0,0.0,0.0,0.0,0.0,1.0,0,0.0,0,0,,18000.0,13750.51265254,2640.04,1609.4473474600009,4249.487347460001,0.09,1,advisor-review,PIA_OPCIONES
EDOMEX - ECATEPEC,A0316B,2024-10-29,0.0349657805555555,0.0349657805555555,0.0,0.0,0.0,0.0,0.0,0.0,0.0,0.0,0.0,0.0,0.0,0.0,0.0,0.0,1.0,0,0.0,0,0,,18000.0,629.38405,14055.2,3315.4159499999987,17370.61595,0.367,1,restructure-light,PIA_OPCIONES
EDOMEX - TLANEPANTLA,A0339H,2025-03-26,0.007872555,0.007872555,0.0,0.0,0.0,0.0,0.0,0.0,0.0,0.0,0.0,0.0,0.0,0.0,0.0,0.0,1.0,0,0.0,0,0,,18000.0,141.70599,12349.95,5508.344010000001,17858.29401,0.377,1,restructure-light,PIA_OPCIONES
EDOMEX - ECATEPEC,A0348J,2025-04-20,0.02548522,0.02548522,0.0,0.0,0.0,0.0,0.0,0.0,0.0,0.0,0.0,0.0,0.0,0.0,0.0,0.0,1.0,0,0.0,0,0,,18000.0,458.73396,13728.41,3812.8560399999988,17541.26604,0.37,1,restructure-light,PIA_OPCIONES
EDOMEX - TLANEPANTLA,A0363B,2023-12-01,0.0425060194444444,0.0425060194444444,0.0,0.0,0.0,0.0,0.0,0.0,0.0,0.0,0.0,0.0,0.0,0.0,0.0,0.0,1.0,0,0.0,0,0,,18000.0,765.10835,10679.31,6555.581650000002,17234.89165,0.364,1,restructure-light,PIA_OPCIONES
EDOMEX - TLANEPANTLA,A036JLC,2024-04-21,0.0514783877777777,0.0514783877777777,0.0,0.0,0.0,0.0,0.0,0.0,0.0,0.0,0.0,0.0,0.0,0.0,0.0,0.0,1.0,0,0.0,0,0,,18000.0,926.61098,11605.65,5467.739019999999,17073.38902,0.36,1,restructure-light,PIA_OPCIONES
EDOMEX - ECATEPEC,A03782E,2025-07-26,0.4299307853333333,0.8938704565,0.0,0.0,0.0,0.0,0.0,0.0,0.0,0.0,0.0,0.0,0.0,0.0,0.0,0.0,1.0,0,0.0,0,0,,18000.0,16089.668217,903.38,1006.9517829999996,1910.3317829999996,0.04,1,advisor-review,PIA_OPCIONES
EDOMEX - ECATEPEC,A03782R,2025-03-27,0.4087004983333333,0.9312641583333334,0.0,0.0,0.0,0.0,0.0,0.0,0.0,0.0,0.0,0.0,0.0,0.0,0.0,0.0,1.0,0,0.0,0,0,,18000.0,16762.75485,916.72,320.5251499999988,1237.2451499999988,0.026,1,advisor-review,PIA_OPCIONES
EDOMEX - ECATEPEC,A03787E,2025-05-05,0.1987980083333333,0.4974048133333332,0.0,0.0,0.0,0.0,0.0,0.0,0.0,0.0,0.0,0.0,0.0,0.0,0.0,0.0,1.0,0,0.0,0,0,,18000.0,8953.286639999998,3812.67,5234.0433600000015,9046.713360000002,0.191,1,restructure-light,PIA_OPCIONES
EDOMEX - TLANEPANTLA,A037JLC,2025-05-20,0.157144226,0.3600829565555555,0.0,0.0,0.0,0.0,0.0,0.0,0.0,0.0,0.0,0.0,0.0,0.0,0.0,0.0,1.0,0,0.0,0,0,,18000.0,6481.493218,8257.37,3261.1367819999996,11518.506782,0.243,1,restructure-light,PIA_OPCIONES
AGUASCALIENTES,A03851A,2025-05-06,0.2981281971111111,0.6784251604444445,0.0,0.0,0.0,0.0,0.0,0.0,0.0,0.0,0.0,0.0,0.0,0.0,0.0,0.0,1.0,0,0.0,0,0,,18000.0,12211.652888,4725.79,1062.5571119999995,5788.3471119999995,0.122,1,advisor-review,PIA_OPCIONES
AGUASCALIENTES,A03864A,2023-08-16,0.2744912,0.5618302722222223,0.0,0.0,0.0,0.0,0.0,0.0,0.0,0.0,0.0,0.0,0.0,0.0,0.0,0.0,1.0,0,0.0,0,0,,18000.0,10112.9449,2991.26,4895.795099999999,7887.0551,0.167,1,restructure-light,PIA_OPCIONES
AGUASCALIENTES,A03898A,2025-07-31,0.1712624246666666,0.3776194088333333,0.0,0.0,0.0,0.0,0.0,0.0,0.0,0.0,0.0,0.0,0.0,0.0,0.0,0.0,1.0,0,0.0,0,0,,18000.0,6797.149359,7490.54,3712.310641000001,11202.850641,0.237,1,restructure-light,PIA_OPCIONES
EDOMEX - ECATEPEC,A0393A,2025-06-12,0.0916119463888888,0.0916119463888888,0.0,0.0,0.0,0.0,0.0,0.0,0.0,0.0,0.0,0.0,0.0,0.0,0.0,0.0,1.0,0,0.0,0,0,,18000.0,1649.015035,5838.24,10512.744965,16350.984965,0.345,1,restructure-light,PIA_OPCIONES
AGUASCALIENTES,A03951A,2025-07-30,0.4047219536933334,0.86954091626,0.0,0.0,0.0,0.0,0.0,0.0,0.0,0.0,0.0,0.0,0.0,0.0,0.0,0.0,1.0,0,0.0,0,0,,18000.0,15651.73649268,1726.98,621.2835073199999,2348.26350732,0.05,1,advisor-review,PIA_OPCIONES
AGUASCALIENTES,A03952A,2025-07-31,0.3848642994966667,0.8038210724,0.0,0.0,0.0,0.0,0.0,0.0,0.0,0.0,0.0,0.0,0.0,0.0,0.0,0.0,1.0,0,0.0,0,0,,18000.0,14468.7793032,1238.38,2292.840696799999,3531.220696799999,0.075,1,advisor-review,PIA_OPCIONES
AGUASCALIENTES,A03956A,2025-07-29,0.2282169889999999,0.5055017745555556,0.0,0.0,0.0,0.0,0.0,0.0,0.0,0.0,0.0,0.0,0.0,0.0,0.0,0.0,1.0,0,0.0,0,0,,18000.0,9099.031942,7668.75,1232.2180580000004,8900.968058,0.188,1,restructure-light,PIA_OPCIONES
AGUASCALIENTES,A03961A,2025-07-31,0.3261848033888889,0.7444435887777777,0.0,0.0,0.0,0.0,0.0,0.0,0.0,0.0,0.0,0.0,0.0,0.0,0.0,0.0,1.0,0,0.0,0,0,,18000.0,13399.984598,1759.25,2840.765402000001,4600.015402000001,0.097,1,advisor-review,PIA_OPCIONES
AGUASCALIENTES,A03962A,2025-07-31,0.3141686325555555,0.687076946111111,0.0,0.0,0.0,0.0,0.0,0.0,0.0,0.0,0.0,0.0,0.0,0.0,0.0,0.0,1.0,0,0.0,0,0,,18000.0,12367.38503,4930.39,702.2249700000002,5632.6149700000005,0.119,1,advisor-review,PIA_OPCIONES
AGUASCALIENTES,A03966A,2025-07-31,0.3489423715555555,0.7060885498333334,0.0,0.0,0.0,0.0,0.0,0.0,0.0,0.0,0.0,0.0,0.0,0.0,0.0,0.0,1.0,0,0.0,0,0,,18000.0,12709.593897,4129.32,1161.0861029999996,5290.406102999999,0.112,1,advisor-review,PIA_OPCIONES
AGUASCALIENTES,A03970A,2025-07-31,0.2872857162027777,0.6438294986677777,0.0,0.0,0.0,0.0,0.0,0.0,0.0,0.0,0.0,0.0,0.0,0.0,0.0,0.0,1.0,0,0.0,0,0,,18000.0,11588.93097602,4207.0,2204.0690239800006,6411.069023980001,0.135,1,advisor-review,PIA_OPCIONES
AGUASCALIENTES,A03972A,2025-07-31,0.2571808983461111,0.5888334376883333,0.0,0.0,0.0,0.0,0.0,0.0,0.0,0.0,0.0,0.0,0.0,0.0,0.0,0.0,1.0,0,0.0,0,0,,18000.0,10599.00187839,5695.62,1705.3781216100006,7400.99812161,0.156,1,restructure-light,PIA_OPCIONES
AGUASCALIENTES,A03974A,2025-07-31,0.3355585010555555,0.7511175338333334,0.0,0.0,0.0,0.0,0.0,0.0,0.0,0.0,0.0,0.0,0.0,0.0,0.0,0.0,1.0,0,0.0,0,0,,18000.0,13520.115609,3481.18,998.7043909999998,4479.884391,0.095,1,advisor-review,PIA_OPCIONES
AGUASCALIENTES,A03975A,2025-05-19,0.2701072818888888,0.6345567561666666,0.0,0.0,0.0,0.0,0.0,0.0,0.0,0.0,0.0,0.0,0.0,0.0,0.0,0.0,1.0,0,0.0,0,0,,18000.0,11422.021611,5707.16,870.818389,6577.978389,0.139,1,advisor-review,PIA_OPCIONES
AGUASCALIENTES,A03977A,2025-07-31,0.533045661936111,1.1097303086933332,0.0,0.0,0.0,0.0,0.0,0.0,0.0,0.0,0.0,0.0,0.0,0.0,0.0,0.0,1.0,0,0.0,0,0,,18000.0,19975.14555648,0.0,0.0,0.0,0.0,1,advisor-review,PIA_OPCIONES
AGUASCALIENTES,A03978A,2025-07-31,0.4562854354133334,0.99199914936,0.0,0.0,0.0,0.0,0.0,0.0,0.0,0.0,0.0,0.0,0.0,0.0,0.0,0.0,1.0,0,0.0,0,0,,18000.0,17855.98468848,94.19,49.82531152000098,144.01531152000098,0.003,1,advisor-review,PIA_OPCIONES
AGUASCALIENTES,A03981A,2025-07-31,0.5104284296305555,1.0668672792405556,0.0,0.0,0.0,0.0,0.0,0.0,0.0,0.0,0.0,0.0,0.0,0.0,0.0,0.0,1.0,0,0.0,0,0,,18000.0,19203.61102633,0.0,0.0,0.0,0.0,1,advisor-review,PIA_OPCIONES
AGUASCALIENTES,A03982A,2025-07-31,0.4939873474233333,1.1613949972844444,0.0,0.0,0.0,0.0,0.0,0.0,0.0,0.0,0.0,0.0,0.0,0.0,0.0,0.0,1.0,0,0.0,0,0,,18000.0,20905.10995112,0.0,0.0,0.0,0.0,1,advisor-review,PIA_OPCIONES
AGUASCALIENTES,A03983A,2025-07-31,0.5736860382333334,1.1864991385255557,0.0,0.0,0.0,0.0,0.0,0.0,0.0,0.0,0.0,0.0,0.0,0.0,0.0,0.0,1.0,0,0.0,0,0,,18000.0,21356.98449346,0.0,0.0,0.0,0.0,1,advisor-review,PIA_OPCIONES
AGUASCALIENTES,A03985A,2025-07-31,0.4159807812144444,0.8593728048155554,0.0,0.0,0.0,0.0,0.0,0.0,0.0,0.0,0.0,0.0,0.0,0.0,0.0,0.0,1.0,0,0.0,0,0,,18000.0,15468.710486679998,1617.42,913.8695133200017,2531.289513320002,0.053,1,advisor-review,PIA_OPCIONES
AGUASCALIENTES,A03986A,2025-07-31,0.4525664693766666,0.9486936673977776,0.0,0.0,0.0,0.0,0.0,0.0,0.0,0.0,0.0,0.0,0.0,0.0,0.0,0.0,1.0,0,0.0,0,0,,18000.0,17076.48601316,594.24,329.27398684000013,923.5139868400001,0.019,1,advisor-review,PIA_OPCIONES
AGUASCALIENTES,A03987A,2025-07-31,0.2504289009444444,0.5614345403333333,0.0,0.0,0.0,0.0,0.0,0.0,0.0,0.0,0.0,0.0,0.0,0.0,0.0,0.0,1.0,0,0.0,0,0,,18000.0,10105.821726,4575.4,3318.7782740000002,7894.178274,0.167,1,restructure-light,PIA_OPCIONES
AGUASCALIENTES,A03988A,2025-07-31,0.4500015955044444,0.9130649989438888,0.0,0.0,0.0,0.0,0.0,0.0,0.0,0.0,0.0,0.0,0.0,0.0,0.0,0.0,1.0,0,0.0,0,0,,18000.0,16435.16998099,960.15,604.6800190100017,1564.8300190100017,0.033,1,advisor-review,PIA_OPCIONES
AGUASCALIENTES,A03989A,2025-07-31,0.3158717575194444,0.6681477510433333,0.0,0.0,0.0,0.0,0.0,0.0,0.0,0.0,0.0,0.0,0.0,0.0,0.0,0.0,1.0,0,0.0,0,0,,18000.0,12026.65951878,4529.91,1443.4304812200007,5973.340481220001,0.126,1,advisor-review,PIA_OPCIONES
AGUASCALIENTES,A03990A,2025-07-31,0.2423161296111111,0.5114647871666667,0.0,0.0,0.0,0.0,0.0,0.0,0.0,0.0,0.0,0.0,0.0,0.0,0.0,0.0,1.0,0,0.0,0,0,,18000.0,9206.366169,6855.05,1938.583830999999,8793.633831,0.186,1,restructure-light,PIA_OPCIONES
AGUASCALIENTES,A03991A,2025-07-31,0.2807655962222222,0.6302769806666666,0.0,0.0,0.0,0.0,0.0,0.0,0.0,0.0,0.0,0.0,0.0,0.0,0.0,0.0,1.0,0,0.0,0,0,,18000.0,11344.985652,3961.68,2693.334348000001,6655.014348000001,0.14,1,advisor-review,PIA_OPCIONES
AGUASCALIENTES,A03992A,2025-07-30,0.2912941698333333,0.6045413262777778,0.0,0.0,0.0,0.0,0.0,0.0,0.0,0.0,0.0,0.0,0.0,0.0,0.0,0.0,1.0,0,0.0,0,0,,18000.0,10881.743873,4696.31,2421.946127,7118.256127000001,0.15,1,advisor-review,PIA_OPCIONES
AGUASCALIENTES,A03993A,2025-07-31,0.277965717956111,0.5901461573533333,0.0,0.0,0.0,0.0,0.0,0.0,0.0,0.0,0.0,0.0,0.0,0.0,0.0,0.0,1.0,0,0.0,0,0,,18000.0,10622.63083236,6335.25,1042.1191676399994,7377.369167639999,0.156,1,restructure-light,PIA_OPCIONES
AGUASCALIENTES,A04123A,2025-07-23,0.161533372,0.3732909179999999,0.0,0.0,0.0,0.0,0.0,0.0,0.0,0.0,0.0,0.0,0.0,0.0,0.0,0.0,1.0,0,0.0,0,0,,18000.0,6719.236523999999,4194.64,7086.123476,11280.763476,0.238,1,restructure-light,PIA_OPCIONES
AGUASCALIENTES,A04126A,2025-07-19,0.2368397698333333,0.4718264915,0.0,0.0,0.0,0.0,0.0,0.0,0.0,0.0,0.0,0.0,0.0,0.0,0.0,0.0,1.0,0,0.0,0,0,,18000.0,8492.876847,3520.13,5986.993153,9507.123153,0.201,1,restructure-light,PIA_OPCIONES
AGUASCALIENTES,A04128A,2025-07-31,0.2454511029416667,0.5461986413516667,0.0,0.0,0.0,0.0,0.0,0.0,0.0,0.0,0.0,0.0,0.0,0.0,0.0,0.0,1.0,0,0.0,0,0,,18000.0,9831.57554433,2880.39,5288.03445567,8168.42445567,0.172,1,restructure-light,PIA_OPCIONES
AGUASCALIENTES,A04151A,2025-07-30,0.3094835632777777,0.6282321601111112,0.0,0.0,0.0,0.0,0.0,0.0,0.0,0.0,0.0,0.0,0.0,0.0,0.0,0.0,1.0,0,0.0,0,0,,18000.0,11308.178882,4648.93,2042.8911179999996,6691.821118,0.141,1,advisor-review,PIA_OPCIONES
AGUASCALIENTES,A04205A,2025-07-31,0.3343019123888889,0.6728420587777778,0.0,0.0,0.0,0.0,0.0,0.0,0.0,0.0,0.0,0.0,0.0,0.0,0.0,0.0,1.0,0,0.0,0,0,,18000.0,12111.157058,3245.72,2643.1229419999995,5888.842941999999,0.124,1,advisor-review,PIA_OPCIONES
AGUASCALIENTES,A04206A,2025-06-16,0.3243084845,0.7342412299444444,0.0,0.0,0.0,0.0,0.0,0.0,0.0,0.0,0.0,0.0,0.0,0.0,0.0,0.0,1.0,0,0.0,0,0,,18000.0,13216.342138999998,3657.55,1126.1078610000013,4783.6578610000015,0.101,1,advisor-review,PIA_OPCIONES
AGUASCALIENTES,A04210A,2024-04-07,0.3769707783333333,0.8123979283333332,0.0,0.0,0.0,0.0,0.0,0.0,0.0,0.0,0.0,0.0,0.0,0.0,0.0,0.0,1.0,0,0.0,0,0,,18000.0,14623.16271,2373.03,1003.8072899999993,3376.8372899999995,0.071,1,advisor-review,PIA_OPCIONES
AGUASCALIENTES,A04213A,2025-07-31,0.3937672336783333,0.8231964560183334,0.0,0.0,0.0,0.0,0.0,0.0,0.0,0.0,0.0,0.0,0.0,0.0,0.0,0.0,1.0,0,0.0,0,0,,18000.0,14817.53620833,1591.81,1590.6537916699995,3182.4637916699994,0.067,1,advisor-review,PIA_OPCIONES
AGUASCALIENTES,A04214A,2025-07-30,0.3177254636111111,0.6427162408333332,0.0,0.0,0.0,0.0,0.0,0.0,0.0,0.0,0.0,0.0,0.0,0.0,0.0,0.0,1.0,0,0.0,0,0,,18000.0,11568.892335,5395.83,1035.2776649999996,6431.1076649999995,0.136,1,advisor-review,PIA_OPCIONES
AGUASCALIENTES,A04229A,2025-07-31,0.3376286246666666,0.7243158700555556,0.0,0.0,0.0,0.0,0.0,0.0,0.0,0.0,0.0,0.0,0.0,0.0,0.0,0.0,1.0,0,0.0,0,0,,18000.0,13037.685661,3759.05,1203.2643390000003,4962.3143390000005,0.105,1,advisor-review,PIA_OPCIONES
AGUASCALIENTES,A04230A,2025-07-31,0.3042953907011111,0.7078039003316666,0.0,0.0,0.0,0.0,0.0,0.0,0.0,0.0,0.0,0.0,0.0,0.0,0.0,0.0,1.0,0,0.0,0,0,,18000.0,12740.47020597,2431.59,2827.9397940300005,5259.529794030001,0.111,1,advisor-review,PIA_OPCIONES
AGUASCALIENTES,A04231A,2025-07-31,0.3998378288783333,0.89946241179,0.0,0.0,0.0,0.0,0.0,0.0,0.0,0.0,0.0,0.0,0.0,0.0,0.0,0.0,1.0,0,0.0,0,0,,18000.0,16190.32341222,938.34,871.3365877800007,1809.6765877800008,0.038,1,advisor-review,PIA_OPCIONES
AGUASCALIENTES,A04232A,2024-05-18,0.3042313783333333,0.60605646,0.0,0.0,0.0,0.0,0.0,0.0,0.0,0.0,0.0,0.0,0.0,0.0,0.0,0.0,1.0,0,0.0,0,0,,18000.0,10909.01628,3465.11,3625.87372,7090.98372,0.15,1,advisor-review,PIA_OPCIONES
AGUASCALIENTES,A04233A,2025-07-31,0.2573579861266666,0.6819632917933333,0.0,0.0,0.0,0.0,0.0,0.0,0.0,0.0,0.0,0.0,0.0,0.0,0.0,0.0,1.0,0,0.0,0,0,,18000.0,12275.33925228,2258.76,3465.9007477199993,5724.66074772,0.121,1,advisor-review,PIA_OPCIONES
AGUASCALIENTES,A04243A,2025-07-31,0.2689887756111111,0.5598435064444445,0.0,0.0,0.0,0.0,0.0,0.0,0.0,0.0,0.0,0.0,0.0,0.0,0.0,0.0,1.0,0,0.0,0,0,,18000.0,10077.183116,3079.36,4843.456883999999,7922.816884,0.167,1,restructure-light,PIA_OPCIONES
AGUASCALIENTES,A04247A,2025-07-31,0.3344285375622222,0.7426994336877778,0.0,0.0,0.0,0.0,0.0,0.0,0.0,0.0,0.0,0.0,0.0,0.0,0.0,0.0,1.0,0,0.0,0,0,,18000.0,13368.58980638,3990.78,640.6301936200002,4631.41019362,0.098,1,advisor-review,PIA_OPCIONES
AGUASCALIENTES,A04248A,2025-07-31,0.2662444228888889,0.6178227611111111,0.0,0.0,0.0,0.0,0.0,0.0,0.0,0.0,0.0,0.0,0.0,0.0,0.0,0.0,1.0,0,0.0,0,0,,18000.0,11120.8097,3871.21,3007.9803,6879.1903,0.145,1,advisor-review,PIA_OPCIONES
AGUASCALIENTES,A04249A,2025-07-31,0.2289018359827777,0.5504920838972222,0.0,0.0,0.0,0.0,0.0,0.0,0.0,0.0,0.0,0.0,0.0,0.0,0.0,0.0,1.0,0,0.0,0,0,,18000.0,9908.85751015,4288.24,3802.902489850001,8091.142489850001,0.171,1,restructure-light,PIA_OPCIONES
AGUASCALIENTES,A04250A,2025-07-31,0.2533069069883333,0.5440059019033332,0.0,0.0,0.0,0.0,0.0,0.0,0.0,0.0,0.0,0.0,0.0,0.0,0.0,0.0,1.0,0,0.0,0,0,,18000.0,9792.106234259998,6055.88,2152.013765740002,8207.893765740002,0.173,1,restructure-light,PIA_OPCIONES
AGUASCALIENTES,A04251A,2025-07-30,0.3122773542777777,0.6807437303333334,0.0,0.0,0.0,0.0,0.0,0.0,0.0,0.0,0.0,0.0,0.0,0.0,0.0,0.0,1.0,0,0.0,0,0,,18000.0,12253.387146,3630.69,2115.922854000001,5746.612854000001,0.121,1,advisor-review,PIA_OPCIONES
AGUASCALIENTES,A04254A,2025-07-30,0.1799907553888888,0.3700658072222222,0.0,0.0,0.0,0.0,0.0,0.0,0.0,0.0,0.0,0.0,0.0,0.0,0.0,0.0,1.0,0,0.0,0,0,,18000.0,6661.18453,9770.48,1568.33547,11338.81547,0.239,1,restructure-light,PIA_OPCIONES
AGUASCALIENTES,A04255A,2025-07-26,0.2090766455555555,0.5076674380555556,0.0,0.0,0.0,0.0,0.0,0.0,0.0,0.0,0.0,0.0,0.0,0.0,0.0,0.0,1.0,0,0.0,0,0,,18000.0,9138.013885,6807.61,2054.376115,8861.986115,0.187,1,restructure-light,PIA_OPCIONES
AGUASCALIENTES,A04305A,2025-07-11,0.1751721082222222,0.3690332919999999,0.0,0.0,0.0,0.0,0.0,0.0,0.0,0.0,0.0,0.0,0.0,0.0,0.0,0.0,1.0,0,0.0,0,0,,18000.0,6642.5992559999995,6673.86,4683.540744000001,11357.400744,0.24,1,restructure-light,PIA_OPCIONES
AGUASCALIENTES,A04344A,2025-07-31,0.3657405974444445,0.7610289909444444,0.0,0.0,0.0,0.0,0.0,0.0,0.0,0.0,0.0,0.0,0.0,0.0,0.0,0.0,1.0,0,0.0,0,0,,18000.0,13698.521837,2261.78,2039.6981629999996,4301.478163,0.091,1,advisor-review,PIA_OPCIONES
AGUASCALIENTES,A04351A,2025-07-31,0.3117187962777777,0.7279535040555556,0.0,0.0,0.0,0.0,0.0,0.0,0.0,0.0,0.0,0.0,0.0,0.0,0.0,0.0,1.0,0,0.0,0,0,,18000.0,13103.163073,4367.88,528.9569270000002,4896.836927,0.103,1,advisor-review,PIA_OPCIONES
AGUASCALIENTES,A04353A,2025-07-31,0.2805576387011111,0.6245803064711111,0.0,0.0,0.0,0.0,0.0,0.0,0.0,0.0,0.0,0.0,0.0,0.0,0.0,0.0,1.0,0,0.0,0,0,,18000.0,11242.44551648,4937.45,1820.10448352,6757.55448352,0.143,1,advisor-review,PIA_OPCIONES
AGUASCALIENTES,A04363A,2025-07-31,0.3299410002777778,0.7055991164444444,0.0,0.0,0.0,0.0,0.0,0.0,0.0,0.0,0.0,0.0,0.0,0.0,0.0,0.0,1.0,0,0.0,0,0,,18000.0,12700.784096,4614.12,685.0959040000007,5299.215904000001,0.112,1,advisor-review,PIA_OPCIONES
AGUASCALIENTES,A04427A,2025-07-30,0.3318341693333333,0.7259016208888889,0.0,0.0,0.0,0.0,0.0,0.0,0.0,0.0,0.0,0.0,0.0,0.0,0.0,0.0,1.0,0,0.0,0,0,,18000.0,13066.229176,1830.86,3102.9108239999996,4933.770823999999,0.104,1,advisor-review,PIA_OPCIONES
AGUASCALIENTES,A04428A,2025-07-31,0.3233456893333333,0.6629537915,0.0,0.0,0.0,0.0,0.0,0.0,0.0,0.0,0.0,0.0,0.0,0.0,0.0,0.0,1.0,0,0.0,0,0,,18000.0,11933.168247,4916.08,1150.7517530000005,6066.831753,0.128,1,advisor-review,PIA_OPCIONES
AGUASCALIENTES,A04429A,2025-07-26,0.3422221024444444,0.7561508398888889,0.0,0.0,0.0,0.0,0.0,0.0,0.0,0.0,0.0,0.0,0.0,0.0,0.0,0.0,1.0,0,0.0,0,0,,18000.0,13610.715118,2994.56,1394.724882,4389.284882,0.093,1,advisor-review,PIA_OPCIONES
AGUASCALIENTES,A04440A,2025-07-31,0.2472608471666667,0.4899688682777778,0.0,0.0,0.0,0.0,0.0,0.0,0.0,0.0,0.0,0.0,0.0,0.0,0.0,0.0,1.0,0,0.0,0,0,,18000.0,8819.439629,3425.75,5754.810371,9180.560371,0.194,1,restructure-light,PIA_OPCIONES
AGUASCALIENTES,A04501A,2025-07-31,0.3941079045,0.8502088984999999,0.0,0.0,0.0,0.0,0.0,0.0,0.0,0.0,0.0,0.0,0.0,0.0,0.0,0.0,1.0,0,0.0,0,0,,18000.0,15303.760173,1760.52,935.7198269999994,2696.2398269999994,0.057,1,advisor-review,PIA_OPCIONES
AGUASCALIENTES,A04502A,2025-07-31,0.2408437698333333,0.5411310348888889,0.0,0.0,0.0,0.0,0.0,0.0,0.0,0.0,0.0,0.0,0.0,0.0,0.0,0.0,1.0,0,0.0,0,0,,18000.0,9740.358628,5878.04,2381.601372,8259.641372,0.174,1,restructure-light,PIA_OPCIONES
AGUASCALIENTES,A04504A,2025-07-31,0.3503507785555555,0.6651016038333333,0.0,0.0,0.0,0.0,0.0,0.0,0.0,0.0,0.0,0.0,0.0,0.0,0.0,0.0,1.0,0,0.0,0,0,,18000.0,11971.828869,1852.95,4175.221130999999,6028.171130999999,0.127,1,advisor-review,PIA_OPCIONES
AGUASCALIENTES,A04509A,2025-07-31,0.3871309108333333,0.8087864785000001,0.0,0.0,0.0,0.0,0.0,0.0,0.0,0.0,0.0,0.0,0.0,0.0,0.0,0.0,1.0,0,0.0,0,0,,18000.0,14558.156613,1970.77,1471.0733870000008,3441.843387000001,0.073,1,advisor-review,PIA_OPCIONES
AGUASCALIENTES,A04511A,2025-06-02,0.3805072938333333,0.7577793556666667,0.0,0.0,0.0,0.0,0.0,0.0,0.0,0.0,0.0,0.0,0.0,0.0,0.0,0.0,1.0,0,0.0,0,0,,18000.0,13640.028402,3467.22,892.7515980000003,4359.971598,0.092,1,advisor-review,PIA_OPCIONES
AGUASCALIENTES,A04512A,2025-07-31,0.305841092006111,0.6874597676916666,0.0,0.0,0.0,0.0,0.0,0.0,0.0,0.0,0.0,0.0,0.0,0.0,0.0,0.0,1.0,0,0.0,0,0,,18000.0,12374.275818449998,2684.68,2941.044181550002,5625.724181550002,0.119,1,advisor-review,PIA_OPCIONES
AGUASCALIENTES,A04513A,2024-09-13,0.47393279,0.9619155633333332,0.0,0.0,0.0,0.0,0.0,0.0,0.0,0.0,0.0,0.0,0.0,0.0,0.0,0.0,1.0,0,0.0,0,0,,18000.0,17314.48014,394.26,291.25986000000034,685.5198600000003,0.014,1,advisor-review,PIA_OPCIONES
AGUASCALIENTES,A04516A,2025-07-31,0.3136323746111111,0.6081843545555555,0.0,0.0,0.0,0.0,0.0,0.0,0.0,0.0,0.0,0.0,0.0,0.0,0.0,0.0,1.0,0,0.0,0,0,,18000.0,10947.318382,3987.5,3065.1816180000005,7052.6816180000005,0.149,1,advisor-review,PIA_OPCIONES
AGUASCALIENTES,A04521A,2025-07-31,0.3388638583744444,0.7282981644844444,0.0,0.0,0.0,0.0,0.0,0.0,0.0,0.0,0.0,0.0,0.0,0.0,0.0,0.0,1.0,0,0.0,0,0,,18000.0,13109.36696072,2353.16,2537.4730392799993,4890.633039279999,0.103,1,advisor-review,PIA_OPCIONES
AGUASCALIENTES,A04522A,2024-12-09,0.3584485366666666,0.7660209983333333,0.0,0.0,0.0,0.0,0.0,0.0,0.0,0.0,0.0,0.0,0.0,0.0,0.0,0.0,1.0,0,0.0,0,0,,18000.0,13788.37797,3584.36,627.2620300000003,4211.62203,0.089,1,advisor-review,PIA_OPCIONES
AGUASCALIENTES,A04523A,2025-07-31,0.433001811736111,0.912041247335,0.0,0.0,0.0,0.0,0.0,0.0,0.0,0.0,0.0,0.0,0.0,0.0,0.0,0.0,1.0,0,0.0,0,0,,18000.0,16416.74245203,1217.17,366.0875479699989,1583.257547969999,0.033,1,advisor-review,PIA_OPCIONES
AGUASCALIENTES,A04525A,2025-07-31,0.3275615014094444,0.7301387560727778,0.0,0.0,0.0,0.0,0.0,0.0,0.0,0.0,0.0,0.0,0.0,0.0,0.0,0.0,1.0,0,0.0,0,0,,18000.0,13142.49760931,1779.56,3077.9423906900006,4857.5023906900005,0.103,1,advisor-review,PIA_OPCIONES
AGUASCALIENTES,A04526A,2025-04-14,0.2379487494444444,0.6764791099999999,0.0,0.0,0.0,0.0,0.0,0.0,0.0,0.0,0.0,0.0,0.0,0.0,0.0,0.0,1.0,0,0.0,0,0,,18000.0,12176.623979999998,5230.68,592.6960200000012,5823.3760200000015,0.123,1,advisor-review,PIA_OPCIONES
AGUASCALIENTES,A04527A,2025-07-31,0.255056100905,0.5595273268061111,0.0,0.0,0.0,0.0,0.0,0.0,0.0,0.0,0.0,0.0,0.0,0.0,0.0,0.0,1.0,0,0.0,0,0,,18000.0,10071.49188251,6561.0,1367.5081174900006,7928.508117490001,0.167,1,restructure-light,PIA_OPCIONES
AGUASCALIENTES,A04533A,2025-07-31,0.2929477928044444,0.6092432032588889,0.0,0.0,0.0,0.0,0.0,0.0,0.0,0.0,0.0,0.0,0.0,0.0,0.0,0.0,1.0,0,0.0,0,0,,18000.0,10966.37765866,3308.23,3725.3923413400003,7033.62234134,0.148,1,advisor-review,PIA_OPCIONES
AGUASCALIENTES,A04538A,2025-07-31,0.2607087260555555,0.5531285203888888,0.0,0.0,0.0,0.0,0.0,0.0,0.0,0.0,0.0,0.0,0.0,0.0,0.0,0.0,1.0,0,0.0,0,0,,18000.0,9956.313367,6452.15,1591.5366329999997,8043.686632999999,0.17,1,restructure-light,PIA_OPCIONES
AGUASCALIENTES,A04549A,2025-07-31,0.2564108213333333,0.5554077973888889,0.0,0.0,0.0,0.0,0.0,0.0,0.0,0.0,0.0,0.0,0.0,0.0,0.0,0.0,1.0,0,0.0,0,0,,18000.0,9997.340353,2911.78,5090.879647,8002.659647,0.169,1,restructure-light,PIA_OPCIONES
AGUASCALIENTES,A04552A,2025-07-31,0.2766177970216666,0.5881683578383333,0.0,0.0,0.0,0.0,0.0,0.0,0.0,0.0,0.0,0.0,0.0,0.0,0.0,0.0,1.0,0,0.0,0,0,,18000.0,10587.03044109,6667.69,745.2795589099997,7412.969558909999,0.156,1,restructure-light,PIA_OPCIONES
AGUASCALIENTES,A04554A,2025-07-31,0.3232612798216667,0.7432585435933333,0.0,0.0,0.0,0.0,0.0,0.0,0.0,0.0,0.0,0.0,0.0,0.0,0.0,0.0,1.0,0,0.0,0,0,,18000.0,13378.65378468,3232.22,1389.12621532,4621.34621532,0.098,1,advisor-review,PIA_OPCIONES
AGUASCALIENTES,A04559A,2025-07-31,0.2909690973194444,0.6449498375288889,0.0,0.0,0.0,0.0,0.0,0.0,0.0,0.0,0.0,0.0,0.0,0.0,0.0,0.0,1.0,0,0.0,0,0,,18000.0,11609.09707552,4410.2,1980.7029244800005,6390.90292448,0.135,1,advisor-review,PIA_OPCIONES
AGUASCALIENTES,A04565A,2025-07-31,0.2997318567222222,0.6767628821427777,0.0,0.0,0.0,0.0,0.0,0.0,0.0,0.0,0.0,0.0,0.0,0.0,0.0,0.0,1.0,0,0.0,0,0,,18000.0,12181.73187857,2061.21,3757.058121429999,5818.268121429999,0.123,1,advisor-review,PIA_OPCIONES
AGUASCALIENTES,A04566A,2025-07-31,0.3226825061233332,0.7316498369133334,0.0,0.0,0.0,0.0,0.0,0.0,0.0,0.0,0.0,0.0,0.0,0.0,0.0,0.0,1.0,0,0.0,0,0,,18000.0,13169.69706444,4048.86,781.4429355599991,4830.302935559999,0.102,1,advisor-review,PIA_OPCIONES
AGUASCALIENTES,A04568A,2025-07-31,0.3246085064444445,0.6956557941666667,0.0,0.0,0.0,0.0,0.0,0.0,0.0,0.0,0.0,0.0,0.0,0.0,0.0,0.0,1.0,0,0.0,0,0,,18000.0,12521.804295,1738.78,3739.4157050000003,5478.195705,0.116,1,advisor-review,PIA_OPCIONES
AGUASCALIENTES,A04573A,2025-07-31,0.2911968283249999,0.6744262277072222,0.0,0.0,0.0,0.0,0.0,0.0,0.0,0.0,0.0,0.0,0.0,0.0,0.0,0.0,1.0,0,0.0,0,0,,18000.0,12139.67209873,2604.9,3255.4279012700003,5860.32790127,0.124,1,advisor-review,PIA_OPCIONES
AGUASCALIENTES,A04584A,2025-07-31,0.3924520777299999,0.8328346330399999,0.0,0.0,0.0,0.0,0.0,0.0,0.0,0.0,0.0,0.0,0.0,0.0,0.0,0.0,1.0,0,0.0,0,0,,18000.0,14991.02339472,1160.9,1848.0766052800004,3008.9766052800005,0.064,1,advisor-review,PIA_OPCIONES
AGUASCALIENTES,A04588A,2025-07-08,0.2899051111977777,0.6415117709377778,0.0,0.0,0.0,0.0,0.0,0.0,0.0,0.0,0.0,0.0,0.0,0.0,0.0,0.0,1.0,0,0.0,0,0,,18000.0,11547.21187688,4943.23,1509.5581231200013,6452.788123120001,0.136,1,advisor-review,PIA_OPCIONES
AGUASCALIENTES,A04591A,2025-07-31,0.2599903973333334,0.5977207903333334,0.0,0.0,0.0,0.0,0.0,0.0,0.0,0.0,0.0,0.0,0.0,0.0,0.0,0.0,1.0,0,0.0,0,0,,18000.0,10758.974226,3033.43,4207.595773999999,7241.025774,0.153,1,restructure-light,PIA_OPCIONES
AGUASCALIENTES,A04592A,2025-07-31,0.2973528891666666,0.6605451074444444,0.0,0.0,0.0,0.0,0.0,0.0,0.0,0.0,0.0,0.0,0.0,0.0,0.0,0.0,1.0,0,0.0,0,0,,18000.0,11889.811934,5171.56,938.6280660000002,6110.188066000001,0.129,1,advisor-review,PIA_OPCIONES
AGUASCALIENTES,A04596A,2025-07-31,0.3660634879822222,0.7811705269927777,0.0,0.0,0.0,0.0,0.0,0.0,0.0,0.0,0.0,0.0,0.0,0.0,0.0,0.0,1.0,0,0.0,0,0,,18000.0,14061.06948587,2732.68,1206.2505141299994,3938.930514129999,0.083,1,advisor-review,PIA_OPCIONES
AGUASCALIENTES,A04600A,2025-07-31,0.2191459826111111,0.4837201813888889,0.0,0.0,0.0,0.0,0.0,0.0,0.0,0.0,0.0,0.0,0.0,0.0,0.0,0.0,1.0,0,0.0,0,0,,18000.0,8706.963265,2989.55,6303.4867349999995,9293.036735,0.196,1,restructure-light,PIA_OPCIONES
AGUASCALIENTES,A04610A,2025-07-06,0.2213460137777777,0.4806558979444444,0.0,0.0,0.0,0.0,0.0,0.0,0.0,0.0,0.0,0.0,0.0,0.0,0.0,0.0,1.0,0,0.0,0,0,,18000.0,8651.806163,2834.91,6513.283837000001,9348.193837,0.197,1,restructure-light,PIA_OPCIONES
AGUASCALIENTES,A04626A,2025-07-27,0.3454860297777777,0.7158174356666667,0.0,0.0,0.0,0.0,0.0,0.0,0.0,0.0,0.0,0.0,0.0,0.0,0.0,0.0,1.0,0,0.0,0,0,,18000.0,12884.713842,1693.13,3422.1561580000007,5115.286158000001,0.108,1,advisor-review,PIA_OPCIONES
EDOMEX - TLANEPANTLA,A0465C,2024-03-01,0.1111422577777777,0.1111422577777777,0.0,0.0,0.0,0.0,0.0,0.0,0.0,0.0,0.0,0.0,0.0,0.0,0.0,0.0,1.0,0,0.0,0,0,,18000.0,2000.56064,10616.51,5382.92936,15999.43936,0.338,1,restructure-light,PIA_OPCIONES
AGUASCALIENTES,A04661A,2025-07-31,0.2755826015111111,0.6040676650977778,0.0,0.0,0.0,0.0,0.0,0.0,0.0,0.0,0.0,0.0,0.0,0.0,0.0,0.0,1.0,0,0.0,0,0,,18000.0,10873.21797176,5565.23,1561.5520282400012,7126.782028240001,0.15,1,advisor-review,PIA_OPCIONES
EDOMEX - ECATEPEC,A04664E,2025-07-29,0.4102699296666666,0.9165336551666666,0.0,0.0,0.0,0.0,0.0,0.0,0.0,0.0,0.0,0.0,0.0,0.0,0.0,0.0,1.0,0,0.0,0,0,,18000.0,16497.605793,665.76,836.6342070000012,1502.3942070000012,0.032,1,advisor-review,PIA_OPCIONES
EDOMEX - TLANEPANTLA,A0466L,2025-07-31,0.1451460539999999,0.3477909656666666,0.0,0.0,0.0,0.0,0.0,0.0,0.0,0.0,0.0,0.0,0.0,0.0,0.0,0.0,1.0,0,0.0,0,0,,18000.0,6260.237381999999,9505.04,2234.722618,11739.762618,0.248,1,restructure-light,PIA_OPCIONES
AGUASCALIENTES,A04671A,2025-07-31,0.3641902708888889,0.7955710540555556,0.0,0.0,0.0,0.0,0.0,0.0,0.0,0.0,0.0,0.0,0.0,0.0,0.0,0.0,1.0,0,0.0,0,0,,18000.0,14320.278973,1230.27,2449.4510269999996,3679.7210269999996,0.078,1,advisor-review,PIA_OPCIONES
AGUASCALIENTES,A04673A,2025-07-31,0.3455969531316666,0.7532661458133333,0.0,0.0,0.0,0.0,0.0,0.0,0.0,0.0,0.0,0.0,0.0,0.0,0.0,0.0,1.0,0,0.0,0,0,,18000.0,13558.79062464,3466.71,974.4993753600002,4441.20937536,0.094,1,advisor-review,PIA_OPCIONES
AGUASCALIENTES,A04675A,2025-07-31,0.4071880034444444,0.8555228904444445,0.0,0.0,0.0,0.0,0.0,0.0,0.0,0.0,0.0,0.0,0.0,0.0,0.0,0.0,1.0,0,0.0,0,0,,18000.0,15399.412028,2227.86,372.7279719999992,2600.5879719999994,0.055,1,advisor-review,PIA_OPCIONES
AGUASCALIENTES,A04678A,2025-07-31,0.3029210066083333,0.6520436278249999,0.0,0.0,0.0,0.0,0.0,0.0,0.0,0.0,0.0,0.0,0.0,0.0,0.0,0.0,1.0,0,0.0,0,0,,18000.0,11736.78530085,4780.49,1482.7246991499997,6263.214699149999,0.132,1,advisor-review,PIA_OPCIONES
AGUASCALIENTES,A04680A,2025-07-31,0.3477587383927777,0.729615524245,0.0,0.0,0.0,0.0,0.0,0.0,0.0,0.0,0.0,0.0,0.0,0.0,0.0,0.0,1.0,0,0.0,0,0,,18000.0,13133.07943641,3498.7,1368.22056359,4866.92056359,0.103,1,advisor-review,PIA_OPCIONES
AGUASCALIENTES,A04684A,2025-01-10,0.3196840316666666,0.7243923216666668,0.0,0.0,0.0,0.0,0.0,0.0,0.0,0.0,0.0,0.0,0.0,0.0,0.0,0.0,1.0,0,0.0,0,0,,18000.0,13039.061790000002,3982.58,978.3582099999985,4960.938209999998,0.105,1,advisor-review,PIA_OPCIONES
AGUASCALIENTES,A04685A,2024-07-05,0.35458806,0.7171999633333332,0.0,0.0,0.0,0.0,0.0,0.0,0.0,0.0,0.0,0.0,0.0,0.0,0.0,0.0,1.0,0,0.0,0,0,,18000.0,12909.59934,1649.75,3440.6506599999993,5090.400659999999,0.107,1,advisor-review,PIA_OPCIONES
AGUASCALIENTES,A04686A,2025-07-31,0.310973281906111,0.6696650012361111,0.0,0.0,0.0,0.0,0.0,0.0,0.0,0.0,0.0,0.0,0.0,0.0,0.0,0.0,1.0,0,0.0,0,0,,18000.0,12053.97002225,2503.69,3442.3399777500003,5946.02997775,0.126,1,advisor-review,PIA_OPCIONES
AGUASCALIENTES,A04688A,2025-07-31,0.3505907961111111,0.7980380185555556,0.0,0.0,0.0,0.0,0.0,0.0,0.0,0.0,0.0,0.0,0.0,0.0,0.0,0.0,1.0,0,0.0,0,0,,18000.0,14364.684334,1363.08,2272.2356660000005,3635.3156660000004,0.077,1,advisor-review,PIA_OPCIONES
AGUASCALIENTES,A04689A,2025-07-31,0.2739198128333333,0.5524447261666666,0.0,0.0,0.0,0.0,0.0,0.0,0.0,0.0,0.0,0.0,0.0,0.0,0.0,0.0,1.0,0,0.0,0,0,,18000.0,9944.005071,4855.5,3200.4949290000004,8055.994929,0.17,1,restructure-light,PIA_OPCIONES
AGUASCALIENTES,A04691A,2024-11-15,0.4037250783333333,0.8647400800000001,0.0,0.0,0.0,0.0,0.0,0.0,0.0,0.0,0.0,0.0,0.0,0.0,0.0,0.0,1.0,0,0.0,0,0,,18000.0,15565.321440000002,1818.98,615.6985599999985,2434.6785599999985,0.051,1,advisor-review,PIA_OPCIONES
AGUASCALIENTES,A04692A,2025-07-31,0.3560803223944444,0.7768097529788889,0.0,0.0,0.0,0.0,0.0,0.0,0.0,0.0,0.0,0.0,0.0,0.0,0.0,0.0,1.0,0,0.0,0,0,,18000.0,13982.57555362,2723.84,1293.5844463800004,4017.4244463800005,0.085,1,advisor-review,PIA_OPCIONES
AGUASCALIENTES,A04693A,2025-07-31,0.4014745178888889,0.8792847396666666,0.0,0.0,0.0,0.0,0.0,0.0,0.0,0.0,0.0,0.0,0.0,0.0,0.0,0.0,1.0,0,0.0,0,0,,18000.0,15827.125314,1761.5,411.3746859999992,2172.874685999999,0.046,1,advisor-review,PIA_OPCIONES
AGUASCALIENTES,A04695A,2025-07-31,0.3269206797916666,0.7044564377116665,0.0,0.0,0.0,0.0,0.0,0.0,0.0,0.0,0.0,0.0,0.0,0.0,0.0,0.0,1.0,0,0.0,0,0,,18000.0,12680.21587881,2091.36,3228.4241211899994,5319.7841211899995,0.112,1,advisor-review,PIA_OPCIONES
AGUASCALIENTES,A04697A,2025-07-31,0.3071498431683333,0.6644856777338888,0.0,0.0,0.0,0.0,0.0,0.0,0.0,0.0,0.0,0.0,0.0,0.0,0.0,0.0,1.0,0,0.0,0,0,,18000.0,11960.74219921,4473.72,1565.537800789999,6039.257800789999,0.127,1,advisor-review,PIA_OPCIONES
AGUASCALIENTES,A04704A,2025-07-31,0.3156015640555555,0.617199026888889,0.0,0.0,0.0,0.0,0.0,0.0,0.0,0.0,0.0,0.0,0.0,0.0,0.0,0.0,1.0,0,0.0,0,0,,18000.0,11109.582484,2865.21,4025.2075159999995,6890.4175159999995,0.145,1,advisor-review,PIA_OPCIONES
AGUASCALIENTES,A04706A,2025-07-31,0.2860235155555555,0.5844786169444445,0.0,0.0,0.0,0.0,0.0,0.0,0.0,0.0,0.0,0.0,0.0,0.0,0.0,0.0,1.0,0,0.0,0,0,,18000.0,10520.615105,3458.88,4020.504894999999,7479.384894999999,0.158,1,restructure-light,PIA_OPCIONES
AGUASCALIENTES,A04708A,2025-07-31,0.3562469466111111,0.727926254611111,0.0,0.0,0.0,0.0,0.0,0.0,0.0,0.0,0.0,0.0,0.0,0.0,0.0,0.0,1.0,0,0.0,0,0,,18000.0,13102.672583,3555.18,1342.1474170000006,4897.327417,0.103,1,advisor-review,PIA_OPCIONES
EDOMEX - TLANEPANTLA,A04724E,2025-07-13,0.3108446178333333,0.6400291818333332,0.0,0.0,0.0,0.0,0.0,0.0,0.0,0.0,0.0,0.0,0.0,0.0,0.0,0.0,1.0,0,0.0,0,0,,18000.0,11520.525273,5754.57,724.904727000001,6479.474727000001,0.137,1,advisor-review,PIA_OPCIONES
AGUASCALIENTES,A04725A,2025-07-31,0.3635224926666667,0.7550334458333332,0.0,0.0,0.0,0.0,0.0,0.0,0.0,0.0,0.0,0.0,0.0,0.0,0.0,0.0,1.0,0,0.0,0,0,,18000.0,13590.602024999998,2940.74,1468.657975000002,4409.397975000002,0.093,1,advisor-review,PIA_OPCIONES
AGUASCALIENTES,A04732A,2025-07-12,0.3274640257777778,0.6966240392222222,0.0,0.0,0.0,0.0,0.0,0.0,0.0,0.0,0.0,0.0,0.0,0.0,0.0,0.0,1.0,0,0.0,0,0,,18000.0,12539.232706,1816.8,3643.967293999999,5460.767293999999,0.115,1,advisor-review,PIA_OPCIONES
AGUASCALIENTES,A04743A,2025-07-31,0.2710017309999999,0.5531746776111112,0.0,0.0,0.0,0.0,0.0,0.0,0.0,0.0,0.0,0.0,0.0,0.0,0.0,0.0,1.0,0,0.0,0,0,,18000.0,9957.144197,5386.99,2655.8658030000006,8042.855803,0.17,1,restructure-light,PIA_OPCIONES
EDOMEX - TLANEPANTLA,A0478C,2025-07-30,0.187313495,0.4020705007777777,0.0,0.0,0.0,0.0,0.0,0.0,0.0,0.0,0.0,0.0,0.0,0.0,0.0,0.0,1.0,0,0.0,0,0,,18000.0,7237.269014,3502.3,7260.4309859999985,10762.730985999999,0.227,1,restructure-light,PIA_OPCIONES
AGUASCALIENTES,A05001A,2025-07-31,0.4449766162333333,0.9432592607477778,0.0,0.0,0.0,0.0,0.0,0.0,0.0,0.0,0.0,0.0,0.0,0.0,0.0,0.0,1.0,0,0.0,0,0,,18000.0,16978.66669346,848.2,173.13330654000015,1021.3333065400002,0.022,1,advisor-review,PIA_OPCIONES
AGUASCALIENTES,A05011A,2025-07-31,0.3623805952966666,0.7566183771688889,0.0,0.0,0.0,0.0,0.0,0.0,0.0,0.0,0.0,0.0,0.0,0.0,0.0,0.0,1.0,0,0.0,0,0,,18000.0,13619.13078904,3179.4,1201.4692109599996,4380.86921096,0.092,1,advisor-review,PIA_OPCIONES
AGUASCALIENTES,A05012A,2025-07-31,0.3825952326383333,0.8562131439577778,0.0,0.0,0.0,0.0,0.0,0.0,0.0,0.0,0.0,0.0,0.0,0.0,0.0,0.0,1.0,0,0.0,0,0,,18000.0,15411.83659124,1045.3,1542.8634087599996,2588.1634087599996,0.055,1,advisor-review,PIA_OPCIONES
AGUASCALIENTES,A05016A,2025-07-31,0.3579922249249999,0.7779844908549999,0.0,0.0,0.0,0.0,0.0,0.0,0.0,0.0,0.0,0.0,0.0,0.0,0.0,0.0,1.0,0,0.0,0,0,,18000.0,14003.72083539,1418.81,2577.4691646099996,3996.2791646099995,0.084,1,advisor-review,PIA_OPCIONES
AGUASCALIENTES,A05018A,2025-07-30,0.3567935539244444,0.7713803527477778,0.0,0.0,0.0,0.0,0.0,0.0,0.0,0.0,0.0,0.0,0.0,0.0,0.0,0.0,1.0,0,0.0,0,0,,18000.0,13884.84634946,1687.71,2427.44365054,4115.15365054,0.087,1,advisor-review,PIA_OPCIONES
AGUASCALIENTES,A05022A,2025-07-31,0.3993866394838888,0.8385659447516666,0.0,0.0,0.0,0.0,0.0,0.0,0.0,0.0,0.0,0.0,0.0,0.0,0.0,0.0,1.0,0,0.0,0,0,,18000.0,15094.18700553,2580.41,325.4029944699996,2905.8129944699995,0.061,1,advisor-review,PIA_OPCIONES
AGUASCALIENTES,A05024A,2025-07-30,0.3248400154999999,0.6424573155000001,0.0,0.0,0.0,0.0,0.0,0.0,0.0,0.0,0.0,0.0,0.0,0.0,0.0,0.0,1.0,0,0.0,0,0,,18000.0,11564.231679,3701.44,2734.3283209999995,6435.768321,0.136,1,advisor-review,PIA_OPCIONES
AGUASCALIENTES,A05026A,2025-07-31,0.3833500782222222,0.8343302745555554,0.0,0.0,0.0,0.0,0.0,0.0,0.0,0.0,0.0,0.0,0.0,0.0,0.0,0.0,1.0,0,0.0,0,0,,18000.0,15017.944941999998,2297.52,684.5350580000018,2982.0550580000017,0.063,1,advisor-review,PIA_OPCIONES
AGUASCALIENTES,A05028A,2025-07-31,0.3087525688055555,0.6624020306138888,0.0,0.0,0.0,0.0,0.0,0.0,0.0,0.0,0.0,0.0,0.0,0.0,0.0,0.0,1.0,0,0.0,0,0,,18000.0,11923.23655105,4143.41,1933.3534489499998,6076.76344895,0.128,1,advisor-review,PIA_OPCIONES
EDOMEX - TLANEPANTLA,A05072E,2025-07-31,0.5407494183333332,1.2579935476666668,0.0,0.0,0.0,0.0,0.0,0.0,0.0,0.0,0.0,0.0,0.0,0.0,0.0,0.0,1.0,0,0.0,0,0,,18000.0,22643.883858,0.0,0.0,0.0,0.0,1,advisor-review,PIA_OPCIONES
AGUASCALIENTES,A05109A,2025-07-31,0.2998234127777778,0.6372441075,0.0,0.0,0.0,0.0,0.0,0.0,0.0,0.0,0.0,0.0,0.0,0.0,0.0,0.0,1.0,0,0.0,0,0,,18000.0,11470.393935,2527.47,4002.136065,6529.606065,0.138,1,advisor-review,PIA_OPCIONES
AGUASCALIENTES,A05113A,2025-07-31,0.3218612050733332,0.6584391447938889,0.0,0.0,0.0,0.0,0.0,0.0,0.0,0.0,0.0,0.0,0.0,0.0,0.0,0.0,1.0,0,0.0,0,0,,18000.0,11851.90460629,5334.18,813.91539371,6148.09539371,0.13,1,advisor-review,PIA_OPCIONES
AGUASCALIENTES,A05115A,2025-07-31,0.3229470132777778,0.7032407604444445,0.0,0.0,0.0,0.0,0.0,0.0,0.0,0.0,0.0,0.0,0.0,0.0,0.0,0.0,1.0,0,0.0,0,0,,18000.0,12658.333688,2568.3,2773.366311999999,5341.666311999999,0.113,1,advisor-review,PIA_OPCIONES
AGUASCALIENTES,A05128A,2025-07-31,0.3834808755555555,0.7429420887777777,0.0,0.0,0.0,0.0,0.0,0.0,0.0,0.0,0.0,0.0,0.0,0.0,0.0,0.0,1.0,0,0.0,0,0,,18000.0,13372.957598,2992.82,1634.222401999999,4627.042401999999,0.098,1,advisor-review,PIA_OPCIONES
AGUASCALIENTES,A05142A,2025-07-31,0.3050915089444445,0.6488714454444444,0.0,0.0,0.0,0.0,0.0,0.0,0.0,0.0,0.0,0.0,0.0,0.0,0.0,0.0,1.0,0,0.0,0,0,,18000.0,11679.686018,4549.78,1770.533982,6320.313982,0.133,1,advisor-review,PIA_OPCIONES
AGUASCALIENTES,A05151A,2025-07-31,0.3993052396666667,0.8419519997777777,0.0,0.0,0.0,0.0,0.0,0.0,0.0,0.0,0.0,0.0,0.0,0.0,0.0,0.0,1.0,0,0.0,0,0,,18000.0,15155.135996,1961.65,883.214003999999,2844.864003999999,0.06,1,advisor-review,PIA_OPCIONES
AGUASCALIENTES,A05155A,2025-07-31,0.3200401507294444,0.6102385648094445,0.0,0.0,0.0,0.0,0.0,0.0,0.0,0.0,0.0,0.0,0.0,0.0,0.0,0.0,1.0,0,0.0,0,0,,18000.0,10984.29416657,6064.07,951.6358334300003,7015.70583343,0.148,1,advisor-review,PIA_OPCIONES
AGUASCALIENTES,A05157A,2025-07-31,0.3530373093266666,0.6980365771333333,0.0,0.0,0.0,0.0,0.0,0.0,0.0,0.0,0.0,0.0,0.0,0.0,0.0,0.0,1.0,0,0.0,0,0,,18000.0,12564.6583884,2114.69,3320.6516116000007,5435.341611600001,0.115,1,advisor-review,PIA_OPCIONES
AGUASCALIENTES,A05159A,2025-07-31,0.3353572893199999,0.6616593317644444,0.0,0.0,0.0,0.0,0.0,0.0,0.0,0.0,0.0,0.0,0.0,0.0,0.0,0.0,1.0,0,0.0,0,0,,18000.0,11909.86797176,3684.6,2405.5320282399994,6090.132028239999,0.129,1,advisor-review,PIA_OPCIONES
AGUASCALIENTES,A05160A,2025-05-31,0.3381026537777777,0.7393054557777777,0.0,0.0,0.0,0.0,0.0,0.0,0.0,0.0,0.0,0.0,0.0,0.0,0.0,0.0,1.0,0,0.0,0,0,,18000.0,13307.498204,2545.31,2147.1917960000005,4692.5017960000005,0.099,1,advisor-review,PIA_OPCIONES
AGUASCALIENTES,A05163A,2025-07-03,0.3227027108238888,0.66485675101,0.0,0.0,0.0,0.0,0.0,0.0,0.0,0.0,0.0,0.0,0.0,0.0,0.0,0.0,1.0,0,0.0,0,0,,18000.0,11967.42151818,3526.05,2506.5284818200007,6032.578481820001,0.127,1,advisor-review,PIA_OPCIONES
AGUASCALIENTES,A05164A,2025-07-31,0.4118920633294445,0.881745880291111,0.0,0.0,0.0,0.0,0.0,0.0,0.0,0.0,0.0,0.0,0.0,0.0,0.0,0.0,1.0,0,0.0,0,0,,18000.0,15871.42584524,790.83,1337.7441547599992,2128.574154759999,0.045,1,advisor-review,PIA_OPCIONES
AGUASCALIENTES,A05165A,2025-07-31,0.27990004891,0.5846444661233334,0.0,0.0,0.0,0.0,0.0,0.0,0.0,0.0,0.0,0.0,0.0,0.0,0.0,0.0,1.0,0,0.0,0,0,,18000.0,10523.60039022,2844.45,4631.949609780001,7476.399609780001,0.158,1,restructure-light,PIA_OPCIONES
AGUASCALIENTES,A05166A,2025-07-31,0.3265862599999999,0.6605403805,0.0,0.0,0.0,0.0,0.0,0.0,0.0,0.0,0.0,0.0,0.0,0.0,0.0,0.0,1.0,0,0.0,0,0,,18000.0,11889.726849,2852.55,3257.7231509999992,6110.273150999999,0.129,1,advisor-review,PIA_OPCIONES
AGUASCALIENTES,A05169A,2025-07-31,0.3562990007666666,0.7710976446816666,0.0,0.0,0.0,0.0,0.0,0.0,0.0,0.0,0.0,0.0,0.0,0.0,0.0,0.0,1.0,0,0.0,0,0,,18000.0,13879.75760427,1989.35,2130.89239573,4120.24239573,0.087,1,advisor-review,PIA_OPCIONES
AGUASCALIENTES,A05175A,2025-07-26,0.287772,0.6314402216666666,0.0,0.0,0.0,0.0,0.0,0.0,0.0,0.0,0.0,0.0,0.0,0.0,0.0,0.0,1.0,0,0.0,0,0,,18000.0,11365.92399,3693.47,2940.606010000001,6634.076010000001,0.14,1,advisor-review,PIA_OPCIONES
AGUASCALIENTES,A05176A,2025-07-31,0.3118653315555555,0.6913309736666666,0.0,0.0,0.0,0.0,0.0,0.0,0.0,0.0,0.0,0.0,0.0,0.0,0.0,0.0,1.0,0,0.0,0,0,,18000.0,12443.957525999998,3703.62,1852.4224740000018,5556.042474000002,0.117,1,advisor-review,PIA_OPCIONES
AGUASCALIENTES,A05177A,2025-07-28,0.3396652703888889,0.709173520611111,0.0,0.0,0.0,0.0,0.0,0.0,0.0,0.0,0.0,0.0,0.0,0.0,0.0,0.0,1.0,0,0.0,0,0,,18000.0,12765.123371,3563.79,1671.0866290000004,5234.876629,0.111,1,advisor-review,PIA_OPCIONES
AGUASCALIENTES,A05188A,2025-07-31,0.3737332606661111,0.8604615177622221,0.0,0.0,0.0,0.0,0.0,0.0,0.0,0.0,0.0,0.0,0.0,0.0,0.0,0.0,1.0,0,0.0,0,0,,18000.0,15488.30731972,1374.11,1137.582680280001,2511.692680280001,0.053,1,advisor-review,PIA_OPCIONES
AGUASCALIENTES,A05197A,2025-07-31,0.4049147638533332,0.910645555435,0.0,0.0,0.0,0.0,0.0,0.0,0.0,0.0,0.0,0.0,0.0,0.0,0.0,0.0,1.0,0,0.0,0,0,,18000.0,16391.61999783,877.0,731.3800021700008,1608.3800021700008,0.034,1,advisor-review,PIA_OPCIONES
AGUASCALIENTES,A05206A,2025-07-31,0.2619688664205555,0.580819321071111,0.0,0.0,0.0,0.0,0.0,0.0,0.0,0.0,0.0,0.0,0.0,0.0,0.0,0.0,1.0,0,0.0,0,0,,18000.0,10454.747779279998,3248.81,4296.442220720002,7545.252220720002,0.159,1,restructure-light,PIA_OPCIONES
AGUASCALIENTES,A05207A,2025-07-31,0.3069522727838888,0.6656811128783333,0.0,0.0,0.0,0.0,0.0,0.0,0.0,0.0,0.0,0.0,0.0,0.0,0.0,0.0,1.0,0,0.0,0,0,,18000.0,11982.26003181,3929.49,2088.249968190001,6017.739968190001,0.127,1,advisor-review,PIA_OPCIONES
AGUASCALIENTES,A05211A,2025-07-31,0.3002359176288889,0.6990566486166667,0.0,0.0,0.0,0.0,0.0,0.0,0.0,0.0,0.0,0.0,0.0,0.0,0.0,0.0,1.0,0,0.0,0,0,,18000.0,12583.0196751,2655.54,2761.4403248999997,5416.9803249,0.114,1,advisor-review,PIA_OPCIONES
AGUASCALIENTES,A05214A,2025-07-31,0.2845830437033333,0.6346390567733332,0.0,0.0,0.0,0.0,0.0,0.0,0.0,0.0,0.0,0.0,0.0,0.0,0.0,0.0,1.0,0,0.0,0,0,,18000.0,11423.503021919998,2115.24,4461.256978080002,6576.496978080002,0.139,1,advisor-review,PIA_OPCIONES
AGUASCALIENTES,A05219A,2025-07-31,0.4334053141983333,0.9460222086366668,0.0,0.0,0.0,0.0,0.0,0.0,0.0,0.0,0.0,0.0,0.0,0.0,0.0,0.0,1.0,0,0.0,0,0,,18000.0,17028.399755460003,535.39,436.21024453999723,971.6002445399972,0.021,1,advisor-review,PIA_OPCIONES
AGUASCALIENTES,A05220A,2025-07-31,0.3192116600316667,0.6657891649766666,0.0,0.0,0.0,0.0,0.0,0.0,0.0,0.0,0.0,0.0,0.0,0.0,0.0,0.0,1.0,0,0.0,0,0,,18000.0,11984.20496958,3516.11,2499.68503042,6015.79503042,0.127,1,advisor-review,PIA_OPCIONES
AGUASCALIENTES,A05225A,2025-07-31,0.2973882421433332,0.6893685564738888,0.0,0.0,0.0,0.0,0.0,0.0,0.0,0.0,0.0,0.0,0.0,0.0,0.0,0.0,1.0,0,0.0,0,0,,18000.0,12408.63401653,2434.23,3157.1359834699992,5591.365983469999,0.118,1,advisor-review,PIA_OPCIONES
AGUASCALIENTES,A05226A,2025-07-31,0.3308802076477777,0.8301159644216666,0.0,0.0,0.0,0.0,0.0,0.0,0.0,0.0,0.0,0.0,0.0,0.0,0.0,0.0,1.0,0,0.0,0,0,,18000.0,14942.08735959,1967.69,1090.2226404100006,3057.9126404100007,0.065,1,advisor-review,PIA_OPCIONES
AGUASCALIENTES,A05228A,2025-07-31,0.3384226829733333,0.7127808301922222,0.0,0.0,0.0,0.0,0.0,0.0,0.0,0.0,0.0,0.0,0.0,0.0,0.0,0.0,1.0,0,0.0,0,0,,18000.0,12830.05494346,3305.99,1863.9550565400004,5169.94505654,0.109,1,advisor-review,PIA_OPCIONES
AGUASCALIENTES,A05229A,2025-07-31,0.3625760471666667,0.739822027388889,0.0,0.0,0.0,0.0,0.0,0.0,0.0,0.0,0.0,0.0,0.0,0.0,0.0,0.0,1.0,0,0.0,0,0,,18000.0,13316.796493000002,3377.53,1305.6735069999982,4683.203506999998,0.099,1,advisor-review,PIA_OPCIONES
AGUASCALIENTES,A05234A,2025-07-31,0.3383913310555555,0.7592369228888889,0.0,0.0,0.0,0.0,0.0,0.0,0.0,0.0,0.0,0.0,0.0,0.0,0.0,0.0,1.0,0,0.0,0,0,,18000.0,13666.264612,2984.94,1348.795387999999,4333.735387999999,0.091,1,advisor-review,PIA_OPCIONES
AGUASCALIENTES,A05238A,2025-05-27,0.3187397028961111,0.6930794280227778,0.0,0.0,0.0,0.0,0.0,0.0,0.0,0.0,0.0,0.0,0.0,0.0,0.0,0.0,1.0,0,0.0,0,0,,18000.0,12475.42970441,3820.02,1704.5502955899997,5524.57029559,0.117,1,advisor-review,PIA_OPCIONES
AGUASCALIENTES,A05247A,2025-07-31,0.2809759730555555,0.7214215341666667,0.0,0.0,0.0,0.0,0.0,0.0,0.0,0.0,0.0,0.0,0.0,0.0,0.0,0.0,1.0,0,0.0,0,0,,18000.0,12985.587615,2455.7,2558.712385,5014.412385,0.106,1,advisor-review,PIA_OPCIONES
AGUASCALIENTES,A05253A,2025-07-31,0.2116861248888888,0.5018449225555556,0.0,0.0,0.0,0.0,0.0,0.0,0.0,0.0,0.0,0.0,0.0,0.0,0.0,0.0,1.0,0,0.0,0,0,,18000.0,9033.208606,6926.48,2040.3113940000003,8966.791394,0.189,1,restructure-light,PIA_OPCIONES
AGUASCALIENTES,A05255A,2025-07-31,0.3140969498333333,0.6708373338333333,0.0,0.0,0.0,0.0,0.0,0.0,0.0,0.0,0.0,0.0,0.0,0.0,0.0,0.0,1.0,0,0.0,0,0,,18000.0,12075.072009,3729.66,2195.2679910000006,5924.9279910000005,0.125,1,advisor-review,PIA_OPCIONES
AGUASCALIENTES,A05258A,2025-07-31,0.3675577736666667,0.8447792419444445,0.0,0.0,0.0,0.0,0.0,0.0,0.0,0.0,0.0,0.0,0.0,0.0,0.0,0.0,1.0,0,0.0,0,0,,18000.0,15206.026355000002,1561.41,1232.5636449999981,2793.973644999998,0.059,1,advisor-review,PIA_OPCIONES
AGUASCALIENTES,A05274A,2025-07-31,0.3668494957477777,0.7549970911494445,0.0,0.0,0.0,0.0,0.0,0.0,0.0,0.0,0.0,0.0,0.0,0.0,0.0,0.0,1.0,0,0.0,0,0,,18000.0,13589.94764069,2979.46,1430.5923593100006,4410.052359310001,0.093,1,advisor-review,PIA_OPCIONES
AGUASCALIENTES,A05278A,2025-07-29,0.2566652977777778,0.5989417322777778,0.0,0.0,0.0,0.0,0.0,0.0,0.0,0.0,0.0,0.0,0.0,0.0,0.0,0.0,1.0,0,0.0,0,0,,18000.0,10780.951181,3727.88,3491.1688189999995,7219.048819,0.152,1,restructure-light,PIA_OPCIONES
AGUASCALIENTES,A05286A,2025-07-25,0.3415355215,0.7180921242222222,0.0,0.0,0.0,0.0,0.0,0.0,0.0,0.0,0.0,0.0,0.0,0.0,0.0,0.0,1.0,0,0.0,0,0,,18000.0,12925.658236,3083.39,1990.9517640000008,5074.341764000001,0.107,1,advisor-review,PIA_OPCIONES
EDOMEX - TLANEPANTLA,A0528N,2025-07-30,0.1382970986666666,0.3046542751666666,0.0,0.0,0.0,0.0,0.0,0.0,0.0,0.0,0.0,0.0,0.0,0.0,0.0,0.0,1.0,0,0.0,0,0,,18000.0,5483.776953,9287.33,3228.8930469999996,12516.223047,0.264,1,restructure-light,PIA_OPCIONES
AGUASCALIENTES,A05290A,2025-07-31,0.2893300773333333,0.6413067488333333,0.0,0.0,0.0,0.0,0.0,0.0,0.0,0.0,0.0,0.0,0.0,0.0,0.0,0.0,1.0,0,0.0,0,0,,18000.0,11543.521479,5370.77,1085.7085209999987,6456.478520999999,0.136,1,advisor-review,PIA_OPCIONES
AGUASCALIENTES,A05292A,2025-07-31,0.3139969610555556,0.6860829531111111,0.0,0.0,0.0,0.0,0.0,0.0,0.0,0.0,0.0,0.0,0.0,0.0,0.0,0.0,1.0,0,0.0,0,0,,18000.0,12349.493156,4817.82,832.6868439999998,5650.506844,0.119,1,advisor-review,PIA_OPCIONES
AGUASCALIENTES,A05296A,2025-07-31,0.2994242918333333,0.2994242918333333,0.0,0.0,0.0,0.0,0.0,0.0,0.0,0.0,0.0,0.0,0.0,0.0,0.0,0.0,1.0,0,0.0,0,0,,18000.0,5389.637253,7593.71,5016.652746999999,12610.362747,0.266,1,restructure-light,PIA_OPCIONES
AGUASCALIENTES,A05354A,2025-07-31,0.3515854768983333,0.7531381278316667,0.0,0.0,0.0,0.0,0.0,0.0,0.0,0.0,0.0,0.0,0.0,0.0,0.0,0.0,1.0,0,0.0,0,0,,18000.0,13556.48630097,2720.16,1723.35369903,4443.51369903,0.094,1,advisor-review,PIA_OPCIONES
AGUASCALIENTES,A05355A,2025-07-31,0.2831156345766667,0.6028608934683333,0.0,0.0,0.0,0.0,0.0,0.0,0.0,0.0,0.0,0.0,0.0,0.0,0.0,0.0,1.0,0,0.0,0,0,,18000.0,10851.49608243,5575.28,1573.2239175700006,7148.50391757,0.151,1,advisor-review,PIA_OPCIONES
AGUASCALIENTES,A05356A,2025-07-31,0.3198769095433333,0.6228434038783334,0.0,0.0,0.0,0.0,0.0,0.0,0.0,0.0,0.0,0.0,0.0,0.0,0.0,0.0,1.0,0,0.0,0,0,,18000.0,11211.18126981,3317.49,3471.32873019,6788.81873019,0.143,1,advisor-review,PIA_OPCIONES
EDOMEX - ECATEPEC,A05366E,2025-07-31,0.4033613651666666,0.902616199,0.0,0.0,0.0,0.0,0.0,0.0,0.0,0.0,0.0,0.0,0.0,0.0,0.0,0.0,1.0,0,0.0,0,0,,18000.0,16247.091582,1406.59,346.318418000001,1752.908418000001,0.037,1,advisor-review,PIA_OPCIONES
EDOMEX - TLANEPANTLA,A0537H,2024-11-18,0.13637568,0.2866742949999999,0.0,0.0,0.0,0.0,0.0,0.0,0.0,0.0,0.0,0.0,0.0,0.0,0.0,0.0,1.0,0,0.0,0,0,,18000.0,5160.137309999999,7658.79,5181.072690000002,12839.862690000002,0.271,1,restructure-light,PIA_OPCIONES
AGUASCALIENTES,A05408A,2025-07-31,0.3377112583888889,0.7888358825555556,0.0,0.0,0.0,0.0,0.0,0.0,0.0,0.0,0.0,0.0,0.0,0.0,0.0,0.0,1.0,0,0.0,0,0,,18000.0,14199.045886,1404.51,2396.444114,3800.954114,0.08,1,advisor-review,PIA_OPCIONES
AGUASCALIENTES,A05409A,2025-07-31,0.3753365867222222,0.8237452828333333,0.0,0.0,0.0,0.0,0.0,0.0,0.0,0.0,0.0,0.0,0.0,0.0,0.0,0.0,1.0,0,0.0,0,0,,18000.0,14827.415091,1088.94,2083.644908999999,3172.5849089999992,0.067,1,advisor-review,PIA_OPCIONES
AGUASCALIENTES,A05410A,2025-07-31,0.4302686586666666,0.9545018225555556,0.0,0.0,0.0,0.0,0.0,0.0,0.0,0.0,0.0,0.0,0.0,0.0,0.0,0.0,1.0,0,0.0,0,0,,18000.0,17181.032806,659.43,159.5371940000008,818.9671940000007,0.017,1,advisor-review,PIA_OPCIONES
AGUASCALIENTES,A05432A,2025-07-30,0.3225253142222222,0.6181372975555556,0.0,0.0,0.0,0.0,0.0,0.0,0.0,0.0,0.0,0.0,0.0,0.0,0.0,0.0,1.0,0,0.0,0,0,,18000.0,11126.471356,2291.23,4582.298644,6873.528644,0.145,1,advisor-review,PIA_OPCIONES
AGUASCALIENTES,A05501A,2025-07-31,0.4120207277116666,0.91146556073,0.0,0.0,0.0,0.0,0.0,0.0,0.0,0.0,0.0,0.0,0.0,0.0,0.0,0.0,1.0,0,0.0,0,0,,18000.0,16406.38009314,746.4,847.2199068599999,1593.61990686,0.034,1,advisor-review,PIA_OPCIONES
AGUASCALIENTES,A05502A,2025-07-31,0.4796348744333333,0.967449647175,0.0,0.0,0.0,0.0,0.0,0.0,0.0,0.0,0.0,0.0,0.0,0.0,0.0,0.0,1.0,0,0.0,0,0,,18000.0,17414.093649150003,293.23,292.67635084999665,585.9063508499967,0.012,1,advisor-review,PIA_OPCIONES
AGUASCALIENTES,A05503A,2025-07-31,0.32637198896,0.7406806933266666,0.0,0.0,0.0,0.0,0.0,0.0,0.0,0.0,0.0,0.0,0.0,0.0,0.0,0.0,1.0,0,0.0,0,0,,18000.0,13332.25247988,1884.82,2782.92752012,4667.7475201199995,0.099,1,advisor-review,PIA_OPCIONES
AGUASCALIENTES,A05504A,2025-07-31,0.3609026027316667,0.7942750883566667,0.0,0.0,0.0,0.0,0.0,0.0,0.0,0.0,0.0,0.0,0.0,0.0,0.0,0.0,1.0,0,0.0,0,0,,18000.0,14296.951590420002,1808.33,1894.7184095799985,3703.0484095799984,0.078,1,advisor-review,PIA_OPCIONES
AGUASCALIENTES,A05505A,2025-07-31,0.2868045736111111,0.5909047032777778,0.0,0.0,0.0,0.0,0.0,0.0,0.0,0.0,0.0,0.0,0.0,0.0,0.0,0.0,1.0,0,0.0,0,0,,18000.0,10636.284659,5490.5,1873.2153409999992,7363.715340999999,0.155,1,restructure-light,PIA_OPCIONES
AGUASCALIENTES,A05506A,2025-07-31,0.32286859424,0.6985790240438888,0.0,0.0,0.0,0.0,0.0,0.0,0.0,0.0,0.0,0.0,0.0,0.0,0.0,0.0,1.0,0,0.0,0,0,,18000.0,12574.42243279,1675.47,3750.1075672100005,5425.577567210001,0.115,1,advisor-review,PIA_OPCIONES
AGUASCALIENTES,A05507A,2025-07-31,0.3585835318388888,0.832579061461111,0.0,0.0,0.0,0.0,0.0,0.0,0.0,0.0,0.0,0.0,0.0,0.0,0.0,0.0,1.0,0,0.0,0,0,,18000.0,14986.4231063,2399.72,613.8568936999995,3013.5768936999993,0.064,1,advisor-review,PIA_OPCIONES
AGUASCALIENTES,A05508A,2025-07-31,0.2922668081666666,0.6318352039999999,0.0,0.0,0.0,0.0,0.0,0.0,0.0,0.0,0.0,0.0,0.0,0.0,0.0,0.0,1.0,0,0.0,0,0,,18000.0,11373.033672,5393.88,1233.0863280000003,6626.966328,0.14,1,advisor-review,PIA_OPCIONES
AGUASCALIENTES,A05509A,2025-07-31,0.0729054437222222,0.0729054437222222,0.0,0.0,0.0,0.0,0.0,0.0,0.0,0.0,0.0,0.0,0.0,0.0,0.0,0.0,1.0,0,0.0,0,0,,18000.0,1312.297987,8733.62,7954.082013000001,16687.702013000002,0.352,1,restructure-light,PIA_OPCIONES
EDOMEX - TLANEPANTLA,A0576E,2025-07-31,0.1558262914444444,0.3340254431111111,0.0,0.0,0.0,0.0,0.0,0.0,0.0,0.0,0.0,0.0,0.0,0.0,0.0,0.0,1.0,0,0.0,0,0,,18000.0,6012.457976,4701.13,7286.412024,11987.542024,0.253,1,restructure-light,PIA_OPCIONES
EDOMEX - TLANEPANTLA,A0582H,2024-11-03,0.006115305,0.006115305,0.0,0.0,0.0,0.0,0.0,0.0,0.0,0.0,0.0,0.0,0.0,0.0,0.0,0.0,1.0,0,0.0,0,0,,18000.0,110.07549,11816.37,6073.55451,17889.92451,0.378,1,restructure-light,PIA_OPCIONES
EDOMEX - TLANEPANTLA,A0604A,2024-05-21,0.1000582705555555,0.1000582705555555,0.0,0.0,0.0,0.0,0.0,0.0,0.0,0.0,0.0,0.0,0.0,0.0,0.0,0.0,1.0,0,0.0,0,0,,18000.0,1801.04887,6022.83,10176.12113,16198.95113,0.342,1,restructure-light,PIA_OPCIONES
EDOMEX - TLANEPANTLA,A0623N,2025-07-31,0.1471104049444444,0.3033957342777778,0.0,0.0,0.0,0.0,0.0,0.0,0.0,0.0,0.0,0.0,0.0,0.0,0.0,0.0,1.0,0,0.0,0,0,,18000.0,5461.123217,6507.07,6031.806783,12538.876783,0.265,1,restructure-light,PIA_OPCIONES
EDOMEX - ECATEPEC,A064,2024-09-04,0.0273821327777777,0.0273821327777777,0.0,0.0,0.0,0.0,0.0,0.0,0.0,0.0,0.0,0.0,0.0,0.0,0.0,0.0,1.0,0,0.0,0,0,,18000.0,492.87839,15319.74,2187.3816099999985,17507.12161,0.37,1,restructure-light,PIA_OPCIONES
EDOMEX - TLANEPANTLA,A0646E,2025-07-31,0.1438182294999999,0.2954372003333333,0.0,0.0,0.0,0.0,0.0,0.0,0.0,0.0,0.0,0.0,0.0,0.0,0.0,0.0,1.0,0,0.0,0,0,,18000.0,5317.869606,11379.41,1302.720394,12682.130394,0.268,1,restructure-light,PIA_OPCIONES
EDOMEX - TLANEPANTLA,A0682K,2024-03-06,0.1491039099999999,0.3358837699999999,0.0,0.0,0.0,0.0,0.0,0.0,0.0,0.0,0.0,0.0,0.0,0.0,0.0,0.0,1.0,0,0.0,0,0,,18000.0,6045.907859999999,9124.12,2829.97214,11954.09214,0.252,1,restructure-light,PIA_OPCIONES
EDOMEX - TLANEPANTLA,A0689J,2025-07-31,0.1431559559999999,0.333275865,0.0,0.0,0.0,0.0,0.0,0.0,0.0,0.0,0.0,0.0,0.0,0.0,0.0,0.0,1.0,0,0.0,0,0,,18000.0,5998.96557,5839.43,6161.604429999999,12001.03443,0.253,1,restructure-light,PIA_OPCIONES
EDOMEX - TLANEPANTLA,A0748J,2025-07-18,0.1421826161666666,0.2959108476666667,0.0,0.0,0.0,0.0,0.0,0.0,0.0,0.0,0.0,0.0,0.0,0.0,0.0,0.0,1.0,0,0.0,0,0,,18000.0,5326.3952580000005,9031.2,3642.404741999999,12673.604742,0.268,1,restructure-light,PIA_OPCIONES
EDOMEX - TLANEPANTLA,A0772M,2024-09-14,0.0629874755555555,0.0629874755555555,0.0,0.0,0.0,0.0,0.0,0.0,0.0,0.0,0.0,0.0,0.0,0.0,0.0,0.0,1.0,0,0.0,0,0,,18000.0,1133.7745599999998,12198.39,4667.835440000003,16866.225440000002,0.356,1,restructure-light,PIA_OPCIONES
EDOMEX - ECATEPEC,A0776D,2025-06-27,0.0981606657777777,0.2148103262222222,0.0,0.0,0.0,0.0,0.0,0.0,0.0,0.0,0.0,0.0,0.0,0.0,0.0,0.0,1.0,0,0.0,0,0,,18000.0,3866.585872,7528.94,6604.474128000001,14133.414128,0.298,1,restructure-light,PIA_OPCIONES
EDOMEX - ECATEPEC,A0802E,2025-07-02,0.1378440410555555,0.2803416902222222,0.0,0.0,0.0,0.0,0.0,0.0,0.0,0.0,0.0,0.0,0.0,0.0,0.0,0.0,1.0,0,0.0,0,0,,18000.0,5046.1504239999995,8867.34,4086.5095760000004,12953.849576,0.273,1,restructure-light,PIA_OPCIONES
EDOMEX - TLANEPANTLA,A0813B,2024-08-04,0.1020724394444444,0.1020724394444444,0.0,0.0,0.0,0.0,0.0,0.0,0.0,0.0,0.0,0.0,0.0,0.0,0.0,0.0,1.0,0,0.0,0,0,,18000.0,1837.30391,4952.84,11209.85609,16162.69609,0.341,1,restructure-light,PIA_OPCIONES
EDOMEX - TLANEPANTLA,A0814M,2025-01-16,0.0082715822222222,0.0082715822222222,0.0,0.0,0.0,0.0,0.0,0.0,0.0,0.0,0.0,0.0,0.0,0.0,0.0,0.0,1.0,0,0.0,0,0,,18000.0,148.88848,7594.48,10256.631519999999,17851.11152,0.377,1,restructure-light,PIA_OPCIONES
EDOMEX - TLANEPANTLA,A0855A,2024-12-22,0.1396287349999999,0.3175128838888889,0.0,0.0,0.0,0.0,0.0,0.0,0.0,0.0,0.0,0.0,0.0,0.0,0.0,0.0,1.0,0,0.0,0,0,,18000.0,5715.23191,7555.78,4728.98809,12284.76809,0.259,1,restructure-light,PIA_OPCIONES
EDOMEX - TLANEPANTLA,A0858A,2024-08-22,0.0021811494444444,0.0021811494444444,0.0,0.0,0.0,0.0,0.0,0.0,0.0,0.0,0.0,0.0,0.0,0.0,0.0,0.0,1.0,0,0.0,0,0,,18000.0,39.26069,7152.88,10807.85931,17960.73931,0.379,1,restructure-light,PIA_OPCIONES
EDOMEX - TLANEPANTLA,A0921D,2025-06-19,0.0702799684444444,0.1521384584444444,0.0,0.0,0.0,0.0,0.0,0.0,0.0,0.0,0.0,0.0,0.0,0.0,0.0,0.0,1.0,0,0.0,0,0,,18000.0,2738.492252,6097.65,9163.857748,15261.507748,0.322,1,restructure-light,PIA_OPCIONES
EDOMEX - TLANEPANTLA,A0945H,2023-11-09,0.0071099827777777,0.0071099827777777,0.0,0.0,0.0,0.0,0.0,0.0,0.0,0.0,0.0,0.0,0.0,0.0,0.0,0.0,1.0,0,0.0,0,0,,18000.0,127.97969,14329.47,3542.5503100000005,17872.02031,0.377,1,restructure-light,PIA_OPCIONES
EDOMEX - ECATEPEC,A1016L,2024-11-18,0.0194250183333333,0.0194250183333333,0.0,0.0,0.0,0.0,0.0,0.0,0.0,0.0,0.0,0.0,0.0,0.0,0.0,0.0,1.0,0,0.0,0,0,,18000.0,349.65032999999994,15770.23,1880.11967,17650.34967,0.373,1,restructure-light,PIA_OPCIONES
EDOMEX - ECATEPEC,A1022C,2025-07-15,0.0155815738333333,0.0155815738333333,0.0,0.0,0.0,0.0,0.0,0.0,0.0,0.0,0.0,0.0,0.0,0.0,0.0,0.0,1.0,0,0.0,0,0,,18000.0,280.46832900000004,11226.77,6492.761671,17719.531671,0.374,1,restructure-light,PIA_OPCIONES
EDOMEX - TLANEPANTLA,A1024C,2025-07-31,0.1620298457777777,0.2154922273333333,0.0,0.0,0.0,0.0,0.0,0.0,0.0,0.0,0.0,0.0,0.0,0.0,0.0,0.0,1.0,0,0.0,0,0,,18000.0,3878.860092,11345.51,2775.629908000001,14121.139908000001,0.298,1,restructure-light,PIA_OPCIONES
EDOMEX - TLANEPANTLA,A1113L,2024-03-11,0.0614518983333333,0.0614518983333333,0.0,0.0,0.0,0.0,0.0,0.0,0.0,0.0,0.0,0.0,0.0,0.0,0.0,0.0,1.0,0,0.0,0,0,,18000.0,1106.13417,15106.38,1787.4858299999996,16893.86583,0.357,1,restructure-light,PIA_OPCIONES
EDOMEX - TLANEPANTLA,A1118K,2025-04-14,0.0093004105555555,0.0093004105555555,0.0,0.0,0.0,0.0,0.0,0.0,0.0,0.0,0.0,0.0,0.0,0.0,0.0,0.0,1.0,0,0.0,0,0,,18000.0,167.40739,6864.79,10967.802609999999,17832.59261,0.376,1,restructure-light,PIA_OPCIONES
EDOMEX - ECATEPEC,A1123C,2025-05-20,0.0146782883888888,0.0146782883888888,0.0,0.0,0.0,0.0,0.0,0.0,0.0,0.0,0.0,0.0,0.0,0.0,0.0,0.0,1.0,0,0.0,0,0,,18000.0,264.209191,10090.73,7645.060808999999,17735.790809,0.374,1,restructure-light,PIA_OPCIONES
EDOMEX - TLANEPANTLA,A114JLB,2025-07-26,0.1246214324999999,0.2975968808333333,0.0,0.0,0.0,0.0,0.0,0.0,0.0,0.0,0.0,0.0,0.0,0.0,0.0,0.0,1.0,0,0.0,0,0,,18000.0,5356.743855,6771.02,5872.236144999999,12643.256145,0.267,1,restructure-light,PIA_OPCIONES
EDOMEX - TLANEPANTLA,A1155G,2025-07-31,0.1321616513333333,0.2737114632222222,0.0,0.0,0.0,0.0,0.0,0.0,0.0,0.0,0.0,0.0,0.0,0.0,0.0,0.0,1.0,0,0.0,0,0,,18000.0,4926.806338,4549.86,8523.333662000001,13073.193662,0.276,1,restructure-light,PIA_OPCIONES
EDOMEX - ECATEPEC,A1178C,2025-07-30,0.007652772,0.007652772,0.0,0.0,0.0,0.0,0.0,0.0,0.0,0.0,0.0,0.0,0.0,0.0,0.0,0.0,1.0,0,0.0,0,0,,18000.0,137.749896,13453.81,4408.440103999999,17862.250104,0.377,1,restructure-light,PIA_OPCIONES
EDOMEX - ECATEPEC,A1185K,2025-07-19,0.0517331475,0.0517331475,0.0,0.0,0.0,0.0,0.0,0.0,0.0,0.0,0.0,0.0,0.0,0.0,0.0,0.0,1.0,0,0.0,0,0,,18000.0,931.196655,9563.09,7505.713345,17068.803345,0.36,1,restructure-light,PIA_OPCIONES
EDOMEX - TLANEPANTLA,A1291M,2025-04-01,0.0636959522222222,0.0636959522222222,0.0,0.0,0.0,0.0,0.0,0.0,0.0,0.0,0.0,0.0,0.0,0.0,0.0,0.0,1.0,0,0.0,0,0,,18000.0,1146.52714,9801.92,7051.552860000002,16853.47286,0.356,1,restructure-light,PIA_OPCIONES
EDOMEX - TLANEPANTLA,A1297B,2024-08-10,0.01655756,0.01655756,0.0,0.0,0.0,0.0,0.0,0.0,0.0,0.0,0.0,0.0,0.0,0.0,0.0,0.0,1.0,0,0.0,0,0,,18000.0,298.03608,6910.91,10791.053919999998,17701.96392,0.374,1,restructure-light,PIA_OPCIONES
EDOMEX - TLANEPANTLA,A1343H,2024-10-03,0.1443535849999999,0.307279655,0.0,0.0,0.0,0.0,0.0,0.0,0.0,0.0,0.0,0.0,0.0,0.0,0.0,0.0,1.0,0,0.0,0,0,,18000.0,5531.0337899999995,5094.27,7374.69621,12468.96621,0.263,1,restructure-light,PIA_OPCIONES
EDOMEX - TLANEPANTLA,A1343HA,2025-02-23,0.0089934883333333,0.0089934883333333,0.0,0.0,0.0,0.0,0.0,0.0,0.0,0.0,0.0,0.0,0.0,0.0,0.0,0.0,1.0,0,0.0,0,0,,18000.0,161.88279,15060.05,2778.067210000001,17838.11721,0.377,1,restructure-light,PIA_OPCIONES
EDOMEX - TLANEPANTLA,A13857,2024-09-07,0.1357613,0.2967740349999999,0.0,0.0,0.0,0.0,0.0,0.0,0.0,0.0,0.0,0.0,0.0,0.0,0.0,0.0,1.0,0,0.0,0,0,,18000.0,5341.932629999999,4136.52,8521.54737,12658.06737,0.267,1,restructure-light,PIA_OPCIONES
AGUASCALIENTES,A145AA,2020-02-11,0.1990023,0.3679381055555555,0.0,0.0,0.0,0.0,0.0,0.0,0.0,0.0,0.0,0.0,0.0,0.0,0.0,0.0,1.0,0,0.0,0,0,,18000.0,6622.8859,5002.65,6374.464099999999,11377.114099999999,0.24,1,restructure-light,PIA_OPCIONES
EDOMEX - TLANEPANTLA,A1506D,2025-07-27,0.117799592,0.25628696,0.0,0.0,0.0,0.0,0.0,0.0,0.0,0.0,0.0,0.0,0.0,0.0,0.0,0.0,1.0,0,0.0,0,0,,18000.0,4613.16528,6361.9,7024.934719999999,13386.834719999999,0.283,1,restructure-light,PIA_OPCIONES
EDOMEX - TLANEPANTLA,A154JMF,2025-07-31,0.1449758425,0.3196968183333333,0.0,0.0,0.0,0.0,0.0,0.0,0.0,0.0,0.0,0.0,0.0,0.0,0.0,0.0,1.0,0,0.0,0,0,,18000.0,5754.54273,7275.25,4970.207269999999,12245.457269999999,0.259,1,restructure-light,PIA_OPCIONES
EDOMEX - TLANEPANTLA,A1656L,2024-03-09,0.0479819105555555,0.0479819105555555,0.0,0.0,0.0,0.0,0.0,0.0,0.0,0.0,0.0,0.0,0.0,0.0,0.0,0.0,1.0,0,0.0,0,0,,18000.0,863.6743899999999,11170.61,5965.715609999999,17136.32561,0.362,1,restructure-light,PIA_OPCIONES
EDOMEX - TLANEPANTLA,A1669G,2024-02-11,0.0131712766666666,0.0131712766666666,0.0,0.0,0.0,0.0,0.0,0.0,0.0,0.0,0.0,0.0,0.0,0.0,0.0,0.0,1.0,0,0.0,0,0,,18000.0,237.08297999999996,10586.24,7176.677020000001,17762.91702,0.375,1,restructure-light,PIA_OPCIONES
EDOMEX - TLANEPANTLA,A1693J,2023-12-30,0.0095270827777777,0.0095270827777777,0.0,0.0,0.0,0.0,0.0,0.0,0.0,0.0,0.0,0.0,0.0,0.0,0.0,0.0,1.0,0,0.0,0,0,,18000.0,171.48748999999998,6248.34,11580.17251,17828.51251,0.376,1,restructure-light,PIA_OPCIONES
EDOMEX - TLANEPANTLA,A1724E,2025-06-06,0.0080128051111111,0.0080128051111111,0.0,0.0,0.0,0.0,0.0,0.0,0.0,0.0,0.0,0.0,0.0,0.0,0.0,0.0,1.0,0,0.0,0,0,,18000.0,144.230492,7967.25,9888.519508000001,17855.769508,0.377,1,restructure-light,PIA_OPCIONES
EDOMEX - TLANEPANTLA,A1725K,2024-10-10,0.037219115,0.037219115,0.0,0.0,0.0,0.0,0.0,0.0,0.0,0.0,0.0,0.0,0.0,0.0,0.0,0.0,1.0,0,0.0,0,0,,18000.0,669.94407,13970.68,3359.3759299999983,17330.05593,0.366,1,restructure-light,PIA_OPCIONES
EDOMEX - TLANEPANTLA,A1776H,2025-07-31,0.181342764,0.3438240546111111,0.0,0.0,0.0,0.0,0.0,0.0,0.0,0.0,0.0,0.0,0.0,0.0,0.0,0.0,1.0,0,0.0,0,0,,18000.0,6188.832982999999,8061.75,3749.4170169999998,11811.167017,0.249,1,restructure-light,PIA_OPCIONES
EDOMEX - TLANEPANTLA,A177JMK,2025-07-08,0.1042258111111111,0.1042258111111111,0.0,0.0,0.0,0.0,0.0,0.0,0.0,0.0,0.0,0.0,0.0,0.0,0.0,0.0,1.0,0,0.0,0,0,,18000.0,1876.0646,11117.28,5006.6554,16123.9354,0.34,1,restructure-light,PIA_OPCIONES
EDOMEX - TLANEPANTLA,A1805G,2025-05-17,0.0107885162777777,0.0107885162777777,0.0,0.0,0.0,0.0,0.0,0.0,0.0,0.0,0.0,0.0,0.0,0.0,0.0,0.0,1.0,0,0.0,0,0,,18000.0,194.193293,12501.85,5303.956706999999,17805.806707,0.376,1,restructure-light,PIA_OPCIONES
EDOMEX - ECATEPEC,A1830K,2025-07-20,0.0153521828333333,0.0153521828333333,0.0,0.0,0.0,0.0,0.0,0.0,0.0,0.0,0.0,0.0,0.0,0.0,0.0,0.0,1.0,0,0.0,0,0,,18000.0,276.339291,13429.96,4293.700709000001,17723.660709,0.374,1,restructure-light,PIA_OPCIONES
EDOMEX - TLANEPANTLA,A1844K,2025-07-28,0.1106853577777777,0.1442549,0.0,0.0,0.0,0.0,0.0,0.0,0.0,0.0,0.0,0.0,0.0,0.0,0.0,0.0,1.0,0,0.0,0,0,,18000.0,2596.5882,5158.06,10245.3518,15403.4118,0.325,1,restructure-light,PIA_OPCIONES
EDOMEX - ECATEPEC,A1861G,2025-07-01,0.1151020385,0.2612974357222222,0.0,0.0,0.0,0.0,0.0,0.0,0.0,0.0,0.0,0.0,0.0,0.0,0.0,0.0,1.0,0,0.0,0,0,,18000.0,4703.353843,6913.79,6382.856156999999,13296.646157,0.281,1,restructure-light,PIA_OPCIONES
EDOMEX - TLANEPANTLA,A1908B,2025-03-14,0.1060567683333333,0.2104916383333333,0.0,0.0,0.0,0.0,0.0,0.0,0.0,0.0,0.0,0.0,0.0,0.0,0.0,0.0,1.0,0,0.0,0,0,,18000.0,3788.84949,8863.73,5347.42051,14211.15051,0.3,1,restructure-light,PIA_OPCIONES
EDOMEX - TLANEPANTLA,A191JMD,2024-09-05,0.0391668872222222,0.0391668872222222,0.0,0.0,0.0,0.0,0.0,0.0,0.0,0.0,0.0,0.0,0.0,0.0,0.0,0.0,1.0,0,0.0,0,0,,18000.0,705.00397,8700.66,8594.336029999999,17294.99603,0.365,1,restructure-light,PIA_OPCIONES
EDOMEX - ECATEPEC,A1921M,2025-07-17,0.0219776994999999,0.0219776994999999,0.0,0.0,0.0,0.0,0.0,0.0,0.0,0.0,0.0,0.0,0.0,0.0,0.0,0.0,1.0,0,0.0,0,0,,18000.0,395.59859099999994,14201.25,3403.1514089999982,17604.401409,0.372,1,restructure-light,PIA_OPCIONES
EDOMEX - TLANEPANTLA,A1930N,2024-08-20,0.0108016605555555,0.0108016605555555,0.0,0.0,0.0,0.0,0.0,0.0,0.0,0.0,0.0,0.0,0.0,0.0,0.0,0.0,1.0,0,0.0,0,0,,18000.0,194.42989,10497.16,7308.410110000001,17805.57011,0.376,1,restructure-light,PIA_OPCIONES
EDOMEX - TLANEPANTLA,A1939N,2025-03-10,0.1097384172222222,0.1097384172222222,0.0,0.0,0.0,0.0,0.0,0.0,0.0,0.0,0.0,0.0,0.0,0.0,0.0,0.0,1.0,0,0.0,0,0,,18000.0,1975.29151,12197.63,3827.0784900000017,16024.70849,0.338,1,restructure-light,PIA_OPCIONES
EDOMEX - TLANEPANTLA,A19BNE,2025-07-29,0.141228297,0.3130157161666667,0.0,0.0,0.0,0.0,0.0,0.0,0.0,0.0,0.0,0.0,0.0,0.0,0.0,0.0,1.0,0,0.0,0,0,,18000.0,5634.282891,10031.18,2334.537109000001,12365.717109000001,0.261,1,restructure-light,PIA_OPCIONES
EDOMEX - TLANEPANTLA,A2000N,2025-07-31,0.1614519155,0.3401374093888888,0.0,0.0,0.0,0.0,0.0,0.0,0.0,0.0,0.0,0.0,0.0,0.0,0.0,0.0,1.0,0,0.0,0,0,,18000.0,6122.473368999999,7160.66,4716.866631000001,11877.526631,0.251,1,restructure-light,PIA_OPCIONES
EDOMEX - TLANEPANTLA,A2025H,2024-08-18,0.0084797272222222,0.0084797272222222,0.0,0.0,0.0,0.0,0.0,0.0,0.0,0.0,0.0,0.0,0.0,0.0,0.0,0.0,1.0,0,0.0,0,0,,18000.0,152.63509,15094.08,2753.2849100000003,17847.36491,0.377,1,restructure-light,PIA_OPCIONES
EDOMEX - TLANEPANTLA,A2044N,2023-12-24,0.1323088088888888,0.2562225538888888,0.0,0.0,0.0,0.0,0.0,0.0,0.0,0.0,0.0,0.0,0.0,0.0,0.0,0.0,1.0,0,0.0,0,0,,18000.0,4612.00597,8732.65,4655.34403,13387.99403,0.283,1,restructure-light,PIA_OPCIONES
EDOMEX - TLANEPANTLA,A2059C,2025-04-11,0.1383322088888888,0.3035920888888889,0.0,0.0,0.0,0.0,0.0,0.0,0.0,0.0,0.0,0.0,0.0,0.0,0.0,0.0,1.0,0,0.0,0,0,,18000.0,5464.6576000000005,10155.69,2379.652399999999,12535.3424,0.265,1,restructure-light,PIA_OPCIONES
EDOMEX - TLANEPANTLA,A2082M,2024-03-08,0.0201428433333333,0.0201428433333333,0.0,0.0,0.0,0.0,0.0,0.0,0.0,0.0,0.0,0.0,0.0,0.0,0.0,0.0,1.0,0,0.0,0,0,,18000.0,362.57118,8895.52,8741.90882,17637.42882,0.372,1,restructure-light,PIA_OPCIONES
EDOMEX - TLANEPANTLA,A2092L,2025-07-27,0.1325737861666666,0.2879723161666666,0.0,0.0,0.0,0.0,0.0,0.0,0.0,0.0,0.0,0.0,0.0,0.0,0.0,0.0,1.0,0,0.0,0,0,,18000.0,5183.5016909999995,7680.8,5135.698309,12816.498309,0.271,1,restructure-light,PIA_OPCIONES
EDOMEX - TLANEPANTLA,A2101H,2024-08-16,0.0114622105555555,0.0114622105555555,0.0,0.0,0.0,0.0,0.0,0.0,0.0,0.0,0.0,0.0,0.0,0.0,0.0,0.0,1.0,0,0.0,0,0,,18000.0,206.31979,11011.56,6782.120209999999,17793.68021,0.376,1,restructure-light,PIA_OPCIONES
EDOMEX - TLANEPANTLA,A2118G,2025-03-31,0.0944957288888888,0.0944957288888888,0.0,0.0,0.0,0.0,0.0,0.0,0.0,0.0,0.0,0.0,0.0,0.0,0.0,0.0,1.0,0,0.0,0,0,,18000.0,1700.92312,5916.37,10382.706880000002,16299.07688,0.344,1,restructure-light,PIA_OPCIONES
EDOMEX - TLANEPANTLA,A2164D,2024-10-17,0.0182249322222222,0.0182249322222222,0.0,0.0,0.0,0.0,0.0,0.0,0.0,0.0,0.0,0.0,0.0,0.0,0.0,0.0,1.0,0,0.0,0,0,,18000.0,328.04877999999997,9527.51,8144.441219999999,17671.95122,0.373,1,restructure-light,PIA_OPCIONES
EDOMEX - TLANEPANTLA,A2175A,2025-06-10,0.0666009326666666,0.0666009326666666,0.0,0.0,0.0,0.0,0.0,0.0,0.0,0.0,0.0,0.0,0.0,0.0,0.0,0.0,1.0,0,0.0,0,0,,18000.0,1198.816788,14287.77,2513.4132119999995,16801.183212,0.355,1,restructure-light,PIA_OPCIONES
EDOMEX - TLANEPANTLA,A2175D,2025-02-27,0.1309289649999999,0.28137353,0.0,0.0,0.0,0.0,0.0,0.0,0.0,0.0,0.0,0.0,0.0,0.0,0.0,0.0,1.0,0,0.0,0,0,,18000.0,5064.72354,8776.58,4158.696460000001,12935.276460000001,0.273,1,restructure-light,PIA_OPCIONES
EDOMEX - TLANEPANTLA,A2203E,2025-05-16,0.1684776930555555,0.3633643128333333,0.0,0.0,0.0,0.0,0.0,0.0,0.0,0.0,0.0,0.0,0.0,0.0,0.0,0.0,1.0,0,0.0,0,0,,18000.0,6540.557631,4658.31,6801.132369,11459.442369,0.242,1,restructure-light,PIA_OPCIONES
EDOMEX - TLANEPANTLA,A222JMG,2025-01-25,0.161768925,0.33841221,0.0,0.0,0.0,0.0,0.0,0.0,0.0,0.0,0.0,0.0,0.0,0.0,0.0,0.0,1.0,0,0.0,0,0,,18000.0,6091.41978,5993.75,5914.83022,11908.58022,0.251,1,restructure-light,PIA_OPCIONES
EDOMEX - TLANEPANTLA,A2235C,2025-05-06,0.1209768715555555,0.1647962365555555,0.0,0.0,0.0,0.0,0.0,0.0,0.0,0.0,0.0,0.0,0.0,0.0,0.0,0.0,1.0,0,0.0,0,0,,18000.0,2966.332258,6238.4,8795.267742,15033.667742,0.317,1,restructure-light,PIA_OPCIONES
EDOMEX - TLANEPANTLA,A22603,2025-07-27,0.0920560331666666,0.0920560331666666,0.0,0.0,0.0,0.0,0.0,0.0,0.0,0.0,0.0,0.0,0.0,0.0,0.0,0.0,1.0,0,0.0,0,0,,18000.0,1657.008597,5146.31,11196.681402999999,16342.991403,0.345,1,restructure-light,PIA_OPCIONES
EDOMEX - TLANEPANTLA,A23232E,2025-07-31,0.4743308881666666,0.9826552511666666,0.0,0.0,0.0,0.0,0.0,0.0,0.0,0.0,0.0,0.0,0.0,0.0,0.0,0.0,1.0,0,0.0,0,0,,18000.0,17687.794521,267.4,44.80547900000022,312.2054790000002,0.007,1,advisor-review,PIA_OPCIONES
EDOMEX - TLANEPANTLA,A23276E,2024-07-19,0.0368767049999999,0.0368767049999999,0.0,0.0,0.0,0.0,0.0,0.0,0.0,0.0,0.0,0.0,0.0,0.0,0.0,0.0,1.0,0,0.0,0,0,,18000.0,663.7806899999999,9863.0,7473.21931,17336.21931,0.366,1,restructure-light,PIA_OPCIONES
EDOMEX - TLANEPANTLA,A23350E,2024-10-09,0.5220879455555556,1.126210112222222,0.0,0.0,0.0,0.0,0.0,0.0,0.0,0.0,0.0,0.0,0.0,0.0,0.0,0.0,1.0,0,0.0,0,0,,18000.0,20271.78202,0.0,0.0,0.0,0.0,1,advisor-review,PIA_OPCIONES
EDOMEX - TLANEPANTLA,A23443E,2025-07-31,0.2725989523333333,0.5625069483333334,0.0,0.0,0.0,0.0,0.0,0.0,0.0,0.0,0.0,0.0,0.0,0.0,0.0,0.0,1.0,0,0.0,0,0,,18000.0,10125.12507,5190.22,2684.6549299999997,7874.87493,0.166,1,restructure-light,PIA_OPCIONES
EDOMEX - TLANEPANTLA,A23685E,2024-03-24,0.410800071111111,0.8622134538888889,0.0,0.0,0.0,0.0,0.0,0.0,0.0,0.0,0.0,0.0,0.0,0.0,0.0,0.0,1.0,0,0.0,0,0,,18000.0,15519.84217,754.93,1725.2278300000003,2480.15783,0.052,1,advisor-review,PIA_OPCIONES
EDOMEX - ECATEPEC,A23726E,2024-11-26,0.3809289777777778,0.6881651416666666,0.0,0.0,0.0,0.0,0.0,0.0,0.0,0.0,0.0,0.0,0.0,0.0,0.0,0.0,1.0,0,0.0,0,0,,18000.0,12386.97255,2620.24,2992.78745,5613.02745,0.118,1,advisor-review,PIA_OPCIONES
EDOMEX - TLANEPANTLA,A23757E,2025-02-12,0.5184976466666666,1.1186742655555555,0.0,0.0,0.0,0.0,0.0,0.0,0.0,0.0,0.0,0.0,0.0,0.0,0.0,0.0,1.0,0,0.0,0,0,,18000.0,20136.13678,0.0,0.0,0.0,0.0,1,advisor-review,PIA_OPCIONES
EDOMEX - ECATEPEC,A2381G,2025-03-27,0.0093804772222222,0.0093804772222222,0.0,0.0,0.0,0.0,0.0,0.0,0.0,0.0,0.0,0.0,0.0,0.0,0.0,0.0,1.0,0,0.0,0,0,,18000.0,168.84859,12129.85,5701.301409999998,17831.15141,0.376,1,restructure-light,PIA_OPCIONES
EDOMEX - ECATEPEC,A24207E,2025-07-31,0.2941074934999999,0.5886089793333333,0.0,0.0,0.0,0.0,0.0,0.0,0.0,0.0,0.0,0.0,0.0,0.0,0.0,0.0,1.0,0,0.0,0,0,,18000.0,10594.961628,6583.7,821.3383720000011,7405.038372000001,0.156,1,restructure-light,PIA_OPCIONES
EDOMEX - TLANEPANTLA,A24320E,2025-07-30,0.4244903909999999,0.9156517256666666,0.0,0.0,0.0,0.0,0.0,0.0,0.0,0.0,0.0,0.0,0.0,0.0,0.0,0.0,1.0,0,0.0,0,0,,18000.0,16481.731062,1020.6,497.66893800000105,1518.268938000001,0.032,1,advisor-review,PIA_OPCIONES
EDOMEX - TLANEPANTLA,A24333E,2024-10-25,0.3960111244444445,0.9020679538888888,0.0,0.0,0.0,0.0,0.0,0.0,0.0,0.0,0.0,0.0,0.0,0.0,0.0,0.0,1.0,0,0.0,0,0,,18000.0,16237.22317,1033.87,728.9068300000008,1762.7768300000007,0.037,1,advisor-review,PIA_OPCIONES
EDOMEX - TLANEPANTLA,A24346E,2025-03-30,0.4057607333333333,0.9112259666666668,0.0,0.0,0.0,0.0,0.0,0.0,0.0,0.0,0.0,0.0,0.0,0.0,0.0,0.0,1.0,0,0.0,0,0,,18000.0,16402.0674,1209.41,388.5226,1597.9326,0.034,1,advisor-review,PIA_OPCIONES
EDOMEX - TLANEPANTLA,A24472E,2024-10-26,0.4077573188888889,0.599819445,0.0,0.0,0.0,0.0,0.0,0.0,0.0,0.0,0.0,0.0,0.0,0.0,0.0,0.0,1.0,0,0.0,0,0,,18000.0,10796.75001,6065.11,1138.1399900000006,7203.24999,0.152,1,restructure-light,PIA_OPCIONES
EDOMEX - TLANEPANTLA,A24473E,2025-04-09,0.4963917438888888,1.0353564438888887,0.0,0.0,0.0,0.0,0.0,0.0,0.0,0.0,0.0,0.0,0.0,0.0,0.0,0.0,1.0,0,0.0,0,0,,18000.0,18636.41599,0.0,0.0,0.0,0.0,1,advisor-review,PIA_OPCIONES
EDOMEX - TLANEPANTLA,A24616E,2025-07-29,0.4791897118333333,1.078170683333333,0.0,0.0,0.0,0.0,0.0,0.0,0.0,0.0,0.0,0.0,0.0,0.0,0.0,0.0,1.0,0,0.0,0,0,,18000.0,19407.0723,0.0,0.0,0.0,0.0,1,advisor-review,PIA_OPCIONES
EDOMEX - TLANEPANTLA,A24630E,2025-06-16,0.3707730136111111,0.9299510302777778,0.0,0.0,0.0,0.0,0.0,0.0,0.0,0.0,0.0,0.0,0.0,0.0,0.0,0.0,1.0,0,0.0,0,0,,18000.0,16739.118545,969.87,291.0114549999988,1260.8814549999988,0.027,1,advisor-review,PIA_OPCIONES
EDOMEX - TLANEPANTLA,A2464C,2025-07-25,0.188291938,0.4306539942777777,0.0,0.0,0.0,0.0,0.0,0.0,0.0,0.0,0.0,0.0,0.0,0.0,0.0,0.0,1.0,0,0.0,0,0,,18000.0,7751.771897,8404.38,1843.848103000002,10248.228103000001,0.216,1,restructure-light,PIA_OPCIONES
EDOMEX - TLANEPANTLA,A24654E,2025-07-30,0.2741784241666666,0.5188139613333332,0.0,0.0,0.0,0.0,0.0,0.0,0.0,0.0,0.0,0.0,0.0,0.0,0.0,0.0,1.0,0,0.0,0,0,,18000.0,9338.651304,3191.38,5469.968695999999,8661.348696,0.183,1,restructure-light,PIA_OPCIONES
EDOMEX - TLANEPANTLA,A2473G,2025-04-24,0.0427789527777777,0.0427789527777777,0.0,0.0,0.0,0.0,0.0,0.0,0.0,0.0,0.0,0.0,0.0,0.0,0.0,0.0,1.0,0,0.0,0,0,,18000.0,770.02115,12740.68,4489.298849999999,17229.97885,0.364,1,restructure-light,PIA_OPCIONES
EDOMEX - ECATEPEC,A24761E,2025-07-31,0.495451041,1.0717623536666665,0.0,0.0,0.0,0.0,0.0,0.0,0.0,0.0,0.0,0.0,0.0,0.0,0.0,0.0,1.0,0,0.0,0,0,,18000.0,19291.722366,0.0,0.0,0.0,0.0,1,advisor-review,PIA_OPCIONES
EDOMEX - TLANEPANTLA,A24766E,2023-11-20,0.0882733872222222,0.0882733872222222,0.0,0.0,0.0,0.0,0.0,0.0,0.0,0.0,0.0,0.0,0.0,0.0,0.0,0.0,1.0,0,0.0,0,0,,18000.0,1588.92097,10369.54,6041.53903,16411.07903,0.346,1,restructure-light,PIA_OPCIONES
EDOMEX - TLANEPANTLA,A24778E,2024-10-29,0.4648265611111111,0.9398785194444444,0.0,0.0,0.0,0.0,0.0,0.0,0.0,0.0,0.0,0.0,0.0,0.0,0.0,0.0,1.0,0,0.0,0,0,,18000.0,16917.81335,749.37,332.81664999999964,1082.1866499999996,0.023,1,advisor-review,PIA_OPCIONES
EDOMEX - TLANEPANTLA,A2488M,2025-05-28,0.1260403461666666,0.2902266541666666,0.0,0.0,0.0,0.0,0.0,0.0,0.0,0.0,0.0,0.0,0.0,0.0,0.0,0.0,1.0,0,0.0,0,0,,18000.0,5224.079774999999,11266.94,1508.9802250000012,12775.920225000002,0.27,1,restructure-light,PIA_OPCIONES
EDOMEX - TLANEPANTLA,A2490E,2025-07-20,0.0889715953888888,0.0889715953888888,0.0,0.0,0.0,0.0,0.0,0.0,0.0,0.0,0.0,0.0,0.0,0.0,0.0,0.0,1.0,0,0.0,0,0,,18000.0,1601.488717,14606.92,1791.5912829999997,16398.511283,0.346,1,restructure-light,PIA_OPCIONES
EDOMEX - TLANEPANTLA,A25096E,2025-07-31,0.2865934635,0.6261291603333333,0.0,0.0,0.0,0.0,0.0,0.0,0.0,0.0,0.0,0.0,0.0,0.0,0.0,0.0,1.0,0,0.0,0,0,,18000.0,11270.324886,3182.71,3546.9651139999996,6729.675114,0.142,1,advisor-review,PIA_OPCIONES
EDOMEX - TLANEPANTLA,A25097E,2023-11-23,0.016637705,0.016637705,0.0,0.0,0.0,0.0,0.0,0.0,0.0,0.0,0.0,0.0,0.0,0.0,0.0,0.0,1.0,0,0.0,0,0,,18000.0,299.47869,13102.85,4597.67131,17700.52131,0.374,1,restructure-light,PIA_OPCIONES
EDOMEX - TLANEPANTLA,A25250E,2024-10-21,0.0309784605555555,0.0309784605555555,0.0,0.0,0.0,0.0,0.0,0.0,0.0,0.0,0.0,0.0,0.0,0.0,0.0,0.0,1.0,0,0.0,0,0,,18000.0,557.61229,13081.62,4360.767709999998,17442.38771,0.368,1,restructure-light,PIA_OPCIONES
EDOMEX - ECATEPEC,A2525C,2025-07-31,0.1297267575555555,0.2664914914444444,0.0,0.0,0.0,0.0,0.0,0.0,0.0,0.0,0.0,0.0,0.0,0.0,0.0,0.0,1.0,0,0.0,0,0,,18000.0,4796.846846,6705.82,6497.333154,13203.153154,0.279,1,restructure-light,PIA_OPCIONES
EDOMEX - TLANEPANTLA,A25271E,2025-07-24,0.4396088933333333,1.0403574598333334,0.0,0.0,0.0,0.0,0.0,0.0,0.0,0.0,0.0,0.0,0.0,0.0,0.0,0.0,1.0,0,0.0,0,0,,18000.0,18726.434277,0.0,0.0,0.0,0.0,1,advisor-review,PIA_OPCIONES
EDOMEX - ECATEPEC,A2539C,2025-07-13,0.0166599383888888,0.0166599383888888,0.0,0.0,0.0,0.0,0.0,0.0,0.0,0.0,0.0,0.0,0.0,0.0,0.0,0.0,1.0,0,0.0,0,0,,18000.0,299.878891,5744.9,11955.221109,17700.121109,0.374,1,restructure-light,PIA_OPCIONES
EDOMEX - ECATEPEC,A25907,2025-01-27,0.0074054994444444,0.0074054994444444,0.0,0.0,0.0,0.0,0.0,0.0,0.0,0.0,0.0,0.0,0.0,0.0,0.0,0.0,1.0,0,0.0,0,0,,18000.0,133.29899,13693.14,4173.561010000001,17866.70101,0.377,1,restructure-light,PIA_OPCIONES
EDOMEX - TLANEPANTLA,A2591J,2024-10-29,0.132252245,0.284208435,0.0,0.0,0.0,0.0,0.0,0.0,0.0,0.0,0.0,0.0,0.0,0.0,0.0,0.0,1.0,0,0.0,0,0,,18000.0,5115.75183,7650.92,5233.328169999999,12884.248169999999,0.272,1,restructure-light,PIA_OPCIONES
EDOMEX - ECATEPEC,A25924E,2025-07-31,0.4449205513333333,0.9841654513333334,0.0,0.0,0.0,0.0,0.0,0.0,0.0,0.0,0.0,0.0,0.0,0.0,0.0,0.0,1.0,0,0.0,0,0,,18000.0,17714.978124,254.05,30.971875999998872,285.0218759999989,0.006,1,advisor-review,PIA_OPCIONES
EDOMEX - ECATEPEC,A25990E,2025-03-27,0.4112339733333333,0.9815071316666668,0.0,0.0,0.0,0.0,0.0,0.0,0.0,0.0,0.0,0.0,0.0,0.0,0.0,0.0,1.0,0,0.0,0,0,,18000.0,17667.128370000002,192.73,140.14162999999783,332.8716299999978,0.007,1,advisor-review,PIA_OPCIONES
EDOMEX - ECATEPEC,A26052E,2025-02-07,0.4849203466666666,0.98701384,0.0,0.0,0.0,0.0,0.0,0.0,0.0,0.0,0.0,0.0,0.0,0.0,0.0,0.0,1.0,0,0.0,0,0,,18000.0,17766.24912,207.28,26.470879999999596,233.7508799999996,0.005,1,advisor-review,PIA_OPCIONES
EDOMEX - ECATEPEC,A26057E,2025-07-30,0.2299034773333332,0.4852475579999999,0.0,0.0,0.0,0.0,0.0,0.0,0.0,0.0,0.0,0.0,0.0,0.0,0.0,0.0,1.0,0,0.0,0,0,,18000.0,8734.456043999999,5067.75,4197.793956000001,9265.543956000001,0.196,1,restructure-light,PIA_OPCIONES
EDOMEX - TLANEPANTLA,A26082E,2025-07-31,0.3886478296666666,0.8052993921666666,0.0,0.0,0.0,0.0,0.0,0.0,0.0,0.0,0.0,0.0,0.0,0.0,0.0,0.0,1.0,0,0.0,0,0,,18000.0,14495.389059,2720.31,784.3009410000009,3504.610941000001,0.074,1,advisor-review,PIA_OPCIONES
EDOMEX - TLANEPANTLA,A26145,2025-07-17,0.1302209583888889,0.2568571181666667,0.0,0.0,0.0,0.0,0.0,0.0,0.0,0.0,0.0,0.0,0.0,0.0,0.0,0.0,1.0,0,0.0,0,0,,18000.0,4623.428127,4693.73,8682.841873000001,13376.571873,0.282,1,restructure-light,PIA_OPCIONES
EDOMEX - TLANEPANTLA,A26160E,2024-08-30,0.0718987161111111,0.0718987161111111,0.0,0.0,0.0,0.0,0.0,0.0,0.0,0.0,0.0,0.0,0.0,0.0,0.0,0.0,1.0,0,0.0,0,0,,18000.0,1294.17689,10579.41,6126.413110000001,16705.82311,0.353,1,restructure-light,PIA_OPCIONES
EDOMEX - TLANEPANTLA,A26364E,2024-10-17,0.0266615327777777,0.0266615327777777,0.0,0.0,0.0,0.0,0.0,0.0,0.0,0.0,0.0,0.0,0.0,0.0,0.0,0.0,1.0,0,0.0,0,0,,18000.0,479.90759,13687.32,3832.7724100000014,17520.09241,0.37,1,restructure-light,PIA_OPCIONES
EDOMEX - ECATEPEC,A26374E,2025-04-09,0.0093484505555555,0.0093484505555555,0.0,0.0,0.0,0.0,0.0,0.0,0.0,0.0,0.0,0.0,0.0,0.0,0.0,0.0,1.0,0,0.0,0,0,,18000.0,168.27211,15242.94,2588.787889999998,17831.72789,0.376,1,restructure-light,PIA_OPCIONES
EDOMEX - TLANEPANTLA,A2657C,2025-07-21,0.1328272322777778,0.2967256072777778,0.0,0.0,0.0,0.0,0.0,0.0,0.0,0.0,0.0,0.0,0.0,0.0,0.0,0.0,1.0,0,0.0,0,0,,18000.0,5341.060931,10045.5,2613.439069,12658.939069,0.267,1,restructure-light,PIA_OPCIONES
EDOMEX - TLANEPANTLA,A26614E,2025-04-13,0.6457941716666666,1.361479455,0.0,0.0,0.0,0.0,0.0,0.0,0.0,0.0,0.0,0.0,0.0,0.0,0.0,0.0,1.0,0,0.0,0,0,,18000.0,24506.63019,0.0,0.0,0.0,0.0,1,advisor-review,PIA_OPCIONES
EDOMEX - TLANEPANTLA,A266JME,2025-07-31,0.1710143418333333,0.3538283391666666,0.0,0.0,0.0,0.0,0.0,0.0,0.0,0.0,0.0,0.0,0.0,0.0,0.0,0.0,1.0,0,0.0,0,0,,18000.0,6368.910105,6090.29,5540.799895000001,11631.089895000001,0.246,1,restructure-light,PIA_OPCIONES
EDOMEX - ECATEPEC,A26706E,2025-07-10,0.3065181741666666,0.7002946741666667,0.0,0.0,0.0,0.0,0.0,0.0,0.0,0.0,0.0,0.0,0.0,0.0,0.0,0.0,1.0,0,0.0,0,0,,18000.0,12605.304135,1776.04,3618.6558649999997,5394.695865,0.114,1,advisor-review,PIA_OPCIONES
EDOMEX - TLANEPANTLA,A2674M,2025-07-18,0.1075680481111111,0.1075680481111111,0.0,0.0,0.0,0.0,0.0,0.0,0.0,0.0,0.0,0.0,0.0,0.0,0.0,0.0,1.0,0,0.0,0,0,,18000.0,1936.224866,5872.42,10191.355134,16063.775134,0.339,1,restructure-light,PIA_OPCIONES
EDOMEX - ECATEPEC,A2705K,2025-01-04,0.142405205,0.142405205,0.0,0.0,0.0,0.0,0.0,0.0,0.0,0.0,0.0,0.0,0.0,0.0,0.0,0.0,1.0,0,0.0,0,0,,18000.0,2563.29369,10885.71,4550.99631,15436.70631,0.326,1,restructure-light,PIA_OPCIONES
EDOMEX - TLANEPANTLA,A274JMF,2025-07-27,0.1795249183333333,0.3858468415,0.0,0.0,0.0,0.0,0.0,0.0,0.0,0.0,0.0,0.0,0.0,0.0,0.0,0.0,1.0,0,0.0,0,0,,18000.0,6945.243147,8047.36,3007.3968529999993,11054.756852999999,0.233,1,restructure-light,PIA_OPCIONES
EDOMEX - TLANEPANTLA,A27513E,2024-06-17,0.4205745561111111,0.5034262538888888,0.0,0.0,0.0,0.0,0.0,0.0,0.0,0.0,0.0,0.0,0.0,0.0,0.0,0.0,1.0,0,0.0,0,0,,18000.0,9061.67257,6830.96,2107.3674299999993,8938.32743,0.189,1,restructure-light,PIA_OPCIONES
EDOMEX - TLANEPANTLA,A27549E,2025-02-20,0.6077927166666667,1.28542684,0.0,0.0,0.0,0.0,0.0,0.0,0.0,0.0,0.0,0.0,0.0,0.0,0.0,0.0,1.0,0,0.0,0,0,,18000.0,23137.68312,0.0,0.0,0.0,0.0,1,advisor-review,PIA_OPCIONES
EDOMEX - TLANEPANTLA,A2757H,2024-06-24,0.0105614605555555,0.0105614605555555,0.0,0.0,0.0,0.0,0.0,0.0,0.0,0.0,0.0,0.0,0.0,0.0,0.0,0.0,1.0,0,0.0,0,0,,18000.0,190.10629,13244.49,4565.4037100000005,17809.89371,0.376,1,restructure-light,PIA_OPCIONES
EDOMEX - ECATEPEC,A2761B,2025-07-23,0.1315507343333333,0.1562235445555555,0.0,0.0,0.0,0.0,0.0,0.0,0.0,0.0,0.0,0.0,0.0,0.0,0.0,0.0,1.0,0,0.0,0,0,,18000.0,2812.0238019999997,11854.56,3333.416198000001,15187.976198,0.321,1,restructure-light,PIA_OPCIONES
EDOMEX - TLANEPANTLA,A278JMF,2024-12-20,0.0577557066666666,0.0577557066666666,0.0,0.0,0.0,0.0,0.0,0.0,0.0,0.0,0.0,0.0,0.0,0.0,0.0,0.0,1.0,0,0.0,0,0,,18000.0,1039.60272,5586.39,11374.007280000002,16960.39728,0.358,1,restructure-light,PIA_OPCIONES
EDOMEX - TLANEPANTLA,A27973E,2025-05-12,0.3901428636666667,0.9198142636666664,0.0,0.0,0.0,0.0,0.0,0.0,0.0,0.0,0.0,0.0,0.0,0.0,0.0,0.0,1.0,0,0.0,0,0,,18000.0,16556.656745999997,636.11,807.2332540000031,1443.343254000003,0.03,1,advisor-review,PIA_OPCIONES
EDOMEX - TLANEPANTLA,A2797B,2024-09-15,0.0097474494444444,0.0097474494444444,0.0,0.0,0.0,0.0,0.0,0.0,0.0,0.0,0.0,0.0,0.0,0.0,0.0,0.0,1.0,0,0.0,0,0,,18000.0,175.45409,11998.39,5826.155910000001,17824.54591,0.376,1,restructure-light,PIA_OPCIONES
EDOMEX - TLANEPANTLA,A2810C,2024-12-20,0.0213420599999999,0.0213420599999999,0.0,0.0,0.0,0.0,0.0,0.0,0.0,0.0,0.0,0.0,0.0,0.0,0.0,0.0,1.0,0,0.0,0,0,,18000.0,384.1570799999999,14354.71,3261.13292,17615.84292,0.372,1,restructure-light,PIA_OPCIONES
EDOMEX - TLANEPANTLA,A28124E,2025-06-05,0.385706041,0.8197280576666667,0.0,0.0,0.0,0.0,0.0,0.0,0.0,0.0,0.0,0.0,0.0,0.0,0.0,0.0,1.0,0,0.0,0,0,,18000.0,14755.105038,982.23,2262.6649620000003,3244.8949620000003,0.069,1,advisor-review,PIA_OPCIONES
EDOMEX - ECATEPEC,A281JTS,2025-06-29,0.0124101331666666,0.0124101331666666,0.0,0.0,0.0,0.0,0.0,0.0,0.0,0.0,0.0,0.0,0.0,0.0,0.0,0.0,1.0,0,0.0,0,0,,18000.0,223.38239699999997,10822.01,6954.607602999999,17776.617603,0.375,1,restructure-light,PIA_OPCIONES
EDOMEX - ECATEPEC,A2835L,2025-07-30,0.1243345462222222,0.2613541315555555,0.0,0.0,0.0,0.0,0.0,0.0,0.0,0.0,0.0,0.0,0.0,0.0,0.0,0.0,1.0,0,0.0,0,0,,18000.0,4704.374368,9391.66,3903.9656319999995,13295.625632,0.281,1,restructure-light,PIA_OPCIONES
EDOMEX - TLANEPANTLA,A2841C,2025-07-30,0.2177374349999999,0.4441208576666667,0.0,0.0,0.0,0.0,0.0,0.0,0.0,0.0,0.0,0.0,0.0,0.0,0.0,0.0,1.0,0,0.0,0,0,,18000.0,7994.175438,3179.49,6826.334562,10005.824562,0.211,1,restructure-light,PIA_OPCIONES
EDOMEX - TLANEPANTLA,A28535E,2025-07-30,0.4501051853333332,1.0009497426666665,0.0,0.0,0.0,0.0,0.0,0.0,0.0,0.0,0.0,0.0,0.0,0.0,0.0,0.0,1.0,0,0.0,0,0,,18000.0,18017.095368,0.0,0.0,0.0,0.0,1,advisor-review,PIA_OPCIONES
EDOMEX - TLANEPANTLA,A28624E,2025-02-24,0.3705722833333333,0.903661345,0.0,0.0,0.0,0.0,0.0,0.0,0.0,0.0,0.0,0.0,0.0,0.0,0.0,0.0,1.0,0,0.0,0,0,,18000.0,16265.90421,1452.1,281.9957899999995,1734.0957899999994,0.037,1,advisor-review,PIA_OPCIONES
EDOMEX - TLANEPANTLA,A2862L,2025-07-31,0.1881443776666666,0.3750460796666667,0.0,0.0,0.0,0.0,0.0,0.0,0.0,0.0,0.0,0.0,0.0,0.0,0.0,0.0,1.0,0,0.0,0,0,,18000.0,6750.829434,7907.8,3341.3705660000005,11249.170566,0.237,1,restructure-light,PIA_OPCIONES
EDOMEX - ECATEPEC,A2889E,2025-05-29,0.0324306697222222,0.0324306697222222,0.0,0.0,0.0,0.0,0.0,0.0,0.0,0.0,0.0,0.0,0.0,0.0,0.0,0.0,1.0,0,0.0,0,0,,18000.0,583.7520549999999,7708.34,9707.907944999999,17416.247945,0.368,1,restructure-light,PIA_OPCIONES
EDOMEX - ECATEPEC,A29015E,2025-07-30,0.4605653626666666,0.978698905,0.0,0.0,0.0,0.0,0.0,0.0,0.0,0.0,0.0,0.0,0.0,0.0,0.0,0.0,1.0,0,0.0,0,0,,18000.0,17616.580289999998,311.21,72.20971000000196,383.41971000000194,0.008,1,advisor-review,PIA_OPCIONES
EDOMEX - TLANEPANTLA,A2901C,2024-02-12,0.0053515105555555,0.0053515105555555,0.0,0.0,0.0,0.0,0.0,0.0,0.0,0.0,0.0,0.0,0.0,0.0,0.0,0.0,1.0,0,0.0,0,0,,18000.0,96.32719,9109.73,8793.94281,17903.67281,0.378,1,restructure-light,PIA_OPCIONES
EDOMEX - TLANEPANTLA,A29057E,2024-09-05,0.3474336677777778,0.7678378477777777,0.0,0.0,0.0,0.0,0.0,0.0,0.0,0.0,0.0,0.0,0.0,0.0,0.0,0.0,1.0,0,0.0,0,0,,18000.0,13821.08126,3393.31,785.6087399999992,4178.918739999999,0.088,1,advisor-review,PIA_OPCIONES
EDOMEX - TLANEPANTLA,A29081,2024-11-11,0.05364566,0.05364566,0.0,0.0,0.0,0.0,0.0,0.0,0.0,0.0,0.0,0.0,0.0,0.0,0.0,0.0,1.0,0,0.0,0,0,,18000.0,965.62188,8165.7,8868.67812,17034.37812,0.36,1,restructure-light,PIA_OPCIONES
EDOMEX - TLANEPANTLA,A29124E,2024-06-05,0.4789467627777778,0.5620550288888888,0.0,0.0,0.0,0.0,0.0,0.0,0.0,0.0,0.0,0.0,0.0,0.0,0.0,0.0,1.0,0,0.0,0,0,,18000.0,10116.99052,5157.0,2726.0094800000006,7883.009480000001,0.166,1,restructure-light,PIA_OPCIONES
EDOMEX - TLANEPANTLA,A2945E,2024-11-20,0.02462246,0.02462246,0.0,0.0,0.0,0.0,0.0,0.0,0.0,0.0,0.0,0.0,0.0,0.0,0.0,0.0,1.0,0,0.0,0,0,,18000.0,443.20428,9448.44,8108.355719999998,17556.79572,0.371,1,restructure-light,PIA_OPCIONES
EDOMEX - TLANEPANTLA,A29465E,2025-07-30,0.3299061568333333,0.679714764,0.0,0.0,0.0,0.0,0.0,0.0,0.0,0.0,0.0,0.0,0.0,0.0,0.0,0.0,1.0,0,0.0,0,0,,18000.0,12234.865752,2680.18,3084.9542480000005,5765.134248,0.122,1,advisor-review,PIA_OPCIONES
EDOMEX - TLANEPANTLA,A29517E,2024-01-01,0.0684192766666666,0.0684192766666666,0.0,0.0,0.0,0.0,0.0,0.0,0.0,0.0,0.0,0.0,0.0,0.0,0.0,0.0,1.0,0,0.0,0,0,,18000.0,1231.54698,13950.26,2818.1930200000006,16768.45302,0.354,1,restructure-light,PIA_OPCIONES
EDOMEX - TLANEPANTLA,A2961J,2025-07-31,0.1724721738333333,0.3646724173333333,0.0,0.0,0.0,0.0,0.0,0.0,0.0,0.0,0.0,0.0,0.0,0.0,0.0,0.0,1.0,0,0.0,0,0,,18000.0,6564.103512,4717.95,6717.9464880000005,11435.896488,0.241,1,restructure-light,PIA_OPCIONES
EDOMEX - ECATEPEC,A2967L,2025-03-30,0.0078458661111111,0.0078458661111111,0.0,0.0,0.0,0.0,0.0,0.0,0.0,0.0,0.0,0.0,0.0,0.0,0.0,0.0,1.0,0,0.0,0,0,,18000.0,141.22559,6266.41,11592.364409999998,17858.774409999998,0.377,1,restructure-light,PIA_OPCIONES
EDOMEX - TLANEPANTLA,A2988C,2025-06-08,0.0650589197777777,0.0650589197777777,0.0,0.0,0.0,0.0,0.0,0.0,0.0,0.0,0.0,0.0,0.0,0.0,0.0,0.0,1.0,0,0.0,0,0,,18000.0,1171.060556,8501.24,8327.699444,16828.939444,0.355,1,restructure-light,PIA_OPCIONES
EDOMEX - TLANEPANTLA,A29998E,2025-07-30,0.3861117861666666,0.8848020948333334,0.0,0.0,0.0,0.0,0.0,0.0,0.0,0.0,0.0,0.0,0.0,0.0,0.0,0.0,1.0,0,0.0,0,0,,18000.0,15926.437707,1514.91,558.6522930000008,2073.562293000001,0.044,1,advisor-review,PIA_OPCIONES
EDOMEX - TLANEPANTLA,A3043J,2024-12-18,0.0168801599999999,0.0168801599999999,0.0,0.0,0.0,0.0,0.0,0.0,0.0,0.0,0.0,0.0,0.0,0.0,0.0,0.0,1.0,0,0.0,0,0,,18000.0,303.84288,13881.91,3814.24712,17696.15712,0.374,1,restructure-light,PIA_OPCIONES
EDOMEX - TLANEPANTLA,A30514E,2025-07-30,0.4508594681666666,0.9326820481666668,0.0,0.0,0.0,0.0,0.0,0.0,0.0,0.0,0.0,0.0,0.0,0.0,0.0,0.0,1.0,0,0.0,0,0,,18000.0,16788.276867,1089.64,122.0831329999994,1211.7231329999995,0.026,1,advisor-review,PIA_OPCIONES
EDOMEX - TLANEPANTLA,A3083D,2023-12-03,0.0177496988888888,0.0177496988888888,0.0,0.0,0.0,0.0,0.0,0.0,0.0,0.0,0.0,0.0,0.0,0.0,0.0,0.0,1.0,0,0.0,0,0,,18000.0,319.49458000000004,8448.05,9232.455420000002,17680.50542,0.373,1,restructure-light,PIA_OPCIONES
EDOMEX - TLANEPANTLA,A3086D,2025-07-17,0.0661110085555555,0.0661110085555555,0.0,0.0,0.0,0.0,0.0,0.0,0.0,0.0,0.0,0.0,0.0,0.0,0.0,0.0,1.0,0,0.0,0,0,,18000.0,1189.998154,9157.5,7652.501845999999,16810.001846,0.355,1,restructure-light,PIA_OPCIONES
EDOMEX - ECATEPEC,A3151A,2025-07-11,0.0093539217777777,0.0093539217777777,0.0,0.0,0.0,0.0,0.0,0.0,0.0,0.0,0.0,0.0,0.0,0.0,0.0,0.0,1.0,0,0.0,0,0,,18000.0,168.370592,6813.34,11018.289408,17831.629408,0.376,1,restructure-light,PIA_OPCIONES
EDOMEX - ECATEPEC,A3155K,2025-07-30,0.1594854806666666,0.3433131981666666,0.0,0.0,0.0,0.0,0.0,0.0,0.0,0.0,0.0,0.0,0.0,0.0,0.0,0.0,1.0,0,0.0,0,0,,18000.0,6179.637567,7623.23,4197.132433000001,11820.362433,0.25,1,restructure-light,PIA_OPCIONES
EDOMEX - TLANEPANTLA,A3187E,2023-12-10,0.161503405,0.1847765538888889,0.0,0.0,0.0,0.0,0.0,0.0,0.0,0.0,0.0,0.0,0.0,0.0,0.0,0.0,1.0,0,0.0,0,0,,18000.0,3325.97797,13185.31,1488.7120300000006,14674.02203,0.31,1,restructure-light,PIA_OPCIONES
EDOMEX - TLANEPANTLA,A32194E,2025-06-28,0.4949787709999999,1.025301921,0.0,0.0,0.0,0.0,0.0,0.0,0.0,0.0,0.0,0.0,0.0,0.0,0.0,0.0,1.0,0,0.0,0,0,,18000.0,18455.434578,0.0,0.0,0.0,0.0,1,advisor-review,PIA_OPCIONES
EDOMEX - TLANEPANTLA,A3315E,2023-09-27,0.0096805494444444,0.0096805494444444,0.0,0.0,0.0,0.0,0.0,0.0,0.0,0.0,0.0,0.0,0.0,0.0,0.0,0.0,1.0,0,0.0,0,0,,18000.0,174.24989,11713.79,6111.96011,17825.75011,0.376,1,restructure-light,PIA_OPCIONES
EDOMEX - TLANEPANTLA,A3315J,2024-04-21,0.022939255,0.022939255,0.0,0.0,0.0,0.0,0.0,0.0,0.0,0.0,0.0,0.0,0.0,0.0,0.0,0.0,1.0,0,0.0,0,0,,18000.0,412.90659,9416.51,8170.583410000001,17587.09341,0.371,1,restructure-light,PIA_OPCIONES
EDOMEX - TLANEPANTLA,A3319E,2025-07-29,0.0673801033333333,0.0673801033333333,0.0,0.0,0.0,0.0,0.0,0.0,0.0,0.0,0.0,0.0,0.0,0.0,0.0,0.0,1.0,0,0.0,0,0,,18000.0,1212.84186,14255.31,2531.84814,16787.15814,0.354,1,restructure-light,PIA_OPCIONES
EDOMEX - TLANEPANTLA,A3330M,2025-07-20,0.1334938907222222,0.2785744457222222,0.0,0.0,0.0,0.0,0.0,0.0,0.0,0.0,0.0,0.0,0.0,0.0,0.0,0.0,1.0,0,0.0,0,0,,18000.0,5014.340023,7767.37,5218.289976999999,12985.659977,0.274,1,restructure-light,PIA_OPCIONES
EDOMEX - ECATEPEC,A3358A,2025-07-19,0.0711592273888889,0.0711592273888889,0.0,0.0,0.0,0.0,0.0,0.0,0.0,0.0,0.0,0.0,0.0,0.0,0.0,0.0,1.0,0,0.0,0,0,,18000.0,1280.866093,6363.64,10355.493907,16719.133907,0.353,1,restructure-light,PIA_OPCIONES
EDOMEX - ECATEPEC,A3392G,2025-07-14,0.0685387297222222,0.0685387297222222,0.0,0.0,0.0,0.0,0.0,0.0,0.0,0.0,0.0,0.0,0.0,0.0,0.0,0.0,1.0,0,0.0,0,0,,18000.0,1233.697135,8705.52,8060.782865000001,16766.302865,0.354,1,restructure-light,PIA_OPCIONES
EDOMEX - TLANEPANTLA,A346JMC,2025-07-31,0.1371338640555555,0.306708011,0.0,0.0,0.0,0.0,0.0,0.0,0.0,0.0,0.0,0.0,0.0,0.0,0.0,0.0,1.0,0,0.0,0,0,,18000.0,5520.744198,4246.69,8232.565802000001,12479.255802,0.263,1,restructure-light,PIA_OPCIONES
EDOMEX - TLANEPANTLA,A3472C,2023-10-15,0.00473295,0.00473295,0.0,0.0,0.0,0.0,0.0,0.0,0.0,0.0,0.0,0.0,0.0,0.0,0.0,0.0,1.0,0,0.0,0,0,,18000.0,85.19309999999999,7545.49,10369.3169,17914.8069,0.378,1,restructure-light,PIA_OPCIONES
EDOMEX - TLANEPANTLA,A3486H,2024-05-06,0.0083462827777777,0.0083462827777777,0.0,0.0,0.0,0.0,0.0,0.0,0.0,0.0,0.0,0.0,0.0,0.0,0.0,0.0,1.0,0,0.0,0,0,,18000.0,150.23309,5544.16,12305.606909999999,17849.76691,0.377,1,restructure-light,PIA_OPCIONES
EDOMEX - TLANEPANTLA,A3487H,2025-07-12,0.0998394297222222,0.0998394297222222,0.0,0.0,0.0,0.0,0.0,0.0,0.0,0.0,0.0,0.0,0.0,0.0,0.0,0.0,1.0,0,0.0,0,0,,18000.0,1797.109735,9267.53,6935.360264999999,16202.890265,0.342,1,restructure-light,PIA_OPCIONES
EDOMEX - TLANEPANTLA,A3496J,2024-07-10,0.2072193822222222,0.5011114188888889,0.0,0.0,0.0,0.0,0.0,0.0,0.0,0.0,0.0,0.0,0.0,0.0,0.0,0.0,1.0,0,0.0,0,0,,18000.0,9020.00554,6112.9,2867.0944600000003,8979.99446,0.19,1,restructure-light,PIA_OPCIONES
EDOMEX - ECATEPEC,A3512J,2025-07-20,0.1665588835,0.3644967610555555,0.0,0.0,0.0,0.0,0.0,0.0,0.0,0.0,0.0,0.0,0.0,0.0,0.0,0.0,1.0,0,0.0,0,0,,18000.0,6560.941699,5787.88,5651.178301000001,11439.058301000001,0.241,1,restructure-light,PIA_OPCIONES
EDOMEX - ECATEPEC,A3513J,2025-06-07,0.1427682745,0.2955596279444444,0.0,0.0,0.0,0.0,0.0,0.0,0.0,0.0,0.0,0.0,0.0,0.0,0.0,0.0,1.0,0,0.0,0,0,,18000.0,5320.073303,7002.22,5677.706696999999,12679.926696999999,0.268,1,restructure-light,PIA_OPCIONES
EDOMEX - TLANEPANTLA,A3524H,2025-07-23,0.0501461536666666,0.0501461536666666,0.0,0.0,0.0,0.0,0.0,0.0,0.0,0.0,0.0,0.0,0.0,0.0,0.0,0.0,1.0,0,0.0,0,0,,18000.0,902.630766,14969.18,2128.1892340000013,17097.369234,0.361,1,restructure-light,PIA_OPCIONES
EDOMEX - TLANEPANTLA,A3606J,2025-06-26,0.1133306541666666,0.1310173808333333,0.0,0.0,0.0,0.0,0.0,0.0,0.0,0.0,0.0,0.0,0.0,0.0,0.0,0.0,1.0,0,0.0,0,0,,18000.0,2358.312855,11749.69,3891.9971449999994,15641.687145,0.33,1,restructure-light,PIA_OPCIONES
EDOMEX - TLANEPANTLA,A3612C,2025-07-26,0.1423142586666666,0.3135803286666666,0.0,0.0,0.0,0.0,0.0,0.0,0.0,0.0,0.0,0.0,0.0,0.0,0.0,0.0,1.0,0,0.0,0,0,,18000.0,5644.445916,7716.22,4639.334083999999,12355.554084,0.261,1,restructure-light,PIA_OPCIONES
EDOMEX - TLANEPANTLA,A3625B,2025-07-30,0.1408432618333333,0.2818316551666667,0.0,0.0,0.0,0.0,0.0,0.0,0.0,0.0,0.0,0.0,0.0,0.0,0.0,0.0,1.0,0,0.0,0,0,,18000.0,5072.969793,6085.07,6841.960207,12927.030207,0.273,1,restructure-light,PIA_OPCIONES
EDOMEX - TLANEPANTLA,A3697K,2024-06-05,0.0094538716666666,0.0094538716666666,0.0,0.0,0.0,0.0,0.0,0.0,0.0,0.0,0.0,0.0,0.0,0.0,0.0,0.0,1.0,0,0.0,0,0,,18000.0,170.16969,14944.93,2884.900310000001,17829.83031,0.376,1,restructure-light,PIA_OPCIONES
EDOMEX - ECATEPEC,A3730M,2025-07-14,0.1311217588333333,0.1498448132777777,0.0,0.0,0.0,0.0,0.0,0.0,0.0,0.0,0.0,0.0,0.0,0.0,0.0,0.0,1.0,0,0.0,0,0,,18000.0,2697.206639,6749.42,8553.373361,15302.793361,0.323,1,restructure-light,PIA_OPCIONES
EDOMEX - TLANEPANTLA,A3750L,2025-07-15,0.1002886316111111,0.2359870554999999,0.0,0.0,0.0,0.0,0.0,0.0,0.0,0.0,0.0,0.0,0.0,0.0,0.0,0.0,1.0,0,0.0,0,0,,18000.0,4247.7669989999995,6810.18,6942.053001,13752.233001,0.29,1,restructure-light,PIA_OPCIONES
EDOMEX - TLANEPANTLA,A3757E,2025-07-19,0.1470572456666666,0.3233453634444445,0.0,0.0,0.0,0.0,0.0,0.0,0.0,0.0,0.0,0.0,0.0,0.0,0.0,0.0,1.0,0,0.0,0,0,,18000.0,5820.216542,10297.26,1882.5234579999997,12179.783458,0.257,1,restructure-light,PIA_OPCIONES
EDOMEX - TLANEPANTLA,A3816H,2025-07-13,0.1801177748333333,0.3639749743333333,0.0,0.0,0.0,0.0,0.0,0.0,0.0,0.0,0.0,0.0,0.0,0.0,0.0,0.0,1.0,0,0.0,0,0,,18000.0,6551.549538,7072.0,4376.450462000001,11448.450462,0.242,1,restructure-light,PIA_OPCIONES
EDOMEX - TLANEPANTLA,A3820J,2024-06-19,0.0933119199999999,0.0933119199999999,0.0,0.0,0.0,0.0,0.0,0.0,0.0,0.0,0.0,0.0,0.0,0.0,0.0,0.0,1.0,0,0.0,0,0,,18000.0,1679.61456,12165.06,4155.3254400000005,16320.38544,0.345,1,restructure-light,PIA_OPCIONES
EDOMEX - TLANEPANTLA,A3859D,2025-05-28,0.1249236830555555,0.1249236830555555,0.0,0.0,0.0,0.0,0.0,0.0,0.0,0.0,0.0,0.0,0.0,0.0,0.0,0.0,1.0,0,0.0,0,0,,18000.0,2248.626295,10308.44,5442.9337049999995,15751.373705,0.333,1,restructure-light,PIA_OPCIONES
EDOMEX - ECATEPEC,A3861B,2025-02-09,0.0109617938888888,0.0109617938888888,0.0,0.0,0.0,0.0,0.0,0.0,0.0,0.0,0.0,0.0,0.0,0.0,0.0,0.0,1.0,0,0.0,0,0,,18000.0,197.31229,12320.59,5482.097709999998,17802.68771,0.376,1,restructure-light,PIA_OPCIONES
EDOMEX - TLANEPANTLA,A3864B,2025-06-23,0.1544819241111111,0.3169067146666666,0.0,0.0,0.0,0.0,0.0,0.0,0.0,0.0,0.0,0.0,0.0,0.0,0.0,0.0,1.0,0,0.0,0,0,,18000.0,5704.320863999999,5897.38,6398.2991360000005,12295.679136,0.26,1,restructure-light,PIA_OPCIONES
EDOMEX - TLANEPANTLA,A3873M,2024-04-02,0.0280074594444444,0.0280074594444444,0.0,0.0,0.0,0.0,0.0,0.0,0.0,0.0,0.0,0.0,0.0,0.0,0.0,0.0,1.0,0,0.0,0,0,,18000.0,504.13427,7782.57,9713.295730000002,17495.86573,0.369,1,restructure-light,PIA_OPCIONES
EDOMEX - TLANEPANTLA,A3889A,2025-01-12,0.1157766755555555,0.1763612433333333,0.0,0.0,0.0,0.0,0.0,0.0,0.0,0.0,0.0,0.0,0.0,0.0,0.0,0.0,1.0,0,0.0,0,0,,18000.0,3174.50238,7316.32,7509.17762,14825.49762,0.313,1,restructure-light,PIA_OPCIONES
EDOMEX - ECATEPEC,A3917B,2025-07-30,0.0330854148888888,0.0330854148888888,0.0,0.0,0.0,0.0,0.0,0.0,0.0,0.0,0.0,0.0,0.0,0.0,0.0,0.0,1.0,0,0.0,0,0,,18000.0,595.537468,6844.56,10559.902532,17404.462532,0.367,1,restructure-light,PIA_OPCIONES
EDOMEX - ECATEPEC,A3929L,2025-07-11,0.1078476220555555,0.1078476220555555,0.0,0.0,0.0,0.0,0.0,0.0,0.0,0.0,0.0,0.0,0.0,0.0,0.0,0.0,1.0,0,0.0,0,0,,18000.0,1941.257197,13241.86,2816.8828030000004,16058.742803000001,0.339,1,restructure-light,PIA_OPCIONES
EDOMEX - TLANEPANTLA,A399JMB,2025-07-31,0.1421549168333333,0.3118030762222222,0.0,0.0,0.0,0.0,0.0,0.0,0.0,0.0,0.0,0.0,0.0,0.0,0.0,0.0,1.0,0,0.0,0,0,,18000.0,5612.455372,5821.5,6566.044628,12387.544628,0.262,1,restructure-light,PIA_OPCIONES
EDOMEX - TLANEPANTLA,A4056C,2025-07-15,0.1314899395555555,0.2898325412222222,0.0,0.0,0.0,0.0,0.0,0.0,0.0,0.0,0.0,0.0,0.0,0.0,0.0,0.0,1.0,0,0.0,0,0,,18000.0,5216.985742,8141.42,4641.594257999999,12783.014258,0.27,1,restructure-light,PIA_OPCIONES
EDOMEX - TLANEPANTLA,A40958,2024-06-02,0.0058441994444444,0.0058441994444444,0.0,0.0,0.0,0.0,0.0,0.0,0.0,0.0,0.0,0.0,0.0,0.0,0.0,0.0,1.0,0,0.0,0,0,,18000.0,105.19559,13871.78,4023.02441,17894.80441,0.378,1,restructure-light,PIA_OPCIONES
EDOMEX - TLANEPANTLA,A4096M,2025-07-23,0.118954246,0.1826234754444444,0.0,0.0,0.0,0.0,0.0,0.0,0.0,0.0,0.0,0.0,0.0,0.0,0.0,0.0,1.0,0,0.0,0,0,,18000.0,3287.222558,11333.17,3379.6074420000004,14712.777442,0.311,1,restructure-light,PIA_OPCIONES
EDOMEX - TLANEPANTLA,A4114B,2024-09-25,0.0107215938888888,0.0107215938888888,0.0,0.0,0.0,0.0,0.0,0.0,0.0,0.0,0.0,0.0,0.0,0.0,0.0,0.0,1.0,0,0.0,0,0,,18000.0,192.98869,10025.91,7781.101310000002,17807.01131,0.376,1,restructure-light,PIA_OPCIONES
EDOMEX - TLANEPANTLA,A4147E,2025-06-17,0.1556185551111111,0.3076284792777777,0.0,0.0,0.0,0.0,0.0,0.0,0.0,0.0,0.0,0.0,0.0,0.0,0.0,0.0,1.0,0,0.0,0,0,,18000.0,5537.312626999999,7300.07,5162.617373000001,12462.687373,0.263,1,restructure-light,PIA_OPCIONES
EDOMEX - TLANEPANTLA,A4171D,2024-07-18,0.009553955,0.009553955,0.0,0.0,0.0,0.0,0.0,0.0,0.0,0.0,0.0,0.0,0.0,0.0,0.0,0.0,1.0,0,0.0,0,0,,18000.0,171.97119,15988.55,1839.4788100000005,17828.02881,0.376,1,restructure-light,PIA_OPCIONES
EDOMEX - TLANEPANTLA,A4172C,2024-02-27,0.0792719277777777,0.0792719277777777,0.0,0.0,0.0,0.0,0.0,0.0,0.0,0.0,0.0,0.0,0.0,0.0,0.0,0.0,1.0,0,0.0,0,0,,18000.0,1426.8947,11680.04,4893.065299999998,16573.1053,0.35,1,restructure-light,PIA_OPCIONES
EDOMEX - ECATEPEC,A4174H,2025-05-04,0.0096877997777777,0.0096877997777777,0.0,0.0,0.0,0.0,0.0,0.0,0.0,0.0,0.0,0.0,0.0,0.0,0.0,0.0,1.0,0,0.0,0,0,,18000.0,174.380396,14060.55,3765.0696040000003,17825.619604,0.376,1,restructure-light,PIA_OPCIONES
EDOMEX - ECATEPEC,A4177K,2025-07-20,0.1235903728888889,0.160993109,0.0,0.0,0.0,0.0,0.0,0.0,0.0,0.0,0.0,0.0,0.0,0.0,0.0,0.0,1.0,0,0.0,0,0,,18000.0,2897.875962,12708.93,2393.1940379999996,15102.124038,0.319,1,restructure-light,PIA_OPCIONES
EDOMEX - TLANEPANTLA,A4193A,2024-06-05,0.14135744,0.1787703611111111,0.0,0.0,0.0,0.0,0.0,0.0,0.0,0.0,0.0,0.0,0.0,0.0,0.0,0.0,1.0,0,0.0,0,0,,18000.0,3217.8665,11419.99,3362.1435,14782.1335,0.312,1,restructure-light,PIA_OPCIONES
EDOMEX - ECATEPEC,A4223B,2025-07-31,0.1251658852222222,0.2578989646666667,0.0,0.0,0.0,0.0,0.0,0.0,0.0,0.0,0.0,0.0,0.0,0.0,0.0,0.0,1.0,0,0.0,0,0,,18000.0,4642.181364,5491.5,7866.318636,13357.818636,0.282,1,restructure-light,PIA_OPCIONES
EDOMEX - TLANEPANTLA,A4250B,2025-07-31,0.1075858468888888,0.2373570328333333,0.0,0.0,0.0,0.0,0.0,0.0,0.0,0.0,0.0,0.0,0.0,0.0,0.0,0.0,1.0,0,0.0,0,0,,18000.0,4272.426591,8748.62,4978.953409,13727.573409,0.29,1,restructure-light,PIA_OPCIONES
EDOMEX - TLANEPANTLA,A4267D,2025-07-16,0.0923917877222222,0.2267978377222222,0.0,0.0,0.0,0.0,0.0,0.0,0.0,0.0,0.0,0.0,0.0,0.0,0.0,0.0,1.0,0,0.0,0,0,,18000.0,4082.361079,5026.17,8891.468921,13917.638921,0.294,1,restructure-light,PIA_OPCIONES
EDOMEX - TLANEPANTLA,A4272L,2023-12-31,0.025511915,0.025511915,0.0,0.0,0.0,0.0,0.0,0.0,0.0,0.0,0.0,0.0,0.0,0.0,0.0,0.0,1.0,0,0.0,0,0,,18000.0,459.21447,12133.9,5406.885530000001,17540.78553,0.37,1,restructure-light,PIA_OPCIONES
EDOMEX - ECATEPEC,A4307J,2025-07-30,0.0938388672777777,0.2388287100555555,0.0,0.0,0.0,0.0,0.0,0.0,0.0,0.0,0.0,0.0,0.0,0.0,0.0,0.0,1.0,0,0.0,0,0,,18000.0,4298.916781,11963.92,1737.163219,13701.083219,0.289,1,restructure-light,PIA_OPCIONES
EDOMEX - TLANEPANTLA,A4342L,2025-07-15,0.0232359209444444,0.0232359209444444,0.0,0.0,0.0,0.0,0.0,0.0,0.0,0.0,0.0,0.0,0.0,0.0,0.0,0.0,1.0,0,0.0,0,0,,18000.0,418.246577,10683.36,6898.393422999998,17581.753423,0.371,1,restructure-light,PIA_OPCIONES
EDOMEX - TLANEPANTLA,A4385LA,2024-01-11,0.0208701877777777,0.0208701877777777,0.0,0.0,0.0,0.0,0.0,0.0,0.0,0.0,0.0,0.0,0.0,0.0,0.0,0.0,1.0,0,0.0,0,0,,18000.0,375.66338,9865.81,7758.526619999999,17624.33662,0.372,1,restructure-light,PIA_OPCIONES
EDOMEX - ECATEPEC,A4404M,2025-07-27,0.1027082885555555,0.1916085103888889,0.0,0.0,0.0,0.0,0.0,0.0,0.0,0.0,0.0,0.0,0.0,0.0,0.0,0.0,1.0,0,0.0,0,0,,18000.0,3448.953187,4678.24,9872.806813000001,14551.046813,0.307,1,restructure-light,PIA_OPCIONES
EDOMEX - TLANEPANTLA,A4434C,2025-07-27,0.1349397561666666,0.2870390667222222,0.0,0.0,0.0,0.0,0.0,0.0,0.0,0.0,0.0,0.0,0.0,0.0,0.0,0.0,1.0,0,0.0,0,0,,18000.0,5166.703200999999,11240.23,1593.0667990000002,12833.296799,0.271,1,restructure-light,PIA_OPCIONES
EDOMEX - TLANEPANTLA,A4488G,2023-12-23,0.0488292566666666,0.0488292566666666,0.0,0.0,0.0,0.0,0.0,0.0,0.0,0.0,0.0,0.0,0.0,0.0,0.0,0.0,1.0,0,0.0,0,0,,18000.0,878.92662,6194.43,10926.643380000001,17121.07338,0.361,1,restructure-light,PIA_OPCIONES
EDOMEX - TLANEPANTLA,A4521C,2025-04-02,0.1207625049999999,0.2652744127777778,0.0,0.0,0.0,0.0,0.0,0.0,0.0,0.0,0.0,0.0,0.0,0.0,0.0,0.0,1.0,0,0.0,0,0,,18000.0,4774.93943,4293.48,8931.58057,13225.06057,0.279,1,restructure-light,PIA_OPCIONES
EDOMEX - TLANEPANTLA,A4531G,2025-05-30,0.1547925545,0.3297476844999999,0.0,0.0,0.0,0.0,0.0,0.0,0.0,0.0,0.0,0.0,0.0,0.0,0.0,0.0,1.0,0,0.0,0,0,,18000.0,5935.458320999999,5400.57,6663.971679000002,12064.541679000002,0.255,1,restructure-light,PIA_OPCIONES
EDOMEX - TLANEPANTLA,A4533K,2024-10-07,0.1053092511111111,0.1053092511111111,0.0,0.0,0.0,0.0,0.0,0.0,0.0,0.0,0.0,0.0,0.0,0.0,0.0,0.0,1.0,0,0.0,0,0,,18000.0,1895.56652,5464.53,10639.90348,16104.43348,0.34,1,restructure-light,PIA_OPCIONES
EDOMEX - ECATEPEC,A4538J,2025-06-13,0.1270583938333333,0.1994794332777777,0.0,0.0,0.0,0.0,0.0,0.0,0.0,0.0,0.0,0.0,0.0,0.0,0.0,0.0,1.0,0,0.0,0,0,,18000.0,3590.629799,8257.59,6151.780201,14409.370201,0.304,1,restructure-light,PIA_OPCIONES
EDOMEX - TLANEPANTLA,A4584C,2025-07-29,0.1045483177222222,0.2292047782777777,0.0,0.0,0.0,0.0,0.0,0.0,0.0,0.0,0.0,0.0,0.0,0.0,0.0,0.0,1.0,0,0.0,0,0,,18000.0,4125.686009,8458.51,5415.803990999999,13874.313990999999,0.293,1,restructure-light,PIA_OPCIONES
EDOMEX - TLANEPANTLA,A4609G,2024-01-11,0.0085934938888888,0.0085934938888888,0.0,0.0,0.0,0.0,0.0,0.0,0.0,0.0,0.0,0.0,0.0,0.0,0.0,0.0,1.0,0,0.0,0,0,,18000.0,154.68289,8700.34,9144.97711,17845.31711,0.377,1,restructure-light,PIA_OPCIONES
EDOMEX - TLANEPANTLA,A4614H,2024-02-13,0.0104542772222222,0.0104542772222222,0.0,0.0,0.0,0.0,0.0,0.0,0.0,0.0,0.0,0.0,0.0,0.0,0.0,0.0,1.0,0,0.0,0,0,,18000.0,188.17699,5888.17,11923.65301,17811.82301,0.376,1,restructure-light,PIA_OPCIONES
EDOMEX - TLANEPANTLA,A4620M,2025-04-18,0.0083596272222222,0.0083596272222222,0.0,0.0,0.0,0.0,0.0,0.0,0.0,0.0,0.0,0.0,0.0,0.0,0.0,0.0,1.0,0,0.0,0,0,,18000.0,150.47329,6550.07,11299.456709999999,17849.52671,0.377,1,restructure-light,PIA_OPCIONES
EDOMEX - TLANEPANTLA,A46353,2024-11-08,0.010987255,0.010987255,0.0,0.0,0.0,0.0,0.0,0.0,0.0,0.0,0.0,0.0,0.0,0.0,0.0,0.0,1.0,0,0.0,0,0,,18000.0,197.77059,9447.69,8354.53941,17802.22941,0.376,1,restructure-light,PIA_OPCIONES
EDOMEX - TLANEPANTLA,A4649L,2024-04-01,0.0259919772222222,0.0259919772222222,0.0,0.0,0.0,0.0,0.0,0.0,0.0,0.0,0.0,0.0,0.0,0.0,0.0,0.0,1.0,0,0.0,0,0,,18000.0,467.8555899999999,5896.36,11635.78441,17532.14441,0.37,1,restructure-light,PIA_OPCIONES
EDOMEX - TLANEPANTLA,A465JME,2025-02-22,0.1724836888888889,0.3582281816666666,0.0,0.0,0.0,0.0,0.0,0.0,0.0,0.0,0.0,0.0,0.0,0.0,0.0,0.0,1.0,0,0.0,0,0,,18000.0,6448.1072699999995,8304.82,3247.07273,11551.89273,0.244,1,restructure-light,PIA_OPCIONES
EDOMEX - ECATEPEC,A4680C,2024-09-20,0.0004457044444444,0.0004457044444444,0.0,0.0,0.0,0.0,0.0,0.0,0.0,0.0,0.0,0.0,0.0,0.0,0.0,0.0,1.0,0,0.0,0,0,,18000.0,8.022680000000001,7632.42,10359.557320000002,17991.97732,0.38,1,restructure-light,PIA_OPCIONES
EDOMEX - TLANEPANTLA,A4756A,2025-07-28,0.172884902,0.3553164404444444,0.0,0.0,0.0,0.0,0.0,0.0,0.0,0.0,0.0,0.0,0.0,0.0,0.0,0.0,1.0,0,0.0,0,0,,18000.0,6395.695928,5584.49,6019.814071999999,11604.304071999999,0.245,1,restructure-light,PIA_OPCIONES
EDOMEX - ECATEPEC,A4766C,2025-03-06,0.116926691111111,0.2237803283333333,0.0,0.0,0.0,0.0,0.0,0.0,0.0,0.0,0.0,0.0,0.0,0.0,0.0,0.0,1.0,0,0.0,0,0,,18000.0,4028.04591,7495.61,6476.34409,13971.95409,0.295,1,restructure-light,PIA_OPCIONES
EDOMEX - ECATEPEC,A4777J,2025-07-08,0.0969515256666666,0.0969515256666666,0.0,0.0,0.0,0.0,0.0,0.0,0.0,0.0,0.0,0.0,0.0,0.0,0.0,0.0,1.0,0,0.0,0,0,,18000.0,1745.127462,8939.62,7315.252537999999,16254.872538,0.343,1,restructure-light,PIA_OPCIONES
EDOMEX - TLANEPANTLA,A4792J,2025-07-14,0.0874906191666666,0.0874906191666666,0.0,0.0,0.0,0.0,0.0,0.0,0.0,0.0,0.0,0.0,0.0,0.0,0.0,0.0,1.0,0,0.0,0,0,,18000.0,1574.831145,4943.92,11481.248855,16425.168855,0.347,1,restructure-light,PIA_OPCIONES
EDOMEX - TLANEPANTLA,A4821E,2024-05-30,0.0219190216666666,0.0219190216666666,0.0,0.0,0.0,0.0,0.0,0.0,0.0,0.0,0.0,0.0,0.0,0.0,0.0,0.0,1.0,0,0.0,0,0,,18000.0,394.5423899999999,6465.47,11139.98761,17605.45761,0.372,1,restructure-light,PIA_OPCIONES
EDOMEX - ECATEPEC,A4826H,2025-07-30,0.1248994693333333,0.2834052864999999,0.0,0.0,0.0,0.0,0.0,0.0,0.0,0.0,0.0,0.0,0.0,0.0,0.0,0.0,1.0,0,0.0,0,0,,18000.0,5101.295157,10546.74,2351.9648429999997,12898.704843,0.272,1,restructure-light,PIA_OPCIONES
EDOMEX - ECATEPEC,A4863E,2025-04-22,0.1310304344444444,0.141591895,0.0,0.0,0.0,0.0,0.0,0.0,0.0,0.0,0.0,0.0,0.0,0.0,0.0,0.0,1.0,0,0.0,0,0,,18000.0,2548.65411,4646.84,10804.50589,15451.34589,0.326,1,restructure-light,PIA_OPCIONES
EDOMEX - TLANEPANTLA,A4898K,2025-04-08,0.0719622555555555,0.0719622555555555,0.0,0.0,0.0,0.0,0.0,0.0,0.0,0.0,0.0,0.0,0.0,0.0,0.0,0.0,1.0,0,0.0,0,0,,18000.0,1295.3206,10104.67,6600.009400000001,16704.6794,0.353,1,restructure-light,PIA_OPCIONES
EDOMEX - TLANEPANTLA,A4913C,2024-02-20,0.0073657605555555,0.0073657605555555,0.0,0.0,0.0,0.0,0.0,0.0,0.0,0.0,0.0,0.0,0.0,0.0,0.0,0.0,1.0,0,0.0,0,0,,18000.0,132.58369,10607.91,7259.506310000001,17867.41631,0.377,1,restructure-light,PIA_OPCIONES
EDOMEX - ECATEPEC,A4925J,2025-06-23,0.0017345776111111,0.0017345776111111,0.0,0.0,0.0,0.0,0.0,0.0,0.0,0.0,0.0,0.0,0.0,0.0,0.0,0.0,1.0,0,0.0,0,0,,18000.0,31.222396999999997,8981.81,8986.967603,17968.777603,0.379,1,restructure-light,PIA_OPCIONES
EDOMEX - TLANEPANTLA,A4981E,2025-06-24,0.1235191165,0.1235191165,0.0,0.0,0.0,0.0,0.0,0.0,0.0,0.0,0.0,0.0,0.0,0.0,0.0,0.0,1.0,0,0.0,0,0,,18000.0,2223.344097,8815.94,6960.715902999998,15776.655902999999,0.333,1,restructure-light,PIA_OPCIONES
EDOMEX - TLANEPANTLA,A5007M,2025-04-18,0.14947643,0.31075813,0.0,0.0,0.0,0.0,0.0,0.0,0.0,0.0,0.0,0.0,0.0,0.0,0.0,0.0,1.0,0,0.0,0,0,,18000.0,5593.64634,9532.41,2873.943660000001,12406.35366,0.262,1,restructure-light,PIA_OPCIONES
EDOMEX - TLANEPANTLA,A5026G,2025-06-26,0.1474713182222222,0.2818919632222222,0.0,0.0,0.0,0.0,0.0,0.0,0.0,0.0,0.0,0.0,0.0,0.0,0.0,0.0,1.0,0,0.0,0,0,,18000.0,5074.055338,10401.79,2524.154661999999,12925.944662,0.273,1,restructure-light,PIA_OPCIONES
EDOMEX - ECATEPEC,A5037G,2025-04-29,0.0112359555,0.0112359555,0.0,0.0,0.0,0.0,0.0,0.0,0.0,0.0,0.0,0.0,0.0,0.0,0.0,0.0,1.0,0,0.0,0,0,,18000.0,202.247199,8119.5,9678.252800999999,17797.752801,0.376,1,restructure-light,PIA_OPCIONES
EDOMEX - TLANEPANTLA,A5070M,2024-04-19,0.1084125599999999,0.1084125599999999,0.0,0.0,0.0,0.0,0.0,0.0,0.0,0.0,0.0,0.0,0.0,0.0,0.0,0.0,1.0,0,0.0,0,0,,18000.0,1951.42608,7919.88,8128.693920000001,16048.57392,0.339,1,restructure-light,PIA_OPCIONES
EDOMEX - TLANEPANTLA,A516JME,2024-03-10,0.0068478105555555,0.0068478105555555,0.0,0.0,0.0,0.0,0.0,0.0,0.0,0.0,0.0,0.0,0.0,0.0,0.0,0.0,1.0,0,0.0,0,0,,18000.0,123.26059,7963.9,9912.839409999999,17876.73941,0.377,1,restructure-light,PIA_OPCIONES
EDOMEX - TLANEPANTLA,A5176E,2025-07-27,0.1243937417222222,0.2878161824444444,0.0,0.0,0.0,0.0,0.0,0.0,0.0,0.0,0.0,0.0,0.0,0.0,0.0,0.0,1.0,0,0.0,0,0,,18000.0,5180.691284,7536.7,5282.608716,12819.308716,0.271,1,restructure-light,PIA_OPCIONES
EDOMEX - TLANEPANTLA,A5208G,2025-04-10,0.136861485,0.188013485,0.0,0.0,0.0,0.0,0.0,0.0,0.0,0.0,0.0,0.0,0.0,0.0,0.0,0.0,1.0,0,0.0,0,0,,18000.0,3384.24273,10376.53,4239.227269999999,14615.75727,0.309,1,restructure-light,PIA_OPCIONES
EDOMEX - TLANEPANTLA,A5213A,2025-01-27,0.0078191772222222,0.0078191772222222,0.0,0.0,0.0,0.0,0.0,0.0,0.0,0.0,0.0,0.0,0.0,0.0,0.0,0.0,1.0,0,0.0,0,0,,18000.0,140.74518999999998,7803.63,10055.624809999998,17859.25481,0.377,1,restructure-light,PIA_OPCIONES
EDOMEX - TLANEPANTLA,A5253L,2024-05-18,0.0890726344444444,0.0890726344444444,0.0,0.0,0.0,0.0,0.0,0.0,0.0,0.0,0.0,0.0,0.0,0.0,0.0,0.0,1.0,0,0.0,0,0,,18000.0,1603.30742,8172.79,8223.902579999998,16396.69258,0.346,1,restructure-light,PIA_OPCIONES
EDOMEX - TLANEPANTLA,A5263L,2024-10-11,0.0516670416666666,0.0516670416666666,0.0,0.0,0.0,0.0,0.0,0.0,0.0,0.0,0.0,0.0,0.0,0.0,0.0,0.0,1.0,0,0.0,0,0,,18000.0,930.00675,14649.99,2420.0032499999998,17069.99325,0.36,1,restructure-light,PIA_OPCIONES
EDOMEX - TLANEPANTLA,A5272H,2025-07-31,0.1503836630555555,0.3218414109444444,0.0,0.0,0.0,0.0,0.0,0.0,0.0,0.0,0.0,0.0,0.0,0.0,0.0,0.0,1.0,0,0.0,0,0,,18000.0,5793.145397,4017.78,8189.074602999999,12206.854603,0.258,1,restructure-light,PIA_OPCIONES
EDOMEX - TLANEPANTLA,A52753,2025-07-21,0.0686346145555555,0.0686346145555555,0.0,0.0,0.0,0.0,0.0,0.0,0.0,0.0,0.0,0.0,0.0,0.0,0.0,0.0,1.0,0,0.0,0,0,,18000.0,1235.423062,9664.14,7100.436937999999,16764.576938,0.354,1,restructure-light,PIA_OPCIONES
EDOMEX - TLANEPANTLA,A5282B,2023-09-22,0.0178469383333333,0.0178469383333333,0.0,0.0,0.0,0.0,0.0,0.0,0.0,0.0,0.0,0.0,0.0,0.0,0.0,0.0,1.0,0,0.0,0,0,,18000.0,321.24489,12851.3,4827.455109999999,17678.75511,0.373,1,restructure-light,PIA_OPCIONES
EDOMEX - TLANEPANTLA,A5301H,2024-01-22,0.0047696161111111,0.0047696161111111,0.0,0.0,0.0,0.0,0.0,0.0,0.0,0.0,0.0,0.0,0.0,0.0,0.0,0.0,1.0,0,0.0,0,0,,18000.0,85.85309,6991.4,10922.74691,17914.14691,0.378,1,restructure-light,PIA_OPCIONES
EDOMEX - TLANEPANTLA,A5352E,2025-06-10,0.0280593633333333,0.0280593633333333,0.0,0.0,0.0,0.0,0.0,0.0,0.0,0.0,0.0,0.0,0.0,0.0,0.0,0.0,1.0,0,0.0,0,0,,18000.0,505.06854,5745.76,11749.17146,17494.93146,0.369,1,restructure-light,PIA_OPCIONES
EDOMEX - ECATEPEC,A5376K,2025-07-31,0.1100749193888888,0.2231030310555555,0.0,0.0,0.0,0.0,0.0,0.0,0.0,0.0,0.0,0.0,0.0,0.0,0.0,0.0,1.0,0,0.0,0,0,,18000.0,4015.854559,5354.85,8629.295441,13984.145441,0.295,1,restructure-light,PIA_OPCIONES
EDOMEX - TLANEPANTLA,A5387E,2024-09-24,0.0724284672222222,0.0724284672222222,0.0,0.0,0.0,0.0,0.0,0.0,0.0,0.0,0.0,0.0,0.0,0.0,0.0,0.0,1.0,0,0.0,0,0,,18000.0,1303.71241,14213.45,2482.837589999999,16696.28759,0.352,1,restructure-light,PIA_OPCIONES
EDOMEX - TLANEPANTLA,A5425L,2024-05-25,0.1274361083333333,0.2037319583333333,0.0,0.0,0.0,0.0,0.0,0.0,0.0,0.0,0.0,0.0,0.0,0.0,0.0,0.0,1.0,0,0.0,0,0,,18000.0,3667.17525,4379.48,9953.34475,14332.82475,0.303,1,restructure-light,PIA_OPCIONES
EDOMEX - TLANEPANTLA,A5460L,2024-08-25,0.0121894827777777,0.0121894827777777,0.0,0.0,0.0,0.0,0.0,0.0,0.0,0.0,0.0,0.0,0.0,0.0,0.0,0.0,1.0,0,0.0,0,0,,18000.0,219.41069,7343.26,10437.32931,17780.58931,0.375,1,restructure-light,PIA_OPCIONES
EDOMEX - TLANEPANTLA,A546JMF,2025-07-29,0.1413659735555555,0.2924578452777778,0.0,0.0,0.0,0.0,0.0,0.0,0.0,0.0,0.0,0.0,0.0,0.0,0.0,0.0,1.0,0,0.0,0,0,,18000.0,5264.241215,4059.78,8675.978785,12735.758785,0.269,1,restructure-light,PIA_OPCIONES
EDOMEX - TLANEPANTLA,A555JMA,2025-07-31,0.2813789307133333,0.4760103823722222,0.0,0.0,0.0,0.0,0.0,0.0,0.0,0.0,0.0,0.0,0.0,0.0,0.0,0.0,1.0,0,0.0,0,0,,18000.0,8568.1868827,3455.61,5976.2031173,9431.8131173,0.199,1,restructure-light,PIA_OPCIONES
EDOMEX - TLANEPANTLA,A559JMC,2024-04-25,0.0109084161111111,0.0109084161111111,0.0,0.0,0.0,0.0,0.0,0.0,0.0,0.0,0.0,0.0,0.0,0.0,0.0,0.0,1.0,0,0.0,0,0,,18000.0,196.35149,11965.65,5837.998509999999,17803.64851,0.376,1,restructure-light,PIA_OPCIONES
EDOMEX - ECATEPEC,A5616D,2025-04-18,0.0083129216666666,0.0083129216666666,0.0,0.0,0.0,0.0,0.0,0.0,0.0,0.0,0.0,0.0,0.0,0.0,0.0,0.0,1.0,0,0.0,0,0,,18000.0,149.63259,7943.12,9907.24741,17850.36741,0.377,1,restructure-light,PIA_OPCIONES
EDOMEX - TLANEPANTLA,A5651M,2024-09-14,0.137178405,0.31752326,0.0,0.0,0.0,0.0,0.0,0.0,0.0,0.0,0.0,0.0,0.0,0.0,0.0,0.0,1.0,0,0.0,0,0,,18000.0,5715.41868,7880.89,4403.691320000001,12284.581320000001,0.259,1,restructure-light,PIA_OPCIONES
EDOMEX - TLANEPANTLA,A5685J,2024-11-22,0.1085543366666666,0.1085543366666666,0.0,0.0,0.0,0.0,0.0,0.0,0.0,0.0,0.0,0.0,0.0,0.0,0.0,0.0,1.0,0,0.0,0,0,,18000.0,1953.97806,10495.98,5550.041940000001,16046.02194,0.339,1,restructure-light,PIA_OPCIONES
EDOMEX - ECATEPEC,A5709B,2025-07-31,0.1306514522222222,0.2989405763888889,0.0,0.0,0.0,0.0,0.0,0.0,0.0,0.0,0.0,0.0,0.0,0.0,0.0,0.0,1.0,0,0.0,0,0,,18000.0,5380.930375,10217.17,2401.899625,12619.069625,0.266,1,restructure-light,PIA_OPCIONES
EDOMEX - TLANEPANTLA,A5739D,2025-01-21,0.0241769816666666,0.0241769816666666,0.0,0.0,0.0,0.0,0.0,0.0,0.0,0.0,0.0,0.0,0.0,0.0,0.0,0.0,1.0,0,0.0,0,0,,18000.0,435.18567,5319.41,12245.404330000001,17564.81433,0.371,1,restructure-light,PIA_OPCIONES
EDOMEX - ECATEPEC,A5775E,2025-04-07,0.0171421677777777,0.0171421677777777,0.0,0.0,0.0,0.0,0.0,0.0,0.0,0.0,0.0,0.0,0.0,0.0,0.0,0.0,1.0,0,0.0,0,0,,18000.0,308.55902,14365.83,3325.6109799999995,17691.44098,0.373,1,restructure-light,PIA_OPCIONES
EDOMEX - TLANEPANTLA,A579JMD,2025-07-28,0.1420156352222222,0.2770811185555555,0.0,0.0,0.0,0.0,0.0,0.0,0.0,0.0,0.0,0.0,0.0,0.0,0.0,0.0,1.0,0,0.0,0,0,,18000.0,4987.460134,8737.55,4274.989866,13012.539866,0.275,1,restructure-light,PIA_OPCIONES
EDOMEX - TLANEPANTLA,A5818G,2024-11-16,0.010605005,0.010605005,0.0,0.0,0.0,0.0,0.0,0.0,0.0,0.0,0.0,0.0,0.0,0.0,0.0,0.0,1.0,0,0.0,0,0,,18000.0,190.89009,7081.72,10727.389909999998,17809.10991,0.376,1,restructure-light,PIA_OPCIONES
EDOMEX - TLANEPANTLA,A5829B,2024-12-15,0.009944755,0.009944755,0.0,0.0,0.0,0.0,0.0,0.0,0.0,0.0,0.0,0.0,0.0,0.0,0.0,0.0,1.0,0,0.0,0,0,,18000.0,179.00558999999998,13611.01,4209.984409999999,17820.99441,0.376,1,restructure-light,PIA_OPCIONES
EDOMEX - TLANEPANTLA,A582JLA,2025-07-07,0.1805988198888888,0.3919658921111111,0.0,0.0,0.0,0.0,0.0,0.0,0.0,0.0,0.0,0.0,0.0,0.0,0.0,0.0,1.0,0,0.0,0,0,,18000.0,7055.386058,8901.2,2043.4139419999992,10944.613942,0.231,1,restructure-light,PIA_OPCIONES
EDOMEX - ECATEPEC,A5872H,2025-02-09,0.0397316588888888,0.0397316588888888,0.0,0.0,0.0,0.0,0.0,0.0,0.0,0.0,0.0,0.0,0.0,0.0,0.0,0.0,1.0,0,0.0,0,0,,18000.0,715.16986,7822.39,9462.440139999999,17284.83014,0.365,1,restructure-light,PIA_OPCIONES
EDOMEX - TLANEPANTLA,A5947G,2025-01-25,0.0123696327777777,0.0123696327777777,0.0,0.0,0.0,0.0,0.0,0.0,0.0,0.0,0.0,0.0,0.0,0.0,0.0,0.0,1.0,0,0.0,0,0,,18000.0,222.65339,15133.43,2643.91661,17777.34661,0.375,1,restructure-light,PIA_OPCIONES
EDOMEX - TLANEPANTLA,A5948A,2025-04-16,0.2312637405555555,0.5620009238888889,0.0,0.0,0.0,0.0,0.0,0.0,0.0,0.0,0.0,0.0,0.0,0.0,0.0,0.0,1.0,0,0.0,0,0,,18000.0,10116.01663,4514.96,3369.02337,7883.98337,0.166,1,restructure-light,PIA_OPCIONES
EDOMEX - ECATEPEC,A5956L,2025-04-22,0.0250521927777777,0.0250521927777777,0.0,0.0,0.0,0.0,0.0,0.0,0.0,0.0,0.0,0.0,0.0,0.0,0.0,0.0,1.0,0,0.0,0,0,,18000.0,450.93947,11618.44,5930.620529999998,17549.06053,0.37,1,restructure-light,PIA_OPCIONES
EDOMEX - TLANEPANTLA,A596JLA,2025-07-31,0.2090114189999999,0.4223036171666666,0.0,0.0,0.0,0.0,0.0,0.0,0.0,0.0,0.0,0.0,0.0,0.0,0.0,0.0,1.0,0,0.0,0,0,,18000.0,7601.465109,9262.91,1135.6248909999995,10398.534891,0.22,1,restructure-light,PIA_OPCIONES
EDOMEX - TLANEPANTLA,A5993L,2024-05-10,0.10992954,0.256726745,0.0,0.0,0.0,0.0,0.0,0.0,0.0,0.0,0.0,0.0,0.0,0.0,0.0,0.0,1.0,0,0.0,0,0,,18000.0,4621.081410000001,6915.85,6463.068589999999,13378.91859,0.282,1,restructure-light,PIA_OPCIONES
EDOMEX - TLANEPANTLA,A59BEB,2024-07-25,0.0068116716666666,0.0068116716666666,0.0,0.0,0.0,0.0,0.0,0.0,0.0,0.0,0.0,0.0,0.0,0.0,0.0,0.0,1.0,0,0.0,0,0,,18000.0,122.61009,14085.52,3791.8699100000013,17877.38991,0.377,1,restructure-light,PIA_OPCIONES
EDOMEX - ECATEPEC,A6041C,2025-05-03,0.0178658762222222,0.0178658762222222,0.0,0.0,0.0,0.0,0.0,0.0,0.0,0.0,0.0,0.0,0.0,0.0,0.0,0.0,1.0,0,0.0,0,0,,18000.0,321.585772,8680.8,8997.614228000002,17678.414228,0.373,1,restructure-light,PIA_OPCIONES
EDOMEX - TLANEPANTLA,A6058C,2024-05-28,0.1263211799999999,0.2639463533333334,0.0,0.0,0.0,0.0,0.0,0.0,0.0,0.0,0.0,0.0,0.0,0.0,0.0,0.0,1.0,0,0.0,0,0,,18000.0,4751.034360000001,10327.94,2921.025639999998,13248.965639999999,0.28,1,restructure-light,PIA_OPCIONES
EDOMEX - TLANEPANTLA,A6060E,2024-12-04,0.008575605,0.008575605,0.0,0.0,0.0,0.0,0.0,0.0,0.0,0.0,0.0,0.0,0.0,0.0,0.0,0.0,1.0,0,0.0,0,0,,18000.0,154.36089,11785.98,6059.6591100000005,17845.63911,0.377,1,restructure-light,PIA_OPCIONES
EDOMEX - ECATEPEC,A6069L,2025-07-23,0.1427361070555555,0.3171293025555555,0.0,0.0,0.0,0.0,0.0,0.0,0.0,0.0,0.0,0.0,0.0,0.0,0.0,0.0,1.0,0,0.0,0,0,,18000.0,5708.327445999999,5283.13,7008.542554000001,12291.672554,0.259,1,restructure-light,PIA_OPCIONES
EDOMEX - ECATEPEC,A6076H,2025-05-27,0.0501523588333333,0.0501523588333333,0.0,0.0,0.0,0.0,0.0,0.0,0.0,0.0,0.0,0.0,0.0,0.0,0.0,0.0,1.0,0,0.0,0,0,,18000.0,902.742459,9376.4,7720.857540999999,17097.257541,0.361,1,restructure-light,PIA_OPCIONES
EDOMEX - TLANEPANTLA,A6086J,2025-01-24,0.16961197,0.343746305,0.0,0.0,0.0,0.0,0.0,0.0,0.0,0.0,0.0,0.0,0.0,0.0,0.0,0.0,1.0,0,0.0,0,0,,18000.0,6187.43349,5795.03,6017.536510000001,11812.56651,0.249,1,restructure-light,PIA_OPCIONES
EDOMEX - ECATEPEC,A6086L,2025-04-06,0.1018908383333333,0.1018908383333333,0.0,0.0,0.0,0.0,0.0,0.0,0.0,0.0,0.0,0.0,0.0,0.0,0.0,0.0,1.0,0,0.0,0,0,,18000.0,1834.03509,5607.41,10558.55491,16165.96491,0.341,1,restructure-light,PIA_OPCIONES
EDOMEX - TLANEPANTLA,A6090C,2025-04-20,0.0196750488888888,0.0196750488888888,0.0,0.0,0.0,0.0,0.0,0.0,0.0,0.0,0.0,0.0,0.0,0.0,0.0,0.0,1.0,0,0.0,0,0,,18000.0,354.15088,5609.63,12036.219119999998,17645.84912,0.373,1,restructure-light,PIA_OPCIONES
EDOMEX - TLANEPANTLA,A6107K,2024-04-01,0.0289333705555555,0.0289333705555555,0.0,0.0,0.0,0.0,0.0,0.0,0.0,0.0,0.0,0.0,0.0,0.0,0.0,0.0,1.0,0,0.0,0,0,,18000.0,520.80067,8877.46,8601.73933,17479.19933,0.369,1,restructure-light,PIA_OPCIONES
EDOMEX - ECATEPEC,A6140E,2025-07-30,0.1301734206666666,0.1550854967777777,0.0,0.0,0.0,0.0,0.0,0.0,0.0,0.0,0.0,0.0,0.0,0.0,0.0,0.0,1.0,0,0.0,0,0,,18000.0,2791.538942,4736.23,10472.231058000001,15208.461058,0.321,1,restructure-light,PIA_OPCIONES
EDOMEX - TLANEPANTLA,A6164B,2025-07-30,0.1355429250555555,0.2802883199444444,0.0,0.0,0.0,0.0,0.0,0.0,0.0,0.0,0.0,0.0,0.0,0.0,0.0,0.0,1.0,0,0.0,0,0,,18000.0,5045.189759,5172.76,7782.050240999999,12954.810241,0.273,1,restructure-light,PIA_OPCIONES
EDOMEX - TLANEPANTLA,A6175M,2025-01-03,0.1694416949999999,0.3520716711111111,0.0,0.0,0.0,0.0,0.0,0.0,0.0,0.0,0.0,0.0,0.0,0.0,0.0,0.0,1.0,0,0.0,0,0,,18000.0,6337.29008,8573.37,3089.3399200000003,11662.709920000001,0.246,1,restructure-light,PIA_OPCIONES
EDOMEX - TLANEPANTLA,A6181H,2025-07-29,0.1134405228333333,0.2541347103888889,0.0,0.0,0.0,0.0,0.0,0.0,0.0,0.0,0.0,0.0,0.0,0.0,0.0,0.0,1.0,0,0.0,0,0,,18000.0,4574.424787,9731.59,3693.985213,13425.575213,0.283,1,restructure-light,PIA_OPCIONES
EDOMEX - TLANEPANTLA,A6187A,2025-07-29,0.1332896018888889,0.2754789568888889,0.0,0.0,0.0,0.0,0.0,0.0,0.0,0.0,0.0,0.0,0.0,0.0,0.0,0.0,1.0,0,0.0,0,0,,18000.0,4958.621224,9691.68,3349.6987759999993,13041.378776,0.275,1,restructure-light,PIA_OPCIONES
EDOMEX - TLANEPANTLA,A6251M,2025-04-09,0.0457941299999999,0.0457941299999999,0.0,0.0,0.0,0.0,0.0,0.0,0.0,0.0,0.0,0.0,0.0,0.0,0.0,0.0,1.0,0,0.0,0,0,,18000.0,824.2943399999999,8421.11,8754.595659999999,17175.70566,0.363,1,restructure-light,PIA_OPCIONES
EDOMEX - ECATEPEC,A6274A,2025-07-30,0.1543437126666666,0.3137928282777777,0.0,0.0,0.0,0.0,0.0,0.0,0.0,0.0,0.0,0.0,0.0,0.0,0.0,0.0,1.0,0,0.0,0,0,,18000.0,5648.270909,10301.49,2050.2390910000013,12351.729091000001,0.261,1,restructure-light,PIA_OPCIONES
EDOMEX - TLANEPANTLA,A6274J,2024-08-05,0.0435463238888888,0.0435463238888888,0.0,0.0,0.0,0.0,0.0,0.0,0.0,0.0,0.0,0.0,0.0,0.0,0.0,0.0,1.0,0,0.0,0,0,,18000.0,783.83383,11298.94,5917.22617,17216.16617,0.363,1,restructure-light,PIA_OPCIONES
EDOMEX - ECATEPEC,A6275M,2025-04-26,0.0083472168888888,0.0083472168888888,0.0,0.0,0.0,0.0,0.0,0.0,0.0,0.0,0.0,0.0,0.0,0.0,0.0,0.0,1.0,0,0.0,0,0,,18000.0,150.24990400000002,6704.65,11145.100096,17849.750096,0.377,1,restructure-light,PIA_OPCIONES
EDOMEX - TLANEPANTLA,A6277E,2024-07-28,0.0382508483333333,0.0382508483333333,0.0,0.0,0.0,0.0,0.0,0.0,0.0,0.0,0.0,0.0,0.0,0.0,0.0,0.0,1.0,0,0.0,0,0,,18000.0,688.51527,6686.24,10625.24473,17311.48473,0.365,1,restructure-light,PIA_OPCIONES
EDOMEX - TLANEPANTLA,A6293D,2025-01-25,0.1686699166666666,0.3341077166666666,0.0,0.0,0.0,0.0,0.0,0.0,0.0,0.0,0.0,0.0,0.0,0.0,0.0,0.0,1.0,0,0.0,0,0,,18000.0,6013.9389,8580.31,3405.7510999999995,11986.061099999999,0.253,1,restructure-light,PIA_OPCIONES
EDOMEX - ECATEPEC,A6316G,2025-07-27,0.0198953656666666,0.0198953656666666,0.0,0.0,0.0,0.0,0.0,0.0,0.0,0.0,0.0,0.0,0.0,0.0,0.0,0.0,1.0,0,0.0,0,0,,18000.0,358.116582,7123.2,10518.683418,17641.883418,0.372,1,restructure-light,PIA_OPCIONES
EDOMEX - ECATEPEC,A6317D,2025-07-31,0.1214784143888889,0.2514610430555555,0.0,0.0,0.0,0.0,0.0,0.0,0.0,0.0,0.0,0.0,0.0,0.0,0.0,0.0,1.0,0,0.0,0,0,,18000.0,4526.298774999999,8143.18,5330.521225,13473.701225,0.284,1,restructure-light,PIA_OPCIONES
EDOMEX - TLANEPANTLA,A6323E,2024-12-20,0.13341915,0.13341915,0.0,0.0,0.0,0.0,0.0,0.0,0.0,0.0,0.0,0.0,0.0,0.0,0.0,0.0,1.0,0,0.0,0,0,,18000.0,2401.5447,13961.63,1636.8253000000004,15598.4553,0.329,1,restructure-light,PIA_OPCIONES
EDOMEX - TLANEPANTLA,A6354C,2024-01-13,0.0072954216666666,0.0072954216666666,0.0,0.0,0.0,0.0,0.0,0.0,0.0,0.0,0.0,0.0,0.0,0.0,0.0,0.0,1.0,0,0.0,0,0,,18000.0,131.31759,5403.57,12465.112410000002,17868.68241,0.377,1,restructure-light,PIA_OPCIONES
EDOMEX - TLANEPANTLA,A6360C,2025-07-30,0.1829337848333333,0.402232237,0.0,0.0,0.0,0.0,0.0,0.0,0.0,0.0,0.0,0.0,0.0,0.0,0.0,0.0,1.0,0,0.0,0,0,,18000.0,7240.180265999999,3334.98,7424.839734000001,10759.819734,0.227,1,restructure-light,PIA_OPCIONES
EDOMEX - TLANEPANTLA,A6397J,2025-07-28,0.1303623448333333,0.2830709520555555,0.0,0.0,0.0,0.0,0.0,0.0,0.0,0.0,0.0,0.0,0.0,0.0,0.0,0.0,1.0,0,0.0,0,0,,18000.0,5095.277137,11560.71,1344.012863,12904.722862999999,0.272,1,restructure-light,PIA_OPCIONES
EDOMEX - TLANEPANTLA,A6505B,2025-07-29,0.1728372873333333,0.4222819692777777,0.0,0.0,0.0,0.0,0.0,0.0,0.0,0.0,0.0,0.0,0.0,0.0,0.0,0.0,1.0,0,0.0,0,0,,18000.0,7601.075446999999,6767.45,3631.474553000001,10398.924553,0.22,1,restructure-light,PIA_OPCIONES
EDOMEX - TLANEPANTLA,A6506B,2024-07-20,0.08451889,0.08451889,0.0,0.0,0.0,0.0,0.0,0.0,0.0,0.0,0.0,0.0,0.0,0.0,0.0,0.0,1.0,0,0.0,0,0,,18000.0,1521.34002,6198.38,10280.27998,16478.65998,0.348,1,restructure-light,PIA_OPCIONES
EDOMEX - TLANEPANTLA,A6525L,2025-07-25,0.1532686174999999,0.3157118074444444,0.0,0.0,0.0,0.0,0.0,0.0,0.0,0.0,0.0,0.0,0.0,0.0,0.0,0.0,1.0,0,0.0,0,0,,18000.0,5682.812534,10326.5,1990.6874659999994,12317.187466,0.26,1,restructure-light,PIA_OPCIONES
EDOMEX - TLANEPANTLA,A6617J,2025-07-31,0.1428802089999999,0.3167491076666666,0.0,0.0,0.0,0.0,0.0,0.0,0.0,0.0,0.0,0.0,0.0,0.0,0.0,0.0,1.0,0,0.0,0,0,,18000.0,5701.483937999999,10185.98,2112.536062000001,12298.516062,0.26,1,restructure-light,PIA_OPCIONES
EDOMEX - TLANEPANTLA,A67282,2025-01-30,0.129666845,0.264196605,0.0,0.0,0.0,0.0,0.0,0.0,0.0,0.0,0.0,0.0,0.0,0.0,0.0,0.0,1.0,0,0.0,0,0,,18000.0,4755.53889,8234.35,5010.11111,13244.46111,0.28,1,restructure-light,PIA_OPCIONES
EDOMEX - TLANEPANTLA,A6741B,2025-07-23,0.0097612609444444,0.0097612609444444,0.0,0.0,0.0,0.0,0.0,0.0,0.0,0.0,0.0,0.0,0.0,0.0,0.0,0.0,1.0,0,0.0,0,0,,18000.0,175.702697,11997.09,5827.207302999999,17824.297303,0.376,1,restructure-light,PIA_OPCIONES
EDOMEX - TLANEPANTLA,A674JMD,2025-07-31,0.1530489805,0.3360055186666666,0.0,0.0,0.0,0.0,0.0,0.0,0.0,0.0,0.0,0.0,0.0,0.0,0.0,0.0,1.0,0,0.0,0,0,,18000.0,6048.099335999999,5544.63,6407.270664000001,11951.900664,0.252,1,restructure-light,PIA_OPCIONES
EDOMEX - ECATEPEC,A6784G,2025-07-14,0.1076587742777777,0.1076587742777777,0.0,0.0,0.0,0.0,0.0,0.0,0.0,0.0,0.0,0.0,0.0,0.0,0.0,0.0,1.0,0,0.0,0,0,,18000.0,1937.857937,5305.52,10756.622062999999,16062.142063,0.339,1,restructure-light,PIA_OPCIONES
EDOMEX - TLANEPANTLA,A6814G,2025-07-12,0.0076393608333333,0.0076393608333333,0.0,0.0,0.0,0.0,0.0,0.0,0.0,0.0,0.0,0.0,0.0,0.0,0.0,0.0,1.0,0,0.0,0,0,,18000.0,137.508495,11731.02,6131.471505000001,17862.491505,0.377,1,restructure-light,PIA_OPCIONES
EDOMEX - TLANEPANTLA,A6814L,2025-04-12,0.1227775383333333,0.2683752933333334,0.0,0.0,0.0,0.0,0.0,0.0,0.0,0.0,0.0,0.0,0.0,0.0,0.0,0.0,1.0,0,0.0,0,0,,18000.0,4830.75528,6279.8,6889.444719999999,13169.244719999999,0.278,1,restructure-light,PIA_OPCIONES
EDOMEX - TLANEPANTLA,A6839B,2025-07-27,0.1029367199444444,0.2577667349444444,0.0,0.0,0.0,0.0,0.0,0.0,0.0,0.0,0.0,0.0,0.0,0.0,0.0,0.0,1.0,0,0.0,0,0,,18000.0,4639.801229000001,9327.73,4032.468771,13360.198771,0.282,1,restructure-light,PIA_OPCIONES
EDOMEX - TLANEPANTLA,A6859J,2025-07-30,0.1426889872777778,0.3052744752222223,0.0,0.0,0.0,0.0,0.0,0.0,0.0,0.0,0.0,0.0,0.0,0.0,0.0,0.0,1.0,0,0.0,0,0,,18000.0,5494.940554000001,10025.9,2479.1594459999997,12505.059446,0.264,1,restructure-light,PIA_OPCIONES
EDOMEX - ECATEPEC,A6867C,2025-07-31,0.1754504744999999,0.3318460092777778,0.0,0.0,0.0,0.0,0.0,0.0,0.0,0.0,0.0,0.0,0.0,0.0,0.0,0.0,1.0,0,0.0,0,0,,18000.0,5973.228167,3739.08,8287.691832999999,12026.771832999999,0.254,1,restructure-light,PIA_OPCIONES
EDOMEX - TLANEPANTLA,A6869D,2024-04-07,0.0168593711111111,0.0168593711111111,0.0,0.0,0.0,0.0,0.0,0.0,0.0,0.0,0.0,0.0,0.0,0.0,0.0,0.0,1.0,0,0.0,0,0,,18000.0,303.46868,11634.2,6062.3313199999975,17696.53132,0.374,1,restructure-light,PIA_OPCIONES
EDOMEX - ECATEPEC,A6899H,2025-01-26,0.0170855822222222,0.0170855822222222,0.0,0.0,0.0,0.0,0.0,0.0,0.0,0.0,0.0,0.0,0.0,0.0,0.0,0.0,1.0,0,0.0,0,0,,18000.0,307.54048,7762.89,9929.569520000001,17692.45952,0.374,1,restructure-light,PIA_OPCIONES
EDOMEX - TLANEPANTLA,A6907D,2024-05-08,0.02959521,0.02959521,0.0,0.0,0.0,0.0,0.0,0.0,0.0,0.0,0.0,0.0,0.0,0.0,0.0,0.0,1.0,0,0.0,0,0,,18000.0,532.71378,14398.86,3068.426220000001,17467.28622,0.369,1,restructure-light,PIA_OPCIONES
EDOMEX - TLANEPANTLA,A6918G,2025-04-23,0.0361453938888888,0.0361453938888888,0.0,0.0,0.0,0.0,0.0,0.0,0.0,0.0,0.0,0.0,0.0,0.0,0.0,0.0,1.0,0,0.0,0,0,,18000.0,650.61709,7845.37,9504.012910000001,17349.38291,0.366,1,restructure-light,PIA_OPCIONES
EDOMEX - TLANEPANTLA,A6932H,2025-05-05,0.0841928667777777,0.0841928667777777,0.0,0.0,0.0,0.0,0.0,0.0,0.0,0.0,0.0,0.0,0.0,0.0,0.0,0.0,1.0,0,0.0,0,0,,18000.0,1515.471602,10986.31,5498.218397999999,16484.528398,0.348,1,restructure-light,PIA_OPCIONES
EDOMEX - ECATEPEC,A6934H,2025-02-10,0.0100543716666666,0.0100543716666666,0.0,0.0,0.0,0.0,0.0,0.0,0.0,0.0,0.0,0.0,0.0,0.0,0.0,0.0,1.0,0,0.0,0,0,,18000.0,180.97869,11263.84,6555.18131,17819.02131,0.376,1,restructure-light,PIA_OPCIONES
EDOMEX - ECATEPEC,A6954H,2025-07-06,0.0939598296111111,0.0939598296111111,0.0,0.0,0.0,0.0,0.0,0.0,0.0,0.0,0.0,0.0,0.0,0.0,0.0,0.0,1.0,0,0.0,0,0,,18000.0,1691.276933,8769.2,7539.523066999998,16308.723066999999,0.344,1,restructure-light,PIA_OPCIONES
EDOMEX - TLANEPANTLA,A696JMA,2024-03-04,0.0697082961111111,0.0697082961111111,0.0,0.0,0.0,0.0,0.0,0.0,0.0,0.0,0.0,0.0,0.0,0.0,0.0,0.0,1.0,0,0.0,0,0,,18000.0,1254.74933,11831.73,4913.520670000002,16745.25067,0.354,1,restructure-light,PIA_OPCIONES
EDOMEX - TLANEPANTLA,A7010H,2025-07-21,0.0154116990555555,0.0154116990555555,0.0,0.0,0.0,0.0,0.0,0.0,0.0,0.0,0.0,0.0,0.0,0.0,0.0,0.0,1.0,0,0.0,0,0,,18000.0,277.410583,13034.29,4688.299416999998,17722.589417,0.374,1,restructure-light,PIA_OPCIONES
EDOMEX - TLANEPANTLA,A7049M,2024-08-04,0.0203289266666666,0.0203289266666666,0.0,0.0,0.0,0.0,0.0,0.0,0.0,0.0,0.0,0.0,0.0,0.0,0.0,0.0,1.0,0,0.0,0,0,,18000.0,365.92067999999995,11288.68,6345.39932,17634.07932,0.372,1,restructure-light,PIA_OPCIONES
EDOMEX - TLANEPANTLA,A7077E,2025-06-16,0.0645922800555555,0.0645922800555555,0.0,0.0,0.0,0.0,0.0,0.0,0.0,0.0,0.0,0.0,0.0,0.0,0.0,0.0,1.0,0,0.0,0,0,,18000.0,1162.661041,12713.09,4124.2489590000005,16837.338959,0.355,1,restructure-light,PIA_OPCIONES
EDOMEX - TLANEPANTLA,A7138G,2025-07-31,0.1348681053333333,0.3031580435,0.0,0.0,0.0,0.0,0.0,0.0,0.0,0.0,0.0,0.0,0.0,0.0,0.0,0.0,1.0,0,0.0,0,0,,18000.0,5456.8447830000005,11164.04,1379.1152169999987,12543.155217,0.265,1,restructure-light,PIA_OPCIONES
EDOMEX - TLANEPANTLA,A7145D,2024-10-07,0.0524790294444444,0.0524790294444444,0.0,0.0,0.0,0.0,0.0,0.0,0.0,0.0,0.0,0.0,0.0,0.0,0.0,0.0,1.0,0,0.0,0,0,,18000.0,944.62253,9407.12,7648.257469999999,17055.37747,0.36,1,restructure-light,PIA_OPCIONES
EDOMEX - TLANEPANTLA,A7145G,2025-07-26,0.0773098746111111,0.0773098746111111,0.0,0.0,0.0,0.0,0.0,0.0,0.0,0.0,0.0,0.0,0.0,0.0,0.0,0.0,1.0,0,0.0,0,0,,18000.0,1391.5777429999998,10110.37,6498.052256999998,16608.422257,0.351,1,restructure-light,PIA_OPCIONES
EDOMEX - TLANEPANTLA,A7164E,2025-07-26,0.1373670963888888,0.2146202052777777,0.0,0.0,0.0,0.0,0.0,0.0,0.0,0.0,0.0,0.0,0.0,0.0,0.0,0.0,1.0,0,0.0,0,0,,18000.0,3863.163695,4346.82,9790.016305000001,14136.836305,0.298,1,restructure-light,PIA_OPCIONES
EDOMEX - TLANEPANTLA,A7212G,2024-02-07,0.1602795861111111,0.2730799,0.0,0.0,0.0,0.0,0.0,0.0,0.0,0.0,0.0,0.0,0.0,0.0,0.0,0.0,1.0,0,0.0,0,0,,18000.0,4915.4382,10174.78,2909.781799999999,13084.5618,0.276,1,restructure-light,PIA_OPCIONES
EDOMEX - TLANEPANTLA,A7276E,2024-02-23,0.0095916666666666,0.0095916666666666,0.0,0.0,0.0,0.0,0.0,0.0,0.0,0.0,0.0,0.0,0.0,0.0,0.0,0.0,1.0,0,0.0,0,0,,18000.0,172.65,10912.8,6914.549999999999,17827.35,0.376,1,restructure-light,PIA_OPCIONES
EDOMEX - TLANEPANTLA,A7279E,2023-12-18,0.0204794872222222,0.0204794872222222,0.0,0.0,0.0,0.0,0.0,0.0,0.0,0.0,0.0,0.0,0.0,0.0,0.0,0.0,1.0,0,0.0,0,0,,18000.0,368.63077,9605.16,8026.20923,17631.36923,0.372,1,restructure-light,PIA_OPCIONES
EDOMEX - TLANEPANTLA,A7284B,2025-01-03,0.1419468,0.296198575,0.0,0.0,0.0,0.0,0.0,0.0,0.0,0.0,0.0,0.0,0.0,0.0,0.0,0.0,1.0,0,0.0,0,0,,18000.0,5331.57435,4515.57,8152.855650000001,12668.425650000001,0.267,1,restructure-light,PIA_OPCIONES
EDOMEX - TLANEPANTLA,A728JMF,2025-07-31,0.1651597071666666,0.3582349015,0.0,0.0,0.0,0.0,0.0,0.0,0.0,0.0,0.0,0.0,0.0,0.0,0.0,0.0,1.0,0,0.0,0,0,,18000.0,6448.228227,9631.8,1919.9717730000011,11551.771773,0.244,1,restructure-light,PIA_OPCIONES
EDOMEX - TLANEPANTLA,A7315E,2024-02-04,0.0083370766666666,0.0083370766666666,0.0,0.0,0.0,0.0,0.0,0.0,0.0,0.0,0.0,0.0,0.0,0.0,0.0,0.0,1.0,0,0.0,0,0,,18000.0,150.06738,9585.49,8264.44262,17849.93262,0.377,1,restructure-light,PIA_OPCIONES
EDOMEX - TLANEPANTLA,A7360E,2025-07-30,0.174831027,0.3498749753333333,0.0,0.0,0.0,0.0,0.0,0.0,0.0,0.0,0.0,0.0,0.0,0.0,0.0,0.0,1.0,0,0.0,0,0,,18000.0,6297.749556,8303.32,3398.9304440000014,11702.250444000001,0.247,1,restructure-light,PIA_OPCIONES
EDOMEX - ECATEPEC,A7371K,2025-07-24,0.1282168893333333,0.2490005715555555,0.0,0.0,0.0,0.0,0.0,0.0,0.0,0.0,0.0,0.0,0.0,0.0,0.0,0.0,1.0,0,0.0,0,0,,18000.0,4482.0102879999995,5266.94,8251.049712,13517.989712,0.285,1,restructure-light,PIA_OPCIONES
EDOMEX - TLANEPANTLA,A7515C,2025-07-17,0.1029414705555555,0.1232230244444444,0.0,0.0,0.0,0.0,0.0,0.0,0.0,0.0,0.0,0.0,0.0,0.0,0.0,0.0,1.0,0,0.0,0,0,,18000.0,2218.01444,13839.69,1942.2955600000005,15781.985560000001,0.333,1,restructure-light,PIA_OPCIONES
EDOMEX - TLANEPANTLA,A7563G,2024-07-11,0.0329586666666666,0.0329586666666666,0.0,0.0,0.0,0.0,0.0,0.0,0.0,0.0,0.0,0.0,0.0,0.0,0.0,0.0,1.0,0,0.0,0,0,,18000.0,593.256,7085.68,10321.063999999998,17406.744,0.367,1,restructure-light,PIA_OPCIONES
EDOMEX - ECATEPEC,A7606J,2025-07-08,0.0448551481666666,0.0448551481666666,0.0,0.0,0.0,0.0,0.0,0.0,0.0,0.0,0.0,0.0,0.0,0.0,0.0,0.0,1.0,0,0.0,0,0,,18000.0,807.392667,7216.17,9976.437333,17192.607333,0.363,1,restructure-light,PIA_OPCIONES
EDOMEX - TLANEPANTLA,A7642C,2025-06-20,0.0351534701666666,0.0351534701666666,0.0,0.0,0.0,0.0,0.0,0.0,0.0,0.0,0.0,0.0,0.0,0.0,0.0,0.0,1.0,0,0.0,0,0,,18000.0,632.762463,14161.07,3206.167537000001,17367.237537,0.367,1,restructure-light,PIA_OPCIONES
EDOMEX - TLANEPANTLA,A7653C,2024-02-08,0.0496482716666666,0.0496482716666666,0.0,0.0,0.0,0.0,0.0,0.0,0.0,0.0,0.0,0.0,0.0,0.0,0.0,0.0,1.0,0,0.0,0,0,,18000.0,893.6688899999999,14498.46,2607.87111,17106.33111,0.361,1,restructure-light,PIA_OPCIONES
EDOMEX - ECATEPEC,A77157D,2025-07-31,0.3428786385,0.8797452631666666,0.0,0.0,0.0,0.0,0.0,0.0,0.0,0.0,0.0,0.0,0.0,0.0,0.0,0.0,1.0,0,0.0,0,0,,18000.0,15835.414737,924.9,1239.6852630000008,2164.585263000001,0.046,1,advisor-review,PIA_OPCIONES
EDOMEX - ECATEPEC,A77254D,2025-07-30,0.3758861206666666,0.8177294533333332,0.0,0.0,0.0,0.0,0.0,0.0,0.0,0.0,0.0,0.0,0.0,0.0,0.0,0.0,1.0,0,0.0,0,0,,18000.0,14719.13016,1909.07,1371.7998399999994,3280.8698399999994,0.069,1,advisor-review,PIA_OPCIONES
EDOMEX - ECATEPEC,A77281D,2025-07-27,0.4601466971666667,1.0168099188333335,0.0,0.0,0.0,0.0,0.0,0.0,0.0,0.0,0.0,0.0,0.0,0.0,0.0,0.0,1.0,0,0.0,0,0,,18000.0,18302.578539,0.0,0.0,0.0,0.0,1,advisor-review,PIA_OPCIONES
EDOMEX - TLANEPANTLA,A7734B,2025-04-23,0.1224726422222222,0.2479204283333333,0.0,0.0,0.0,0.0,0.0,0.0,0.0,0.0,0.0,0.0,0.0,0.0,0.0,0.0,1.0,0,0.0,0,0,,18000.0,4462.56771,11195.72,2341.7122900000013,13537.43229,0.286,1,restructure-light,PIA_OPCIONES
EDOMEX - ECATEPEC,A77364D,2025-07-31,0.517838087,1.0857117993333332,0.0,0.0,0.0,0.0,0.0,0.0,0.0,0.0,0.0,0.0,0.0,0.0,0.0,0.0,1.0,0,0.0,0,0,,18000.0,19542.812388,0.0,0.0,0.0,0.0,1,advisor-review,PIA_OPCIONES
EDOMEX - TLANEPANTLA,A7738C,2025-07-31,0.163943609,0.3854632773333333,0.0,0.0,0.0,0.0,0.0,0.0,0.0,0.0,0.0,0.0,0.0,0.0,0.0,0.0,1.0,0,0.0,0,0,,18000.0,6938.338991999999,6749.95,4311.711008000001,11061.661008000001,0.234,1,restructure-light,PIA_OPCIONES
EDOMEX - ECATEPEC,A7739H,2024-12-14,0.051886615,0.051886615,0.0,0.0,0.0,0.0,0.0,0.0,0.0,0.0,0.0,0.0,0.0,0.0,0.0,0.0,1.0,0,0.0,0,0,,18000.0,933.95907,12714.71,4351.33093,17066.04093,0.36,1,restructure-light,PIA_OPCIONES
EDOMEX - ECATEPEC,A77404D,2025-07-31,0.473377352,0.8849475653333332,0.0,0.0,0.0,0.0,0.0,0.0,0.0,0.0,0.0,0.0,0.0,0.0,0.0,0.0,1.0,0,0.0,0,0,,18000.0,15929.056175999998,1529.77,541.1738240000018,2070.9438240000018,0.044,1,advisor-review,PIA_OPCIONES
EDOMEX - ECATEPEC,A77407D,2025-07-31,0.4614740298333333,0.7342606688333333,0.0,0.0,0.0,0.0,0.0,0.0,0.0,0.0,0.0,0.0,0.0,0.0,0.0,0.0,1.0,0,0.0,0,0,,18000.0,13216.692039,3682.08,1101.2279610000005,4783.307961,0.101,1,advisor-review,PIA_OPCIONES
EDOMEX - TLANEPANTLA,A7742G,2025-07-31,0.1583072291666666,0.3339941941666666,0.0,0.0,0.0,0.0,0.0,0.0,0.0,0.0,0.0,0.0,0.0,0.0,0.0,0.0,1.0,0,0.0,0,0,,18000.0,6011.895495,7695.89,4292.214504999999,11988.104505,0.253,1,restructure-light,PIA_OPCIONES
EDOMEX - ECATEPEC,A77506D,2025-07-08,0.6818094146666667,1.2625077962222222,0.0,0.0,0.0,0.0,0.0,0.0,0.0,0.0,0.0,0.0,0.0,0.0,0.0,0.0,1.0,0,0.0,0,0,,18000.0,22725.140332,0.0,0.0,0.0,0.0,0,monitor,FOLLOW_UP
EDOMEX - ECATEPEC,A77507D,2025-07-31,0.6142577868333333,1.2308454366666666,0.0,0.0,0.0,0.0,0.0,0.0,0.0,0.0,0.0,0.0,0.0,0.0,0.0,0.0,1.0,0,0.0,0,0,,18000.0,22155.217859999997,0.0,0.0,0.0,0.0,1,advisor-review,PIA_OPCIONES
EDOMEX - ECATEPEC,A77510D,2025-06-12,0.2074333434999999,0.4277934907222221,0.0,0.0,0.0,0.0,0.0,0.0,0.0,0.0,0.0,0.0,0.0,0.0,0.0,0.0,1.0,0,0.0,0,0,,18000.0,7700.282832999999,8439.01,1860.7071670000005,10299.717167,0.217,1,restructure-light,PIA_OPCIONES
EDOMEX - ECATEPEC,A77524D,2025-07-29,0.3995066693333333,1.2131711211666667,0.0,0.0,0.0,0.0,0.0,0.0,0.0,0.0,0.0,0.0,0.0,0.0,0.0,0.0,1.0,0,0.0,0,0,,18000.0,21837.080181,0.0,0.0,0.0,0.0,1,advisor-review,PIA_OPCIONES
EDOMEX - ECATEPEC,A77525D,2025-07-31,0.5498186361666667,1.391177122,0.0,0.0,0.0,0.0,0.0,0.0,0.0,0.0,0.0,0.0,0.0,0.0,0.0,0.0,1.0,0,0.0,0,0,,18000.0,25041.188196,0.0,0.0,0.0,0.0,1,advisor-review,PIA_OPCIONES
EDOMEX - ECATEPEC,A77526D,2025-07-31,0.1870577344444444,0.1870577344444444,0.0,0.0,0.0,0.0,0.0,0.0,0.0,0.0,0.0,0.0,0.0,0.0,0.0,0.0,1.0,0,0.0,0,0,,18000.0,3367.03922,6184.45,8448.51078,14632.96078,0.309,1,restructure-light,PIA_OPCIONES
EDOMEX - ECATEPEC,A77634D,2025-07-28,0.2828503806666666,0.861106437,0.0,0.0,0.0,0.0,0.0,0.0,0.0,0.0,0.0,0.0,0.0,0.0,0.0,0.0,1.0,0,0.0,0,0,,18000.0,15499.915866,1865.46,634.6241340000006,2500.0841340000006,0.053,1,advisor-review,PIA_OPCIONES
EDOMEX - ECATEPEC,A77636D,2025-04-21,0.3392599333333333,0.8935772583333333,0.0,0.0,0.0,0.0,0.0,0.0,0.0,0.0,0.0,0.0,0.0,0.0,0.0,0.0,1.0,0,0.0,0,0,,18000.0,16084.39065,601.28,1314.3293500000007,1915.6093500000006,0.04,1,advisor-review,PIA_OPCIONES
EDOMEX - ECATEPEC,A77637D,2025-07-24,0.1336154535,0.1336154535,0.0,0.0,0.0,0.0,0.0,0.0,0.0,0.0,0.0,0.0,0.0,0.0,0.0,0.0,1.0,0,0.0,0,0,,18000.0,2405.078163,13841.04,1753.881836999999,15594.921837,0.329,1,restructure-light,PIA_OPCIONES
EDOMEX - ECATEPEC,A77638D,2025-04-08,0.38569063,1.0974845366666668,0.0,0.0,0.0,0.0,0.0,0.0,0.0,0.0,0.0,0.0,0.0,0.0,0.0,0.0,1.0,0,0.0,0,0,,18000.0,19754.721660000003,0.0,0.0,0.0,0.0,1,advisor-review,PIA_OPCIONES
EDOMEX - ECATEPEC,A77639D,2025-07-27,0.3495018659999999,0.8472615215,0.0,0.0,0.0,0.0,0.0,0.0,0.0,0.0,0.0,0.0,0.0,0.0,0.0,0.0,1.0,0,0.0,0,0,,18000.0,15250.707387,2011.35,737.9426129999997,2749.2926129999996,0.058,1,advisor-review,PIA_OPCIONES
EDOMEX - ECATEPEC,A77647D,2025-07-26,0.5138070208333333,1.0300822923333337,0.0,0.0,0.0,0.0,0.0,0.0,0.0,0.0,0.0,0.0,0.0,0.0,0.0,0.0,1.0,0,0.0,0,0,,18000.0,18541.481262,0.0,0.0,0.0,0.0,1,advisor-review,PIA_OPCIONES
EDOMEX - TLANEPANTLA,A7764J,2024-12-01,0.011821255,0.011821255,0.0,0.0,0.0,0.0,0.0,0.0,0.0,0.0,0.0,0.0,0.0,0.0,0.0,0.0,1.0,0,0.0,0,0,,18000.0,212.78259,9547.79,8239.42741,17787.21741,0.376,1,restructure-light,PIA_OPCIONES
EDOMEX - ECATEPEC,A7778M,2025-07-12,0.1311274113888889,0.1311274113888889,0.0,0.0,0.0,0.0,0.0,0.0,0.0,0.0,0.0,0.0,0.0,0.0,0.0,0.0,1.0,0,0.0,0,0,,18000.0,2360.293405,7686.6,7953.106594999999,15639.706595,0.33,1,restructure-light,PIA_OPCIONES
EDOMEX - ECATEPEC,A7831H,2025-07-01,0.1206344449999999,0.2568801552222222,0.0,0.0,0.0,0.0,0.0,0.0,0.0,0.0,0.0,0.0,0.0,0.0,0.0,0.0,1.0,0,0.0,0,0,,18000.0,4623.842793999999,8898.42,4477.737206,13376.157206,0.282,1,restructure-light,PIA_OPCIONES
EDOMEX - TLANEPANTLA,A7833A,2025-06-22,0.1266163748333333,0.1906499620555555,0.0,0.0,0.0,0.0,0.0,0.0,0.0,0.0,0.0,0.0,0.0,0.0,0.0,0.0,1.0,0,0.0,0,0,,18000.0,3431.699317,9448.91,5119.390683,14568.300683,0.308,1,restructure-light,PIA_OPCIONES
EDOMEX - ECATEPEC,A7861A,2025-06-12,0.1042382160555555,0.2049665232777777,0.0,0.0,0.0,0.0,0.0,0.0,0.0,0.0,0.0,0.0,0.0,0.0,0.0,0.0,1.0,0,0.0,0,0,,18000.0,3689.397419,7806.2,6504.402580999999,14310.602581,0.302,1,restructure-light,PIA_OPCIONES
EDOMEX - ECATEPEC,A7861D,2024-12-30,0.00719186,0.00719186,0.0,0.0,0.0,0.0,0.0,0.0,0.0,0.0,0.0,0.0,0.0,0.0,0.0,0.0,1.0,0,0.0,0,0,,18000.0,129.45348,11813.59,6056.95652,17870.54652,0.377,1,restructure-light,PIA_OPCIONES
EDOMEX - TLANEPANTLA,A7874H,2025-07-30,0.1173875443888888,0.2767027182777777,0.0,0.0,0.0,0.0,0.0,0.0,0.0,0.0,0.0,0.0,0.0,0.0,0.0,0.0,1.0,0,0.0,0,0,,18000.0,4980.648929,11212.64,1806.7110710000015,13019.351071000001,0.275,1,restructure-light,PIA_OPCIONES
EDOMEX - TLANEPANTLA,A7876M,2025-07-14,0.1182126268888888,0.2908429818888889,0.0,0.0,0.0,0.0,0.0,0.0,0.0,0.0,0.0,0.0,0.0,0.0,0.0,0.0,1.0,0,0.0,0,0,,18000.0,5235.173674000001,7411.06,5353.766325999998,12764.826325999999,0.269,1,restructure-light,PIA_OPCIONES
EDOMEX - ECATEPEC,A7878L,2025-03-01,0.0105948216666666,0.0105948216666666,0.0,0.0,0.0,0.0,0.0,0.0,0.0,0.0,0.0,0.0,0.0,0.0,0.0,0.0,1.0,0,0.0,0,0,,18000.0,190.70679,7445.09,10364.20321,17809.29321,0.376,1,restructure-light,PIA_OPCIONES
EDOMEX - TLANEPANTLA,A7886M,2025-07-27,0.1476633402777777,0.3380537252777778,0.0,0.0,0.0,0.0,0.0,0.0,0.0,0.0,0.0,0.0,0.0,0.0,0.0,0.0,1.0,0,0.0,0,0,,18000.0,6084.967055,6271.16,5643.872944999999,11915.032944999999,0.252,1,restructure-light,PIA_OPCIONES
EDOMEX - ECATEPEC,A8046M,2025-07-28,0.1036709205,0.2556519754999999,0.0,0.0,0.0,0.0,0.0,0.0,0.0,0.0,0.0,0.0,0.0,0.0,0.0,0.0,1.0,0,0.0,0,0,,18000.0,4601.735559,7187.69,6210.574441,13398.264441,0.283,1,restructure-light,PIA_OPCIONES
EDOMEX - TLANEPANTLA,A8077A,2024-04-27,0.0097207605555555,0.0097207605555555,0.0,0.0,0.0,0.0,0.0,0.0,0.0,0.0,0.0,0.0,0.0,0.0,0.0,0.0,1.0,0,0.0,0,0,,18000.0,174.97369,6749.72,11075.30631,17825.02631,0.376,1,restructure-light,PIA_OPCIONES
EDOMEX - TLANEPANTLA,A8143L,2025-07-30,0.1537334560555555,0.3155645260555555,0.0,0.0,0.0,0.0,0.0,0.0,0.0,0.0,0.0,0.0,0.0,0.0,0.0,0.0,1.0,0,0.0,0,0,,18000.0,5680.161469,4899.88,7419.958531000001,12319.838531000001,0.26,1,restructure-light,PIA_OPCIONES
EDOMEX - ECATEPEC,A8204H,2025-03-02,0.1202344822222222,0.1202344822222222,0.0,0.0,0.0,0.0,0.0,0.0,0.0,0.0,0.0,0.0,0.0,0.0,0.0,0.0,1.0,0,0.0,0,0,,18000.0,2164.22068,11255.08,4580.69932,15835.77932,0.334,1,restructure-light,PIA_OPCIONES
EDOMEX - ECATEPEC,A83112D,2025-01-04,0.272802176111111,0.7419676988888889,0.0,0.0,0.0,0.0,0.0,0.0,0.0,0.0,0.0,0.0,0.0,0.0,0.0,0.0,1.0,0,0.0,0,0,,18000.0,13355.41858,2339.41,2305.1714200000006,4644.58142,0.098,1,advisor-review,PIA_OPCIONES
EDOMEX - ECATEPEC,A83155D,2024-11-18,0.1684332449999999,0.3131730944444444,0.0,0.0,0.0,0.0,0.0,0.0,0.0,0.0,0.0,0.0,0.0,0.0,0.0,0.0,1.0,0,0.0,0,0,,18000.0,5637.1157,10792.04,1570.8442999999988,12362.8843,0.261,1,restructure-light,PIA_OPCIONES
EDOMEX - TLANEPANTLA,A831JMD,2025-07-17,0.1419596746111111,0.3184917596111111,0.0,0.0,0.0,0.0,0.0,0.0,0.0,0.0,0.0,0.0,0.0,0.0,0.0,0.0,1.0,0,0.0,0,0,,18000.0,5732.851673,5473.09,6794.058326999999,12267.148326999999,0.259,1,restructure-light,PIA_OPCIONES
EDOMEX - TLANEPANTLA,A8322M,2023-11-20,0.0185320222222222,0.0185320222222222,0.0,0.0,0.0,0.0,0.0,0.0,0.0,0.0,0.0,0.0,0.0,0.0,0.0,0.0,1.0,0,0.0,0,0,,18000.0,333.5764,6348.51,11317.913599999998,17666.4236,0.373,1,restructure-light,PIA_OPCIONES
EDOMEX - ECATEPEC,A83338D,2025-07-31,0.4656242179999999,0.968902646,0.0,0.0,0.0,0.0,0.0,0.0,0.0,0.0,0.0,0.0,0.0,0.0,0.0,0.0,1.0,0,0.0,0,0,,18000.0,17440.247628,420.99,138.762371999999,559.752371999999,0.012,1,advisor-review,PIA_OPCIONES
EDOMEX - TLANEPANTLA,A8340B,2025-07-06,0.1333514822222222,0.1706980022222222,0.0,0.0,0.0,0.0,0.0,0.0,0.0,0.0,0.0,0.0,0.0,0.0,0.0,0.0,1.0,0,0.0,0,0,,18000.0,3072.5640399999997,12369.2,2558.23596,14927.43596,0.315,1,restructure-light,PIA_OPCIONES
EDOMEX - ECATEPEC,A83496D,2025-07-31,0.4121677398333332,0.9687003571666668,0.0,0.0,0.0,0.0,0.0,0.0,0.0,0.0,0.0,0.0,0.0,0.0,0.0,0.0,1.0,0,0.0,0,0,,18000.0,17436.606429,263.03,300.36357100000055,563.3935710000005,0.012,1,advisor-review,PIA_OPCIONES
EDOMEX - ECATEPEC,A83527D,2025-04-15,0.2904874422222222,0.7195865005555556,0.0,0.0,0.0,0.0,0.0,0.0,0.0,0.0,0.0,0.0,0.0,0.0,0.0,0.0,1.0,0,0.0,0,0,,18000.0,12952.55701,2126.25,2921.1929899999996,5047.44299,0.107,1,advisor-review,PIA_OPCIONES
EDOMEX - TLANEPANTLA,A835JMF,2025-07-30,0.1407795392777777,0.2970954642777778,0.0,0.0,0.0,0.0,0.0,0.0,0.0,0.0,0.0,0.0,0.0,0.0,0.0,0.0,1.0,0,0.0,0,0,,18000.0,5347.718357,5205.9,7446.381643000001,12652.281643,0.267,1,restructure-light,PIA_OPCIONES
EDOMEX - ECATEPEC,A83828D,2025-07-23,0.4681907368333334,1.0483880343333332,0.0,0.0,0.0,0.0,0.0,0.0,0.0,0.0,0.0,0.0,0.0,0.0,0.0,0.0,1.0,0,0.0,0,0,,18000.0,18870.984618,0.0,0.0,0.0,0.0,1,advisor-review,PIA_OPCIONES
EDOMEX - TLANEPANTLA,A8395L,2025-07-07,0.0469964644444444,0.0469964644444444,0.0,0.0,0.0,0.0,0.0,0.0,0.0,0.0,0.0,0.0,0.0,0.0,0.0,0.0,1.0,0,0.0,0,0,,18000.0,845.9363599999999,9967.37,7186.6936399999995,17154.06364,0.362,1,restructure-light,PIA_OPCIONES
EDOMEX - ECATEPEC,A8402L,2025-07-20,0.1248686387222222,0.1248686387222222,0.0,0.0,0.0,0.0,0.0,0.0,0.0,0.0,0.0,0.0,0.0,0.0,0.0,0.0,1.0,0,0.0,0,0,,18000.0,2247.635497,7177.78,8574.584503000002,15752.364503,0.333,1,restructure-light,PIA_OPCIONES
EDOMEX - ECATEPEC,A84113D,2025-07-31,0.3202253246666666,1.4236493443333331,0.0,0.0,0.0,0.0,0.0,0.0,0.0,0.0,0.0,0.0,0.0,0.0,0.0,0.0,1.0,0,0.0,0,0,,18000.0,25625.688198,0.0,0.0,0.0,0.0,1,advisor-review,PIA_OPCIONES
EDOMEX - ECATEPEC,A84130D,2025-07-30,0.3498635575,0.8152793378333333,0.0,0.0,0.0,0.0,0.0,0.0,0.0,0.0,0.0,0.0,0.0,0.0,0.0,0.0,1.0,0,0.0,0,0,,18000.0,14675.028081,1958.06,1366.9119189999997,3324.9719189999996,0.07,1,advisor-review,PIA_OPCIONES
EDOMEX - ECATEPEC,A84209D,2025-07-31,0.3817634713333333,0.9303791933333332,0.0,0.0,0.0,0.0,0.0,0.0,0.0,0.0,0.0,0.0,0.0,0.0,0.0,0.0,1.0,0,0.0,0,0,,18000.0,16746.82548,1097.28,155.8945200000005,1253.1745200000005,0.026,1,advisor-review,PIA_OPCIONES
EDOMEX - ECATEPEC,A84390D,2025-07-20,0.3997961315,0.9219401481666666,0.0,0.0,0.0,0.0,0.0,0.0,0.0,0.0,0.0,0.0,0.0,0.0,0.0,0.0,1.0,0,0.0,0,0,,18000.0,16594.922667,971.63,433.4473330000011,1405.077333000001,0.03,1,advisor-review,PIA_OPCIONES
EDOMEX - TLANEPANTLA,A8446C,2025-07-31,0.1002464024444444,0.2098199043333333,0.0,0.0,0.0,0.0,0.0,0.0,0.0,0.0,0.0,0.0,0.0,0.0,0.0,0.0,1.0,0,0.0,0,0,,18000.0,3776.758278,8495.6,5727.641722,14223.241722,0.3,1,restructure-light,PIA_OPCIONES
EDOMEX - ECATEPEC,A84663D,2025-07-31,0.6026520585,1.2439134963333334,0.0,0.0,0.0,0.0,0.0,0.0,0.0,0.0,0.0,0.0,0.0,0.0,0.0,0.0,1.0,0,0.0,0,0,,18000.0,22390.442934,0.0,0.0,0.0,0.0,1,advisor-review,PIA_OPCIONES
EDOMEX - ECATEPEC,A84780D,2025-07-26,0.1905554485555555,0.4926721361666666,0.0,0.0,0.0,0.0,0.0,0.0,0.0,0.0,0.0,0.0,0.0,0.0,0.0,0.0,1.0,0,0.0,0,0,,18000.0,8868.098451,4122.7,5009.201549,9131.901549,0.193,1,restructure-light,PIA_OPCIONES
EDOMEX - ECATEPEC,A84782D,2025-07-31,0.4051380666666666,0.8637688039999999,0.0,0.0,0.0,0.0,0.0,0.0,0.0,0.0,0.0,0.0,0.0,0.0,0.0,0.0,1.0,0,0.0,0,0,,18000.0,15547.838471999998,1169.35,1282.8115280000025,2452.1615280000024,0.052,1,advisor-review,PIA_OPCIONES
EDOMEX - ECATEPEC,A84826D,2025-07-30,0.6188560245,1.2761689541666668,0.0,0.0,0.0,0.0,0.0,0.0,0.0,0.0,0.0,0.0,0.0,0.0,0.0,0.0,1.0,0,0.0,0,0,,18000.0,22971.041175,0.0,0.0,0.0,0.0,1,advisor-review,PIA_OPCIONES
EDOMEX - TLANEPANTLA,A8482M,2025-02-19,0.0547683999999999,0.0547683999999999,0.0,0.0,0.0,0.0,0.0,0.0,0.0,0.0,0.0,0.0,0.0,0.0,0.0,0.0,1.0,0,0.0,0,0,,18000.0,985.8312,14054.15,2960.0188,17014.1688,0.359,1,restructure-light,PIA_OPCIONES
EDOMEX - ECATEPEC,A84873D,2025-04-11,0.3354460999999999,0.7482440916666666,0.0,0.0,0.0,0.0,0.0,0.0,0.0,0.0,0.0,0.0,0.0,0.0,0.0,0.0,1.0,0,0.0,0,0,,18000.0,13468.39365,3811.01,720.5963499999998,4531.60635,0.096,1,advisor-review,PIA_OPCIONES
EDOMEX - ECATEPEC,A85090D,2025-07-28,0.4728702861666666,1.2450664611666664,0.0,0.0,0.0,0.0,0.0,0.0,0.0,0.0,0.0,0.0,0.0,0.0,0.0,0.0,1.0,0,0.0,0,0,,18000.0,22411.196300999996,0.0,0.0,0.0,0.0,1,advisor-review,PIA_OPCIONES
EDOMEX - ECATEPEC,A85212D,2025-07-16,0.1393741441666666,0.1393741441666666,0.0,0.0,0.0,0.0,0.0,0.0,0.0,0.0,0.0,0.0,0.0,0.0,0.0,0.0,1.0,0,0.0,0,0,,18000.0,2508.734595,13778.24,1713.0254050000003,15491.265405,0.327,1,restructure-light,PIA_OPCIONES
EDOMEX - TLANEPANTLA,A8523D,2025-07-30,0.1524251277777777,0.3067554377777778,0.0,0.0,0.0,0.0,0.0,0.0,0.0,0.0,0.0,0.0,0.0,0.0,0.0,0.0,1.0,0,0.0,0,0,,18000.0,5521.59788,10878.66,1599.742119999999,12478.402119999999,0.263,1,restructure-light,PIA_OPCIONES
EDOMEX - ECATEPEC,A85266D,2025-05-29,0.3539611887222222,0.8099074976111111,0.0,0.0,0.0,0.0,0.0,0.0,0.0,0.0,0.0,0.0,0.0,0.0,0.0,0.0,1.0,0,0.0,0,0,,18000.0,14578.334957,1173.95,2247.715043000001,3421.665043000001,0.072,1,advisor-review,PIA_OPCIONES
EDOMEX - TLANEPANTLA,A8527J,2025-07-30,0.1516697528888888,0.3292671777777778,0.0,0.0,0.0,0.0,0.0,0.0,0.0,0.0,0.0,0.0,0.0,0.0,0.0,0.0,1.0,0,0.0,0,0,,18000.0,5926.809200000001,4620.12,7453.0708,12073.1908,0.255,1,restructure-light,PIA_OPCIONES
EDOMEX - ECATEPEC,A85421D,2025-06-01,0.3087386012777777,0.6457631545555556,0.0,0.0,0.0,0.0,0.0,0.0,0.0,0.0,0.0,0.0,0.0,0.0,0.0,0.0,1.0,0,0.0,0,0,,18000.0,11623.736782,3077.69,3298.573218,6376.263218,0.135,1,advisor-review,PIA_OPCIONES
EDOMEX - ECATEPEC,A85424D,2025-07-26,0.4056241651666666,1.0584862734999998,0.0,0.0,0.0,0.0,0.0,0.0,0.0,0.0,0.0,0.0,0.0,0.0,0.0,0.0,1.0,0,0.0,0,0,,18000.0,19052.752922999996,0.0,0.0,0.0,0.0,1,advisor-review,PIA_OPCIONES
EDOMEX - ECATEPEC,A85439D,2025-07-31,0.3925544161666666,0.8438515120555555,0.0,0.0,0.0,0.0,0.0,0.0,0.0,0.0,0.0,0.0,0.0,0.0,0.0,0.0,1.0,0,0.0,0,0,,18000.0,15189.327217,1006.75,1803.922783,2810.672783,0.059,1,advisor-review,PIA_OPCIONES
EDOMEX - ECATEPEC,A85444D,2025-07-31,0.3944792586666666,0.9401077373333332,0.0,0.0,0.0,0.0,0.0,0.0,0.0,0.0,0.0,0.0,0.0,0.0,0.0,0.0,1.0,0,0.0,0,0,,18000.0,16921.939272,870.51,207.5507280000004,1078.0607280000004,0.023,1,advisor-review,PIA_OPCIONES
EDOMEX - ECATEPEC,A85470D,2025-07-31,0.5036342041666667,1.1285574926666666,0.0,0.0,0.0,0.0,0.0,0.0,0.0,0.0,0.0,0.0,0.0,0.0,0.0,0.0,1.0,0,0.0,0,0,,18000.0,20314.034868,0.0,0.0,0.0,0.0,1,advisor-review,PIA_OPCIONES
EDOMEX - ECATEPEC,A85593D,2025-07-30,0.424666917,0.8303182944999999,0.0,0.0,0.0,0.0,0.0,0.0,0.0,0.0,0.0,0.0,0.0,0.0,0.0,0.0,1.0,0,0.0,0,0,,18000.0,14945.729301,1910.2,1144.0706990000006,3054.2706990000006,0.064,1,advisor-review,PIA_OPCIONES
EDOMEX - ECATEPEC,A85595D,2025-07-31,0.503191566,1.1280224663333334,0.0,0.0,0.0,0.0,0.0,0.0,0.0,0.0,0.0,0.0,0.0,0.0,0.0,0.0,1.0,0,0.0,0,0,,18000.0,20304.404394,0.0,0.0,0.0,0.0,1,advisor-review,PIA_OPCIONES
EDOMEX - ECATEPEC,A85596D,2025-06-12,0.2889243207222222,0.6823757123888888,0.0,0.0,0.0,0.0,0.0,0.0,0.0,0.0,0.0,0.0,0.0,0.0,0.0,0.0,1.0,0,0.0,0,0,,18000.0,12282.762823,2583.92,3133.317177000001,5717.237177000001,0.121,1,advisor-review,PIA_OPCIONES
EDOMEX - ECATEPEC,A85597D,2025-07-31,0.5182438321666666,1.0987542531666668,0.0,0.0,0.0,0.0,0.0,0.0,0.0,0.0,0.0,0.0,0.0,0.0,0.0,0.0,1.0,0,0.0,0,0,,18000.0,19777.576557,0.0,0.0,0.0,0.0,1,advisor-review,PIA_OPCIONES
EDOMEX - TLANEPANTLA,A8570D,2024-08-29,0.0102612105555555,0.0102612105555555,0.0,0.0,0.0,0.0,0.0,0.0,0.0,0.0,0.0,0.0,0.0,0.0,0.0,0.0,1.0,0,0.0,0,0,,18000.0,184.70179,14451.06,3364.2382100000013,17815.29821,0.376,1,restructure-light,PIA_OPCIONES
EDOMEX - TLANEPANTLA,A8584C,2025-07-30,0.1099611558333333,0.2322456981666666,0.0,0.0,0.0,0.0,0.0,0.0,0.0,0.0,0.0,0.0,0.0,0.0,0.0,0.0,1.0,0,0.0,0,0,,18000.0,4180.422567,8990.14,4829.437433000001,13819.577433,0.292,1,restructure-light,PIA_OPCIONES
EDOMEX - ECATEPEC,A85853D,2025-07-31,0.3333961999444444,0.3637074382777778,0.0,0.0,0.0,0.0,0.0,0.0,0.0,0.0,0.0,0.0,0.0,0.0,0.0,0.0,1.0,0,0.0,0,0,,18000.0,6546.733889,8487.76,2965.5061110000006,11453.266111,0.242,1,restructure-light,PIA_OPCIONES
EDOMEX - TLANEPANTLA,A8601E,2024-12-16,0.0062404049999999,0.0062404049999999,0.0,0.0,0.0,0.0,0.0,0.0,0.0,0.0,0.0,0.0,0.0,0.0,0.0,0.0,1.0,0,0.0,0,0,,18000.0,112.32729,8543.51,9344.162709999999,17887.67271,0.378,1,restructure-light,PIA_OPCIONES
EDOMEX - TLANEPANTLA,A8610B,2023-09-13,0.0056072883333333,0.0056072883333333,0.0,0.0,0.0,0.0,0.0,0.0,0.0,0.0,0.0,0.0,0.0,0.0,0.0,0.0,1.0,0,0.0,0,0,,18000.0,100.93119,9356.77,8542.29881,17899.06881,0.378,1,restructure-light,PIA_OPCIONES
EDOMEX - TLANEPANTLA,A8624L,2025-07-29,0.0973357122222222,0.0973357122222222,0.0,0.0,0.0,0.0,0.0,0.0,0.0,0.0,0.0,0.0,0.0,0.0,0.0,0.0,1.0,0,0.0,0,0,,18000.0,1752.04282,8821.23,7426.72718,16247.95718,0.343,1,restructure-light,PIA_OPCIONES
EDOMEX - TLANEPANTLA,A8675A,2025-01-13,0.0119116049999999,0.0119116049999999,0.0,0.0,0.0,0.0,0.0,0.0,0.0,0.0,0.0,0.0,0.0,0.0,0.0,0.0,1.0,0,0.0,0,0,,18000.0,214.40889,13446.07,4339.5211100000015,17785.59111,0.375,1,restructure-light,PIA_OPCIONES
EDOMEX - TLANEPANTLA,A8691L,2025-07-31,0.1252801798888889,0.1299568738888889,0.0,0.0,0.0,0.0,0.0,0.0,0.0,0.0,0.0,0.0,0.0,0.0,0.0,0.0,1.0,0,0.0,0,0,,18000.0,2339.22373,11955.62,3705.1562699999995,15660.77627,0.331,1,restructure-light,PIA_OPCIONES
EDOMEX - TLANEPANTLA,A8695B,2024-06-07,0.022596815,0.022596815,0.0,0.0,0.0,0.0,0.0,0.0,0.0,0.0,0.0,0.0,0.0,0.0,0.0,0.0,1.0,0,0.0,0,0,,18000.0,406.74267,7461.09,10132.16733,17593.25733,0.371,1,restructure-light,PIA_OPCIONES
EDOMEX - TLANEPANTLA,A8731E,2024-02-23,0.1178135088888888,0.1178135088888888,0.0,0.0,0.0,0.0,0.0,0.0,0.0,0.0,0.0,0.0,0.0,0.0,0.0,0.0,1.0,0,0.0,0,0,,18000.0,2120.64316,13734.43,2144.92684,15879.35684,0.335,1,restructure-light,PIA_OPCIONES
EDOMEX - TLANEPANTLA,A8801K,2024-09-23,0.0591368738888888,0.0591368738888888,0.0,0.0,0.0,0.0,0.0,0.0,0.0,0.0,0.0,0.0,0.0,0.0,0.0,0.0,1.0,0,0.0,0,0,,18000.0,1064.46373,6306.68,10628.85627,16935.53627,0.358,1,restructure-light,PIA_OPCIONES
EDOMEX - ECATEPEC,A88211,2024-10-19,0.0108150049999999,0.0108150049999999,0.0,0.0,0.0,0.0,0.0,0.0,0.0,0.0,0.0,0.0,0.0,0.0,0.0,0.0,1.0,0,0.0,0,0,,18000.0,194.67009,14915.05,2890.279910000001,17805.32991,0.376,1,restructure-light,PIA_OPCIONES
EDOMEX - ECATEPEC,A8912B,2025-07-27,0.1372236578333333,0.2807760711666667,0.0,0.0,0.0,0.0,0.0,0.0,0.0,0.0,0.0,0.0,0.0,0.0,0.0,0.0,1.0,0,0.0,0,0,,18000.0,5053.969281000001,4663.64,8282.390718999999,12946.030718999998,0.273,1,restructure-light,PIA_OPCIONES
EDOMEX - ECATEPEC,A8944C,2025-07-20,0.1119717349444444,0.1617889566111111,0.0,0.0,0.0,0.0,0.0,0.0,0.0,0.0,0.0,0.0,0.0,0.0,0.0,0.0,1.0,0,0.0,0,0,,18000.0,2912.201219,6921.13,8166.668780999999,15087.798781,0.319,1,restructure-light,PIA_OPCIONES
EDOMEX - TLANEPANTLA,A9007G,2024-08-10,0.0064847327777777,0.0064847327777777,0.0,0.0,0.0,0.0,0.0,0.0,0.0,0.0,0.0,0.0,0.0,0.0,0.0,0.0,1.0,0,0.0,0,0,,18000.0,116.72519,14447.67,3435.604809999999,17883.27481,0.378,1,restructure-light,PIA_OPCIONES
EDOMEX - TLANEPANTLA,A9053B,2024-12-01,0.02323246,0.02323246,0.0,0.0,0.0,0.0,0.0,0.0,0.0,0.0,0.0,0.0,0.0,0.0,0.0,0.0,1.0,0,0.0,0,0,,18000.0,418.18428000000006,7168.02,10413.795719999998,17581.81572,0.371,1,restructure-light,PIA_OPCIONES
EDOMEX - TLANEPANTLA,A9054A,2024-10-22,0.12025724,0.2304633577777777,0.0,0.0,0.0,0.0,0.0,0.0,0.0,0.0,0.0,0.0,0.0,0.0,0.0,0.0,1.0,0,0.0,0,0,,18000.0,4148.34044,7592.66,6258.99956,13851.65956,0.292,1,restructure-light,PIA_OPCIONES
EDOMEX - TLANEPANTLA,A9088G,2025-04-14,0.109115695,0.1756289577777778,0.0,0.0,0.0,0.0,0.0,0.0,0.0,0.0,0.0,0.0,0.0,0.0,0.0,0.0,1.0,0,0.0,0,0,,18000.0,3161.32124,8456.79,6381.888759999998,14838.678759999999,0.313,1,restructure-light,PIA_OPCIONES
EDOMEX - TLANEPANTLA,A9094E,2024-11-10,0.0102366549999999,0.0102366549999999,0.0,0.0,0.0,0.0,0.0,0.0,0.0,0.0,0.0,0.0,0.0,0.0,0.0,0.0,1.0,0,0.0,0,0,,18000.0,184.25979,7966.4,9849.34021,17815.74021,0.376,1,restructure-light,PIA_OPCIONES
EDOMEX - TLANEPANTLA,A9119G,2024-06-29,0.0669290755555555,0.0669290755555555,0.0,0.0,0.0,0.0,0.0,0.0,0.0,0.0,0.0,0.0,0.0,0.0,0.0,0.0,1.0,0,0.0,0,0,,18000.0,1204.72336,12195.84,4599.43664,16795.27664,0.355,1,restructure-light,PIA_OPCIONES
EDOMEX - TLANEPANTLA,A9130A,2025-07-22,0.1048257664444444,0.2260353649444444,0.0,0.0,0.0,0.0,0.0,0.0,0.0,0.0,0.0,0.0,0.0,0.0,0.0,0.0,1.0,0,0.0,0,0,,18000.0,4068.636569,11295.56,2635.8034310000003,13931.363431,0.294,1,restructure-light,PIA_OPCIONES
EDOMEX - TLANEPANTLA,A9254H,2024-02-21,0.0083441105555555,0.0083441105555555,0.0,0.0,0.0,0.0,0.0,0.0,0.0,0.0,0.0,0.0,0.0,0.0,0.0,0.0,1.0,0,0.0,0,0,,18000.0,150.19399,14721.54,3128.2660099999994,17849.80601,0.377,1,restructure-light,PIA_OPCIONES
EDOMEX - TLANEPANTLA,A9255J,2025-07-30,0.15774389,0.3293400973333333,0.0,0.0,0.0,0.0,0.0,0.0,0.0,0.0,0.0,0.0,0.0,0.0,0.0,0.0,1.0,0,0.0,0,0,,18000.0,5928.121752,6079.32,5992.558248000001,12071.878248,0.255,1,restructure-light,PIA_OPCIONES
EDOMEX - TLANEPANTLA,A9293J,2024-08-09,0.0170995711111111,0.0170995711111111,0.0,0.0,0.0,0.0,0.0,0.0,0.0,0.0,0.0,0.0,0.0,0.0,0.0,0.0,1.0,0,0.0,0,0,,18000.0,307.79228,10942.81,6749.397719999999,17692.20772,0.374,1,restructure-light,PIA_OPCIONES
EDOMEX - TLANEPANTLA,A929JMF,2025-07-31,0.1721939505,0.4268932096666666,0.0,0.0,0.0,0.0,0.0,0.0,0.0,0.0,0.0,0.0,0.0,0.0,0.0,0.0,1.0,0,0.0,0,0,,18000.0,7684.077774,4632.3,5683.622225999999,10315.922225999999,0.218,1,restructure-light,PIA_OPCIONES
EDOMEX - TLANEPANTLA,A931JMD,2024-08-20,0.079508,0.18784599,0.0,0.0,0.0,0.0,0.0,0.0,0.0,0.0,0.0,0.0,0.0,0.0,0.0,0.0,1.0,0,0.0,0,0,,18000.0,3381.22782,6532.81,8085.9621799999995,14618.77218,0.309,1,restructure-light,PIA_OPCIONES
EDOMEX - ECATEPEC,A9341M,2025-07-31,0.0751183791111111,0.0751183791111111,0.0,0.0,0.0,0.0,0.0,0.0,0.0,0.0,0.0,0.0,0.0,0.0,0.0,0.0,1.0,0,0.0,0,0,,18000.0,1352.1308239999998,6605.08,10042.789176,16647.869176,0.351,1,restructure-light,PIA_OPCIONES
EDOMEX - TLANEPANTLA,A9358L,2023-12-06,0.0108763105555555,0.0108763105555555,0.0,0.0,0.0,0.0,0.0,0.0,0.0,0.0,0.0,0.0,0.0,0.0,0.0,0.0,1.0,0,0.0,0,0,,18000.0,195.77359,15383.05,2421.17641,17804.22641,0.376,1,restructure-light,PIA_OPCIONES
EDOMEX - TLANEPANTLA,A93980,2025-06-05,0.1647402814444444,0.3097822664444444,0.0,0.0,0.0,0.0,0.0,0.0,0.0,0.0,0.0,0.0,0.0,0.0,0.0,0.0,1.0,0,0.0,0,0,,18000.0,5576.080796,10346.56,2077.3592040000003,12423.919204,0.262,1,restructure-light,PIA_OPCIONES
EDOMEX - TLANEPANTLA,A9412C,2025-07-30,0.0857071631666666,0.2152289609999999,0.0,0.0,0.0,0.0,0.0,0.0,0.0,0.0,0.0,0.0,0.0,0.0,0.0,0.0,1.0,0,0.0,0,0,,18000.0,3874.121298,10826.29,3299.588701999999,14125.878702,0.298,1,restructure-light,PIA_OPCIONES
EDOMEX - TLANEPANTLA,A9417K,2024-11-09,0.0231853322222222,0.0231853322222222,0.0,0.0,0.0,0.0,0.0,0.0,0.0,0.0,0.0,0.0,0.0,0.0,0.0,0.0,1.0,0,0.0,0,0,,18000.0,417.3359799999999,10735.92,6846.74402,17582.66402,0.371,1,restructure-light,PIA_OPCIONES
EDOMEX - TLANEPANTLA,A9423D,2025-07-28,0.1389207375555555,0.2922614719999999,0.0,0.0,0.0,0.0,0.0,0.0,0.0,0.0,0.0,0.0,0.0,0.0,0.0,0.0,1.0,0,0.0,0,0,,18000.0,5260.706496,7571.79,5167.503504000001,12739.293504000001,0.269,1,restructure-light,PIA_OPCIONES
EDOMEX - TLANEPANTLA,A9425H,2025-07-31,0.1542134398333333,0.3241241911666666,0.0,0.0,0.0,0.0,0.0,0.0,0.0,0.0,0.0,0.0,0.0,0.0,0.0,0.0,1.0,0,0.0,0,0,,18000.0,5834.235441,7516.59,4649.174558999999,12165.764559,0.257,1,restructure-light,PIA_OPCIONES
EDOMEX - TLANEPANTLA,A9448K,2024-07-10,0.011295405,0.011295405,0.0,0.0,0.0,0.0,0.0,0.0,0.0,0.0,0.0,0.0,0.0,0.0,0.0,0.0,1.0,0,0.0,0,0,,18000.0,203.31729,11068.48,6728.202710000001,17796.68271,0.376,1,restructure-light,PIA_OPCIONES
EDOMEX - TLANEPANTLA,A9502L,2024-09-03,0.0236643983333333,0.0236643983333333,0.0,0.0,0.0,0.0,0.0,0.0,0.0,0.0,0.0,0.0,0.0,0.0,0.0,0.0,1.0,0,0.0,0,0,,18000.0,425.95917,9854.43,7719.610830000001,17574.04083,0.371,1,restructure-light,PIA_OPCIONES
EDOMEX - TLANEPANTLA,A9514J,2024-11-25,0.1468183088888889,0.1468183088888889,0.0,0.0,0.0,0.0,0.0,0.0,0.0,0.0,0.0,0.0,0.0,0.0,0.0,0.0,1.0,0,0.0,0,0,,18000.0,2642.72956,5821.22,9536.050439999999,15357.27044,0.324,1,restructure-light,PIA_OPCIONES
EDOMEX - TLANEPANTLA,A95229,2025-06-12,0.0692275749444444,0.0692275749444444,0.0,0.0,0.0,0.0,0.0,0.0,0.0,0.0,0.0,0.0,0.0,0.0,0.0,0.0,1.0,0,0.0,0,0,,18000.0,1246.096349,6289.39,10464.513651000001,16753.903651,0.354,1,restructure-light,PIA_OPCIONES
EDOMEX - TLANEPANTLA,A952JMF,2025-07-26,0.1253932740555555,0.2742121198333333,0.0,0.0,0.0,0.0,0.0,0.0,0.0,0.0,0.0,0.0,0.0,0.0,0.0,0.0,1.0,0,0.0,0,0,,18000.0,4935.818157,11383.47,1680.711843000001,13064.181843,0.276,1,restructure-light,PIA_OPCIONES
AGUASCALIENTES,A954AA,2022-12-31,0.2729393333333333,0.5664992666666667,0.0,0.0,0.0,0.0,0.0,0.0,0.0,0.0,0.0,0.0,0.0,0.0,0.0,0.0,1.0,0,0.0,0,0,,18000.0,10196.9868,4597.68,3205.333199999999,7803.013199999999,0.165,1,restructure-light,PIA_OPCIONES
EDOMEX - TLANEPANTLA,A9560B,2024-12-04,0.1267002661111111,0.1267002661111111,0.0,0.0,0.0,0.0,0.0,0.0,0.0,0.0,0.0,0.0,0.0,0.0,0.0,0.0,1.0,0,0.0,0,0,,18000.0,2280.60479,13706.11,2013.28521,15719.39521,0.332,1,restructure-light,PIA_OPCIONES
EDOMEX - TLANEPANTLA,A9588H,2025-07-31,0.1796084566666666,0.361303094,0.0,0.0,0.0,0.0,0.0,0.0,0.0,0.0,0.0,0.0,0.0,0.0,0.0,0.0,1.0,0,0.0,0,0,,18000.0,6503.4556919999995,4577.3,6919.244308,11496.544308,0.243,1,restructure-light,PIA_OPCIONES
EDOMEX - TLANEPANTLA,A9592J,2025-07-19,0.151418267,0.331374617,0.0,0.0,0.0,0.0,0.0,0.0,0.0,0.0,0.0,0.0,0.0,0.0,0.0,0.0,1.0,0,0.0,0,0,,18000.0,5964.743106,7614.1,4421.156894,12035.256894,0.254,1,restructure-light,PIA_OPCIONES
EDOMEX - TLANEPANTLA,A9636H,2024-04-02,0.09087748,0.09087748,0.0,0.0,0.0,0.0,0.0,0.0,0.0,0.0,0.0,0.0,0.0,0.0,0.0,0.0,1.0,0,0.0,0,0,,18000.0,1635.7946399999998,6948.74,9415.46536,16364.20536,0.345,1,restructure-light,PIA_OPCIONES
EDOMEX - TLANEPANTLA,A9675D,2024-06-19,0.0130962377777777,0.0130962377777777,0.0,0.0,0.0,0.0,0.0,0.0,0.0,0.0,0.0,0.0,0.0,0.0,0.0,0.0,1.0,0,0.0,0,0,,18000.0,235.73227999999995,8027.86,9736.40772,17764.26772,0.375,1,restructure-light,PIA_OPCIONES
EDOMEX - TLANEPANTLA,A96BCJ,2025-01-10,0.0496226088888888,0.0496226088888888,0.0,0.0,0.0,0.0,0.0,0.0,0.0,0.0,0.0,0.0,0.0,0.0,0.0,0.0,1.0,0,0.0,0,0,,18000.0,893.20696,5440.52,11666.27304,17106.79304,0.361,1,restructure-light,PIA_OPCIONES
EDOMEX - TLANEPANTLA,A970JMF,2025-06-24,0.1109539239444444,0.2747841889444444,0.0,0.0,0.0,0.0,0.0,0.0,0.0,0.0,0.0,0.0,0.0,0.0,0.0,0.0,1.0,0,0.0,0,0,,18000.0,4946.115401,4847.85,8206.034599,13053.884599,0.276,1,restructure-light,PIA_OPCIONES
EDOMEX - TLANEPANTLA,A9793C,2024-02-23,0.0179863994444444,0.0179863994444444,0.0,0.0,0.0,0.0,0.0,0.0,0.0,0.0,0.0,0.0,0.0,0.0,0.0,0.0,1.0,0,0.0,0,0,,18000.0,323.75518999999997,15026.74,2649.5048100000004,17676.24481,0.373,1,restructure-light,PIA_OPCIONES
EDOMEX - TLANEPANTLA,A9822K,2025-05-13,0.0164663105,0.0164663105,0.0,0.0,0.0,0.0,0.0,0.0,0.0,0.0,0.0,0.0,0.0,0.0,0.0,0.0,1.0,0,0.0,0,0,,18000.0,296.393589,8726.46,8977.146411000002,17703.606411,0.374,1,restructure-light,PIA_OPCIONES
EDOMEX - TLANEPANTLA,A9862H,2025-07-30,0.1069704011111111,0.2279657466111111,0.0,0.0,0.0,0.0,0.0,0.0,0.0,0.0,0.0,0.0,0.0,0.0,0.0,0.0,1.0,0,0.0,0,0,,18000.0,4103.383439,9239.55,4657.066561,13896.616560999999,0.293,1,restructure-light,PIA_OPCIONES
EDOMEX - TLANEPANTLA,A988JMJ,2025-07-31,0.1830471368333333,0.4017226809999999,0.0,0.0,0.0,0.0,0.0,0.0,0.0,0.0,0.0,0.0,0.0,0.0,0.0,0.0,1.0,0,0.0,0,0,,18000.0,7231.008258,6235.34,4533.651742,10768.991742,0.227,1,restructure-light,PIA_OPCIONES
EDOMEX - TLANEPANTLA,A9895M,2025-07-28,0.168772896,0.3652353036666666,0.0,0.0,0.0,0.0,0.0,0.0,0.0,0.0,0.0,0.0,0.0,0.0,0.0,0.0,1.0,0,0.0,0,0,,18000.0,6574.235465999999,6173.01,5252.7545340000015,11425.764534000002,0.241,1,restructure-light,PIA_OPCIONES
EDOMEX - TLANEPANTLA,A9913D,2024-01-27,0.0100322438888888,0.0100322438888888,0.0,0.0,0.0,0.0,0.0,0.0,0.0,0.0,0.0,0.0,0.0,0.0,0.0,0.0,1.0,0,0.0,0,0,,18000.0,180.58039,11032.57,6786.849610000001,17819.41961,0.376,1,restructure-light,PIA_OPCIONES
EDOMEX - TLANEPANTLA,A9914E,2025-01-01,0.009013455,0.009013455,0.0,0.0,0.0,0.0,0.0,0.0,0.0,0.0,0.0,0.0,0.0,0.0,0.0,0.0,1.0,0,0.0,0,0,,18000.0,162.24219,7355.28,10482.47781,17837.75781,0.377,1,restructure-light,PIA_OPCIONES
EDOMEX - TLANEPANTLA,A9926G,2025-07-31,0.1454002835,0.2880528321666666,0.0,0.0,0.0,0.0,0.0,0.0,0.0,0.0,0.0,0.0,0.0,0.0,0.0,0.0,1.0,0,0.0,0,0,,18000.0,5184.950979,11445.92,1369.1290209999988,12815.049020999999,0.271,1,restructure-light,PIA_OPCIONES
EDOMEX - TLANEPANTLA,A9933E,2025-04-28,0.0096009941666666,0.0096009941666666,0.0,0.0,0.0,0.0,0.0,0.0,0.0,0.0,0.0,0.0,0.0,0.0,0.0,0.0,1.0,0,0.0,0,0,,18000.0,172.817895,14101.03,3726.152104999999,17827.182105,0.376,1,restructure-light,PIA_OPCIONES
EDOMEX - TLANEPANTLA,A9933G,2025-04-29,0.0180544995555555,0.0180544995555555,0.0,0.0,0.0,0.0,0.0,0.0,0.0,0.0,0.0,0.0,0.0,0.0,0.0,0.0,1.0,0,0.0,0,0,,18000.0,324.980992,13167.34,4507.679007999999,17675.019008,0.373,1,restructure-light,PIA_OPCIONES
EDOMEX - TLANEPANTLA,A9939H,2024-03-22,0.0109884827777777,0.0109884827777777,0.0,0.0,0.0,0.0,0.0,0.0,0.0,0.0,0.0,0.0,0.0,0.0,0.0,0.0,1.0,0,0.0,0,0,,18000.0,197.79269,10347.63,7454.577310000002,17802.20731,0.376,1,restructure-light,PIA_OPCIONES
EDOMEX - TLANEPANTLA,A996JMF,2025-07-31,0.1332374398333333,0.3143892708333333,0.0,0.0,0.0,0.0,0.0,0.0,0.0,0.0,0.0,0.0,0.0,0.0,0.0,0.0,1.0,0,0.0,0,0,,18000.0,5659.006874999999,4834.29,7506.703125000001,12340.993125,0.261,1,restructure-light,PIA_OPCIONES
EDOMEX - ECATEPEC,A9976D,2025-07-30,0.0735775969444444,0.1468006987222222,0.0,0.0,0.0,0.0,0.0,0.0,0.0,0.0,0.0,0.0,0.0,0.0,0.0,0.0,1.0,0,0.0,0,0,,18000.0,2642.412577,13090.8,2266.7874230000016,15357.587423,0.324,1,restructure-light,PIA_OPCIONES
EDOMEX - ECATEPEC,AA2539C,2025-06-28,0.0264763153888888,0.0264763153888888,0.0,0.0,0.0,0.0,0.0,0.0,0.0,0.0,0.0,0.0,0.0,0.0,0.0,0.0,1.0,0,0.0,0,0,,18000.0,476.573677,8846.39,8677.036323,17523.426323,0.37,1,restructure-light,PIA_OPCIONES
EDOMEX - TLANEPANTLA,AEW266B,2025-07-30,0.1550731172222222,0.340088902,0.0,0.0,0.0,0.0,0.0,0.0,0.0,0.0,0.0,0.0,0.0,0.0,0.0,0.0,1.0,0,0.0,0,0,,18000.0,6121.600236,3920.63,7957.769764,11878.399764,0.251,1,restructure-light,PIA_OPCIONES
EDOMEX - TLANEPANTLA,B01923,2025-03-01,0.0121227605555555,0.0121227605555555,0.0,0.0,0.0,0.0,0.0,0.0,0.0,0.0,0.0,0.0,0.0,0.0,0.0,0.0,1.0,0,0.0,0,0,,18000.0,218.20969,8987.67,8794.12031,17781.79031,0.375,1,restructure-light,PIA_OPCIONES
EDOMEX - TLANEPANTLA,B05479,2024-03-13,0.0197190211111111,0.0197190211111111,0.0,0.0,0.0,0.0,0.0,0.0,0.0,0.0,0.0,0.0,0.0,0.0,0.0,0.0,1.0,0,0.0,0,0,,18000.0,354.94237999999996,13704.46,3940.5976200000005,17645.05762,0.373,1,restructure-light,PIA_OPCIONES
EDOMEX - ECATEPEC,B05BJN,2025-06-17,0.1444921098333333,0.3118187659444444,0.0,0.0,0.0,0.0,0.0,0.0,0.0,0.0,0.0,0.0,0.0,0.0,0.0,0.0,1.0,0,0.0,0,0,,18000.0,5612.737787,8344.37,4042.892212999999,12387.262213,0.262,1,restructure-light,PIA_OPCIONES
EDOMEX - TLANEPANTLA,B07991,2024-11-09,0.0162221761111111,0.0162221761111111,0.0,0.0,0.0,0.0,0.0,0.0,0.0,0.0,0.0,0.0,0.0,0.0,0.0,0.0,1.0,0,0.0,0,0,,18000.0,291.99917,13289.91,4418.090830000001,17708.00083,0.374,1,restructure-light,PIA_OPCIONES
EDOMEX - ECATEPEC,B07BGL,2025-04-06,0.0323670094444444,0.0323670094444444,0.0,0.0,0.0,0.0,0.0,0.0,0.0,0.0,0.0,0.0,0.0,0.0,0.0,0.0,1.0,0,0.0,0,0,,18000.0,582.60617,13519.05,3898.3438300000016,17417.39383,0.368,1,restructure-light,PIA_OPCIONES
EDOMEX - TLANEPANTLA,B16790,2024-12-06,0.0990319399999999,0.1882809961111111,0.0,0.0,0.0,0.0,0.0,0.0,0.0,0.0,0.0,0.0,0.0,0.0,0.0,0.0,1.0,0,0.0,0,0,,18000.0,3389.05793,6241.4,8369.542070000001,14610.942070000001,0.308,1,restructure-light,PIA_OPCIONES
EDOMEX - TLANEPANTLA,B27ALF,2024-10-14,0.0316176594444444,0.0316176594444444,0.0,0.0,0.0,0.0,0.0,0.0,0.0,0.0,0.0,0.0,0.0,0.0,0.0,0.0,1.0,0,0.0,0,0,,18000.0,569.11787,14890.68,2540.202129999998,17430.882129999998,0.368,1,restructure-light,PIA_OPCIONES
EDOMEX - ECATEPEC,B34116,2025-07-07,0.0410438655555555,0.0410438655555555,0.0,0.0,0.0,0.0,0.0,0.0,0.0,0.0,0.0,0.0,0.0,0.0,0.0,0.0,1.0,0,0.0,0,0,,18000.0,738.78958,9714.5,7546.710419999999,17261.21042,0.364,1,restructure-light,PIA_OPCIONES
EDOMEX - TLANEPANTLA,B36AYC,2024-01-12,0.0508518194444444,0.0508518194444444,0.0,0.0,0.0,0.0,0.0,0.0,0.0,0.0,0.0,0.0,0.0,0.0,0.0,0.0,1.0,0,0.0,0,0,,18000.0,915.33275,11675.8,5408.867249999999,17084.66725,0.361,1,restructure-light,PIA_OPCIONES
EDOMEX - TLANEPANTLA,B49AGZ,2025-01-29,0.0100143383333333,0.0100143383333333,0.0,0.0,0.0,0.0,0.0,0.0,0.0,0.0,0.0,0.0,0.0,0.0,0.0,0.0,1.0,0,0.0,0,0,,18000.0,180.25809,5370.61,12449.13191,17819.74191,0.376,1,restructure-light,PIA_OPCIONES
EDOMEX - ECATEPEC,B49BEB,2025-06-19,0.0610989901666666,0.0610989901666666,0.0,0.0,0.0,0.0,0.0,0.0,0.0,0.0,0.0,0.0,0.0,0.0,0.0,0.0,1.0,0,0.0,0,0,,18000.0,1099.781823,15142.95,1757.268176999998,16900.218177,0.357,1,restructure-light,PIA_OPCIONES
EDOMEX - TLANEPANTLA,B73AVH,2025-06-10,0.1440798627222222,0.2687132032777777,0.0,0.0,0.0,0.0,0.0,0.0,0.0,0.0,0.0,0.0,0.0,0.0,0.0,0.0,1.0,0,0.0,0,0,,18000.0,4836.837659,6167.44,6995.722341,13163.162341,0.278,1,restructure-light,PIA_OPCIONES
EDOMEX - TLANEPANTLA,C30BCE,2025-04-21,0.0277811316666666,0.0277811316666666,0.0,0.0,0.0,0.0,0.0,0.0,0.0,0.0,0.0,0.0,0.0,0.0,0.0,0.0,1.0,0,0.0,0,0,,18000.0,500.06037,5901.64,11598.299630000001,17499.93963,0.369,1,restructure-light,PIA_OPCIONES
EDOMEX - TLANEPANTLA,C89BFD,2024-09-23,0.1408358383333333,0.2956114716666667,0.0,0.0,0.0,0.0,0.0,0.0,0.0,0.0,0.0,0.0,0.0,0.0,0.0,0.0,1.0,0,0.0,0,0,,18000.0,5321.00649,7289.88,5389.11351,12678.99351,0.268,1,restructure-light,PIA_OPCIONES
EDOMEX - TLANEPANTLA,C96ATD,2025-02-24,0.0032153438888888,0.0032153438888888,0.0,0.0,0.0,0.0,0.0,0.0,0.0,0.0,0.0,0.0,0.0,0.0,0.0,0.0,1.0,0,0.0,0,0,,18000.0,57.87619,6771.68,11170.44381,17942.12381,0.379,1,restructure-light,PIA_OPCIONES
EDOMEX - ECATEPEC,CR5643,2025-07-31,3.2478926506666665,6.3284332459999995,0.0,0.0,0.0,0.0,0.0,0.0,0.0,0.0,0.0,0.0,0.0,0.0,0.0,0.0,1.0,0,0.0,0,0,,18000.0,113911.798428,0.0,0.0,0.0,0.0,0,monitor,FOLLOW_UP
EDOMEX - ECATEPEC,CR5657,2025-07-05,3.285883339333333,6.895258089333333,0.0,0.0,0.0,0.0,0.0,0.0,0.0,0.0,0.0,0.0,0.0,0.0,0.0,0.0,1.0,0,0.0,0,0,,18000.0,124114.645608,0.0,0.0,0.0,0.0,0,monitor,FOLLOW_UP
EDOMEX - TLANEPANTLA,CR5662,2025-03-20,0.0001060883333333,0.0001060883333333,0.0,0.0,0.0,0.0,0.0,0.0,0.0,0.0,0.0,0.0,0.0,0.0,0.0,0.0,1.0,0,0.0,0,0,,18000.0,1.90959,9642.59,8355.50041,17998.09041,0.38,1,restructure-light,PIA_OPCIONES
EDOMEX - ECATEPEC,CR5666,2024-10-31,0.0779041994444444,0.0779041994444444,0.0,0.0,0.0,0.0,0.0,0.0,0.0,0.0,0.0,0.0,0.0,0.0,0.0,0.0,1.0,0,0.0,0,0,,18000.0,1402.27559,14159.71,2438.0144099999998,16597.72441,0.35,1,restructure-light,PIA_OPCIONES
EDOMEX - TLANEPANTLA,CR5673,2025-07-14,0.7637886435555556,0.7637886435555556,0.0,0.0,0.0,0.0,0.0,0.0,0.0,0.0,0.0,0.0,0.0,0.0,0.0,0.0,1.0,0,0.0,0,0,,18000.0,13748.195584,2089.74,2162.064416000001,4251.804416000001,0.09,0,monitor,FOLLOW_UP
EDOMEX - ECATEPEC,CR5674,2025-07-30,1.1513624579444444,1.1513624579444444,0.0,0.0,0.0,0.0,0.0,0.0,0.0,0.0,0.0,0.0,0.0,0.0,0.0,0.0,1.0,0,0.0,0,0,,18000.0,20724.524243,0.0,0.0,0.0,0.0,0,monitor,FOLLOW_UP
EDOMEX - ECATEPEC,CR5727,2025-07-31,3.0088296959999994,6.5221049639999995,0.0,0.0,0.0,0.0,0.0,0.0,0.0,0.0,0.0,0.0,0.0,0.0,0.0,0.0,1.0,0,0.0,0,0,,18000.0,117397.889352,0.0,0.0,0.0,0.0,0,monitor,FOLLOW_UP
EDOMEX - ECATEPEC,CR5729,2025-07-05,3.3474519579999997,3.3474519579999997,0.0,0.0,0.0,0.0,0.0,0.0,0.0,0.0,0.0,0.0,0.0,0.0,0.0,0.0,1.0,0,0.0,0,0,,18000.0,60254.135244,0.0,0.0,0.0,0.0,0,monitor,FOLLOW_UP
EDOMEX - ECATEPEC,CR5733,2025-07-11,2.8336936959999997,4.782358627222222,0.0,0.0,0.0,0.0,0.0,0.0,0.0,0.0,0.0,0.0,0.0,0.0,0.0,0.0,1.0,0,0.0,0,0,,18000.0,86082.45529,0.0,0.0,0.0,0.0,0,monitor,FOLLOW_UP
EDOMEX - ECATEPEC,CR5734,2025-06-11,2.678813738000001,6.088255404666667,0.0,0.0,0.0,0.0,0.0,0.0,0.0,0.0,0.0,0.0,0.0,0.0,0.0,0.0,1.0,0,0.0,0,0,,18000.0,109588.597284,0.0,0.0,0.0,0.0,0,monitor,FOLLOW_UP
EDOMEX - ECATEPEC,CR5743,2025-05-06,1.6840200149999998,1.6840200149999998,0.0,0.0,0.0,0.0,0.0,0.0,0.0,0.0,0.0,0.0,0.0,0.0,0.0,0.0,1.0,0,0.0,0,0,,18000.0,30312.360269999997,0.0,0.0,0.0,0.0,0,monitor,FOLLOW_UP
EDOMEX - ECATEPEC,CR5759,2025-06-30,2.3838112173333332,3.690179659,0.0,0.0,0.0,0.0,0.0,0.0,0.0,0.0,0.0,0.0,0.0,0.0,0.0,0.0,1.0,0,0.0,0,0,,18000.0,66423.233862,0.0,0.0,0.0,0.0,0,monitor,FOLLOW_UP
EDOMEX - ECATEPEC,CR5763,2025-05-22,2.060108286666667,2.060108286666667,0.0,0.0,0.0,0.0,0.0,0.0,0.0,0.0,0.0,0.0,0.0,0.0,0.0,0.0,1.0,0,0.0,0,0,,18000.0,37081.94916,0.0,0.0,0.0,0.0,0,monitor,FOLLOW_UP
EDOMEX - TLANEPANTLA,CR5768,2025-07-09,0.1868878506666666,0.1868878506666666,0.0,0.0,0.0,0.0,0.0,0.0,0.0,0.0,0.0,0.0,0.0,0.0,0.0,0.0,1.0,0,0.0,0,0,,18000.0,3363.981312,10345.56,4290.458688000001,14636.018688,0.309,1,restructure-light,PIA_OPCIONES
EDOMEX - ECATEPEC,CR5769,2025-07-30,2.849881344,5.97700992,0.0,0.0,0.0,0.0,0.0,0.0,0.0,0.0,0.0,0.0,0.0,0.0,0.0,0.0,1.0,0,0.0,0,0,,18000.0,107586.17856,0.0,0.0,0.0,0.0,0,monitor,FOLLOW_UP
EDOMEX - ECATEPEC,CR5770,2025-06-21,2.5745806897777777,2.5745806897777777,0.0,0.0,0.0,0.0,0.0,0.0,0.0,0.0,0.0,0.0,0.0,0.0,0.0,0.0,1.0,0,0.0,0,0,,18000.0,46342.452416,0.0,0.0,0.0,0.0,0,monitor,FOLLOW_UP
EDOMEX - ECATEPEC,CR5774,2025-07-18,2.514042197333333,5.368613715333334,0.0,0.0,0.0,0.0,0.0,0.0,0.0,0.0,0.0,0.0,0.0,0.0,0.0,0.0,1.0,0,0.0,0,0,,18000.0,96635.046876,0.0,0.0,0.0,0.0,0,monitor,FOLLOW_UP
EDOMEX - ECATEPEC,CR5775,2025-06-12,2.9369610273333335,6.321028193999999,0.0,0.0,0.0,0.0,0.0,0.0,0.0,0.0,0.0,0.0,0.0,0.0,0.0,0.0,1.0,0,0.0,0,0,,18000.0,113778.507492,0.0,0.0,0.0,0.0,0,monitor,FOLLOW_UP
EDOMEX - ECATEPEC,CR5776,2025-04-24,0.7286558205555554,0.7286558205555554,0.0,0.0,0.0,0.0,0.0,0.0,0.0,0.0,0.0,0.0,0.0,0.0,0.0,0.0,1.0,0,0.0,0,0,,18000.0,13115.80477,3662.03,1222.1652299999992,4884.195229999999,0.103,0,monitor,FOLLOW_UP
EDOMEX - ECATEPEC,CR5777,2025-07-31,3.137157649611111,6.755697574944445,0.0,0.0,0.0,0.0,0.0,0.0,0.0,0.0,0.0,0.0,0.0,0.0,0.0,0.0,1.0,0,0.0,0,0,,18000.0,121602.556349,0.0,0.0,0.0,0.0,0,monitor,FOLLOW_UP
EDOMEX - TLANEPANTLA,CR5778,2025-07-07,0.222079488,0.222079488,0.0,0.0,0.0,0.0,0.0,0.0,0.0,0.0,0.0,0.0,0.0,0.0,0.0,0.0,1.0,0,0.0,0,0,,18000.0,3997.430784,8665.47,5337.0992160000005,14002.569216,0.296,1,restructure-light,PIA_OPCIONES
EDOMEX - ECATEPEC,CR5779,2025-07-31,2.481569538888889,2.6887346994444443,0.0,0.0,0.0,0.0,0.0,0.0,0.0,0.0,0.0,0.0,0.0,0.0,0.0,0.0,1.0,0,0.0,0,0,,18000.0,48397.22459,0.0,0.0,0.0,0.0,0,monitor,FOLLOW_UP
EDOMEX - ECATEPEC,CR5780,2025-07-30,3.0436827306666667,6.356636203333333,0.0,0.0,0.0,0.0,0.0,0.0,0.0,0.0,0.0,0.0,0.0,0.0,0.0,0.0,1.0,0,0.0,0,0,,18000.0,114419.45166,0.0,0.0,0.0,0.0,0,monitor,FOLLOW_UP
EDOMEX - ECATEPEC,CR5782,2025-01-25,0.7694046366666666,0.7694046366666666,0.0,0.0,0.0,0.0,0.0,0.0,0.0,0.0,0.0,0.0,0.0,0.0,0.0,0.0,1.0,0,0.0,0,0,,18000.0,13849.28346,3604.99,545.7265399999997,4150.716539999999,0.088,0,monitor,FOLLOW_UP
EDOMEX - ECATEPEC,CR5783,2025-07-26,3.187699626666667,6.350536046666666,0.0,0.0,0.0,0.0,0.0,0.0,0.0,0.0,0.0,0.0,0.0,0.0,0.0,0.0,1.0,0,0.0,0,0,,18000.0,114309.64884,0.0,0.0,0.0,0.0,0,monitor,FOLLOW_UP
EDOMEX - ECATEPEC,CR5814,2025-07-01,3.6388947933333338,6.134480972777777,0.0,0.0,0.0,0.0,0.0,0.0,0.0,0.0,0.0,0.0,0.0,0.0,0.0,0.0,1.0,0,0.0,0,0,,18000.0,110420.65751,0.0,0.0,0.0,0.0,0,monitor,FOLLOW_UP
EDOMEX - ECATEPEC,CR5815,2025-07-31,3.405783466666666,6.67762037511111,0.0,0.0,0.0,0.0,0.0,0.0,0.0,0.0,0.0,0.0,0.0,0.0,0.0,0.0,1.0,0,0.0,0,0,,18000.0,120197.166752,0.0,0.0,0.0,0.0,0,monitor,FOLLOW_UP
EDOMEX - ECATEPEC,CR5816,2025-07-31,3.179183461333333,5.694792672444445,0.0,0.0,0.0,0.0,0.0,0.0,0.0,0.0,0.0,0.0,0.0,0.0,0.0,0.0,1.0,0,0.0,0,0,,18000.0,102506.268104,0.0,0.0,0.0,0.0,0,monitor,FOLLOW_UP
EDOMEX - TLANEPANTLA,CR5817,2025-07-14,0.9621144746666668,0.9621144746666668,0.0,0.0,0.0,0.0,0.0,0.0,0.0,0.0,0.0,0.0,0.0,0.0,0.0,0.0,1.0,0,0.0,0,0,,18000.0,17318.060544,499.09,182.8494560000001,681.9394560000001,0.014,0,monitor,FOLLOW_UP
EDOMEX - TLANEPANTLA,CR5818,2025-07-02,3.0522628326666665,4.983622413222222,0.0,0.0,0.0,0.0,0.0,0.0,0.0,0.0,0.0,0.0,0.0,0.0,0.0,0.0,1.0,0,0.0,0,0,,18000.0,89705.203438,0.0,0.0,0.0,0.0,0,monitor,FOLLOW_UP
EDOMEX - ECATEPEC,CR5819,2025-06-11,3.2865413713333336,4.817404150222222,0.0,0.0,0.0,0.0,0.0,0.0,0.0,0.0,0.0,0.0,0.0,0.0,0.0,0.0,1.0,0,0.0,0,0,,18000.0,86713.274704,0.0,0.0,0.0,0.0,0,monitor,FOLLOW_UP
EDOMEX - ECATEPEC,CR5820,2025-06-19,3.438176308666667,3.670222213666666,0.0,0.0,0.0,0.0,0.0,0.0,0.0,0.0,0.0,0.0,0.0,0.0,0.0,0.0,1.0,0,0.0,0,0,,18000.0,66063.99984599999,0.0,0.0,0.0,0.0,0,monitor,FOLLOW_UP
EDOMEX - TLANEPANTLA,CR5822,2025-07-09,0.1548027733333333,0.1548027733333333,0.0,0.0,0.0,0.0,0.0,0.0,0.0,0.0,0.0,0.0,0.0,0.0,0.0,0.0,1.0,0,0.0,0,0,,18000.0,2786.44992,10470.62,4742.93008,15213.55008,0.321,1,restructure-light,PIA_OPCIONES
EDOMEX - TLANEPANTLA,CR5823,2025-07-10,0.2228132693333333,0.2228132693333333,0.0,0.0,0.0,0.0,0.0,0.0,0.0,0.0,0.0,0.0,0.0,0.0,0.0,0.0,1.0,0,0.0,0,0,,18000.0,4010.638848,7070.47,6918.891151999999,13989.361152,0.295,1,restructure-light,PIA_OPCIONES
EDOMEX - ECATEPEC,CR5831,2025-07-19,2.8093156226666665,6.258616622666667,0.0,0.0,0.0,0.0,0.0,0.0,0.0,0.0,0.0,0.0,0.0,0.0,0.0,0.0,1.0,0,0.0,0,0,,18000.0,112655.099208,0.0,0.0,0.0,0.0,0,monitor,FOLLOW_UP
EDOMEX - TLANEPANTLA,CR5835,2025-07-11,0.5040040106666667,0.5040040106666667,0.0,0.0,0.0,0.0,0.0,0.0,0.0,0.0,0.0,0.0,0.0,0.0,0.0,0.0,1.0,0,0.0,0,0,,18000.0,9072.072192,5035.62,3892.3078080000005,8927.927808,0.188,1,restructure-light,PIA_OPCIONES
EDOMEX - ECATEPEC,CR5836,2025-01-31,2.9219172199999996,5.359957895555556,0.0,0.0,0.0,0.0,0.0,0.0,0.0,0.0,0.0,0.0,0.0,0.0,0.0,0.0,1.0,0,0.0,0,0,,18000.0,96479.24212,0.0,0.0,0.0,0.0,0,monitor,FOLLOW_UP
EDOMEX - ECATEPEC,CR5837,2025-05-31,0.6727174945555555,0.6727174945555555,0.0,0.0,0.0,0.0,0.0,0.0,0.0,0.0,0.0,0.0,0.0,0.0,0.0,0.0,1.0,0,0.0,0,0,,18000.0,12108.914902,2091.54,3799.5450979999996,5891.085098,0.124,1,advisor-review,PIA_OPCIONES
EDOMEX - ECATEPEC,CR5838,2025-01-27,2.6483109194444445,4.917756466666667,0.0,0.0,0.0,0.0,0.0,0.0,0.0,0.0,0.0,0.0,0.0,0.0,0.0,0.0,1.0,0,0.0,0,0,,18000.0,88519.6164,0.0,0.0,0.0,0.0,0,monitor,FOLLOW_UP
EDOMEX - ECATEPEC,CR5842,2024-09-28,0.3376598155555556,0.3376598155555556,0.0,0.0,0.0,0.0,0.0,0.0,0.0,0.0,0.0,0.0,0.0,0.0,0.0,0.0,1.0,0,0.0,0,0,,18000.0,6077.87668,8265.73,3656.393319999999,11922.123319999999,0.252,1,restructure-light,PIA_OPCIONES
EDOMEX - ECATEPEC,CR5843,2025-02-22,0.3759775655555555,0.3759775655555555,0.0,0.0,0.0,0.0,0.0,0.0,0.0,0.0,0.0,0.0,0.0,0.0,0.0,0.0,1.0,0,0.0,0,0,,18000.0,6767.5961800000005,7837.36,3395.04382,11232.40382,0.237,1,restructure-light,PIA_OPCIONES
EDOMEX - ECATEPEC,CR5846,2025-04-23,1.34435158,1.34435158,0.0,0.0,0.0,0.0,0.0,0.0,0.0,0.0,0.0,0.0,0.0,0.0,0.0,0.0,1.0,0,0.0,0,0,,18000.0,24198.32844,0.0,0.0,0.0,0.0,0,monitor,FOLLOW_UP
EDOMEX - ECATEPEC,CR5847,2025-07-31,3.102210304,5.929670058666667,0.0,0.0,0.0,0.0,0.0,0.0,0.0,0.0,0.0,0.0,0.0,0.0,0.0,0.0,1.0,0,0.0,0,0,,18000.0,106734.061056,0.0,0.0,0.0,0.0,0,monitor,FOLLOW_UP
EDOMEX - ECATEPEC,CR5849,2025-04-26,1.31591487,1.31591487,0.0,0.0,0.0,0.0,0.0,0.0,0.0,0.0,0.0,0.0,0.0,0.0,0.0,0.0,1.0,0,0.0,0,0,,18000.0,23686.46766,0.0,0.0,0.0,0.0,0,monitor,FOLLOW_UP
EDOMEX - TLANEPANTLA,CR5850,2025-07-30,0.7366810626666666,0.7366810626666666,0.0,0.0,0.0,0.0,0.0,0.0,0.0,0.0,0.0,0.0,0.0,0.0,0.0,0.0,1.0,0,0.0,0,0,,18000.0,13260.259127999998,3634.86,1104.880872000002,4739.740872000002,0.1,0,monitor,FOLLOW_UP
EDOMEX - TLANEPANTLA,CR5851,2025-07-29,2.941431284,2.941431284,0.0,0.0,0.0,0.0,0.0,0.0,0.0,0.0,0.0,0.0,0.0,0.0,0.0,0.0,1.0,0,0.0,0,0,,18000.0,52945.763112,0.0,0.0,0.0,0.0,0,monitor,FOLLOW_UP
EDOMEX - ECATEPEC,CR5852,2025-07-30,3.322604544,6.661793499888889,0.0,0.0,0.0,0.0,0.0,0.0,0.0,0.0,0.0,0.0,0.0,0.0,0.0,0.0,1.0,0,0.0,0,0,,18000.0,119912.282998,0.0,0.0,0.0,0.0,0,monitor,FOLLOW_UP
EDOMEX - TLANEPANTLA,CR5853,2025-07-18,0.6841932799999999,0.6841932799999999,0.0,0.0,0.0,0.0,0.0,0.0,0.0,0.0,0.0,0.0,0.0,0.0,0.0,0.0,1.0,0,0.0,0,0,,18000.0,12315.479039999998,3983.2,1701.3209600000018,5684.520960000002,0.12,0,monitor,FOLLOW_UP
EDOMEX - ECATEPEC,CR5854,2025-07-31,2.9729818453333334,6.3157403306666655,0.0,0.0,0.0,0.0,0.0,0.0,0.0,0.0,0.0,0.0,0.0,0.0,0.0,0.0,1.0,0,0.0,0,0,,18000.0,113683.32595199998,0.0,0.0,0.0,0.0,0,monitor,FOLLOW_UP
EDOMEX - TLANEPANTLA,CR5855,2025-07-31,2.4061439875555557,2.4061439875555557,0.0,0.0,0.0,0.0,0.0,0.0,0.0,0.0,0.0,0.0,0.0,0.0,0.0,0.0,1.0,0,0.0,0,0,,18000.0,43310.591776,0.0,0.0,0.0,0.0,0,monitor,FOLLOW_UP
EDOMEX - TLANEPANTLA,CR5857,2025-07-09,0.8583063465555555,0.8583063465555555,0.0,0.0,0.0,0.0,0.0,0.0,0.0,0.0,0.0,0.0,0.0,0.0,0.0,0.0,1.0,0,0.0,0,0,,18000.0,15449.514238,977.33,1573.1557620000003,2550.4857620000002,0.054,0,monitor,FOLLOW_UP
EDOMEX - ECATEPEC,CR5858,2025-07-30,3.111503701333333,6.466857729333333,0.0,0.0,0.0,0.0,0.0,0.0,0.0,0.0,0.0,0.0,0.0,0.0,0.0,0.0,1.0,0,0.0,0,0,,18000.0,116403.439128,0.0,0.0,0.0,0.0,0,monitor,FOLLOW_UP
EDOMEX - ECATEPEC,CR5859,2025-07-30,3.059799296,6.783982452666666,0.0,0.0,0.0,0.0,0.0,0.0,0.0,0.0,0.0,0.0,0.0,0.0,0.0,0.0,1.0,0,0.0,0,0,,18000.0,122111.684148,0.0,0.0,0.0,0.0,0,monitor,FOLLOW_UP
EDOMEX - TLANEPANTLA,CR5860,2025-07-26,0.8902387199999999,0.8902387199999999,0.0,0.0,0.0,0.0,0.0,0.0,0.0,0.0,0.0,0.0,0.0,0.0,0.0,0.0,1.0,0,0.0,0,0,,18000.0,16024.29696,1671.83,303.8730400000004,1975.7030400000003,0.042,0,monitor,FOLLOW_UP
EDOMEX - ECATEPEC,CR5896,2025-05-21,1.7441517044444443,1.7441517044444443,0.0,0.0,0.0,0.0,0.0,0.0,0.0,0.0,0.0,0.0,0.0,0.0,0.0,0.0,1.0,0,0.0,0,0,,18000.0,31394.730679999997,0.0,0.0,0.0,0.0,0,monitor,FOLLOW_UP
EDOMEX - TLANEPANTLA,CR5898,2025-07-09,0.2466382506666666,0.2466382506666666,0.0,0.0,0.0,0.0,0.0,0.0,0.0,0.0,0.0,0.0,0.0,0.0,0.0,0.0,1.0,0,0.0,0,0,,18000.0,4439.488512,8478.67,5081.841488,13560.511488,0.286,1,restructure-light,PIA_OPCIONES
EDOMEX - ECATEPEC,CR5899,2025-07-05,1.0428443493333333,1.0428443493333333,0.0,0.0,0.0,0.0,0.0,0.0,0.0,0.0,0.0,0.0,0.0,0.0,0.0,0.0,1.0,0,0.0,0,0,,18000.0,18771.198288,0.0,0.0,0.0,0.0,0,monitor,FOLLOW_UP
EDOMEX - ECATEPEC,CR5901,2025-06-30,3.4827300693333334,3.4827300693333334,0.0,0.0,0.0,0.0,0.0,0.0,0.0,0.0,0.0,0.0,0.0,0.0,0.0,0.0,1.0,0,0.0,0,0,,18000.0,62689.141248,0.0,0.0,0.0,0.0,0,monitor,FOLLOW_UP
EDOMEX - ECATEPEC,CR5902,2025-06-20,0.222506496,0.222506496,0.0,0.0,0.0,0.0,0.0,0.0,0.0,0.0,0.0,0.0,0.0,0.0,0.0,0.0,1.0,0,0.0,0,0,,18000.0,4005.116928,9321.1,4673.783072,13994.883072,0.295,1,restructure-light,PIA_OPCIONES
EDOMEX - TLANEPANTLA,CR5903,2025-07-14,0.4775592106666666,0.4775592106666666,0.0,0.0,0.0,0.0,0.0,0.0,0.0,0.0,0.0,0.0,0.0,0.0,0.0,0.0,1.0,0,0.0,0,0,,18000.0,8596.065792,4260.59,5143.344208,9403.934208,0.199,1,restructure-light,PIA_OPCIONES
EDOMEX - TLANEPANTLA,CR5904,2025-07-08,1.0156779088888888,1.0156779088888888,0.0,0.0,0.0,0.0,0.0,0.0,0.0,0.0,0.0,0.0,0.0,0.0,0.0,0.0,1.0,0,0.0,0,0,,18000.0,18282.20236,0.0,0.0,0.0,0.0,0,monitor,FOLLOW_UP
EDOMEX - ECATEPEC,CR5986,2024-09-13,0.2098607383333333,0.2098607383333333,0.0,0.0,0.0,0.0,0.0,0.0,0.0,0.0,0.0,0.0,0.0,0.0,0.0,0.0,1.0,0,0.0,0,0,,18000.0,3777.49329,7001.66,7220.84671,14222.50671,0.3,1,restructure-light,PIA_OPCIONES
EDOMEX - ECATEPEC,CR6078,2025-05-27,0.1729969774444444,0.1729969774444444,0.0,0.0,0.0,0.0,0.0,0.0,0.0,0.0,0.0,0.0,0.0,0.0,0.0,0.0,1.0,0,0.0,0,0,,18000.0,3113.9455940000003,13184.24,1701.8144059999995,14886.054406,0.314,1,restructure-light,PIA_OPCIONES
EDOMEX - TLANEPANTLA,CR6088,2025-07-04,0.1981256209444444,0.1981256209444444,0.0,0.0,0.0,0.0,0.0,0.0,0.0,0.0,0.0,0.0,0.0,0.0,0.0,0.0,1.0,0,0.0,0,0,,18000.0,3566.261177,7791.41,6642.328823,14433.738823,0.305,1,restructure-light,PIA_OPCIONES
EDOMEX - ECATEPEC,CR6091,2025-07-31,2.134716346722222,2.134716346722222,0.0,0.0,0.0,0.0,0.0,0.0,0.0,0.0,0.0,0.0,0.0,0.0,0.0,0.0,1.0,0,0.0,0,0,,18000.0,38424.894241,0.0,0.0,0.0,0.0,0,monitor,FOLLOW_UP
EDOMEX - ECATEPEC,CR6097,2025-07-30,1.630057320611111,1.630057320611111,0.0,0.0,0.0,0.0,0.0,0.0,0.0,0.0,0.0,0.0,0.0,0.0,0.0,0.0,1.0,0,0.0,0,0,,18000.0,29341.031771,0.0,0.0,0.0,0.0,0,monitor,FOLLOW_UP
EDOMEX - ECATEPEC,CR6101,2025-07-31,2.8202011306666668,6.238623602666666,0.0,0.0,0.0,0.0,0.0,0.0,0.0,0.0,0.0,0.0,0.0,0.0,0.0,0.0,1.0,0,0.0,0,0,,18000.0,112295.224848,0.0,0.0,0.0,0.0,0,monitor,FOLLOW_UP
EDOMEX - ECATEPEC,CR6104,2025-07-31,2.825878357333333,3.353361392,0.0,0.0,0.0,0.0,0.0,0.0,0.0,0.0,0.0,0.0,0.0,0.0,0.0,0.0,1.0,0,0.0,0,0,,18000.0,60360.505056,0.0,0.0,0.0,0.0,0,monitor,FOLLOW_UP
EDOMEX - ECATEPEC,CR6105,2025-07-28,3.2519799466666663,3.9751063465,0.0,0.0,0.0,0.0,0.0,0.0,0.0,0.0,0.0,0.0,0.0,0.0,0.0,0.0,1.0,0,0.0,0,0,,18000.0,71551.914237,0.0,0.0,0.0,0.0,0,monitor,FOLLOW_UP
EDOMEX - TLANEPANTLA,D15ALS,2025-06-21,0.1339128272777777,0.2972235056111111,0.0,0.0,0.0,0.0,0.0,0.0,0.0,0.0,0.0,0.0,0.0,0.0,0.0,0.0,1.0,0,0.0,0,0,,18000.0,5350.023101000001,7164.51,5485.466898999999,12649.976899,0.267,1,restructure-light,PIA_OPCIONES
EDOMEX - TLANEPANTLA,D41AKT,2025-07-16,0.1056012562222222,0.2036290601111111,0.0,0.0,0.0,0.0,0.0,0.0,0.0,0.0,0.0,0.0,0.0,0.0,0.0,0.0,1.0,0,0.0,0,0,,18000.0,3665.323082,12350.22,1984.4569180000017,14334.676918000001,0.303,1,restructure-light,PIA_OPCIONES
EDOMEX - TLANEPANTLA,D43AFF,2025-07-31,0.1436012647222222,0.3227460413333333,0.0,0.0,0.0,0.0,0.0,0.0,0.0,0.0,0.0,0.0,0.0,0.0,0.0,0.0,1.0,0,0.0,0,0,,18000.0,5809.428744,9903.51,2287.061255999999,12190.571256,0.257,1,restructure-light,PIA_OPCIONES
EDOMEX - TLANEPANTLA,D45BME,2025-07-25,0.0261669209444444,0.0261669209444444,0.0,0.0,0.0,0.0,0.0,0.0,0.0,0.0,0.0,0.0,0.0,0.0,0.0,0.0,1.0,0,0.0,0,0,,18000.0,471.004577,8647.57,8881.425423,17528.995423,0.37,1,restructure-light,PIA_OPCIONES
EDOMEX - ECATEPEC,DV7041B,2025-04-03,0.1208379477777777,0.1208379477777777,0.0,0.0,0.0,0.0,0.0,0.0,0.0,0.0,0.0,0.0,0.0,0.0,0.0,0.0,1.0,0,0.0,0,0,,18000.0,2175.08306,9917.94,5906.976939999999,15824.91694,0.334,1,restructure-light,PIA_OPCIONES
EDOMEX - TLANEPANTLA,E44BFC,2023-10-04,0.0198908444444444,0.0198908444444444,0.0,0.0,0.0,0.0,0.0,0.0,0.0,0.0,0.0,0.0,0.0,0.0,0.0,0.0,1.0,0,0.0,0,0,,18000.0,358.0352,10477.47,7164.494800000002,17641.9648,0.372,1,restructure-light,PIA_OPCIONES
EDOMEX - TLANEPANTLA,E65BCF,2025-03-28,0.0170901877777777,0.0170901877777777,0.0,0.0,0.0,0.0,0.0,0.0,0.0,0.0,0.0,0.0,0.0,0.0,0.0,0.0,1.0,0,0.0,0,0,,18000.0,307.62338,12018.81,5673.56662,17692.37662,0.374,1,restructure-light,PIA_OPCIONES
EDOMEX - ECATEPEC,E9003344,2025-02-23,0.3728146616666666,0.8990439966666666,0.0,0.0,0.0,0.0,0.0,0.0,0.0,0.0,0.0,0.0,0.0,0.0,0.0,0.0,1.0,0,0.0,0,0,,18000.0,16182.79194,909.45,907.7580600000008,1817.2080600000008,0.038,1,advisor-review,PIA_OPCIONES
EDOMEX - ECATEPEC,ECA102,2025-07-31,0.3011565548333333,0.8115126653888889,0.0,0.0,0.0,0.0,0.0,0.0,0.0,0.0,0.0,0.0,0.0,0.0,0.0,0.0,1.0,0,0.0,0,0,,18000.0,14607.227977,1514.95,1877.8220229999995,3392.7720229999995,0.072,1,advisor-review,PIA_OPCIONES
EDOMEX - ECATEPEC,ECA275,2025-07-31,1.0632717488333332,1.987285187333333,0.0,0.0,0.0,0.0,0.0,0.0,0.0,0.0,0.0,0.0,0.0,0.0,0.0,0.0,1.0,0,0.0,0,0,,18000.0,35771.133372,0.0,0.0,0.0,0.0,0,monitor,FOLLOW_UP
EDOMEX - ECATEPEC,ECA29,2025-02-05,0.3179368344444444,0.797583115,0.0,0.0,0.0,0.0,0.0,0.0,0.0,0.0,0.0,0.0,0.0,0.0,0.0,0.0,1.0,0,0.0,0,0,,18000.0,14356.49607,3112.74,530.763930000001,3643.5039300000008,0.077,1,advisor-review,PIA_OPCIONES
EDOMEX - ECATEPEC,ECA312,2025-07-31,0.3364301468333333,0.7873066313888889,0.0,0.0,0.0,0.0,0.0,0.0,0.0,0.0,0.0,0.0,0.0,0.0,0.0,0.0,1.0,0,0.0,0,0,,18000.0,14171.519365,3085.73,742.7506349999999,3828.480635,0.081,1,advisor-review,PIA_OPCIONES
EDOMEX - ECATEPEC,ECA417,2025-07-31,0.0648472762222222,0.0648472762222222,0.0,0.0,0.0,0.0,0.0,0.0,0.0,0.0,0.0,0.0,0.0,0.0,0.0,0.0,1.0,0,0.0,0,0,,18000.0,1167.250972,14929.35,1903.399027999998,16832.749028,0.355,1,restructure-light,PIA_OPCIONES
EDOMEX - ECATEPEC,ECA530,2024-11-27,0.03024223,0.03024223,0.0,0.0,0.0,0.0,0.0,0.0,0.0,0.0,0.0,0.0,0.0,0.0,0.0,0.0,1.0,0,0.0,0,0,,18000.0,544.36014,13039.27,4416.369859999999,17455.63986,0.369,1,restructure-light,PIA_OPCIONES
EDOMEX - ECATEPEC,ECA557,2025-03-08,0.1487533561111111,0.4073370077777777,0.0,0.0,0.0,0.0,0.0,0.0,0.0,0.0,0.0,0.0,0.0,0.0,0.0,0.0,1.0,0,0.0,0,0,,18000.0,7332.06614,8094.83,2573.103860000001,10667.933860000001,0.225,1,restructure-light,PIA_OPCIONES
EDOMEX - TLANEPANTLA,ECO01,2025-01-08,0.0423385644444444,0.0423385644444444,0.0,0.0,0.0,0.0,0.0,0.0,0.0,0.0,0.0,0.0,0.0,0.0,0.0,0.0,1.0,0,0.0,0,0,,18000.0,762.09416,13058.65,4179.25584,17237.90584,0.364,1,restructure-light,PIA_OPCIONES
EDOMEX - TLANEPANTLA,ECO010,2023-11-19,0.0256858438888888,0.0256858438888888,0.0,0.0,0.0,0.0,0.0,0.0,0.0,0.0,0.0,0.0,0.0,0.0,0.0,0.0,1.0,0,0.0,0,0,,18000.0,462.34518999999995,10318.53,7219.124809999999,17537.65481,0.37,1,restructure-light,PIA_OPCIONES
EDOMEX - TLANEPANTLA,ECO010R,2023-11-22,0.0378698183333333,0.0378698183333333,0.0,0.0,0.0,0.0,0.0,0.0,0.0,0.0,0.0,0.0,0.0,0.0,0.0,0.0,1.0,0,0.0,0,0,,18000.0,681.6567299999999,9938.5,7379.843270000001,17318.34327,0.366,1,restructure-light,PIA_OPCIONES
EDOMEX - TLANEPANTLA,ECO026R,2023-12-30,0.0255982399999999,0.0255982399999999,0.0,0.0,0.0,0.0,0.0,0.0,0.0,0.0,0.0,0.0,0.0,0.0,0.0,0.0,1.0,0,0.0,0,0,,18000.0,460.76832,7789.8,9749.431680000002,17539.23168,0.37,1,restructure-light,PIA_OPCIONES
EDOMEX - TLANEPANTLA,ECO028,2025-05-14,0.0261156577222222,0.0261156577222222,0.0,0.0,0.0,0.0,0.0,0.0,0.0,0.0,0.0,0.0,0.0,0.0,0.0,0.0,1.0,0,0.0,0,0,,18000.0,470.081839,12041.15,5488.768161000002,17529.918161,0.37,1,restructure-light,PIA_OPCIONES
EDOMEX - TLANEPANTLA,ECO035,2024-07-24,0.3540212938888888,0.3846110088888889,0.0,0.0,0.0,0.0,0.0,0.0,0.0,0.0,0.0,0.0,0.0,0.0,0.0,0.0,1.0,0,0.0,0,0,,18000.0,6922.99816,5245.98,5831.021840000001,11077.00184,0.234,1,restructure-light,PIA_OPCIONES
EDOMEX - TLANEPANTLA,ECO049,2023-12-10,0.2450702805555555,0.2450702805555555,0.0,0.0,0.0,0.0,0.0,0.0,0.0,0.0,0.0,0.0,0.0,0.0,0.0,0.0,1.0,0,0.0,0,0,,18000.0,4411.26505,6178.59,7410.14495,13588.73495,0.287,1,restructure-light,PIA_OPCIONES
EDOMEX - TLANEPANTLA,ECO057,2023-11-16,0.0277442155555555,0.0277442155555555,0.0,0.0,0.0,0.0,0.0,0.0,0.0,0.0,0.0,0.0,0.0,0.0,0.0,0.0,1.0,0,0.0,0,0,,18000.0,499.39588,11402.99,6097.61412,17500.60412,0.369,1,restructure-light,PIA_OPCIONES
EDOMEX - TLANEPANTLA,ECO065,2023-12-02,0.1188196483333333,0.1188196483333333,0.0,0.0,0.0,0.0,0.0,0.0,0.0,0.0,0.0,0.0,0.0,0.0,0.0,0.0,1.0,0,0.0,0,0,,18000.0,2138.75367,8660.07,7201.17633,15861.24633,0.335,1,restructure-light,PIA_OPCIONES
EDOMEX - TLANEPANTLA,ECO15,2023-12-15,0.0728825988888888,0.0728825988888888,0.0,0.0,0.0,0.0,0.0,0.0,0.0,0.0,0.0,0.0,0.0,0.0,0.0,0.0,1.0,0,0.0,0,0,,18000.0,1311.88678,7197.82,9490.29322,16688.11322,0.352,1,restructure-light,PIA_OPCIONES
EDOMEX - TLANEPANTLA,ECO507,2024-11-21,0.012182655,0.012182655,0.0,0.0,0.0,0.0,0.0,0.0,0.0,0.0,0.0,0.0,0.0,0.0,0.0,0.0,1.0,0,0.0,0,0,,18000.0,219.28779,14040.25,3740.4622100000015,17780.71221,0.375,1,restructure-light,PIA_OPCIONES
EDOMEX - TLANEPANTLA,ECO508,2024-07-16,0.0225384327777777,0.0225384327777777,0.0,0.0,0.0,0.0,0.0,0.0,0.0,0.0,0.0,0.0,0.0,0.0,0.0,0.0,1.0,0,0.0,0,0,,18000.0,405.69179,14362.97,3231.33821,17594.30821,0.371,1,restructure-light,PIA_OPCIONES
EDOMEX - TLANEPANTLA,ECO516,2025-02-14,0.38786685,0.8972650016666667,0.0,0.0,0.0,0.0,0.0,0.0,0.0,0.0,0.0,0.0,0.0,0.0,0.0,0.0,1.0,0,0.0,0,0,,18000.0,16150.77003,740.84,1108.3899700000002,1849.2299700000003,0.039,1,advisor-review,PIA_OPCIONES
EDOMEX - TLANEPANTLA,ECO517,2024-11-20,0.222233895,0.5006001600000001,0.0,0.0,0.0,0.0,0.0,0.0,0.0,0.0,0.0,0.0,0.0,0.0,0.0,0.0,1.0,0,0.0,0,0,,18000.0,9010.80288,2737.25,6251.947120000001,8989.19712,0.19,1,restructure-light,PIA_OPCIONES
EDOMEX - TLANEPANTLA,ECO518,2024-08-30,0.0007466216666666,0.0007466216666666,0.0,0.0,0.0,0.0,0.0,0.0,0.0,0.0,0.0,0.0,0.0,0.0,0.0,0.0,1.0,0,0.0,0,0,,18000.0,13.43919,9023.46,8963.10081,17986.56081,0.38,1,restructure-light,PIA_OPCIONES
EDOMEX - TLANEPANTLA,ECO533,2023-12-26,0.0308397661111111,0.0308397661111111,0.0,0.0,0.0,0.0,0.0,0.0,0.0,0.0,0.0,0.0,0.0,0.0,0.0,0.0,1.0,0,0.0,0,0,,18000.0,555.11579,13580.96,3863.924210000001,17444.88421,0.368,1,restructure-light,PIA_OPCIONES
EDOMEX - TLANEPANTLA,ECO534,2024-07-23,0.0786859583333333,0.0786859583333333,0.0,0.0,0.0,0.0,0.0,0.0,0.0,0.0,0.0,0.0,0.0,0.0,0.0,0.0,1.0,0,0.0,0,0,,18000.0,1416.34725,13325.04,3258.6127500000002,16583.65275,0.35,1,restructure-light,PIA_OPCIONES
EDOMEX - TLANEPANTLA,ECO772,2025-07-28,3.035570375,6.177978550000001,0.0,0.0,0.0,0.0,0.0,0.0,0.0,0.0,0.0,0.0,0.0,0.0,0.0,0.0,1.0,0,0.0,0,0,,18000.0,111203.6139,0.0,0.0,0.0,0.0,0,monitor,FOLLOW_UP
EDOMEX - TLANEPANTLA,F15BEA,2024-07-20,0.2092284533333333,0.2433340527777777,0.0,0.0,0.0,0.0,0.0,0.0,0.0,0.0,0.0,0.0,0.0,0.0,0.0,0.0,1.0,0,0.0,0,0,,18000.0,4380.01295,10413.86,3206.127049999999,13619.98705,0.288,1,restructure-light,PIA_OPCIONES
EDOMEX - TLANEPANTLA,F42BCG,2024-03-02,0.1552552344444444,0.3253185833333333,0.0,0.0,0.0,0.0,0.0,0.0,0.0,0.0,0.0,0.0,0.0,0.0,0.0,0.0,1.0,0,0.0,0,0,,18000.0,5855.7345,4486.36,7657.905500000002,12144.265500000001,0.256,1,restructure-light,PIA_OPCIONES
EDOMEX - ECATEPEC,F52BEF,2025-07-18,0.0183637570555555,0.0183637570555555,0.0,0.0,0.0,0.0,0.0,0.0,0.0,0.0,0.0,0.0,0.0,0.0,0.0,0.0,1.0,0,0.0,0,0,,18000.0,330.547627,9436.15,8233.302373,17669.452373,0.373,1,restructure-light,PIA_OPCIONES
EDOMEX - ECATEPEC,F62ALD,2025-05-21,0.0311041652222222,0.0311041652222222,0.0,0.0,0.0,0.0,0.0,0.0,0.0,0.0,0.0,0.0,0.0,0.0,0.0,0.0,1.0,0,0.0,0,0,,18000.0,559.8749740000001,15681.56,1758.565026000002,17440.125026,0.368,1,restructure-light,PIA_OPCIONES
EDOMEX - TLANEPANTLA,F66BAM,2025-07-17,0.1140238750555555,0.2336387656111111,0.0,0.0,0.0,0.0,0.0,0.0,0.0,0.0,0.0,0.0,0.0,0.0,0.0,0.0,1.0,0,0.0,0,0,,18000.0,4205.497781,5732.37,8062.132219,13794.502219,0.291,1,restructure-light,PIA_OPCIONES
EDOMEX - ECATEPEC,F73AGY,2025-07-30,0.1362609228888888,0.2269113451111111,0.0,0.0,0.0,0.0,0.0,0.0,0.0,0.0,0.0,0.0,0.0,0.0,0.0,0.0,1.0,0,0.0,0,0,,18000.0,4084.404212,5460.18,8455.415788,13915.595788,0.294,1,restructure-light,PIA_OPCIONES
EDOMEX - TLANEPANTLA,F87AEX,2025-02-10,0.0891308388888888,0.0891308388888888,0.0,0.0,0.0,0.0,0.0,0.0,0.0,0.0,0.0,0.0,0.0,0.0,0.0,0.0,1.0,0,0.0,0,0,,18000.0,1604.3551,9077.94,7317.704899999999,16395.6449,0.346,1,restructure-light,PIA_OPCIONES
EDOMEX - TLANEPANTLA,FVV484A,2025-07-24,0.0058514054444444,0.0058514054444444,0.0,0.0,0.0,0.0,0.0,0.0,0.0,0.0,0.0,0.0,0.0,0.0,0.0,0.0,1.0,0,0.0,0,0,,18000.0,105.325298,12021.66,5873.014702,17894.674702,0.378,1,restructure-light,PIA_OPCIONES
EDOMEX - ECATEPEC,G01BFL,2025-07-12,0.0655812722222222,0.0655812722222222,0.0,0.0,0.0,0.0,0.0,0.0,0.0,0.0,0.0,0.0,0.0,0.0,0.0,0.0,1.0,0,0.0,0,0,,18000.0,1180.4629,14460.44,2359.097100000001,16819.5371,0.355,1,restructure-light,PIA_OPCIONES
EDOMEX - TLANEPANTLA,G07BJK,2025-07-26,0.1377656731111111,0.2918945081111111,0.0,0.0,0.0,0.0,0.0,0.0,0.0,0.0,0.0,0.0,0.0,0.0,0.0,0.0,1.0,0,0.0,0,0,,18000.0,5254.101146,11324.64,1421.2588539999997,12745.898854,0.269,1,restructure-light,PIA_OPCIONES
EDOMEX - TLANEPANTLA,G18AMC,2024-09-11,0.0118291827777777,0.0118291827777777,0.0,0.0,0.0,0.0,0.0,0.0,0.0,0.0,0.0,0.0,0.0,0.0,0.0,0.0,1.0,0,0.0,0,0,,18000.0,212.92529,6079.34,11707.73471,17787.07471,0.376,1,restructure-light,PIA_OPCIONES
EDOMEX - TLANEPANTLA,G42ASF,2024-01-22,0.0102227983333333,0.0102227983333333,0.0,0.0,0.0,0.0,0.0,0.0,0.0,0.0,0.0,0.0,0.0,0.0,0.0,0.0,1.0,0,0.0,0,0,,18000.0,184.01037,6819.93,10996.05963,17815.98963,0.376,1,restructure-light,PIA_OPCIONES
EDOMEX - ECATEPEC,G60APY,2025-07-31,0.1475225583333333,0.3326711208333333,0.0,0.0,0.0,0.0,0.0,0.0,0.0,0.0,0.0,0.0,0.0,0.0,0.0,0.0,1.0,0,0.0,0,0,,18000.0,5988.080175,9302.54,2709.379825,12011.919825,0.254,1,restructure-light,PIA_OPCIONES
EDOMEX - TLANEPANTLA,G69AWY,2025-02-18,0.0098141716666666,0.0098141716666666,0.0,0.0,0.0,0.0,0.0,0.0,0.0,0.0,0.0,0.0,0.0,0.0,0.0,0.0,1.0,0,0.0,0,0,,18000.0,176.65509,8241.15,9582.19491,17823.34491,0.376,1,restructure-light,PIA_OPCIONES
EDOMEX - ECATEPEC,GENCEC,2025-01-28,0.3529632244444444,0.3529632244444444,0.0,0.0,0.0,0.0,0.0,0.0,0.0,0.0,0.0,0.0,0.0,0.0,0.0,0.0,1.0,0,0.0,0,0,,18000.0,6353.33804,9677.32,1969.3419600000016,11646.661960000001,0.246,1,restructure-light,PIA_OPCIONES
EDOMEX - TLANEPANTLA,GENTPL,2023-09-25,0.3185673855555555,0.3185673855555555,0.0,0.0,0.0,0.0,0.0,0.0,0.0,0.0,0.0,0.0,0.0,0.0,0.0,0.0,1.0,0,0.0,0,0,,18000.0,5734.212939999999,8562.4,3703.387060000001,12265.78706,0.259,1,restructure-light,PIA_OPCIONES
EDOMEX - TLANEPANTLA,GKZ425B,2023-10-25,0.0081043188888888,0.0081043188888888,0.0,0.0,0.0,0.0,0.0,0.0,0.0,0.0,0.0,0.0,0.0,0.0,0.0,0.0,1.0,0,0.0,0,0,,18000.0,145.87774,6554.37,11299.752260000001,17854.12226,0.377,1,restructure-light,PIA_OPCIONES
EDOMEX - TLANEPANTLA,GMRP149,2025-05-13,3.916303447777777,9.24584791888889,0.0,0.0,0.0,0.0,0.0,0.0,0.0,0.0,0.0,0.0,0.0,0.0,0.0,0.0,1.0,0,0.0,0,0,,18000.0,166425.26254000005,0.0,0.0,0.0,0.0,0,monitor,FOLLOW_UP
EDOMEX - TLANEPANTLA,GOLDEN01,2025-07-31,2.574057922666667,5.237669238833333,0.0,0.0,0.0,0.0,0.0,0.0,0.0,0.0,0.0,0.0,0.0,0.0,0.0,0.0,1.0,0,0.0,0,0,,18000.0,94278.046299,0.0,0.0,0.0,0.0,0,monitor,FOLLOW_UP
EDOMEX - TLANEPANTLA,GOLDEN02,2025-07-31,1.6051278015,3.7564728129999994,0.0,0.0,0.0,0.0,0.0,0.0,0.0,0.0,0.0,0.0,0.0,0.0,0.0,0.0,1.0,0,0.0,0,0,,18000.0,67616.51063399999,0.0,0.0,0.0,0.0,0,monitor,FOLLOW_UP
EDOMEX - TLANEPANTLA,GOLDEN03,2025-07-31,4.2319084335,8.369330970333335,0.0,0.0,0.0,0.0,0.0,0.0,0.0,0.0,0.0,0.0,0.0,0.0,0.0,0.0,1.0,0,0.0,0,0,,18000.0,150647.95746600002,0.0,0.0,0.0,0.0,0,monitor,FOLLOW_UP
EDOMEX - TLANEPANTLA,GOLDEN04,2025-07-31,2.4253654276666667,5.292333533666667,0.0,0.0,0.0,0.0,0.0,0.0,0.0,0.0,0.0,0.0,0.0,0.0,0.0,0.0,1.0,0,0.0,0,0,,18000.0,95262.003606,0.0,0.0,0.0,0.0,0,monitor,FOLLOW_UP
EDOMEX - ECATEPEC,GOLDEN05,2025-07-31,1.0954338831666666,2.4249817935,0.0,0.0,0.0,0.0,0.0,0.0,0.0,0.0,0.0,0.0,0.0,0.0,0.0,0.0,1.0,0,0.0,0,0,,18000.0,43649.672283,0.0,0.0,0.0,0.0,0,monitor,FOLLOW_UP
EDOMEX - TLANEPANTLA,GYM770,2024-08-17,3.7044264,4.158138205,0.0,0.0,0.0,0.0,0.0,0.0,0.0,0.0,0.0,0.0,0.0,0.0,0.0,0.0,1.0,0,0.0,0,0,,18000.0,74846.48769000001,0.0,0.0,0.0,0.0,0,monitor,FOLLOW_UP
EDOMEX - ECATEPEC,H02BNA,2025-07-22,0.0281701696111111,0.0281701696111111,0.0,0.0,0.0,0.0,0.0,0.0,0.0,0.0,0.0,0.0,0.0,0.0,0.0,0.0,1.0,0,0.0,0,0,,18000.0,507.063053,15660.12,1832.8169469999975,17492.936947,0.369,1,restructure-light,PIA_OPCIONES
EDOMEX - TLANEPANTLA,H27AKN,2025-07-27,0.1269314603333333,0.2832022103333333,0.0,0.0,0.0,0.0,0.0,0.0,0.0,0.0,0.0,0.0,0.0,0.0,0.0,0.0,1.0,0,0.0,0,0,,18000.0,5097.639786000001,11607.65,1294.7102140000006,12902.360214,0.272,1,restructure-light,PIA_OPCIONES
EDOMEX - ECATEPEC,H34AEZ,2025-07-31,0.1763921047777777,0.3782998878333333,0.0,0.0,0.0,0.0,0.0,0.0,0.0,0.0,0.0,0.0,0.0,0.0,0.0,0.0,1.0,0,0.0,0,0,,18000.0,6809.397980999999,6824.88,4365.722019000002,11190.602019000002,0.236,1,restructure-light,PIA_OPCIONES
EDOMEX - TLANEPANTLA,H42ASY,2024-06-20,0.0106815605555555,0.0106815605555555,0.0,0.0,0.0,0.0,0.0,0.0,0.0,0.0,0.0,0.0,0.0,0.0,0.0,0.0,1.0,0,0.0,0,0,,18000.0,192.26809,6359.49,11448.241909999999,17807.73191,0.376,1,restructure-light,PIA_OPCIONES
EDOMEX - TLANEPANTLA,HCF283E,2025-06-21,0.1530803664444444,0.2525457203333333,0.0,0.0,0.0,0.0,0.0,0.0,0.0,0.0,0.0,0.0,0.0,0.0,0.0,0.0,1.0,0,0.0,0,0,,18000.0,4545.822966,9911.77,3542.407034,13454.177034,0.284,1,restructure-light,PIA_OPCIONES
EDOMEX - TLANEPANTLA,HEC477G,2024-01-19,0.1836679966666666,0.3020298572222222,0.0,0.0,0.0,0.0,0.0,0.0,0.0,0.0,0.0,0.0,0.0,0.0,0.0,0.0,1.0,0,0.0,0,0,,18000.0,5436.53743,11131.21,1432.2525700000006,12563.46257,0.265,1,restructure-light,PIA_OPCIONES
EDOMEX - ECATEPEC,HKU340C,2025-05-12,0.5906312474444444,0.5906312474444444,0.0,0.0,0.0,0.0,0.0,0.0,0.0,0.0,0.0,0.0,0.0,0.0,0.0,0.0,1.0,0,0.0,0,0,,18000.0,10631.362454,3617.97,3750.667546,7368.637546,0.156,1,restructure-light,PIA_OPCIONES
EDOMEX - ECATEPEC,HN4160F,2025-07-22,1.4847169672777778,1.4847169672777778,0.0,0.0,0.0,0.0,0.0,0.0,0.0,0.0,0.0,0.0,0.0,0.0,0.0,0.0,1.0,0,0.0,0,0,,18000.0,26724.905411,0.0,0.0,0.0,0.0,0,monitor,FOLLOW_UP
EDOMEX - ECATEPEC,J0074334,2025-07-31,0.3518553054444444,0.6890635177777777,0.0,0.0,0.0,0.0,0.0,0.0,0.0,0.0,0.0,0.0,0.0,0.0,0.0,0.0,1.0,0,0.0,0,0,,18000.0,12403.14332,3105.51,2491.3466800000006,5596.856680000001,0.118,1,advisor-review,PIA_OPCIONES
EDOMEX - TLANEPANTLA,J32BGP,2023-10-05,0.0086574383333333,0.0086574383333333,0.0,0.0,0.0,0.0,0.0,0.0,0.0,0.0,0.0,0.0,0.0,0.0,0.0,0.0,1.0,0,0.0,0,0,,18000.0,155.83389,5903.77,11940.396109999998,17844.16611,0.377,1,restructure-light,PIA_OPCIONES
EDOMEX - ECATEPEC,J45ADU,2025-07-07,0.1505476775555555,0.2703816953333333,0.0,0.0,0.0,0.0,0.0,0.0,0.0,0.0,0.0,0.0,0.0,0.0,0.0,0.0,1.0,0,0.0,0,0,,18000.0,4866.870516,9237.3,3895.8294840000017,13133.129484000001,0.277,1,restructure-light,PIA_OPCIONES
EDOMEX - ECATEPEC,J50AXL,2025-07-07,0.116154108,0.2343488503333333,0.0,0.0,0.0,0.0,0.0,0.0,0.0,0.0,0.0,0.0,0.0,0.0,0.0,0.0,1.0,0,0.0,0,0,,18000.0,4218.279305999999,7056.28,6725.440694,13781.720694,0.291,1,restructure-light,PIA_OPCIONES
EDOMEX - TLANEPANTLA,J55BFW,2024-08-21,0.0763508633333333,0.0763508633333333,0.0,0.0,0.0,0.0,0.0,0.0,0.0,0.0,0.0,0.0,0.0,0.0,0.0,0.0,1.0,0,0.0,0,0,,18000.0,1374.31554,12842.98,3782.704460000001,16625.68446,0.351,1,restructure-light,PIA_OPCIONES
EDOMEX - TLANEPANTLA,J68BGU,2024-07-29,0.0622926199999999,0.0622926199999999,0.0,0.0,0.0,0.0,0.0,0.0,0.0,0.0,0.0,0.0,0.0,0.0,0.0,0.0,1.0,0,0.0,0,0,,18000.0,1121.26716,13490.7,3388.03284,16878.73284,0.356,1,restructure-light,PIA_OPCIONES
EDOMEX - TLANEPANTLA,J75AUP,2025-03-31,0.0197751322222222,0.0197751322222222,0.0,0.0,0.0,0.0,0.0,0.0,0.0,0.0,0.0,0.0,0.0,0.0,0.0,0.0,1.0,0,0.0,0,0,,18000.0,355.95237999999995,13987.12,3656.9276200000004,17644.04762,0.372,1,restructure-light,PIA_OPCIONES
EDOMEX - ECATEPEC,J75BNH,2025-07-31,0.1274332392777777,0.2755715183888889,0.0,0.0,0.0,0.0,0.0,0.0,0.0,0.0,0.0,0.0,0.0,0.0,0.0,0.0,1.0,0,0.0,0,0,,18000.0,4960.2873309999995,7171.84,5867.872669,13039.712669,0.275,1,restructure-light,PIA_OPCIONES
EDOMEX - ECATEPEC,JPL2583,2025-06-20,0.0838500168333333,0.0838500168333333,0.0,0.0,0.0,0.0,0.0,0.0,0.0,0.0,0.0,0.0,0.0,0.0,0.0,0.0,1.0,0,0.0,0,0,,18000.0,1509.300303,8128.72,8361.979696999999,16490.699697,0.348,1,restructure-light,PIA_OPCIONES
EDOMEX - ECATEPEC,K00882,2025-03-26,0.4600457188888889,0.6628365705555556,0.0,0.0,0.0,0.0,0.0,0.0,0.0,0.0,0.0,0.0,0.0,0.0,0.0,0.0,1.0,0,0.0,0,0,,18000.0,11931.05827,4547.41,1521.5317300000006,6068.9417300000005,0.128,1,advisor-review,PIA_OPCIONES
EDOMEX - ECATEPEC,K0088219,2025-03-25,0.0222585333333333,0.0222585333333333,0.0,0.0,0.0,0.0,0.0,0.0,0.0,0.0,0.0,0.0,0.0,0.0,0.0,0.0,1.0,0,0.0,0,0,,18000.0,400.6536,13742.16,3857.1863999999987,17599.3464,0.372,1,restructure-light,PIA_OPCIONES
EDOMEX - TLANEPANTLA,K0088228,2024-02-26,0.03497796,0.03497796,0.0,0.0,0.0,0.0,0.0,0.0,0.0,0.0,0.0,0.0,0.0,0.0,0.0,0.0,1.0,0,0.0,0,0,,18000.0,629.60328,10331.12,7039.27672,17370.39672,0.367,1,restructure-light,PIA_OPCIONES
EDOMEX - ECATEPEC,K0088237,2025-07-29,0.420814167,0.9600983728333334,0.0,0.0,0.0,0.0,0.0,0.0,0.0,0.0,0.0,0.0,0.0,0.0,0.0,0.0,1.0,0,0.0,0,0,,18000.0,17281.770711,600.31,117.91928899999903,718.229288999999,0.015,1,advisor-review,PIA_OPCIONES
EDOMEX - ECATEPEC,K008854,2025-05-25,0.64290489,1.3261855881666669,0.0,0.0,0.0,0.0,0.0,0.0,0.0,0.0,0.0,0.0,0.0,0.0,0.0,0.0,1.0,0,0.0,0,0,,18000.0,23871.340587,0.0,0.0,0.0,0.0,1,advisor-review,PIA_OPCIONES
EDOMEX - TLANEPANTLA,K0088915,2023-10-24,0.09034305,0.09034305,0.0,0.0,0.0,0.0,0.0,0.0,0.0,0.0,0.0,0.0,0.0,0.0,0.0,0.0,1.0,0,0.0,0,0,,18000.0,1626.1749,13548.38,2825.445100000001,16373.8251,0.346,1,restructure-light,PIA_OPCIONES
EDOMEX - ECATEPEC,K009100,2025-04-14,0.4332771516666666,0.8027737783333333,0.0,0.0,0.0,0.0,0.0,0.0,0.0,0.0,0.0,0.0,0.0,0.0,0.0,0.0,1.0,0,0.0,0,0,,18000.0,14449.92801,1269.71,2280.3619900000003,3550.0719900000004,0.075,1,advisor-review,PIA_OPCIONES
EDOMEX - TLANEPANTLA,K52BEM,2024-09-01,0.0133297655555555,0.0133297655555555,0.0,0.0,0.0,0.0,0.0,0.0,0.0,0.0,0.0,0.0,0.0,0.0,0.0,0.0,1.0,0,0.0,0,0,,18000.0,239.93578,6963.99,10796.07422,17760.06422,0.375,1,restructure-light,PIA_OPCIONES
EDOMEX - TLANEPANTLA,K56BHK,2025-07-31,0.1480516461666666,0.315108698,0.0,0.0,0.0,0.0,0.0,0.0,0.0,0.0,0.0,0.0,0.0,0.0,0.0,0.0,1.0,0,0.0,0,0,,18000.0,5671.956564,7647.13,4680.913436,12328.043436,0.26,1,restructure-light,PIA_OPCIONES
EDOMEX - TLANEPANTLA,K72ADJ,2024-02-09,0.0376479833333333,0.0376479833333333,0.0,0.0,0.0,0.0,0.0,0.0,0.0,0.0,0.0,0.0,0.0,0.0,0.0,0.0,1.0,0,0.0,0,0,,18000.0,677.6637000000001,5898.45,11423.886299999998,17322.3363,0.366,1,restructure-light,PIA_OPCIONES
EDOMEX - TLANEPANTLA,K74BDK,2025-06-27,0.0358747373888888,0.0358747373888888,0.0,0.0,0.0,0.0,0.0,0.0,0.0,0.0,0.0,0.0,0.0,0.0,0.0,0.0,1.0,0,0.0,0,0,,18000.0,645.745273,5756.13,11598.124726999999,17354.254727,0.366,1,restructure-light,PIA_OPCIONES
EDOMEX - ECATEPEC,K76BKB,2025-03-20,0.0117691327777777,0.0117691327777777,0.0,0.0,0.0,0.0,0.0,0.0,0.0,0.0,0.0,0.0,0.0,0.0,0.0,0.0,1.0,0,0.0,0,0,,18000.0,211.84439,5341.98,12446.175610000002,17788.15561,0.376,1,restructure-light,PIA_OPCIONES
EDOMEX - TLANEPANTLA,K95AVE,2025-07-31,0.1231967371666666,0.2839887608333333,0.0,0.0,0.0,0.0,0.0,0.0,0.0,0.0,0.0,0.0,0.0,0.0,0.0,0.0,1.0,0,0.0,0,0,,18000.0,5111.797695,7240.46,5647.742304999999,12888.202304999999,0.272,1,restructure-light,PIA_OPCIONES
EDOMEX - TLANEPANTLA,L0093988,2024-07-20,0.1361103316666666,0.1361103316666666,0.0,0.0,0.0,0.0,0.0,0.0,0.0,0.0,0.0,0.0,0.0,0.0,0.0,0.0,1.0,0,0.0,0,0,,18000.0,2449.98597,11892.25,3657.7640300000003,15550.01403,0.328,1,restructure-light,PIA_OPCIONES
EDOMEX - ECATEPEC,L37AZX,2025-03-17,0.0109617938888888,0.0109617938888888,0.0,0.0,0.0,0.0,0.0,0.0,0.0,0.0,0.0,0.0,0.0,0.0,0.0,0.0,1.0,0,0.0,0,0,,18000.0,197.31229,5712.94,12089.74771,17802.68771,0.376,1,restructure-light,PIA_OPCIONES
EDOMEX - TLANEPANTLA,L48BKG,2025-07-31,0.1419029313333333,0.3527246948333333,0.0,0.0,0.0,0.0,0.0,0.0,0.0,0.0,0.0,0.0,0.0,0.0,0.0,0.0,1.0,0,0.0,0,0,,18000.0,6349.044507,8054.94,3596.0154930000017,11650.955493000001,0.246,1,restructure-light,PIA_OPCIONES
EDOMEX - TLANEPANTLA,L57AZT,2025-02-23,0.4969085583333333,0.962640045,0.0,0.0,0.0,0.0,0.0,0.0,0.0,0.0,0.0,0.0,0.0,0.0,0.0,0.0,1.0,0,0.0,0,0,,18000.0,17327.520809999998,533.87,138.60919000000183,672.4791900000018,0.014,1,advisor-review,PIA_OPCIONES
EDOMEX - ECATEPEC,L59AZH,2025-07-31,0.1242773022222222,0.2646064147222222,0.0,0.0,0.0,0.0,0.0,0.0,0.0,0.0,0.0,0.0,0.0,0.0,0.0,0.0,1.0,0,0.0,0,0,,18000.0,4762.915465,5305.43,7931.654535,13237.084535,0.279,1,restructure-light,PIA_OPCIONES
EDOMEX - TLANEPANTLA,L62AYS,2025-07-29,0.1531022122777778,0.3113792695,0.0,0.0,0.0,0.0,0.0,0.0,0.0,0.0,0.0,0.0,0.0,0.0,0.0,0.0,1.0,0,0.0,0,0,,18000.0,5604.826851,4810.79,7584.383149,12395.173149,0.262,1,restructure-light,PIA_OPCIONES
EDOMEX - ECATEPEC,L89ADJ,2025-07-04,0.1395642066111111,0.2381068449444444,0.0,0.0,0.0,0.0,0.0,0.0,0.0,0.0,0.0,0.0,0.0,0.0,0.0,0.0,1.0,0,0.0,0,0,,18000.0,4285.923209,11197.28,2516.796790999999,13714.076791,0.29,1,restructure-light,PIA_OPCIONES
EDOMEX - TLANEPANTLA,L93AXB,2024-01-13,0.0102816272222222,0.0102816272222222,0.0,0.0,0.0,0.0,0.0,0.0,0.0,0.0,0.0,0.0,0.0,0.0,0.0,0.0,1.0,0,0.0,0,0,,18000.0,185.06929,14142.82,3672.110710000001,17814.93071,0.376,1,restructure-light,PIA_OPCIONES
EDOMEX - TLANEPANTLA,L95BCL,2025-01-07,0.0962390966666666,0.0962390966666666,0.0,0.0,0.0,0.0,0.0,0.0,0.0,0.0,0.0,0.0,0.0,0.0,0.0,0.0,1.0,0,0.0,0,0,,18000.0,1732.3037399999998,10140.71,6126.9862600000015,16267.69626,0.343,1,restructure-light,PIA_OPCIONES
EDOMEX - TLANEPANTLA,L95BJV,2025-07-30,0.1342586334999999,0.2797429695,0.0,0.0,0.0,0.0,0.0,0.0,0.0,0.0,0.0,0.0,0.0,0.0,0.0,0.0,1.0,0,0.0,0,0,,18000.0,5035.373451,10261.76,2702.8665490000003,12964.626549,0.274,1,restructure-light,PIA_OPCIONES
EDOMEX - TLANEPANTLA,L97BKG,2025-01-12,0.1699835705555555,0.2208677411111111,0.0,0.0,0.0,0.0,0.0,0.0,0.0,0.0,0.0,0.0,0.0,0.0,0.0,0.0,1.0,0,0.0,0,0,,18000.0,3975.61934,4987.82,9036.56066,14024.380659999999,0.296,1,restructure-light,PIA_OPCIONES
EDOMEX - ECATEPEC,LB46144,2025-07-02,0.1456546107511111,0.1456546107511111,0.0,0.0,0.0,0.0,0.0,0.0,0.0,0.0,0.0,0.0,0.0,0.0,0.0,0.0,1.0,0,0.0,0,0,,18000.0,2621.78299352,8253.32,7124.89700648,15378.21700648,0.325,1,restructure-light,PIA_OPCIONES
EDOMEX - ECATEPEC,LB46147,2025-07-23,0.04210394976,0.04210394976,0.0,0.0,0.0,0.0,0.0,0.0,0.0,0.0,0.0,0.0,0.0,0.0,0.0,0.0,1.0,0,0.0,0,0,,18000.0,757.87109568,12805.36,4436.768904320001,17242.12890432,0.364,1,restructure-light,PIA_OPCIONES
EDOMEX - TLANEPANTLA,LB46149,2025-07-31,0.2535586669866667,0.5200692274133334,0.0,0.0,0.0,0.0,0.0,0.0,0.0,0.0,0.0,0.0,0.0,0.0,0.0,0.0,1.0,0,0.0,0,0,,18000.0,9361.24609344,3926.06,4712.69390656,8638.75390656,0.182,1,restructure-light,PIA_OPCIONES
EDOMEX - ECATEPEC,LB67312,2025-07-29,0.1362516887466666,0.1362516887466666,0.0,0.0,0.0,0.0,0.0,0.0,0.0,0.0,0.0,0.0,0.0,0.0,0.0,0.0,1.0,0,0.0,0,0,,18000.0,2452.53039744,11682.33,3865.1396025600006,15547.46960256,0.328,1,restructure-light,PIA_OPCIONES
EDOMEX - TLANEPANTLA,LB82663,2025-07-29,0.2330122162133333,0.44806906592,0.0,0.0,0.0,0.0,0.0,0.0,0.0,0.0,0.0,0.0,0.0,0.0,0.0,0.0,1.0,0,0.0,0,0,,18000.0,8065.24318656,5985.76,3948.9968134399987,9934.756813439999,0.21,1,restructure-light,PIA_OPCIONES
EDOMEX - TLANEPANTLA,LC33620,2025-07-30,0.2438802750933333,0.5169116861866667,0.0,0.0,0.0,0.0,0.0,0.0,0.0,0.0,0.0,0.0,0.0,0.0,0.0,0.0,1.0,0,0.0,0,0,,18000.0,9304.41035136,6523.08,2172.50964864,8695.58964864,0.184,1,restructure-light,PIA_OPCIONES
EDOMEX - TLANEPANTLA,LC33624,2025-07-31,0.27259395232,0.5555803114666666,0.0,0.0,0.0,0.0,0.0,0.0,0.0,0.0,0.0,0.0,0.0,0.0,0.0,0.0,1.0,0,0.0,0,0,,18000.0,10000.4456064,4630.2,3369.3543935999996,7999.5543935999995,0.169,1,restructure-light,PIA_OPCIONES
EDOMEX - TLANEPANTLA,LC33626,2025-07-31,0.24829750432,0.5297246113066667,0.0,0.0,0.0,0.0,0.0,0.0,0.0,0.0,0.0,0.0,0.0,0.0,0.0,0.0,1.0,0,0.0,0,0,,18000.0,9535.04300352,4408.06,4056.896996479999,8464.95699648,0.179,1,restructure-light,PIA_OPCIONES
EDOMEX - TLANEPANTLA,LE16176,2025-06-19,0.2128970663333333,0.4213461402222223,0.0,0.0,0.0,0.0,0.0,0.0,0.0,0.0,0.0,0.0,0.0,0.0,0.0,0.0,1.0,0,0.0,0,0,,18000.0,7584.230524,4494.55,5921.219476000001,10415.769476000001,0.22,1,restructure-light,PIA_OPCIONES
EDOMEX - TLANEPANTLA,LE17532,2025-07-28,0.1902897103333333,0.1902897103333333,0.0,0.0,0.0,0.0,0.0,0.0,0.0,0.0,0.0,0.0,0.0,0.0,0.0,0.0,1.0,0,0.0,0,0,,18000.0,3425.214786,6194.69,8380.095214,14574.785214,0.308,1,restructure-light,PIA_OPCIONES
EDOMEX - ECATEPEC,LE41033,2025-03-31,0.0865691600222222,0.0865691600222222,0.0,0.0,0.0,0.0,0.0,0.0,0.0,0.0,0.0,0.0,0.0,0.0,0.0,0.0,1.0,0,0.0,0,0,,18000.0,1558.2448804,12346.02,4095.735119599998,16441.7551196,0.347,1,restructure-light,PIA_OPCIONES
EDOMEX - TLANEPANTLA,LE73329,2025-07-06,0.1834806887777777,0.2609199687777778,0.0,0.0,0.0,0.0,0.0,0.0,0.0,0.0,0.0,0.0,0.0,0.0,0.0,0.0,1.0,0,0.0,0,0,,18000.0,4696.559438,4940.18,8363.260562,13303.440562,0.281,1,restructure-light,PIA_OPCIONES
EDOMEX - TLANEPANTLA,LF28206,2025-07-30,0.2051672970555555,0.2369058571666666,0.0,0.0,0.0,0.0,0.0,0.0,0.0,0.0,0.0,0.0,0.0,0.0,0.0,0.0,1.0,0,0.0,0,0,,18000.0,4264.305429,4829.32,8906.374571,13735.694571,0.29,1,restructure-light,PIA_OPCIONES
EDOMEX - TLANEPANTLA,LF63372,2025-07-31,0.1977938674833333,0.4330787782533333,0.0,0.0,0.0,0.0,0.0,0.0,0.0,0.0,0.0,0.0,0.0,0.0,0.0,0.0,1.0,0,0.0,0,0,,18000.0,7795.41800856,4140.76,6063.82199144,10204.58199144,0.215,1,restructure-light,PIA_OPCIONES
EDOMEX - TLANEPANTLA,LF95269,2024-12-23,0.4460318433333333,0.5149745811111112,0.0,0.0,0.0,0.0,0.0,0.0,0.0,0.0,0.0,0.0,0.0,0.0,0.0,0.0,1.0,0,0.0,0,0,,18000.0,9269.54246,3537.65,5192.80754,8730.45754,0.184,1,restructure-light,PIA_OPCIONES
EDOMEX - TLANEPANTLA,LG14267,2025-04-03,0.345390675,0.345390675,0.0,0.0,0.0,0.0,0.0,0.0,0.0,0.0,0.0,0.0,0.0,0.0,0.0,0.0,1.0,0,0.0,0,0,,18000.0,6217.03215,9354.08,2428.887850000001,11782.96785,0.249,1,restructure-light,PIA_OPCIONES
EDOMEX - TLANEPANTLA,LG58472,2025-06-05,0.2039090856833333,0.4147059841166666,0.0,0.0,0.0,0.0,0.0,0.0,0.0,0.0,0.0,0.0,0.0,0.0,0.0,0.0,1.0,0,0.0,0,0,,18000.0,7464.7077141,5679.62,4855.672285899999,10535.2922859,0.222,1,restructure-light,PIA_OPCIONES
EDOMEX - TLANEPANTLA,LG58491,2025-07-29,0.1671419874366666,0.4426695376133333,0.0,0.0,0.0,0.0,0.0,0.0,0.0,0.0,0.0,0.0,0.0,0.0,0.0,0.0,1.0,0,0.0,0,0,,18000.0,7968.05167704,8970.9,1061.0483229600013,10031.948322960001,0.212,1,restructure-light,PIA_OPCIONES
EDOMEX - ECATEPEC,LGG763B,2025-07-27,0.1624839572222222,0.2716559915,0.0,0.0,0.0,0.0,0.0,0.0,0.0,0.0,0.0,0.0,0.0,0.0,0.0,0.0,1.0,0,0.0,0,0,,18000.0,4889.807847,5012.38,8097.812153,13110.192153,0.277,1,restructure-light,PIA_OPCIONES
EDOMEX - ECATEPEC,LGJ732B,2025-07-31,0.3762717069999999,0.8949193384999998,0.0,0.0,0.0,0.0,0.0,0.0,0.0,0.0,0.0,0.0,0.0,0.0,0.0,0.0,1.0,0,0.0,0,0,,18000.0,16108.548092999998,1309.12,582.3319070000025,1891.4519070000024,0.04,1,advisor-review,PIA_OPCIONES
EDOMEX - TLANEPANTLA,LGM538A,2025-07-13,0.1368001755555555,0.3134943327777778,0.0,0.0,0.0,0.0,0.0,0.0,0.0,0.0,0.0,0.0,0.0,0.0,0.0,0.0,1.0,0,0.0,0,0,,18000.0,5642.8979899999995,7034.13,5322.97201,12357.10201,0.261,1,restructure-light,PIA_OPCIONES
EDOMEX - ECATEPEC,LGX501B,2025-04-08,0.1356916488888888,0.1532109027777777,0.0,0.0,0.0,0.0,0.0,0.0,0.0,0.0,0.0,0.0,0.0,0.0,0.0,0.0,1.0,0,0.0,0,0,,18000.0,2757.79625,8166.02,7076.18375,15242.20375,0.322,1,restructure-light,PIA_OPCIONES
EDOMEX - TLANEPANTLA,LHJ272C,2025-04-29,0.0023951276111111,0.0023951276111111,0.0,0.0,0.0,0.0,0.0,0.0,0.0,0.0,0.0,0.0,0.0,0.0,0.0,0.0,1.0,0,0.0,0,0,,18000.0,43.112297,14815.34,3141.547703,17956.887703,0.379,1,restructure-light,PIA_OPCIONES
EDOMEX - TLANEPANTLA,LHL900C,2025-07-30,0.1412194633333333,0.3026761627777778,0.0,0.0,0.0,0.0,0.0,0.0,0.0,0.0,0.0,0.0,0.0,0.0,0.0,0.0,1.0,0,0.0,0,0,,18000.0,5448.17093,11112.85,1438.9790699999994,12551.82907,0.265,1,restructure-light,PIA_OPCIONES
EDOMEX - TLANEPANTLA,LHN874B,2025-07-29,0.1355804518333333,0.2806332981666666,0.0,0.0,0.0,0.0,0.0,0.0,0.0,0.0,0.0,0.0,0.0,0.0,0.0,0.0,1.0,0,0.0,0,0,,18000.0,5051.399366999999,10665.96,2282.6406330000027,12948.600633000002,0.273,1,restructure-light,PIA_OPCIONES
EDOMEX - TLANEPANTLA,LHT976A,2025-04-21,0.0062912383333333,0.0062912383333333,0.0,0.0,0.0,0.0,0.0,0.0,0.0,0.0,0.0,0.0,0.0,0.0,0.0,0.0,1.0,0,0.0,0,0,,18000.0,113.24229,7429.81,10456.94771,17886.75771,0.378,1,restructure-light,PIA_OPCIONES
EDOMEX - TLANEPANTLA,LHY326B,2025-07-29,0.1406166226666666,0.2752668701666666,0.0,0.0,0.0,0.0,0.0,0.0,0.0,0.0,0.0,0.0,0.0,0.0,0.0,0.0,1.0,0,0.0,0,0,,18000.0,4954.803663,5641.77,7403.426337000001,13045.196337000001,0.275,1,restructure-light,PIA_OPCIONES
EDOMEX - ECATEPEC,LKC143B,2025-07-28,0.1493579714444444,0.3296702109999999,0.0,0.0,0.0,0.0,0.0,0.0,0.0,0.0,0.0,0.0,0.0,0.0,0.0,0.0,1.0,0,0.0,0,0,,18000.0,5934.063797999999,8369.47,3696.4662020000014,12065.936202,0.255,1,restructure-light,PIA_OPCIONES
EDOMEX - ECATEPEC,LKE361A,2025-07-30,0.1419575995,0.3026679983888889,0.0,0.0,0.0,0.0,0.0,0.0,0.0,0.0,0.0,0.0,0.0,0.0,0.0,0.0,1.0,0,0.0,0,0,,18000.0,5448.0239710000005,5942.73,6609.246029,12551.976029,0.265,1,restructure-light,PIA_OPCIONES
EDOMEX - ECATEPEC,LKH469A,2024-10-03,0.1444196822222222,0.3437097533333333,0.0,0.0,0.0,0.0,0.0,0.0,0.0,0.0,0.0,0.0,0.0,0.0,0.0,0.0,1.0,0,0.0,0,0,,18000.0,6186.77556,8751.65,3061.5744400000003,11813.22444,0.249,1,restructure-light,PIA_OPCIONES
EDOMEX - TLANEPANTLA,LKS335C,2025-07-18,0.0384841100555555,0.0384841100555555,0.0,0.0,0.0,0.0,0.0,0.0,0.0,0.0,0.0,0.0,0.0,0.0,0.0,0.0,1.0,0,0.0,0,0,,18000.0,692.713981,11074.11,6233.176018999999,17307.286019,0.365,1,restructure-light,PIA_OPCIONES
EDOMEX - TLANEPANTLA,LKX660B,2025-07-12,0.0831523025555555,0.0831523025555555,0.0,0.0,0.0,0.0,0.0,0.0,0.0,0.0,0.0,0.0,0.0,0.0,0.0,0.0,1.0,0,0.0,0,0,,18000.0,1496.741446,10406.05,6097.208554000001,16503.258554,0.348,1,restructure-light,PIA_OPCIONES
EDOMEX - TLANEPANTLA,LLG870A,2024-04-25,0.0981993299999999,0.1073941799999999,0.0,0.0,0.0,0.0,0.0,0.0,0.0,0.0,0.0,0.0,0.0,0.0,0.0,0.0,1.0,0,0.0,0,0,,18000.0,1933.09524,12807.38,3259.5247600000002,16066.90476,0.339,1,restructure-light,PIA_OPCIONES
EDOMEX - ECATEPEC,LLK145A,2025-07-31,0.2564420701266667,0.5074385880200001,0.0,0.0,0.0,0.0,0.0,0.0,0.0,0.0,0.0,0.0,0.0,0.0,0.0,0.0,1.0,0,0.0,0,0,,18000.0,9133.89458436,6439.63,2426.4754156400004,8866.10541564,0.187,1,restructure-light,PIA_OPCIONES
EDOMEX - ECATEPEC,LLZ105A,2025-06-24,0.1258596594444444,0.2919093251111111,0.0,0.0,0.0,0.0,0.0,0.0,0.0,0.0,0.0,0.0,0.0,0.0,0.0,0.0,1.0,0,0.0,0,0,,18000.0,5254.367852,4026.94,8718.692148,12745.632148,0.269,1,restructure-light,PIA_OPCIONES
EDOMEX - ECATEPEC,LMA529B,2025-06-20,0.0386894810555555,0.0386894810555555,0.0,0.0,0.0,0.0,0.0,0.0,0.0,0.0,0.0,0.0,0.0,0.0,0.0,0.0,1.0,0,0.0,0,0,,18000.0,696.410659,5704.57,11599.019341,17303.589341,0.365,1,restructure-light,PIA_OPCIONES
EDOMEX - TLANEPANTLA,LMB124C,2025-07-18,0.1031633645555555,0.1031633645555555,0.0,0.0,0.0,0.0,0.0,0.0,0.0,0.0,0.0,0.0,0.0,0.0,0.0,0.0,1.0,0,0.0,0,0,,18000.0,1856.940562,10669.51,5473.549438,16143.059438,0.341,1,restructure-light,PIA_OPCIONES
EDOMEX - ECATEPEC,LMF593A,2025-05-22,0.0693907775,0.0693907775,0.0,0.0,0.0,0.0,0.0,0.0,0.0,0.0,0.0,0.0,0.0,0.0,0.0,0.0,1.0,0,0.0,0,0,,18000.0,1249.033995,9911.8,6839.166004999999,16750.966005,0.354,1,restructure-light,PIA_OPCIONES
EDOMEX - TLANEPANTLA,LMF749A,2025-07-19,0.1462202282777777,0.3206007577222222,0.0,0.0,0.0,0.0,0.0,0.0,0.0,0.0,0.0,0.0,0.0,0.0,0.0,0.0,1.0,0,0.0,0,0,,18000.0,5770.813639,5577.86,6651.326361,12229.186361,0.258,1,restructure-light,PIA_OPCIONES
EDOMEX - TLANEPANTLA,LMG569A,2025-07-30,0.1659608738333333,0.3679032322222222,0.0,0.0,0.0,0.0,0.0,0.0,0.0,0.0,0.0,0.0,0.0,0.0,0.0,0.0,1.0,0,0.0,0,0,,18000.0,6622.25818,6271.34,5106.401819999999,11377.74182,0.24,1,restructure-light,PIA_OPCIONES
EDOMEX - TLANEPANTLA,LMM734A,2025-07-31,0.2011488892566666,0.4433184277466667,0.0,0.0,0.0,0.0,0.0,0.0,0.0,0.0,0.0,0.0,0.0,0.0,0.0,0.0,1.0,0,0.0,0,0,,18000.0,7979.731699440001,7562.76,2457.508300559999,10020.26830056,0.212,1,restructure-light,PIA_OPCIONES
EDOMEX - TLANEPANTLA,LMN574A,2024-10-05,0.0063446161111111,0.0063446161111111,0.0,0.0,0.0,0.0,0.0,0.0,0.0,0.0,0.0,0.0,0.0,0.0,0.0,0.0,1.0,0,0.0,0,0,,18000.0,114.20309,14236.5,3649.296910000001,17885.79691,0.378,1,restructure-light,PIA_OPCIONES
EDOMEX - ECATEPEC,LMS927B,2025-07-31,0.1460181137777777,0.3496353201666666,0.0,0.0,0.0,0.0,0.0,0.0,0.0,0.0,0.0,0.0,0.0,0.0,0.0,0.0,1.0,0,0.0,0,0,,18000.0,6293.4357629999995,7453.97,4252.594237,11706.564237,0.247,1,restructure-light,PIA_OPCIONES
EDOMEX - ECATEPEC,LMU573B,2025-07-31,0.1512419727777778,0.3267262013333333,0.0,0.0,0.0,0.0,0.0,0.0,0.0,0.0,0.0,0.0,0.0,0.0,0.0,0.0,1.0,0,0.0,0,0,,18000.0,5881.071624,6437.84,5681.088376,12118.928376,0.256,1,restructure-light,PIA_OPCIONES
EDOMEX - TLANEPANTLA,LPB973A,2024-12-09,0.0657463472222222,0.0657463472222222,0.0,0.0,0.0,0.0,0.0,0.0,0.0,0.0,0.0,0.0,0.0,0.0,0.0,0.0,1.0,0,0.0,0,0,,18000.0,1183.43425,7776.28,9040.285750000003,16816.56575,0.355,1,restructure-light,PIA_OPCIONES
EDOMEX - ECATEPEC,LPM957A,2025-05-18,0.1184641045555555,0.1379389867777777,0.0,0.0,0.0,0.0,0.0,0.0,0.0,0.0,0.0,0.0,0.0,0.0,0.0,0.0,1.0,0,0.0,0,0,,18000.0,2482.901762,9514.33,6002.768238000001,15517.098238,0.328,1,restructure-light,PIA_OPCIONES
EDOMEX - TLANEPANTLA,LPM957A,2025-05-18,0.1145481106111111,0.1431632700555555,0.0,0.0,0.0,0.0,0.0,0.0,0.0,0.0,0.0,0.0,0.0,0.0,0.0,0.0,1.0,0,0.0,0,0,,18000.0,2576.938861,7539.56,7883.501138999999,15423.061139,0.326,1,restructure-light,PIA_OPCIONES
EDOMEX - TLANEPANTLA,LRK797A,2025-07-01,0.0871283088333333,0.0871283088333333,0.0,0.0,0.0,0.0,0.0,0.0,0.0,0.0,0.0,0.0,0.0,0.0,0.0,0.0,1.0,0,0.0,0,0,,18000.0,1568.309559,10490.93,5940.7604409999985,16431.690441,0.347,1,restructure-light,PIA_OPCIONES
EDOMEX - TLANEPANTLA,LRN332A,2024-05-13,0.0120426938888888,0.0120426938888888,0.0,0.0,0.0,0.0,0.0,0.0,0.0,0.0,0.0,0.0,0.0,0.0,0.0,0.0,1.0,0,0.0,0,0,,18000.0,216.76849,12554.81,5228.421510000002,17783.23151,0.375,1,restructure-light,PIA_OPCIONES
EDOMEX - TLANEPANTLA,LRS739A,2025-07-27,0.1309002663888889,0.2975792909444444,0.0,0.0,0.0,0.0,0.0,0.0,0.0,0.0,0.0,0.0,0.0,0.0,0.0,0.0,1.0,0,0.0,0,0,,18000.0,5356.427237000001,4294.36,8349.212763,12643.572763,0.267,1,restructure-light,PIA_OPCIONES
EDOMEX - TLANEPANTLA,LRV034B,2025-03-17,0.0110018272222222,0.0110018272222222,0.0,0.0,0.0,0.0,0.0,0.0,0.0,0.0,0.0,0.0,0.0,0.0,0.0,0.0,1.0,0,0.0,0,0,,18000.0,198.03289,5351.99,12449.977110000002,17801.96711,0.376,1,restructure-light,PIA_OPCIONES
EDOMEX - TLANEPANTLA,LRV397A,2024-04-12,0.12676383,0.28715871,0.0,0.0,0.0,0.0,0.0,0.0,0.0,0.0,0.0,0.0,0.0,0.0,0.0,0.0,1.0,0,0.0,0,0,,18000.0,5168.85678,5483.6,7347.54322,12831.14322,0.271,1,restructure-light,PIA_OPCIONES
EDOMEX - TLANEPANTLA,LSA232A,2025-04-22,0.2771326983333333,0.2771326983333333,0.0,0.0,0.0,0.0,0.0,0.0,0.0,0.0,0.0,0.0,0.0,0.0,0.0,0.0,1.0,0,0.0,0,0,,18000.0,4988.38857,10886.91,2124.701430000001,13011.61143,0.275,1,restructure-light,PIA_OPCIONES
EDOMEX - TLANEPANTLA,LSC039A,2024-03-24,0.0087599605555555,0.0087599605555555,0.0,0.0,0.0,0.0,0.0,0.0,0.0,0.0,0.0,0.0,0.0,0.0,0.0,0.0,1.0,0,0.0,0,0,,18000.0,157.67928999999998,12271.49,5570.83071,17842.32071,0.377,1,restructure-light,PIA_OPCIONES
EDOMEX - TLANEPANTLA,LSG918A,2025-05-25,0.0294162931666666,0.0294162931666666,0.0,0.0,0.0,0.0,0.0,0.0,0.0,0.0,0.0,0.0,0.0,0.0,0.0,0.0,1.0,0,0.0,0,0,,18000.0,529.493277,7043.69,10426.816723,17470.506723,0.369,1,restructure-light,PIA_OPCIONES
EDOMEX - ECATEPEC,LTY048A,2025-07-30,0.1547196903333333,0.3052823242777778,0.0,0.0,0.0,0.0,0.0,0.0,0.0,0.0,0.0,0.0,0.0,0.0,0.0,0.0,1.0,0,0.0,0,0,,18000.0,5495.081837000001,10431.08,2073.8381629999985,12504.918162999998,0.264,1,restructure-light,PIA_OPCIONES
EDOMEX - TLANEPANTLA,LUB299B,2025-07-28,0.1751750468333333,0.360460488,0.0,0.0,0.0,0.0,0.0,0.0,0.0,0.0,0.0,0.0,0.0,0.0,0.0,0.0,1.0,0,0.0,0,0,,18000.0,6488.288784,6699.51,4812.2012159999995,11511.711216,0.243,1,restructure-light,PIA_OPCIONES
EDOMEX - ECATEPEC,LUC775A,2025-06-22,0.1635899135,0.2242230657222222,0.0,0.0,0.0,0.0,0.0,0.0,0.0,0.0,0.0,0.0,0.0,0.0,0.0,0.0,1.0,0,0.0,0,0,,18000.0,4036.015183,8178.08,5785.904817000001,13963.984817,0.295,1,restructure-light,PIA_OPCIONES
EDOMEX - TLANEPANTLA,LUE056A,2024-05-06,0.1452364122222222,0.2336567088888888,0.0,0.0,0.0,0.0,0.0,0.0,0.0,0.0,0.0,0.0,0.0,0.0,0.0,0.0,1.0,0,0.0,0,0,,18000.0,4205.82076,11881.27,1912.9092400000009,13794.179240000001,0.291,1,restructure-light,PIA_OPCIONES
EDOMEX - ECATEPEC,LUG097B,2025-07-31,0.1829586181111111,0.4111756291666666,0.0,0.0,0.0,0.0,0.0,0.0,0.0,0.0,0.0,0.0,0.0,0.0,0.0,0.0,1.0,0,0.0,0,0,,18000.0,7401.161325,3557.95,7040.888674999999,10598.838674999999,0.224,1,restructure-light,PIA_OPCIONES
EDOMEX - ECATEPEC,LUJ963A,2025-07-31,0.5306590271666667,1.0694213605,0.0,0.0,0.0,0.0,0.0,0.0,0.0,0.0,0.0,0.0,0.0,0.0,0.0,0.0,1.0,0,0.0,0,0,,18000.0,19249.584489,0.0,0.0,0.0,0.0,1,advisor-review,PIA_OPCIONES
EDOMEX - ECATEPEC,LUK295A,2025-07-27,0.0297038659444444,0.0297038659444444,0.0,0.0,0.0,0.0,0.0,0.0,0.0,0.0,0.0,0.0,0.0,0.0,0.0,0.0,1.0,0,0.0,0,0,,18000.0,534.669587,11378.01,6087.3204129999995,17465.330413,0.369,1,restructure-light,PIA_OPCIONES
EDOMEX - ECATEPEC,LUP764B,2025-05-12,0.1548808265555555,0.3335302437777778,0.0,0.0,0.0,0.0,0.0,0.0,0.0,0.0,0.0,0.0,0.0,0.0,0.0,0.0,1.0,0,0.0,0,0,,18000.0,6003.544388,5006.02,6990.435611999999,11996.455612,0.253,1,restructure-light,PIA_OPCIONES
EDOMEX - TLANEPANTLA,LUY792A,2024-03-02,0.0325943994444444,0.0325943994444444,0.0,0.0,0.0,0.0,0.0,0.0,0.0,0.0,0.0,0.0,0.0,0.0,0.0,0.0,1.0,0,0.0,0,0,,18000.0,586.6991899999999,12323.68,5089.62081,17413.30081,0.368,1,restructure-light,PIA_OPCIONES
EDOMEX - TLANEPANTLA,LVA200C,2025-07-26,0.1235451352222222,0.1235451352222222,0.0,0.0,0.0,0.0,0.0,0.0,0.0,0.0,0.0,0.0,0.0,0.0,0.0,0.0,1.0,0,0.0,0,0,,18000.0,2223.812434,6759.39,9016.797566000001,15776.187566,0.333,1,restructure-light,PIA_OPCIONES
EDOMEX - TLANEPANTLA,LVJ213A,2024-11-24,0.13475911,0.32880172,0.0,0.0,0.0,0.0,0.0,0.0,0.0,0.0,0.0,0.0,0.0,0.0,0.0,0.0,1.0,0,0.0,0,0,,18000.0,5918.430960000001,4343.25,7738.3190399999985,12081.569039999998,0.255,1,restructure-light,PIA_OPCIONES
EDOMEX - TLANEPANTLA,LVS956A,2025-07-31,0.1321072507777778,0.2922513883333333,0.0,0.0,0.0,0.0,0.0,0.0,0.0,0.0,0.0,0.0,0.0,0.0,0.0,0.0,1.0,0,0.0,0,0,,18000.0,5260.52499,5403.97,7335.50501,12739.47501,0.269,1,restructure-light,PIA_OPCIONES
EDOMEX - ECATEPEC,LWM663A,2025-07-23,0.122378297,0.2486727881111111,0.0,0.0,0.0,0.0,0.0,0.0,0.0,0.0,0.0,0.0,0.0,0.0,0.0,0.0,1.0,0,0.0,0,0,,18000.0,4476.110186,7487.37,6036.519814,13523.889814,0.286,1,restructure-light,PIA_OPCIONES
EDOMEX - TLANEPANTLA,LWP774A,2025-06-16,0.0093010110555555,0.0093010110555555,0.0,0.0,0.0,0.0,0.0,0.0,0.0,0.0,0.0,0.0,0.0,0.0,0.0,0.0,1.0,0,0.0,0,0,,18000.0,167.418199,7234.37,10598.211801000001,17832.581801,0.376,1,restructure-light,PIA_OPCIONES
EDOMEX - ECATEPEC,LWT662A,2025-06-04,0.0106020943888888,0.0106020943888888,0.0,0.0,0.0,0.0,0.0,0.0,0.0,0.0,0.0,0.0,0.0,0.0,0.0,0.0,1.0,0,0.0,0,0,,18000.0,190.837699,6782.0,11027.162301,17809.162301,0.376,1,restructure-light,PIA_OPCIONES
EDOMEX - TLANEPANTLA,LWY580A,2025-07-30,0.3163636238333333,0.6247358658333333,0.0,0.0,0.0,0.0,0.0,0.0,0.0,0.0,0.0,0.0,0.0,0.0,0.0,0.0,1.0,0,0.0,0,0,,18000.0,11245.245585,5513.02,1241.734414999999,6754.754414999999,0.143,1,advisor-review,PIA_OPCIONES
EDOMEX - TLANEPANTLA,LWZ452A,2025-07-13,0.188771327,0.4097200038333333,0.0,0.0,0.0,0.0,0.0,0.0,0.0,0.0,0.0,0.0,0.0,0.0,0.0,0.0,1.0,0,0.0,0,0,,18000.0,7374.960069,5230.05,5394.989930999999,10625.039931,0.224,1,restructure-light,PIA_OPCIONES
EDOMEX - TLANEPANTLA,LXL030A,2024-03-06,0.1609157466666666,0.3255527494444444,0.0,0.0,0.0,0.0,0.0,0.0,0.0,0.0,0.0,0.0,0.0,0.0,0.0,0.0,1.0,0,0.0,0,0,,18000.0,5859.94949,6269.79,5870.260510000001,12140.050510000001,0.256,1,restructure-light,PIA_OPCIONES
EDOMEX - TLANEPANTLA,LXL539A,2025-05-23,0.1169567544999999,0.2601895311666666,0.0,0.0,0.0,0.0,0.0,0.0,0.0,0.0,0.0,0.0,0.0,0.0,0.0,0.0,1.0,0,0.0,0,0,,18000.0,4683.411561,4436.58,8880.008439,13316.588439,0.281,1,restructure-light,PIA_OPCIONES
EDOMEX - TLANEPANTLA,LYC130B,2025-03-18,0.1223166616666666,0.1223166616666666,0.0,0.0,0.0,0.0,0.0,0.0,0.0,0.0,0.0,0.0,0.0,0.0,0.0,0.0,1.0,0,0.0,0,0,,18000.0,2201.69991,8126.99,7671.310090000001,15798.30009,0.334,1,restructure-light,PIA_OPCIONES
EDOMEX - ECATEPEC,LYD851A,2025-01-17,0.1533002766666666,0.19704604,0.0,0.0,0.0,0.0,0.0,0.0,0.0,0.0,0.0,0.0,0.0,0.0,0.0,0.0,1.0,0,0.0,0,0,,18000.0,3546.82872,6632.33,7820.841280000001,14453.17128,0.305,1,restructure-light,PIA_OPCIONES
EDOMEX - TLANEPANTLA,LYD932B,2025-07-31,0.1370152843333333,0.2897311749444444,0.0,0.0,0.0,0.0,0.0,0.0,0.0,0.0,0.0,0.0,0.0,0.0,0.0,0.0,1.0,0,0.0,0,0,,18000.0,5215.1611490000005,8518.42,4266.418851,12784.838851,0.27,1,restructure-light,PIA_OPCIONES
EDOMEX - TLANEPANTLA,LYX364A,2024-10-27,0.157445995,0.33577535,0.0,0.0,0.0,0.0,0.0,0.0,0.0,0.0,0.0,0.0,0.0,0.0,0.0,0.0,1.0,0,0.0,0,0,,18000.0,6043.9563,5060.21,6895.8337,11956.0437,0.252,1,restructure-light,PIA_OPCIONES
EDOMEX - TLANEPANTLA,LZG813A,2025-05-31,0.0356098258888888,0.0356098258888888,0.0,0.0,0.0,0.0,0.0,0.0,0.0,0.0,0.0,0.0,0.0,0.0,0.0,0.0,1.0,0,0.0,0,0,,18000.0,640.976866,14460.4,2898.6231339999995,17359.023134,0.366,1,restructure-light,PIA_OPCIONES
EDOMEX - ECATEPEC,LZW205B,2025-04-02,0.1727425727777777,0.3749698627777778,0.0,0.0,0.0,0.0,0.0,0.0,0.0,0.0,0.0,0.0,0.0,0.0,0.0,0.0,1.0,0,0.0,0,0,,18000.0,6749.457530000001,9650.72,1599.822470000001,11250.54247,0.238,1,restructure-light,PIA_OPCIONES
EDOMEX - TLANEPANTLA,M00623,2025-04-27,0.1524039832777777,0.3119195554999999,0.0,0.0,0.0,0.0,0.0,0.0,0.0,0.0,0.0,0.0,0.0,0.0,0.0,0.0,1.0,0,0.0,0,0,,18000.0,5614.551998999999,4457.51,7927.938001,12385.448001,0.261,1,restructure-light,PIA_OPCIONES
EDOMEX - TLANEPANTLA,M02696,2025-04-06,0.2256289699999999,0.40097747,0.0,0.0,0.0,0.0,0.0,0.0,0.0,0.0,0.0,0.0,0.0,0.0,0.0,0.0,1.0,0,0.0,0,0,,18000.0,7217.59446,3929.56,6852.84554,10782.40554,0.228,1,restructure-light,PIA_OPCIONES
EDOMEX - TLANEPANTLA,M05ADW,2024-06-17,0.0117891494444444,0.0117891494444444,0.0,0.0,0.0,0.0,0.0,0.0,0.0,0.0,0.0,0.0,0.0,0.0,0.0,0.0,1.0,0,0.0,0,0,,18000.0,212.20469,6567.18,11220.615310000001,17787.79531,0.376,1,restructure-light,PIA_OPCIONES
EDOMEX - TLANEPANTLA,M07BKD,2025-01-25,0.133988355,0.307696655,0.0,0.0,0.0,0.0,0.0,0.0,0.0,0.0,0.0,0.0,0.0,0.0,0.0,0.0,1.0,0,0.0,0,0,,18000.0,5538.53979,8370.88,4090.580210000002,12461.460210000001,0.263,1,restructure-light,PIA_OPCIONES
EDOMEX - TLANEPANTLA,M10ASM,2025-07-31,0.1577377141666666,0.3193322541666667,0.0,0.0,0.0,0.0,0.0,0.0,0.0,0.0,0.0,0.0,0.0,0.0,0.0,0.0,1.0,0,0.0,0,0,,18000.0,5747.9805750000005,4572.23,7679.789424999999,12252.019424999999,0.259,1,restructure-light,PIA_OPCIONES
EDOMEX - ECATEPEC,M30AFK,2025-07-12,0.1021546119999999,0.1021546119999999,0.0,0.0,0.0,0.0,0.0,0.0,0.0,0.0,0.0,0.0,0.0,0.0,0.0,0.0,1.0,0,0.0,0,0,,18000.0,1838.783016,13113.69,3047.526984,16161.216984,0.341,1,restructure-light,PIA_OPCIONES
EDOMEX - TLANEPANTLA,M76BDV,2023-11-04,0.0051193922222222,0.0051193922222222,0.0,0.0,0.0,0.0,0.0,0.0,0.0,0.0,0.0,0.0,0.0,0.0,0.0,0.0,1.0,0,0.0,0,0,,18000.0,92.14906,13476.78,4431.07094,17907.85094,0.378,1,restructure-light,PIA_OPCIONES
EDOMEX - ECATEPEC,M88BHK,2025-07-31,0.1133895801111111,0.2686953612777777,0.0,0.0,0.0,0.0,0.0,0.0,0.0,0.0,0.0,0.0,0.0,0.0,0.0,0.0,1.0,0,0.0,0,0,,18000.0,4836.516503,10423.97,2739.5134970000017,13163.483497000001,0.278,1,restructure-light,PIA_OPCIONES
EDOMEX - ECATEPEC,M90632,2024-10-22,0.504470155,0.6849820916666667,0.0,0.0,0.0,0.0,0.0,0.0,0.0,0.0,0.0,0.0,0.0,0.0,0.0,0.0,1.0,0,0.0,0,0,,18000.0,12329.67765,3490.86,2179.4623500000002,5670.32235,0.12,1,advisor-review,PIA_OPCIONES
EDOMEX - ECATEPEC,MAF974B,2024-11-08,0.0677368911111111,0.0677368911111111,0.0,0.0,0.0,0.0,0.0,0.0,0.0,0.0,0.0,0.0,0.0,0.0,0.0,0.0,1.0,0,0.0,0,0,,18000.0,1219.26404,15069.21,1711.525959999999,16780.735959999998,0.354,1,restructure-light,PIA_OPCIONES
EDOMEX - TLANEPANTLA,MAT739C,2025-07-29,0.0272948601111111,0.0272948601111111,0.0,0.0,0.0,0.0,0.0,0.0,0.0,0.0,0.0,0.0,0.0,0.0,0.0,0.0,1.0,0,0.0,0,0,,18000.0,491.3074820000001,5716.68,11792.012518,17508.692518,0.37,1,restructure-light,PIA_OPCIONES
EDOMEX - TLANEPANTLA,MAW556B,2025-07-30,0.1940956621666666,0.4082236656666667,0.0,0.0,0.0,0.0,0.0,0.0,0.0,0.0,0.0,0.0,0.0,0.0,0.0,0.0,1.0,0,0.0,0,0,,18000.0,7348.025982,5760.15,4891.824018000001,10651.974018,0.225,1,restructure-light,PIA_OPCIONES
EDOMEX - TLANEPANTLA,MBB284A,2025-06-30,0.1206285177222222,0.1720612977222222,0.0,0.0,0.0,0.0,0.0,0.0,0.0,0.0,0.0,0.0,0.0,0.0,0.0,0.0,1.0,0,0.0,0,0,,18000.0,3097.1033589999997,7367.43,7535.466640999999,14902.896641,0.315,1,restructure-light,PIA_OPCIONES
EDOMEX - TLANEPANTLA,MBC922B,2025-06-26,0.1296897848333333,0.2774809082222222,0.0,0.0,0.0,0.0,0.0,0.0,0.0,0.0,0.0,0.0,0.0,0.0,0.0,0.0,1.0,0,0.0,0,0,,18000.0,4994.6563479999995,11304.08,1701.2636519999996,13005.343652,0.275,1,restructure-light,PIA_OPCIONES
EDOMEX - ECATEPEC,MBF355C,2025-07-31,0.0954411258333333,0.0954411258333333,0.0,0.0,0.0,0.0,0.0,0.0,0.0,0.0,0.0,0.0,0.0,0.0,0.0,0.0,1.0,0,0.0,0,0,,18000.0,1717.940265,10520.11,5761.949735,16282.059735,0.344,1,restructure-light,PIA_OPCIONES
EDOMEX - TLANEPANTLA,MBH168A,2025-05-16,0.0169070775,0.0169070775,0.0,0.0,0.0,0.0,0.0,0.0,0.0,0.0,0.0,0.0,0.0,0.0,0.0,0.0,1.0,0,0.0,0,0,,18000.0,304.327395,13868.36,3827.312604999999,17695.672605,0.374,1,restructure-light,PIA_OPCIONES
EDOMEX - TLANEPANTLA,MBK588A,2025-04-29,0.142923482,0.3014855486666666,0.0,0.0,0.0,0.0,0.0,0.0,0.0,0.0,0.0,0.0,0.0,0.0,0.0,0.0,1.0,0,0.0,0,0,,18000.0,5426.739876,5057.02,7516.240124,12573.260124,0.265,1,restructure-light,PIA_OPCIONES
EDOMEX - TLANEPANTLA,MCJ666A,2025-02-02,0.0275606205555555,0.0275606205555555,0.0,0.0,0.0,0.0,0.0,0.0,0.0,0.0,0.0,0.0,0.0,0.0,0.0,0.0,1.0,0,0.0,0,0,,18000.0,496.09117,15529.13,1974.778830000001,17503.90883,0.37,1,restructure-light,PIA_OPCIONES
EDOMEX - ECATEPEC,MCJ790B,2025-02-05,0.0546748577777777,0.0546748577777777,0.0,0.0,0.0,0.0,0.0,0.0,0.0,0.0,0.0,0.0,0.0,0.0,0.0,0.0,1.0,0,0.0,0,0,,18000.0,984.14744,10195.62,6820.232559999999,17015.85256,0.359,1,restructure-light,PIA_OPCIONES
EDOMEX - TLANEPANTLA,MCZ173A,2025-07-15,0.0789895031111111,0.0789895031111111,0.0,0.0,0.0,0.0,0.0,0.0,0.0,0.0,0.0,0.0,0.0,0.0,0.0,0.0,1.0,0,0.0,0,0,,18000.0,1421.811056,9883.97,6694.218944000002,16578.188944,0.35,1,restructure-light,PIA_OPCIONES
EDOMEX - TLANEPANTLA,MDC441A,2025-04-28,0.0614464961111111,0.0614464961111111,0.0,0.0,0.0,0.0,0.0,0.0,0.0,0.0,0.0,0.0,0.0,0.0,0.0,0.0,1.0,0,0.0,0,0,,18000.0,1106.03693,14909.44,1984.523070000001,16893.96307,0.357,1,restructure-light,PIA_OPCIONES
EDOMEX - TLANEPANTLA,MDE922A,2024-11-17,0.0209665322222222,0.0209665322222222,0.0,0.0,0.0,0.0,0.0,0.0,0.0,0.0,0.0,0.0,0.0,0.0,0.0,0.0,1.0,0,0.0,0,0,,18000.0,377.39758,9312.48,8310.12242,17622.60242,0.372,1,restructure-light,PIA_OPCIONES
EDOMEX - ECATEPEC,MDF887A,2025-04-17,0.1217483672222222,0.2708459533333333,0.0,0.0,0.0,0.0,0.0,0.0,0.0,0.0,0.0,0.0,0.0,0.0,0.0,0.0,1.0,0,0.0,0,0,,18000.0,4875.22716,7067.89,6056.882839999999,13124.77284,0.277,1,restructure-light,PIA_OPCIONES
EDOMEX - TLANEPANTLA,MDX643A,2025-06-08,0.0256271381666666,0.0256271381666666,0.0,0.0,0.0,0.0,0.0,0.0,0.0,0.0,0.0,0.0,0.0,0.0,0.0,0.0,1.0,0,0.0,0,0,,18000.0,461.288487,11415.1,6123.611512999998,17538.711513,0.37,1,restructure-light,PIA_OPCIONES
EDOMEX - ECATEPEC,MES414A,2024-12-02,0.0367912149999999,0.0367912149999999,0.0,0.0,0.0,0.0,0.0,0.0,0.0,0.0,0.0,0.0,0.0,0.0,0.0,0.0,1.0,0,0.0,0,0,,18000.0,662.24187,6533.41,10804.348129999998,17337.75813,0.366,1,restructure-light,PIA_OPCIONES
EDOMEX - ECATEPEC,MES443A,2024-10-13,0.0114421938888888,0.0114421938888888,0.0,0.0,0.0,0.0,0.0,0.0,0.0,0.0,0.0,0.0,0.0,0.0,0.0,0.0,1.0,0,0.0,0,0,,18000.0,205.95949,8766.26,9027.780509999999,17794.04051,0.376,1,restructure-light,PIA_OPCIONES
EDOMEX - TLANEPANTLA,MET467A,2025-07-22,0.1446499938333333,0.3196283615,0.0,0.0,0.0,0.0,0.0,0.0,0.0,0.0,0.0,0.0,0.0,0.0,0.0,0.0,1.0,0,0.0,0,0,,18000.0,5753.310507,5093.7,7152.989493,12246.689493,0.259,1,restructure-light,PIA_OPCIONES
EDOMEX - ECATEPEC,MFK307A,2025-03-01,0.0612806983333333,0.0612806983333333,0.0,0.0,0.0,0.0,0.0,0.0,0.0,0.0,0.0,0.0,0.0,0.0,0.0,0.0,1.0,0,0.0,0,0,,18000.0,1103.0525699999998,6116.19,10780.757430000001,16896.94743,0.357,1,restructure-light,PIA_OPCIONES
EDOMEX - ECATEPEC,MFL068A,2025-06-08,0.1561859128333333,0.3582231078333334,0.0,0.0,0.0,0.0,0.0,0.0,0.0,0.0,0.0,0.0,0.0,0.0,0.0,0.0,1.0,0,0.0,0,0,,18000.0,6448.015941000001,9469.01,2082.9740589999983,11551.984058999999,0.244,1,restructure-light,PIA_OPCIONES
EDOMEX - ECATEPEC,MFN464A,2025-07-22,0.1672594511111111,0.3397195692222222,0.0,0.0,0.0,0.0,0.0,0.0,0.0,0.0,0.0,0.0,0.0,0.0,0.0,0.0,1.0,0,0.0,0,0,,18000.0,6114.952246,7768.05,4116.997753999999,11885.047754,0.251,1,restructure-light,PIA_OPCIONES
EDOMEX - ECATEPEC,MFR854B,2025-07-31,0.1332821737222222,0.3030927081111111,0.0,0.0,0.0,0.0,0.0,0.0,0.0,0.0,0.0,0.0,0.0,0.0,0.0,0.0,1.0,0,0.0,0,0,,18000.0,5455.668746,6462.89,6081.441254,12544.331254,0.265,1,restructure-light,PIA_OPCIONES
EDOMEX - TLANEPANTLA,MFR854B,2025-07-31,0.1227950295555555,0.3019568744444444,0.0,0.0,0.0,0.0,0.0,0.0,0.0,0.0,0.0,0.0,0.0,0.0,0.0,0.0,1.0,0,0.0,0,0,,18000.0,5435.223739999999,6850.34,5714.43626,12564.77626,0.265,1,restructure-light,PIA_OPCIONES
EDOMEX - TLANEPANTLA,MGS123A,2025-02-24,0.0295959761111111,0.0295959761111111,0.0,0.0,0.0,0.0,0.0,0.0,0.0,0.0,0.0,0.0,0.0,0.0,0.0,0.0,1.0,0,0.0,0,0,,18000.0,532.72757,9762.66,7704.612430000001,17467.27243,0.369,1,restructure-light,PIA_OPCIONES
EDOMEX - TLANEPANTLA,MGU109A,2025-07-16,0.1156731996111111,0.2429133125,0.0,0.0,0.0,0.0,0.0,0.0,0.0,0.0,0.0,0.0,0.0,0.0,0.0,0.0,1.0,0,0.0,0,0,,18000.0,4372.439625,9265.24,4362.320375000001,13627.560375000001,0.288,1,restructure-light,PIA_OPCIONES
EDOMEX - ECATEPEC,MGU724A,2025-07-29,0.19542370332,0.2197508399077778,0.0,0.0,0.0,0.0,0.0,0.0,0.0,0.0,0.0,0.0,0.0,0.0,0.0,0.0,1.0,0,0.0,0,0,,18000.0,3955.51511834,12022.94,2021.54488166,14044.48488166,0.296,1,restructure-light,PIA_OPCIONES
EDOMEX - TLANEPANTLA,MGY297A,2025-07-27,0.1919655686466666,0.4140898293633334,0.0,0.0,0.0,0.0,0.0,0.0,0.0,0.0,0.0,0.0,0.0,0.0,0.0,0.0,1.0,0,0.0,0,0,,18000.0,7453.616928540001,9066.39,1479.9930714599996,10546.383071459999,0.223,1,restructure-light,PIA_OPCIONES
EDOMEX - TLANEPANTLA,MHB508A,2025-05-17,0.1213928765,0.2742987565,0.0,0.0,0.0,0.0,0.0,0.0,0.0,0.0,0.0,0.0,0.0,0.0,0.0,0.0,1.0,0,0.0,0,0,,18000.0,4937.377617,6987.13,6075.492383,13062.622383,0.276,1,restructure-light,PIA_OPCIONES
EDOMEX - TLANEPANTLA,MHC436A,2025-07-31,0.1484159065,0.3522204705,0.0,0.0,0.0,0.0,0.0,0.0,0.0,0.0,0.0,0.0,0.0,0.0,0.0,0.0,1.0,0,0.0,0,0,,18000.0,6339.9684689999995,5801.54,5858.491531000001,11660.031531,0.246,1,restructure-light,PIA_OPCIONES
EDOMEX - ECATEPEC,MHJ174B,2025-02-16,0.0977273716666666,0.0977273716666666,0.0,0.0,0.0,0.0,0.0,0.0,0.0,0.0,0.0,0.0,0.0,0.0,0.0,0.0,1.0,0,0.0,0,0,,18000.0,1759.09269,9267.51,6973.39731,16240.90731,0.343,1,restructure-light,PIA_OPCIONES
EDOMEX - ECATEPEC,MHN831B,2025-07-26,0.1429248966111111,0.2157120578,0.0,0.0,0.0,0.0,0.0,0.0,0.0,0.0,0.0,0.0,0.0,0.0,0.0,0.0,1.0,0,0.0,0,0,,18000.0,3882.8170404,9045.73,5071.452959599999,14117.182959599999,0.298,1,restructure-light,PIA_OPCIONES
EDOMEX - TLANEPANTLA,MJA605A,2025-07-07,0.1714976291666667,0.3644909325555555,0.0,0.0,0.0,0.0,0.0,0.0,0.0,0.0,0.0,0.0,0.0,0.0,0.0,0.0,1.0,0,0.0,0,0,,18000.0,6560.836786,6601.44,4837.723214000001,11439.163214,0.241,1,restructure-light,PIA_OPCIONES
EDOMEX - TLANEPANTLA,MJJ069A,2025-07-16,0.1728262111266666,0.3744512336633333,0.0,0.0,0.0,0.0,0.0,0.0,0.0,0.0,0.0,0.0,0.0,0.0,0.0,0.0,1.0,0,0.0,0,0,,18000.0,6740.12220594,7828.45,3431.4277940600014,11259.877794060001,0.238,1,restructure-light,PIA_OPCIONES
EDOMEX - ECATEPEC,MJS110B,2025-05-10,0.1465394086666666,0.2979956203333333,0.0,0.0,0.0,0.0,0.0,0.0,0.0,0.0,0.0,0.0,0.0,0.0,0.0,0.0,1.0,0,0.0,0,0,,18000.0,5363.921166,7994.08,4641.998834,12636.078834,0.267,1,restructure-light,PIA_OPCIONES
EDOMEX - ECATEPEC,MJV798B,2025-02-15,0.0194000433333333,0.0194000433333333,0.0,0.0,0.0,0.0,0.0,0.0,0.0,0.0,0.0,0.0,0.0,0.0,0.0,0.0,1.0,0,0.0,0,0,,18000.0,349.20078,8691.77,8959.02922,17650.79922,0.373,1,restructure-light,PIA_OPCIONES
EDOMEX - TLANEPANTLA,MKA084B,2025-07-31,0.1589376903333333,0.3482693751666667,0.0,0.0,0.0,0.0,0.0,0.0,0.0,0.0,0.0,0.0,0.0,0.0,0.0,0.0,1.0,0,0.0,0,0,,18000.0,6268.848753,5952.84,5778.311247,11731.151247,0.248,1,restructure-light,PIA_OPCIONES
EDOMEX - ECATEPEC,MKH203A,2025-07-13,0.1744591343766666,0.4047003054877778,0.0,0.0,0.0,0.0,0.0,0.0,0.0,0.0,0.0,0.0,0.0,0.0,0.0,0.0,1.0,0,0.0,0,0,,18000.0,7284.605498780001,5648.68,5066.714501219998,10715.394501219998,0.226,1,restructure-light,PIA_OPCIONES
EDOMEX - TLANEPANTLA,MKM030B,2025-07-30,0.19855754057,0.19855754057,0.0,0.0,0.0,0.0,0.0,0.0,0.0,0.0,0.0,0.0,0.0,0.0,0.0,0.0,1.0,0,0.0,0,0,,18000.0,3574.03573026,5146.95,9279.01426974,14425.96426974,0.305,1,restructure-light,PIA_OPCIONES
EDOMEX - TLANEPANTLA,MMJ562A,2025-06-02,0.1255704071111111,0.2021481687777777,0.0,0.0,0.0,0.0,0.0,0.0,0.0,0.0,0.0,0.0,0.0,0.0,0.0,0.0,1.0,0,0.0,0,0,,18000.0,3638.667038,5739.33,8622.002962,14361.332962,0.303,1,restructure-light,PIA_OPCIONES
EDOMEX - TLANEPANTLA,MMW997A,2024-04-16,0.009794155,0.009794155,0.0,0.0,0.0,0.0,0.0,0.0,0.0,0.0,0.0,0.0,0.0,0.0,0.0,0.0,1.0,0,0.0,0,0,,18000.0,176.29479,13080.25,4743.45521,17823.70521,0.376,1,restructure-light,PIA_OPCIONES
EDOMEX - TLANEPANTLA,MMX820A,2025-05-16,0.0252730433333333,0.0252730433333333,0.0,0.0,0.0,0.0,0.0,0.0,0.0,0.0,0.0,0.0,0.0,0.0,0.0,0.0,1.0,0,0.0,0,0,,18000.0,454.9147799999999,9359.57,8185.515220000001,17545.08522,0.37,1,restructure-light,PIA_OPCIONES
EDOMEX - ECATEPEC,MMY372A,2025-07-31,0.3810508293333333,0.8214322185,0.0,0.0,0.0,0.0,0.0,0.0,0.0,0.0,0.0,0.0,0.0,0.0,0.0,0.0,1.0,0,0.0,0,0,,18000.0,14785.779933,1378.01,1836.2100670000002,3214.220067,0.068,1,advisor-review,PIA_OPCIONES
EDOMEX - TLANEPANTLA,MMZ579A,2025-07-30,0.1169783051111111,0.270054276,0.0,0.0,0.0,0.0,0.0,0.0,0.0,0.0,0.0,0.0,0.0,0.0,0.0,0.0,1.0,0,0.0,0,0,,18000.0,4860.976968,8377.49,4761.533032000001,13139.023032000001,0.277,1,restructure-light,PIA_OPCIONES
EDOMEX - ECATEPEC,MNA244B,2025-07-31,0.0658661093888889,0.0658661093888889,0.0,0.0,0.0,0.0,0.0,0.0,0.0,0.0,0.0,0.0,0.0,0.0,0.0,0.0,1.0,0,0.0,0,0,,18000.0,1185.589969,12666.69,4147.720030999999,16814.410031,0.355,1,restructure-light,PIA_OPCIONES
EDOMEX - TLANEPANTLA,MNC154A,2025-07-31,0.1542791677777777,0.3189853156111111,0.0,0.0,0.0,0.0,0.0,0.0,0.0,0.0,0.0,0.0,0.0,0.0,0.0,0.0,1.0,0,0.0,0,0,,18000.0,5741.735681,5570.81,6687.4543189999995,12258.264319,0.259,1,restructure-light,PIA_OPCIONES
EDOMEX - TLANEPANTLA,MNR321A,2024-10-16,0.153061935,0.32166129,0.0,0.0,0.0,0.0,0.0,0.0,0.0,0.0,0.0,0.0,0.0,0.0,0.0,0.0,1.0,0,0.0,0,0,,18000.0,5789.90322,9720.14,2489.9567800000004,12210.09678,0.258,1,restructure-light,PIA_OPCIONES
EDOMEX - TLANEPANTLA,MNW3118,2025-07-21,0.0615545193888888,0.0615545193888888,0.0,0.0,0.0,0.0,0.0,0.0,0.0,0.0,0.0,0.0,0.0,0.0,0.0,0.0,1.0,0,0.0,0,0,,18000.0,1107.981349,14468.06,2423.958650999999,16892.018651,0.357,1,restructure-light,PIA_OPCIONES
EDOMEX - TLANEPANTLA,MPX066A,2025-07-31,0.1662184667222222,0.316359013,0.0,0.0,0.0,0.0,0.0,0.0,0.0,0.0,0.0,0.0,0.0,0.0,0.0,0.0,1.0,0,0.0,0,0,,18000.0,5694.4622340000005,8102.42,4203.117765999999,12305.537766,0.26,1,restructure-light,PIA_OPCIONES
EDOMEX - TLANEPANTLA,MRH677A,2025-07-27,0.0465836540555555,0.0465836540555555,0.0,0.0,0.0,0.0,0.0,0.0,0.0,0.0,0.0,0.0,0.0,0.0,0.0,0.0,1.0,0,0.0,0,0,,18000.0,838.505773,12036.53,5124.964226999999,17161.494227,0.362,1,restructure-light,PIA_OPCIONES
EDOMEX - TLANEPANTLA,MRZ643A,2025-05-17,0.1012618479444444,0.2070251329444444,0.0,0.0,0.0,0.0,0.0,0.0,0.0,0.0,0.0,0.0,0.0,0.0,0.0,0.0,1.0,0,0.0,0,0,,18000.0,3726.452393,4732.33,9541.217607,14273.547607,0.301,1,restructure-light,PIA_OPCIONES
EDOMEX - ECATEPEC,MSE625B,2025-07-31,0.1062297473333333,0.2483968424999999,0.0,0.0,0.0,0.0,0.0,0.0,0.0,0.0,0.0,0.0,0.0,0.0,0.0,0.0,1.0,0,0.0,0,0,,18000.0,4471.1431649999995,11733.74,1795.1168350000007,13528.856835,0.286,1,restructure-light,PIA_OPCIONES
EDOMEX - TLANEPANTLA,MSP256A,2025-05-05,0.1692784236111111,0.3551482530555556,0.0,0.0,0.0,0.0,0.0,0.0,0.0,0.0,0.0,0.0,0.0,0.0,0.0,0.0,1.0,0,0.0,0,0,,18000.0,6392.668555,6215.62,5391.711445,11607.331445,0.245,1,restructure-light,PIA_OPCIONES
EDOMEX - TLANEPANTLA,MSR447A,2025-07-31,0.14883720846,0.3616504461533333,0.0,0.0,0.0,0.0,0.0,0.0,0.0,0.0,0.0,0.0,0.0,0.0,0.0,0.0,1.0,0,0.0,0,0,,18000.0,6509.708030760001,9816.62,1673.6719692399984,11490.29196924,0.243,1,restructure-light,PIA_OPCIONES
EDOMEX - TLANEPANTLA,MST069A,2024-01-29,0.174937755,0.3581865611111111,0.0,0.0,0.0,0.0,0.0,0.0,0.0,0.0,0.0,0.0,0.0,0.0,0.0,0.0,1.0,0,0.0,0,0,,18000.0,6447.3580999999995,7479.02,4073.6219,11552.6419,0.244,1,restructure-light,PIA_OPCIONES
EDOMEX - ECATEPEC,MSV2246,2025-07-01,0.1630711794444444,0.3223094361111111,0.0,0.0,0.0,0.0,0.0,0.0,0.0,0.0,0.0,0.0,0.0,0.0,0.0,0.0,1.0,0,0.0,0,0,,18000.0,5801.56985,3693.33,8505.10015,12198.43015,0.258,1,restructure-light,PIA_OPCIONES
EDOMEX - TLANEPANTLA,MTC009A,2025-05-07,0.1133300976111111,0.1611356726111111,0.0,0.0,0.0,0.0,0.0,0.0,0.0,0.0,0.0,0.0,0.0,0.0,0.0,0.0,1.0,0,0.0,0,0,,18000.0,2900.442107,4879.05,10220.507893000002,15099.557893000001,0.319,1,restructure-light,PIA_OPCIONES
EDOMEX - ECATEPEC,MTE9565,2025-07-30,0.1649305107577777,0.3288233276155555,0.0,0.0,0.0,0.0,0.0,0.0,0.0,0.0,0.0,0.0,0.0,0.0,0.0,0.0,1.0,0,0.0,0,0,,18000.0,5918.81989708,8556.51,3524.6701029199994,12081.18010292,0.255,1,restructure-light,PIA_OPCIONES
EDOMEX - ECATEPEC,MTH187A,2025-04-13,0.1515667594444444,0.3360187894444444,0.0,0.0,0.0,0.0,0.0,0.0,0.0,0.0,0.0,0.0,0.0,0.0,0.0,0.0,1.0,0,0.0,0,0,,18000.0,6048.33821,7620.39,4331.27179,11951.66179,0.252,1,restructure-light,PIA_OPCIONES
EDOMEX - ECATEPEC,MUE429B,2025-07-31,0.1691590179333333,0.3636979160255555,0.0,0.0,0.0,0.0,0.0,0.0,0.0,0.0,0.0,0.0,0.0,0.0,0.0,0.0,1.0,0,0.0,0,0,,18000.0,6546.56248846,3618.36,7835.077511539999,11453.43751154,0.242,1,restructure-light,PIA_OPCIONES
EDOMEX - TLANEPANTLA,MUN882A,2024-07-16,0.0039492883333333,0.0039492883333333,0.0,0.0,0.0,0.0,0.0,0.0,0.0,0.0,0.0,0.0,0.0,0.0,0.0,0.0,1.0,0,0.0,0,0,,18000.0,71.08718999999999,13376.33,4552.582810000002,17928.91281,0.378,1,restructure-light,PIA_OPCIONES
EDOMEX - ECATEPEC,MUS763B,2025-05-29,0.0059115221666666,0.0059115221666666,0.0,0.0,0.0,0.0,0.0,0.0,0.0,0.0,0.0,0.0,0.0,0.0,0.0,0.0,1.0,0,0.0,0,0,,18000.0,106.407399,14516.84,3376.752601,17893.592601,0.378,1,restructure-light,PIA_OPCIONES
EDOMEX - ECATEPEC,MVB471B,2025-05-28,0.0394976545555555,0.0394976545555555,0.0,0.0,0.0,0.0,0.0,0.0,0.0,0.0,0.0,0.0,0.0,0.0,0.0,0.0,1.0,0,0.0,0,0,,18000.0,710.957782,10336.26,6952.7822179999985,17289.042218,0.365,1,restructure-light,PIA_OPCIONES
EDOMEX - ECATEPEC,MVD212A,2025-06-28,0.1602029246111111,0.2613013698333333,0.0,0.0,0.0,0.0,0.0,0.0,0.0,0.0,0.0,0.0,0.0,0.0,0.0,0.0,1.0,0,0.0,0,0,,18000.0,4703.424657,7704.76,5591.815343,13296.575343,0.281,1,restructure-light,PIA_OPCIONES
EDOMEX - TLANEPANTLA,MVJ595A,2025-06-09,0.0289159432222222,0.0289159432222222,0.0,0.0,0.0,0.0,0.0,0.0,0.0,0.0,0.0,0.0,0.0,0.0,0.0,0.0,1.0,0,0.0,0,0,,18000.0,520.486978,5301.25,12178.263022,17479.513022,0.369,1,restructure-light,PIA_OPCIONES
EDOMEX - ECATEPEC,MVJ923A,2025-07-20,0.4950321227366667,1.22076660117,0.0,0.0,0.0,0.0,0.0,0.0,0.0,0.0,0.0,0.0,0.0,0.0,0.0,0.0,1.0,0,0.0,0,0,,18000.0,21973.79882106,0.0,0.0,0.0,0.0,1,advisor-review,PIA_OPCIONES
EDOMEX - ECATEPEC,MVN795A,2025-07-13,0.0550905372222222,0.0550905372222222,0.0,0.0,0.0,0.0,0.0,0.0,0.0,0.0,0.0,0.0,0.0,0.0,0.0,0.0,1.0,0,0.0,0,0,,18000.0,991.62967,8477.48,8530.890330000002,17008.37033,0.359,1,restructure-light,PIA_OPCIONES
EDOMEX - ECATEPEC,MVR221B,2025-07-31,0.1898565616233333,0.40971168716,0.0,0.0,0.0,0.0,0.0,0.0,0.0,0.0,0.0,0.0,0.0,0.0,0.0,0.0,1.0,0,0.0,0,0,,18000.0,7374.810368880001,8789.77,1835.4196311199994,10625.18963112,0.224,1,restructure-light,PIA_OPCIONES
EDOMEX - TLANEPANTLA,MVR221B,2025-07-31,0.1875144060033333,0.40722774185,0.0,0.0,0.0,0.0,0.0,0.0,0.0,0.0,0.0,0.0,0.0,0.0,0.0,0.0,1.0,0,0.0,0,0,,18000.0,7330.099353300001,5589.28,5080.6206467,10669.9006467,0.225,1,restructure-light,PIA_OPCIONES
EDOMEX - TLANEPANTLA,MVY284A,2024-06-25,0.1745814738888889,0.379745835,0.0,0.0,0.0,0.0,0.0,0.0,0.0,0.0,0.0,0.0,0.0,0.0,0.0,0.0,1.0,0,0.0,0,0,,18000.0,6835.42503,7134.69,4029.88497,11164.57497,0.236,1,restructure-light,PIA_OPCIONES
EDOMEX - TLANEPANTLA,MVY555B,2025-07-25,0.158676885,0.3358538736666666,0.0,0.0,0.0,0.0,0.0,0.0,0.0,0.0,0.0,0.0,0.0,0.0,0.0,0.0,1.0,0,0.0,0,0,,18000.0,6045.369726,5525.49,6429.140273999999,11954.630274,0.252,1,restructure-light,PIA_OPCIONES
EDOMEX - ECATEPEC,MWM963A,2025-03-31,0.0077257661111111,0.0077257661111111,0.0,0.0,0.0,0.0,0.0,0.0,0.0,0.0,0.0,0.0,0.0,0.0,0.0,0.0,1.0,0,0.0,0,0,,18000.0,139.06379,7079.24,10781.69621,17860.93621,0.377,1,restructure-light,PIA_OPCIONES
EDOMEX - TLANEPANTLA,MWP074B,2025-07-31,0.1831755237222222,0.3808480904444444,0.0,0.0,0.0,0.0,0.0,0.0,0.0,0.0,0.0,0.0,0.0,0.0,0.0,0.0,1.0,0,0.0,0,0,,18000.0,6855.265628,8525.11,2619.6243719999984,11144.734371999999,0.235,1,restructure-light,PIA_OPCIONES
EDOMEX - ECATEPEC,MWT540A,2025-06-29,0.0207696936666666,0.0207696936666666,0.0,0.0,0.0,0.0,0.0,0.0,0.0,0.0,0.0,0.0,0.0,0.0,0.0,0.0,1.0,0,0.0,0,0,,18000.0,373.854486,10539.63,7086.515514000001,17626.145514,0.372,1,restructure-light,PIA_OPCIONES
EDOMEX - ECATEPEC,MWW205A,2025-06-26,0.0861941354444444,0.0861941354444444,0.0,0.0,0.0,0.0,0.0,0.0,0.0,0.0,0.0,0.0,0.0,0.0,0.0,0.0,1.0,0,0.0,0,0,,18000.0,1551.494438,10229.21,6219.295561999999,16448.505562,0.347,1,restructure-light,PIA_OPCIONES
EDOMEX - ECATEPEC,MXD890B,2025-03-30,0.1292429461111111,0.3191480961111111,0.0,0.0,0.0,0.0,0.0,0.0,0.0,0.0,0.0,0.0,0.0,0.0,0.0,0.0,1.0,0,0.0,0,0,,18000.0,5744.66573,10775.5,1479.8342699999994,12255.33427,0.259,1,restructure-light,PIA_OPCIONES
EDOMEX - TLANEPANTLA,MXD895A,2025-07-27,0.1149169510555555,0.2577630236666666,0.0,0.0,0.0,0.0,0.0,0.0,0.0,0.0,0.0,0.0,0.0,0.0,0.0,0.0,1.0,0,0.0,0,0,,18000.0,4639.734426,11732.29,1627.975574,13360.265574000001,0.282,1,restructure-light,PIA_OPCIONES
EDOMEX - TLANEPANTLA,MXG194A,2025-04-26,0.0407914312222222,0.0407914312222222,0.0,0.0,0.0,0.0,0.0,0.0,0.0,0.0,0.0,0.0,0.0,0.0,0.0,0.0,1.0,0,0.0,0,0,,18000.0,734.245762,14043.71,3222.044238000002,17265.754238,0.364,1,restructure-light,PIA_OPCIONES
EDOMEX - ECATEPEC,MXH354A,2025-07-07,0.0434055411666666,0.0434055411666666,0.0,0.0,0.0,0.0,0.0,0.0,0.0,0.0,0.0,0.0,0.0,0.0,0.0,0.0,1.0,0,0.0,0,0,,18000.0,781.2997409999999,7103.84,10114.860259000001,17218.700259,0.364,1,restructure-light,PIA_OPCIONES
EDOMEX - ECATEPEC,MXM893A,2025-07-31,0.0992157572222222,0.2399355260555555,0.0,0.0,0.0,0.0,0.0,0.0,0.0,0.0,0.0,0.0,0.0,0.0,0.0,0.0,1.0,0,0.0,0,0,,18000.0,4318.839469,8982.55,4698.610531000002,13681.160531000001,0.289,1,restructure-light,PIA_OPCIONES
EDOMEX - TLANEPANTLA,MXU8000,2024-06-09,0.1157336977777777,0.1790203927777778,0.0,0.0,0.0,0.0,0.0,0.0,0.0,0.0,0.0,0.0,0.0,0.0,0.0,0.0,1.0,0,0.0,0,0,,18000.0,3222.36707,12219.45,2558.182929999999,14777.63293,0.312,1,restructure-light,PIA_OPCIONES
EDOMEX - TLANEPANTLA,MYU919B,2025-06-15,0.0207294601666666,0.0207294601666666,0.0,0.0,0.0,0.0,0.0,0.0,0.0,0.0,0.0,0.0,0.0,0.0,0.0,0.0,1.0,0,0.0,0,0,,18000.0,373.130283,9248.44,8378.429717,17626.869717,0.372,1,restructure-light,PIA_OPCIONES
EDOMEX - ECATEPEC,MYZ280A,2024-09-10,0.01892776,0.01892776,0.0,0.0,0.0,0.0,0.0,0.0,0.0,0.0,0.0,0.0,0.0,0.0,0.0,0.0,1.0,0,0.0,0,0,,18000.0,340.69968,6369.07,11290.230319999999,17659.30032,0.373,1,restructure-light,PIA_OPCIONES
EDOMEX - TLANEPANTLA,MYZ409A,2024-10-02,0.0117624605555555,0.0117624605555555,0.0,0.0,0.0,0.0,0.0,0.0,0.0,0.0,0.0,0.0,0.0,0.0,0.0,0.0,1.0,0,0.0,0,0,,18000.0,211.72429,13991.86,3796.415710000001,17788.27571,0.376,1,restructure-light,PIA_OPCIONES
EDOMEX - ECATEPEC,MZB912A,2025-07-27,0.1431076237222222,0.2858241217777778,0.0,0.0,0.0,0.0,0.0,0.0,0.0,0.0,0.0,0.0,0.0,0.0,0.0,0.0,1.0,0,0.0,0,0,,18000.0,5144.834192,7572.44,5282.725808,12855.165808,0.271,1,restructure-light,PIA_OPCIONES
EDOMEX - ECATEPEC,MZM886B,2025-07-31,0.1351016069444444,0.1351016069444444,0.0,0.0,0.0,0.0,0.0,0.0,0.0,0.0,0.0,0.0,0.0,0.0,0.0,0.0,1.0,0,0.0,0,0,,18000.0,2431.828925,9942.39,5625.781075000001,15568.171075,0.329,1,restructure-light,PIA_OPCIONES
EDOMEX - TLANEPANTLA,MZU169A,2024-12-13,0.011598855,0.011598855,0.0,0.0,0.0,0.0,0.0,0.0,0.0,0.0,0.0,0.0,0.0,0.0,0.0,0.0,1.0,0,0.0,0,0,,18000.0,208.77939,15821.49,1969.7306100000005,17791.22061,0.376,1,restructure-light,PIA_OPCIONES
EDOMEX - ECATEPEC,MZV5006,2025-07-30,0.1463869428266666,0.2875279082666667,0.0,0.0,0.0,0.0,0.0,0.0,0.0,0.0,0.0,0.0,0.0,0.0,0.0,0.0,1.0,0,0.0,0,0,,18000.0,5175.502348800001,8519.66,4304.8376511999995,12824.4976512,0.271,1,restructure-light,PIA_OPCIONES
EDOMEX - TLANEPANTLA,MZY949B,2025-07-31,0.0129499159444444,0.0129499159444444,0.0,0.0,0.0,0.0,0.0,0.0,0.0,0.0,0.0,0.0,0.0,0.0,0.0,0.0,1.0,0,0.0,0,0,,18000.0,233.098487,9860.41,7906.491513000001,17766.901513,0.375,1,restructure-light,PIA_OPCIONES
EDOMEX - ECATEPEC,N22BAK,2024-12-22,0.026616415,0.026616415,0.0,0.0,0.0,0.0,0.0,0.0,0.0,0.0,0.0,0.0,0.0,0.0,0.0,0.0,1.0,0,0.0,0,0,,18000.0,479.09547,9145.75,8375.15453,17520.90453,0.37,1,restructure-light,PIA_OPCIONES
EDOMEX - TLANEPANTLA,N28BEP,2025-07-19,0.1395831807777777,0.3115929007777778,0.0,0.0,0.0,0.0,0.0,0.0,0.0,0.0,0.0,0.0,0.0,0.0,0.0,0.0,1.0,0,0.0,0,0,,18000.0,5608.672214,6822.31,5569.017785999999,12391.327786,0.262,1,restructure-light,PIA_OPCIONES
EDOMEX - ECATEPEC,N5611894,2025-03-28,2.9179643833333335,5.408434325,0.0,0.0,0.0,0.0,0.0,0.0,0.0,0.0,0.0,0.0,0.0,0.0,0.0,0.0,1.0,0,0.0,0,0,,18000.0,97351.81785,0.0,0.0,0.0,0.0,0,monitor,FOLLOW_UP
EDOMEX - TLANEPANTLA,N66BJB,2024-07-24,0.13564454,0.3223548999999999,0.0,0.0,0.0,0.0,0.0,0.0,0.0,0.0,0.0,0.0,0.0,0.0,0.0,0.0,1.0,0,0.0,0,0,,18000.0,5802.388199999999,9475.72,2721.8918000000012,12197.6118,0.258,1,restructure-light,PIA_OPCIONES
EDOMEX - TLANEPANTLA,N66BPK,2025-07-28,0.1342193803333333,0.2935679609444444,0.0,0.0,0.0,0.0,0.0,0.0,0.0,0.0,0.0,0.0,0.0,0.0,0.0,0.0,1.0,0,0.0,0,0,,18000.0,5284.223297,10206.07,2509.706703,12715.776703,0.268,1,restructure-light,PIA_OPCIONES
EDOMEX - ECATEPEC,N82AMJ,2025-06-29,0.0587605930555555,0.0587605930555555,0.0,0.0,0.0,0.0,0.0,0.0,0.0,0.0,0.0,0.0,0.0,0.0,0.0,0.0,1.0,0,0.0,0,0,,18000.0,1057.690675,7973.7,8968.609324999998,16942.309325,0.358,1,restructure-light,PIA_OPCIONES
EDOMEX - TLANEPANTLA,N86BHC,2024-11-26,0.0186957422222222,0.0186957422222222,0.0,0.0,0.0,0.0,0.0,0.0,0.0,0.0,0.0,0.0,0.0,0.0,0.0,0.0,1.0,0,0.0,0,0,,18000.0,336.52335999999997,8518.71,9144.766640000002,17663.47664,0.373,1,restructure-light,PIA_OPCIONES
EDOMEX - ECATEPEC,NA000010,2025-07-24,4.428194563333333,9.50643550111111,0.0,0.0,0.0,0.0,0.0,0.0,0.0,0.0,0.0,0.0,0.0,0.0,0.0,0.0,1.0,0,0.0,0,0,,18000.0,171115.83901999998,0.0,0.0,0.0,0.0,0,monitor,FOLLOW_UP
EDOMEX - ECATEPEC,NA000011,2025-06-07,4.437600629166666,6.287654050277777,0.0,0.0,0.0,0.0,0.0,0.0,0.0,0.0,0.0,0.0,0.0,0.0,0.0,0.0,1.0,0,0.0,0,0,,18000.0,113177.772905,0.0,0.0,0.0,0.0,0,monitor,FOLLOW_UP
EDOMEX - ECATEPEC,NA00003,2025-06-18,2.958174505277778,2.958174505277778,0.0,0.0,0.0,0.0,0.0,0.0,0.0,0.0,0.0,0.0,0.0,0.0,0.0,0.0,1.0,0,0.0,0,0,,18000.0,53247.141095,0.0,0.0,0.0,0.0,0,monitor,FOLLOW_UP
EDOMEX - TLANEPANTLA,NAE825A,2025-04-21,0.1080608144444444,0.1080608144444444,0.0,0.0,0.0,0.0,0.0,0.0,0.0,0.0,0.0,0.0,0.0,0.0,0.0,0.0,1.0,0,0.0,0,0,,18000.0,1945.09466,9283.03,6771.875339999999,16054.90534,0.339,1,restructure-light,PIA_OPCIONES
EDOMEX - TLANEPANTLA,NAF870A,2025-07-31,0.1452434020555555,0.2984624259444445,0.0,0.0,0.0,0.0,0.0,0.0,0.0,0.0,0.0,0.0,0.0,0.0,0.0,0.0,1.0,0,0.0,0,0,,18000.0,5372.323667000001,9017.12,3610.5563329999986,12627.676333,0.267,1,restructure-light,PIA_OPCIONES
EDOMEX - TLANEPANTLA,NAN301A,2024-11-11,0.1888750538888888,0.4459897505555555,0.0,0.0,0.0,0.0,0.0,0.0,0.0,0.0,0.0,0.0,0.0,0.0,0.0,0.0,1.0,0,0.0,0,0,,18000.0,8027.815509999999,3969.28,6002.904489999999,9972.18449,0.211,1,restructure-light,PIA_OPCIONES
EDOMEX - ECATEPEC,NAR581A,2025-07-01,0.0107089166666666,0.0107089166666666,0.0,0.0,0.0,0.0,0.0,0.0,0.0,0.0,0.0,0.0,0.0,0.0,0.0,0.0,1.0,0,0.0,0,0,,18000.0,192.7605,12482.85,5324.389499999999,17807.2395,0.376,1,restructure-light,PIA_OPCIONES
EDOMEX - ECATEPEC,NAV388A,2025-07-27,0.1648003089444444,0.3080776867777777,0.0,0.0,0.0,0.0,0.0,0.0,0.0,0.0,0.0,0.0,0.0,0.0,0.0,0.0,1.0,0,0.0,0,0,,18000.0,5545.398361999999,6551.62,5902.981638,12454.601638,0.263,1,restructure-light,PIA_OPCIONES
EDOMEX - ECATEPEC,NBF241A,2025-07-31,0.2562293467222222,0.6098269583888889,0.0,0.0,0.0,0.0,0.0,0.0,0.0,0.0,0.0,0.0,0.0,0.0,0.0,0.0,1.0,0,0.0,0,0,,18000.0,10976.885251,4714.12,2308.9947490000004,7023.114749,0.148,1,advisor-review,PIA_OPCIONES
EDOMEX - ECATEPEC,NBH9999,2024-11-10,0.0361511199999999,0.0361511199999999,0.0,0.0,0.0,0.0,0.0,0.0,0.0,0.0,0.0,0.0,0.0,0.0,0.0,0.0,1.0,0,0.0,0,0,,18000.0,650.72016,5622.16,11727.11984,17349.27984,0.366,1,restructure-light,PIA_OPCIONES
EDOMEX - TLANEPANTLA,NCC4186,2024-04-19,0.08155547,0.198071525,0.0,0.0,0.0,0.0,0.0,0.0,0.0,0.0,0.0,0.0,0.0,0.0,0.0,0.0,1.0,0,0.0,0,0,,18000.0,3565.28745,8329.35,6105.36255,14434.71255,0.305,1,restructure-light,PIA_OPCIONES
EDOMEX - TLANEPANTLA,NCE5193,2025-04-11,0.0309803872222222,0.0309803872222222,0.0,0.0,0.0,0.0,0.0,0.0,0.0,0.0,0.0,0.0,0.0,0.0,0.0,0.0,1.0,0,0.0,0,0,,18000.0,557.64697,10698.28,6744.073029999998,17442.35303,0.368,1,restructure-light,PIA_OPCIONES
EDOMEX - TLANEPANTLA,NCH8736,2024-09-10,0.0614880433333333,0.0614880433333333,0.0,0.0,0.0,0.0,0.0,0.0,0.0,0.0,0.0,0.0,0.0,0.0,0.0,0.0,1.0,0,0.0,0,0,,18000.0,1106.7847800000002,7240.36,9652.855219999998,16893.21522,0.357,1,restructure-light,PIA_OPCIONES
EDOMEX - TLANEPANTLA,NCL746B,2025-07-31,0.1648542441666666,0.3499479976666667,0.0,0.0,0.0,0.0,0.0,0.0,0.0,0.0,0.0,0.0,0.0,0.0,0.0,0.0,1.0,0,0.0,0,0,,18000.0,6299.063958,4490.52,7210.416042000001,11700.936042000001,0.247,1,restructure-light,PIA_OPCIONES
EDOMEX - ECATEPEC,NCL940A,2025-03-22,0.1970718313333333,0.4425264253333333,0.0,0.0,0.0,0.0,0.0,0.0,0.0,0.0,0.0,0.0,0.0,0.0,0.0,0.0,1.0,0,0.0,0,0,,18000.0,7965.475656,4145.11,5889.414344000002,10034.524344000001,0.212,1,restructure-light,PIA_OPCIONES
EDOMEX - TLANEPANTLA,NCP207B,2025-07-31,0.1498151214999999,0.3078583812222222,0.0,0.0,0.0,0.0,0.0,0.0,0.0,0.0,0.0,0.0,0.0,0.0,0.0,0.0,1.0,0,0.0,0,0,,18000.0,5541.450862,6310.06,6148.489138,12458.549138,0.263,1,restructure-light,PIA_OPCIONES
EDOMEX - TLANEPANTLA,NCT211B,2025-07-01,0.1414176165555555,0.1983760965555555,0.0,0.0,0.0,0.0,0.0,0.0,0.0,0.0,0.0,0.0,0.0,0.0,0.0,0.0,1.0,0,0.0,0,0,,18000.0,3570.769738,5166.91,9262.320262000001,14429.230262000001,0.305,1,restructure-light,PIA_OPCIONES
EDOMEX - TLANEPANTLA,NCT2598,2025-02-14,0.0297415305555555,0.0297415305555555,0.0,0.0,0.0,0.0,0.0,0.0,0.0,0.0,0.0,0.0,0.0,0.0,0.0,0.0,1.0,0,0.0,0,0,,18000.0,535.34755,15166.16,2298.4924500000016,17464.65245,0.369,1,restructure-light,PIA_OPCIONES
EDOMEX - ECATEPEC,NCZ4998,2025-04-16,0.0116757216666666,0.0116757216666666,0.0,0.0,0.0,0.0,0.0,0.0,0.0,0.0,0.0,0.0,0.0,0.0,0.0,0.0,1.0,0,0.0,0,0,,18000.0,210.16299,9659.82,8130.01701,17789.83701,0.376,1,restructure-light,PIA_OPCIONES
EDOMEX - TLANEPANTLA,NDA827B,2025-07-31,0.2620903706633333,0.5671650621000001,0.0,0.0,0.0,0.0,0.0,0.0,0.0,0.0,0.0,0.0,0.0,0.0,0.0,0.0,1.0,0,0.0,0,0,,18000.0,10208.971117800002,6118.93,1672.0988821999981,7791.028882199998,0.164,1,restructure-light,PIA_OPCIONES
EDOMEX - TLANEPANTLA,NDE466A,2025-06-15,0.0113160888888888,0.0113160888888888,0.0,0.0,0.0,0.0,0.0,0.0,0.0,0.0,0.0,0.0,0.0,0.0,0.0,0.0,1.0,0,0.0,0,0,,18000.0,203.6896,15743.51,2052.8003999999983,17796.3104,0.376,1,restructure-light,PIA_OPCIONES
EDOMEX - ECATEPEC,NDE730A,2024-10-26,0.0056907383333333,0.0056907383333333,0.0,0.0,0.0,0.0,0.0,0.0,0.0,0.0,0.0,0.0,0.0,0.0,0.0,0.0,1.0,0,0.0,0,0,,18000.0,102.43329,6236.25,11661.31671,17897.56671,0.378,1,restructure-light,PIA_OPCIONES
EDOMEX - TLANEPANTLA,NDG818A,2025-07-27,0.1499877131666666,0.2984045161666666,0.0,0.0,0.0,0.0,0.0,0.0,0.0,0.0,0.0,0.0,0.0,0.0,0.0,0.0,1.0,0,0.0,0,0,,18000.0,5371.281290999999,8726.47,3902.2487090000013,12628.718709,0.267,1,restructure-light,PIA_OPCIONES
EDOMEX - ECATEPEC,NDJ498A,2025-07-31,0.0870074647222222,0.0870074647222222,0.0,0.0,0.0,0.0,0.0,0.0,0.0,0.0,0.0,0.0,0.0,0.0,0.0,0.0,1.0,0,0.0,0,0,,18000.0,1566.134365,13522.53,2911.3356350000013,16433.865635000002,0.347,1,restructure-light,PIA_OPCIONES
EDOMEX - TLANEPANTLA,NDV064A,2025-07-31,0.1331468540166667,0.28829019866,0.0,0.0,0.0,0.0,0.0,0.0,0.0,0.0,0.0,0.0,0.0,0.0,0.0,0.0,1.0,0,0.0,0,0,,18000.0,5189.223575880001,8718.25,4092.5264241199984,12810.776424119998,0.27,1,restructure-light,PIA_OPCIONES
EDOMEX - ECATEPEC,NDY621A,2025-01-30,0.0078538727777777,0.0078538727777777,0.0,0.0,0.0,0.0,0.0,0.0,0.0,0.0,0.0,0.0,0.0,0.0,0.0,0.0,1.0,0,0.0,0,0,,18000.0,141.36971,9954.68,7903.950290000001,17858.63029,0.377,1,restructure-light,PIA_OPCIONES
EDOMEX - ECATEPEC,NEE554A,2025-07-30,0.1276739083333333,0.2779570768333333,0.0,0.0,0.0,0.0,0.0,0.0,0.0,0.0,0.0,0.0,0.0,0.0,0.0,0.0,1.0,0,0.0,0,0,,18000.0,5003.2273829999995,7260.59,5736.182617,12996.772617,0.274,1,restructure-light,PIA_OPCIONES
EDOMEX - ECATEPEC,NEG316A,2025-07-02,0.0519952306666666,0.0519952306666666,0.0,0.0,0.0,0.0,0.0,0.0,0.0,0.0,0.0,0.0,0.0,0.0,0.0,0.0,1.0,0,0.0,0,0,,18000.0,935.914152,5486.77,11577.315847999998,17064.085848,0.36,1,restructure-light,PIA_OPCIONES
EDOMEX - TLANEPANTLA,NEJ369A,2024-06-27,0.0097067488888888,0.0097067488888888,0.0,0.0,0.0,0.0,0.0,0.0,0.0,0.0,0.0,0.0,0.0,0.0,0.0,0.0,1.0,0,0.0,0,0,,18000.0,174.72148,11065.23,6760.04852,17825.27852,0.376,1,restructure-light,PIA_OPCIONES
EDOMEX - TLANEPANTLA,NES3833,2025-07-30,0.0415205587777777,0.0415205587777777,0.0,0.0,0.0,0.0,0.0,0.0,0.0,0.0,0.0,0.0,0.0,0.0,0.0,0.0,1.0,0,0.0,0,0,,18000.0,747.370058,15460.53,1792.099941999999,17252.629942,0.364,1,restructure-light,PIA_OPCIONES
EDOMEX - TLANEPANTLA,NFH2748,2025-07-25,0.1261502759444444,0.2145972548333333,0.0,0.0,0.0,0.0,0.0,0.0,0.0,0.0,0.0,0.0,0.0,0.0,0.0,0.0,1.0,0,0.0,0,0,,18000.0,3862.750587,12373.27,1763.979412999999,14137.249413,0.298,1,restructure-light,PIA_OPCIONES
EDOMEX - ECATEPEC,NFH392B,2025-07-20,0.4012425083333333,0.8453361583333333,0.0,0.0,0.0,0.0,0.0,0.0,0.0,0.0,0.0,0.0,0.0,0.0,0.0,0.0,1.0,0,0.0,0,0,,18000.0,15216.05085,902.67,1881.2791500000003,2783.9491500000004,0.059,1,advisor-review,PIA_OPCIONES
EDOMEX - ECATEPEC,NFN637A,2025-05-11,0.0134195736666666,0.0134195736666666,0.0,0.0,0.0,0.0,0.0,0.0,0.0,0.0,0.0,0.0,0.0,0.0,0.0,0.0,1.0,0,0.0,0,0,,18000.0,241.552326,12847.85,4910.597673999999,17758.447674,0.375,1,restructure-light,PIA_OPCIONES
EDOMEX - TLANEPANTLA,NFN693A,2025-07-19,0.0540032986111111,0.0540032986111111,0.0,0.0,0.0,0.0,0.0,0.0,0.0,0.0,0.0,0.0,0.0,0.0,0.0,0.0,1.0,0,0.0,0,0,,18000.0,972.059375,8191.44,8836.500625,17027.940625,0.359,1,restructure-light,PIA_OPCIONES
EDOMEX - TLANEPANTLA,NFW3006,2024-05-16,0.13032084,0.2774134199999999,0.0,0.0,0.0,0.0,0.0,0.0,0.0,0.0,0.0,0.0,0.0,0.0,0.0,0.0,1.0,0,0.0,0,0,,18000.0,4993.441559999999,10948.84,2057.7184400000006,13006.55844,0.275,1,restructure-light,PIA_OPCIONES
EDOMEX - TLANEPANTLA,NFZ815A,2025-03-27,0.1287795099999999,0.1287795099999999,0.0,0.0,0.0,0.0,0.0,0.0,0.0,0.0,0.0,0.0,0.0,0.0,0.0,0.0,1.0,0,0.0,0,0,,18000.0,2318.03118,5129.08,10552.88882,15681.96882,0.331,1,restructure-light,PIA_OPCIONES
EDOMEX - TLANEPANTLA,NGH1704,2023-10-11,0.1049343233333333,0.1143271227777777,0.0,0.0,0.0,0.0,0.0,0.0,0.0,0.0,0.0,0.0,0.0,0.0,0.0,0.0,1.0,0,0.0,0,0,,18000.0,2057.88821,13734.52,2207.5917899999986,15942.111789999999,0.337,1,restructure-light,PIA_OPCIONES
EDOMEX - ECATEPEC,NGH5846,2025-06-04,0.08568800416,0.08568800416,0.0,0.0,0.0,0.0,0.0,0.0,0.0,0.0,0.0,0.0,0.0,0.0,0.0,0.0,1.0,0,0.0,0,0,,18000.0,1542.38407488,13207.0,3250.6159251200006,16457.61592512,0.347,1,restructure-light,PIA_OPCIONES
EDOMEX - TLANEPANTLA,NGS840A,2024-09-12,0.0075923216666666,0.0075923216666666,0.0,0.0,0.0,0.0,0.0,0.0,0.0,0.0,0.0,0.0,0.0,0.0,0.0,0.0,1.0,0,0.0,0,0,,18000.0,136.66179,6618.41,11244.928210000002,17863.33821,0.377,1,restructure-light,PIA_OPCIONES
EDOMEX - ECATEPEC,NHB290A,2025-02-02,0.1372909711111111,0.1555114755555555,0.0,0.0,0.0,0.0,0.0,0.0,0.0,0.0,0.0,0.0,0.0,0.0,0.0,0.0,1.0,0,0.0,0,0,,18000.0,2799.20656,5105.86,10094.93344,15200.79344,0.321,1,restructure-light,PIA_OPCIONES
EDOMEX - ECATEPEC,NHG251B,2025-07-31,0.1762730541666666,0.3465049283333333,0.0,0.0,0.0,0.0,0.0,0.0,0.0,0.0,0.0,0.0,0.0,0.0,0.0,0.0,1.0,0,0.0,0,0,,18000.0,6237.08871,9420.03,2342.8812899999994,11762.91129,0.248,1,restructure-light,PIA_OPCIONES
EDOMEX - ECATEPEC,NHT5940,2024-10-27,0.0217300933333333,0.0217300933333333,0.0,0.0,0.0,0.0,0.0,0.0,0.0,0.0,0.0,0.0,0.0,0.0,0.0,0.0,1.0,0,0.0,0,0,,18000.0,391.14168,6928.29,10680.568319999998,17608.85832,0.372,1,restructure-light,PIA_OPCIONES
EDOMEX - TLANEPANTLA,NHT9672,2023-10-14,0.0271610422222222,0.0271610422222222,0.0,0.0,0.0,0.0,0.0,0.0,0.0,0.0,0.0,0.0,0.0,0.0,0.0,0.0,1.0,0,0.0,0,0,,18000.0,488.89876,10873.32,6637.78124,17511.10124,0.37,1,restructure-light,PIA_OPCIONES
EDOMEX - ECATEPEC,NHU5137,2025-07-10,0.1217999037866666,0.2458683963733333,0.0,0.0,0.0,0.0,0.0,0.0,0.0,0.0,0.0,0.0,0.0,0.0,0.0,0.0,1.0,0,0.0,0,0,,18000.0,4425.63113472,11530.71,2043.658865280002,13574.368865280001,0.287,1,restructure-light,PIA_OPCIONES
EDOMEX - TLANEPANTLA,NHY2352,2025-04-16,0.0108083327777777,0.0108083327777777,0.0,0.0,0.0,0.0,0.0,0.0,0.0,0.0,0.0,0.0,0.0,0.0,0.0,0.0,1.0,0,0.0,0,0,,18000.0,194.54999,11403.84,6401.61001,17805.45001,0.376,1,restructure-light,PIA_OPCIONES
EDOMEX - TLANEPANTLA,NJA3266,2024-07-19,0.129701595,0.2573306999999999,0.0,0.0,0.0,0.0,0.0,0.0,0.0,0.0,0.0,0.0,0.0,0.0,0.0,0.0,1.0,0,0.0,0,0,,18000.0,4631.9526,7196.55,6171.497399999999,13368.0474,0.282,1,restructure-light,PIA_OPCIONES
EDOMEX - TLANEPANTLA,NJB3707,2025-01-19,0.31922184,0.5304769644444444,0.0,0.0,0.0,0.0,0.0,0.0,0.0,0.0,0.0,0.0,0.0,0.0,0.0,0.0,1.0,0,0.0,0,0,,18000.0,9548.58536,4792.03,3659.384640000001,8451.41464,0.178,1,restructure-light,PIA_OPCIONES
EDOMEX - TLANEPANTLA,NJB4766,2023-09-29,0.0152358388888888,0.0152358388888888,0.0,0.0,0.0,0.0,0.0,0.0,0.0,0.0,0.0,0.0,0.0,0.0,0.0,0.0,1.0,0,0.0,0,0,,18000.0,274.2451,5989.01,11736.7449,17725.7549,0.374,1,restructure-light,PIA_OPCIONES
EDOMEX - TLANEPANTLA,NJK7453,2024-08-17,0.1686146449999999,0.2576101016666666,0.0,0.0,0.0,0.0,0.0,0.0,0.0,0.0,0.0,0.0,0.0,0.0,0.0,0.0,1.0,0,0.0,0,0,,18000.0,4636.98183,11776.18,1586.838169999999,13363.01817,0.282,1,restructure-light,PIA_OPCIONES
EDOMEX - ECATEPEC,NJT3199,2024-10-14,0.0200286766666666,0.0200286766666666,0.0,0.0,0.0,0.0,0.0,0.0,0.0,0.0,0.0,0.0,0.0,0.0,0.0,0.0,1.0,0,0.0,0,0,,18000.0,360.51618,8579.71,9059.773820000002,17639.48382,0.372,1,restructure-light,PIA_OPCIONES
EDOMEX - TLANEPANTLA,NJT3798,2024-02-19,0.0096038161111111,0.0096038161111111,0.0,0.0,0.0,0.0,0.0,0.0,0.0,0.0,0.0,0.0,0.0,0.0,0.0,0.0,1.0,0,0.0,0,0,,18000.0,172.86869,7373.62,10453.511310000002,17827.13131,0.376,1,restructure-light,PIA_OPCIONES
EDOMEX - TLANEPANTLA,NJU829B,2025-04-29,0.0108352885555555,0.0108352885555555,0.0,0.0,0.0,0.0,0.0,0.0,0.0,0.0,0.0,0.0,0.0,0.0,0.0,0.0,1.0,0,0.0,0,0,,18000.0,195.035194,8397.33,9407.634806,17804.964806,0.376,1,restructure-light,PIA_OPCIONES
EDOMEX - TLANEPANTLA,NKH7900,2025-07-31,0.1539296132777778,0.3589386282777778,0.0,0.0,0.0,0.0,0.0,0.0,0.0,0.0,0.0,0.0,0.0,0.0,0.0,0.0,1.0,0,0.0,0,0,,18000.0,6460.895309,10138.53,1400.5746909999998,11539.104691,0.244,1,restructure-light,PIA_OPCIONES
EDOMEX - TLANEPANTLA,NKH9513,2024-07-16,0.1173581038888888,0.1845665922222222,0.0,0.0,0.0,0.0,0.0,0.0,0.0,0.0,0.0,0.0,0.0,0.0,0.0,0.0,1.0,0,0.0,0,0,,18000.0,3322.19866,5233.69,9444.11134,14677.80134,0.31,1,restructure-light,PIA_OPCIONES
EDOMEX - ECATEPEC,NKK4840,2024-09-17,0.1319532027777777,0.1319532027777777,0.0,0.0,0.0,0.0,0.0,0.0,0.0,0.0,0.0,0.0,0.0,0.0,0.0,0.0,1.0,0,0.0,0,0,,18000.0,2375.15765,12818.34,2806.502349999999,15624.842349999999,0.33,1,restructure-light,PIA_OPCIONES
EDOMEX - TLANEPANTLA,NKN3733,2024-01-24,0.0014700827777777,0.0014700827777777,0.0,0.0,0.0,0.0,0.0,0.0,0.0,0.0,0.0,0.0,0.0,0.0,0.0,0.0,1.0,0,0.0,0,0,,18000.0,26.46149,13025.54,4947.998509999998,17973.53851,0.379,1,restructure-light,PIA_OPCIONES
EDOMEX - TLANEPANTLA,NKP6417,2024-04-11,0.1172211416666666,0.1172211416666666,0.0,0.0,0.0,0.0,0.0,0.0,0.0,0.0,0.0,0.0,0.0,0.0,0.0,0.0,1.0,0,0.0,0,0,,18000.0,2109.98055,12680.42,3209.5994499999997,15890.01945,0.335,1,restructure-light,PIA_OPCIONES
EDOMEX - TLANEPANTLA,NKT1129,2024-07-30,0.0109884827777777,0.0109884827777777,0.0,0.0,0.0,0.0,0.0,0.0,0.0,0.0,0.0,0.0,0.0,0.0,0.0,0.0,1.0,0,0.0,0,0,,18000.0,197.79269,15764.54,2037.6673100000007,17802.20731,0.376,1,restructure-light,PIA_OPCIONES
EDOMEX - TLANEPANTLA,NKW1174,2025-07-04,0.1144838874999999,0.2927560341666666,0.0,0.0,0.0,0.0,0.0,0.0,0.0,0.0,0.0,0.0,0.0,0.0,0.0,0.0,1.0,0,0.0,0,0,,18000.0,5269.608614999999,10251.69,2478.7013850000003,12730.391385,0.269,1,restructure-light,PIA_OPCIONES
EDOMEX - TLANEPANTLA,NLD8153,2023-12-16,0.119852055,0.1925294755555555,0.0,0.0,0.0,0.0,0.0,0.0,0.0,0.0,0.0,0.0,0.0,0.0,0.0,0.0,1.0,0,0.0,0,0,,18000.0,3465.53056,12587.28,1947.18944,14534.46944,0.307,1,restructure-light,PIA_OPCIONES
EDOMEX - ECATEPEC,NLK6258,2025-07-30,0.1447921490555555,0.2972782431111111,0.0,0.0,0.0,0.0,0.0,0.0,0.0,0.0,0.0,0.0,0.0,0.0,0.0,0.0,1.0,0,0.0,0,0,,18000.0,5351.008376,4758.06,7890.931624,12648.991624,0.267,1,restructure-light,PIA_OPCIONES
EDOMEX - TLANEPANTLA,NLS360A,2025-07-31,0.1380272205,0.3202291385,0.0,0.0,0.0,0.0,0.0,0.0,0.0,0.0,0.0,0.0,0.0,0.0,0.0,0.0,1.0,0,0.0,0,0,,18000.0,5764.124493,9513.06,2722.815507000001,12235.875507,0.258,1,restructure-light,PIA_OPCIONES
EDOMEX - ECATEPEC,NLZ606A,2025-07-31,0.1644260819444444,0.3672395529444445,0.0,0.0,0.0,0.0,0.0,0.0,0.0,0.0,0.0,0.0,0.0,0.0,0.0,0.0,1.0,0,0.0,0,0,,18000.0,6610.311953,7145.95,4243.738047,11389.688047,0.24,1,restructure-light,PIA_OPCIONES
EDOMEX - TLANEPANTLA,NNF5462,2024-04-05,0.183020605,0.3822284549999999,0.0,0.0,0.0,0.0,0.0,0.0,0.0,0.0,0.0,0.0,0.0,0.0,0.0,0.0,1.0,0,0.0,0,0,,18000.0,6880.11219,6962.13,4157.75781,11119.88781,0.235,1,restructure-light,PIA_OPCIONES
EDOMEX - ECATEPEC,NNN9753,2025-07-28,0.0210745475,0.0210745475,0.0,0.0,0.0,0.0,0.0,0.0,0.0,0.0,0.0,0.0,0.0,0.0,0.0,0.0,1.0,0,0.0,0,0,,18000.0,379.341855,14789.95,2830.7081450000005,17620.658145,0.372,1,restructure-light,PIA_OPCIONES
EDOMEX - TLANEPANTLA,NNX1745,2024-03-12,0.1364479599999999,0.313373415,0.0,0.0,0.0,0.0,0.0,0.0,0.0,0.0,0.0,0.0,0.0,0.0,0.0,0.0,1.0,0,0.0,0,0,,18000.0,5640.72147,10914.26,1445.0185299999994,12359.27853,0.261,1,restructure-light,PIA_OPCIONES
EDOMEX - ECATEPEC,NNY176A,2025-07-31,0.2327658228533333,0.5160465359166668,0.0,0.0,0.0,0.0,0.0,0.0,0.0,0.0,0.0,0.0,0.0,0.0,0.0,0.0,1.0,0,0.0,0,0,,18000.0,9288.837646500002,6297.33,2413.832353499998,8711.162353499998,0.184,1,restructure-light,PIA_OPCIONES
EDOMEX - TLANEPANTLA,NPD9651,2025-06-30,0.1032389374999999,0.2068305252777778,0.0,0.0,0.0,0.0,0.0,0.0,0.0,0.0,0.0,0.0,0.0,0.0,0.0,0.0,1.0,0,0.0,0,0,,18000.0,3722.949455,8420.08,5856.970545,14277.050545,0.301,1,restructure-light,PIA_OPCIONES
EDOMEX - TLANEPANTLA,NPM6657,2024-03-09,0.1384563205555555,0.1384563205555555,0.0,0.0,0.0,0.0,0.0,0.0,0.0,0.0,0.0,0.0,0.0,0.0,0.0,0.0,1.0,0,0.0,0,0,,18000.0,2492.21377,8899.02,6608.766229999999,15507.78623,0.327,1,restructure-light,PIA_OPCIONES
EDOMEX - ECATEPEC,NPP1204,2025-02-15,0.0206885594444444,0.0206885594444444,0.0,0.0,0.0,0.0,0.0,0.0,0.0,0.0,0.0,0.0,0.0,0.0,0.0,0.0,1.0,0,0.0,0,0,,18000.0,372.39407,9374.45,8253.15593,17627.60593,0.372,1,restructure-light,PIA_OPCIONES
EDOMEX - ECATEPEC,NPR7970,2024-10-24,0.1623118138888888,0.2600243472222222,0.0,0.0,0.0,0.0,0.0,0.0,0.0,0.0,0.0,0.0,0.0,0.0,0.0,0.0,1.0,0,0.0,0,0,,18000.0,4680.43825,6885.67,6433.891750000001,13319.56175,0.281,1,restructure-light,PIA_OPCIONES
EDOMEX - ECATEPEC,NPU6648,2024-09-14,0.0104413605555555,0.0104413605555555,0.0,0.0,0.0,0.0,0.0,0.0,0.0,0.0,0.0,0.0,0.0,0.0,0.0,0.0,1.0,0,0.0,0,0,,18000.0,187.94448999999997,9527.74,8284.315509999999,17812.05551,0.376,1,restructure-light,PIA_OPCIONES
EDOMEX - TLANEPANTLA,NRA8543,2024-03-07,0.0169120266666666,0.0169120266666666,0.0,0.0,0.0,0.0,0.0,0.0,0.0,0.0,0.0,0.0,0.0,0.0,0.0,0.0,1.0,0,0.0,0,0,,18000.0,304.41648,6261.62,11433.963520000001,17695.58352,0.374,1,restructure-light,PIA_OPCIONES
EDOMEX - ECATEPEC,NRD541A,2025-07-19,0.0145525169999999,0.0145525169999999,0.0,0.0,0.0,0.0,0.0,0.0,0.0,0.0,0.0,0.0,0.0,0.0,0.0,0.0,1.0,0,0.0,0,0,,18000.0,261.94530599999996,6145.56,11592.494693999997,17738.054694,0.374,1,restructure-light,PIA_OPCIONES
EDOMEX - TLANEPANTLA,NSF7001,2024-11-26,0.1818597888888889,0.3442903683333333,0.0,0.0,0.0,0.0,0.0,0.0,0.0,0.0,0.0,0.0,0.0,0.0,0.0,0.0,1.0,0,0.0,0,0,,18000.0,6197.22663,9063.61,2739.1633699999984,11802.773369999999,0.249,1,restructure-light,PIA_OPCIONES
EDOMEX - TLANEPANTLA,NSG8670,2024-11-04,0.0370084155555555,0.0370084155555555,0.0,0.0,0.0,0.0,0.0,0.0,0.0,0.0,0.0,0.0,0.0,0.0,0.0,0.0,1.0,0,0.0,0,0,,18000.0,666.15148,9839.45,7494.398519999999,17333.84852,0.366,1,restructure-light,PIA_OPCIONES
EDOMEX - ECATEPEC,NSM4747,2024-10-07,0.0149250938888888,0.0149250938888888,0.0,0.0,0.0,0.0,0.0,0.0,0.0,0.0,0.0,0.0,0.0,0.0,0.0,0.0,1.0,0,0.0,0,0,,18000.0,268.65169000000003,15220.78,2510.5683100000006,17731.34831,0.374,1,restructure-light,PIA_OPCIONES
EDOMEX - TLANEPANTLA,NSV2306,2024-03-13,0.131737945,0.2198581222222222,0.0,0.0,0.0,0.0,0.0,0.0,0.0,0.0,0.0,0.0,0.0,0.0,0.0,0.0,1.0,0,0.0,0,0,,18000.0,3957.4462,9371.05,4671.5038,14042.5538,0.296,1,restructure-light,PIA_OPCIONES
EDOMEX - TLANEPANTLA,NSV5525,2024-02-02,0.004034255,0.004034255,0.0,0.0,0.0,0.0,0.0,0.0,0.0,0.0,0.0,0.0,0.0,0.0,0.0,0.0,1.0,0,0.0,0,0,,18000.0,72.61659,5756.58,12170.803409999999,17927.38341,0.378,1,restructure-light,PIA_OPCIONES
EDOMEX - TLANEPANTLA,NSZ793A,2025-07-29,0.1387173682222222,0.2792353326666666,0.0,0.0,0.0,0.0,0.0,0.0,0.0,0.0,0.0,0.0,0.0,0.0,0.0,0.0,1.0,0,0.0,0,0,,18000.0,5026.235988,5118.33,7855.434012,12973.764012,0.274,1,restructure-light,PIA_OPCIONES
EDOMEX - TLANEPANTLA,NTA5765,2025-02-06,0.0079059161111111,0.0079059161111111,0.0,0.0,0.0,0.0,0.0,0.0,0.0,0.0,0.0,0.0,0.0,0.0,0.0,0.0,1.0,0,0.0,0,0,,18000.0,142.30649,7562.59,10295.10351,17857.69351,0.377,1,restructure-light,PIA_OPCIONES
EDOMEX - ECATEPEC,NTC2304,2024-11-30,0.0069555599999999,0.0069555599999999,0.0,0.0,0.0,0.0,0.0,0.0,0.0,0.0,0.0,0.0,0.0,0.0,0.0,0.0,1.0,0,0.0,0,0,,18000.0,125.20008,15827.09,2047.7099200000011,17874.79992,0.377,1,restructure-light,PIA_OPCIONES
EDOMEX - ECATEPEC,NTD3059,2024-09-25,0.0169594544444444,0.0169594544444444,0.0,0.0,0.0,0.0,0.0,0.0,0.0,0.0,0.0,0.0,0.0,0.0,0.0,0.0,1.0,0,0.0,0,0,,18000.0,305.27018,7630.37,10064.359820000001,17694.72982,0.374,1,restructure-light,PIA_OPCIONES
EDOMEX - ECATEPEC,NTD7180,2024-11-21,0.008749355,0.008749355,0.0,0.0,0.0,0.0,0.0,0.0,0.0,0.0,0.0,0.0,0.0,0.0,0.0,0.0,1.0,0,0.0,0,0,,18000.0,157.48839,10874.18,6968.331610000001,17842.51161,0.377,1,restructure-light,PIA_OPCIONES
EDOMEX - ECATEPEC,NTD7979,2025-07-29,0.0965502369044444,0.0965502369044444,0.0,0.0,0.0,0.0,0.0,0.0,0.0,0.0,0.0,0.0,0.0,0.0,0.0,0.0,1.0,0,0.0,0,0,,18000.0,1737.90426428,14013.15,2248.945735720001,16262.09573572,0.343,1,restructure-light,PIA_OPCIONES
EDOMEX - TLANEPANTLA,NTD7982,2025-07-31,0.14195567872,0.3039870645333333,0.0,0.0,0.0,0.0,0.0,0.0,0.0,0.0,0.0,0.0,0.0,0.0,0.0,0.0,1.0,0,0.0,0,0,,18000.0,5471.7671616,11103.97,1424.2628384,12528.2328384,0.264,1,restructure-light,PIA_OPCIONES
EDOMEX - ECATEPEC,NTE1249,2025-07-13,0.0784161590555555,0.0784161590555555,0.0,0.0,0.0,0.0,0.0,0.0,0.0,0.0,0.0,0.0,0.0,0.0,0.0,0.0,1.0,0,0.0,0,0,,18000.0,1411.490863,7329.07,9259.439137000001,16588.509137,0.35,1,restructure-light,PIA_OPCIONES
EDOMEX - TLANEPANTLA,NTJ047A,2025-07-06,0.1407598021666666,0.1629779018333333,0.0,0.0,0.0,0.0,0.0,0.0,0.0,0.0,0.0,0.0,0.0,0.0,0.0,0.0,1.0,0,0.0,0,0,,18000.0,2933.602233,4963.93,10102.467767,15066.397767,0.318,1,restructure-light,PIA_OPCIONES
EDOMEX - TLANEPANTLA,NTK1467,2025-05-17,0.1791934094511111,0.458943647228889,0.0,0.0,0.0,0.0,0.0,0.0,0.0,0.0,0.0,0.0,0.0,0.0,0.0,0.0,1.0,0,0.0,0,0,,18000.0,8260.985650120001,3819.26,5919.754349879999,9739.014349879999,0.206,1,restructure-light,PIA_OPCIONES
EDOMEX - TLANEPANTLA,NTK9602,2025-01-11,0.12341532,0.2734855305555555,0.0,0.0,0.0,0.0,0.0,0.0,0.0,0.0,0.0,0.0,0.0,0.0,0.0,0.0,1.0,0,0.0,0,0,,18000.0,4922.739549999999,4420.08,8657.180450000002,13077.260450000002,0.276,1,restructure-light,PIA_OPCIONES
EDOMEX - TLANEPANTLA,NTS6641,2024-07-16,0.0101611272222222,0.0101611272222222,0.0,0.0,0.0,0.0,0.0,0.0,0.0,0.0,0.0,0.0,0.0,0.0,0.0,0.0,1.0,0,0.0,0,0,,18000.0,182.90029,7431.06,10386.039709999997,17817.09971,0.376,1,restructure-light,PIA_OPCIONES
EDOMEX - ECATEPEC,NTT7520,2025-03-09,0.0556149061111111,0.0556149061111111,0.0,0.0,0.0,0.0,0.0,0.0,0.0,0.0,0.0,0.0,0.0,0.0,0.0,0.0,1.0,0,0.0,0,0,,18000.0,1001.06831,10898.73,6100.201690000002,16998.93169,0.359,1,restructure-light,PIA_OPCIONES
EDOMEX - TLANEPANTLA,NTU4623,2023-10-13,0.1247181966666666,0.18833276,0.0,0.0,0.0,0.0,0.0,0.0,0.0,0.0,0.0,0.0,0.0,0.0,0.0,0.0,1.0,0,0.0,0,0,,18000.0,3389.98968,12381.53,2228.4803199999988,14610.01032,0.308,1,restructure-light,PIA_OPCIONES
EDOMEX - TLANEPANTLA,NUA336A,2025-07-23,0.1447359795555555,0.3037270697222222,0.0,0.0,0.0,0.0,0.0,0.0,0.0,0.0,0.0,0.0,0.0,0.0,0.0,0.0,1.0,0,0.0,0,0,,18000.0,5467.087255,7799.62,4733.292745,12532.912745,0.265,1,restructure-light,PIA_OPCIONES
EDOMEX - TLANEPANTLA,NUD6464,2025-07-21,0.0383767141111111,0.0383767141111111,0.0,0.0,0.0,0.0,0.0,0.0,0.0,0.0,0.0,0.0,0.0,0.0,0.0,0.0,1.0,0,0.0,0,0,,18000.0,690.780854,11694.0,5615.2191459999995,17309.219146,0.365,1,restructure-light,PIA_OPCIONES
EDOMEX - TLANEPANTLA,NUH9419,2024-10-19,0.1777301399999999,0.4132905,0.0,0.0,0.0,0.0,0.0,0.0,0.0,0.0,0.0,0.0,0.0,0.0,0.0,0.0,1.0,0,0.0,0,0,,18000.0,7439.229,4447.36,6113.411000000001,10560.771,0.223,1,restructure-light,PIA_OPCIONES
EDOMEX - TLANEPANTLA,NUJ4051,2024-04-30,0.0326598372222222,0.0326598372222222,0.0,0.0,0.0,0.0,0.0,0.0,0.0,0.0,0.0,0.0,0.0,0.0,0.0,0.0,1.0,0,0.0,0,0,,18000.0,587.87707,13587.55,3824.572930000002,17412.12293,0.368,1,restructure-light,PIA_OPCIONES
EDOMEX - TLANEPANTLA,NUJ6630,2025-07-25,0.1257331809444444,0.2698818715,0.0,0.0,0.0,0.0,0.0,0.0,0.0,0.0,0.0,0.0,0.0,0.0,0.0,0.0,1.0,0,0.0,0,0,,18000.0,4857.873687,8814.07,4328.056313000001,13142.126313,0.277,1,restructure-light,PIA_OPCIONES
EDOMEX - ECATEPEC,NUK9880,2025-03-15,0.0099876494444444,0.0099876494444444,0.0,0.0,0.0,0.0,0.0,0.0,0.0,0.0,0.0,0.0,0.0,0.0,0.0,0.0,1.0,0,0.0,0,0,,18000.0,179.77768999999998,14585.53,3234.6923100000004,17820.22231,0.376,1,restructure-light,PIA_OPCIONES
EDOMEX - ECATEPEC,NUP773A,2025-07-25,0.1359874285,0.2969571248888888,0.0,0.0,0.0,0.0,0.0,0.0,0.0,0.0,0.0,0.0,0.0,0.0,0.0,0.0,1.0,0,0.0,0,0,,18000.0,5345.228247999999,11000.87,1653.9017519999998,12654.771752,0.267,1,restructure-light,PIA_OPCIONES
EDOMEX - TLANEPANTLA,NUS5749,2025-04-03,0.125317535,0.29380847,0.0,0.0,0.0,0.0,0.0,0.0,0.0,0.0,0.0,0.0,0.0,0.0,0.0,0.0,1.0,0,0.0,0,0,,18000.0,5288.55246,6466.83,6244.617540000001,12711.447540000001,0.268,1,restructure-light,PIA_OPCIONES
EDOMEX - TLANEPANTLA,NUT2155,2025-02-01,0.0056640494444444,0.0056640494444444,0.0,0.0,0.0,0.0,0.0,0.0,0.0,0.0,0.0,0.0,0.0,0.0,0.0,0.0,1.0,0,0.0,0,0,,18000.0,101.95289,6342.13,11555.917109999999,17898.04711,0.378,1,restructure-light,PIA_OPCIONES
EDOMEX - ECATEPEC,NUT3437,2025-07-23,0.080566113,0.080566113,0.0,0.0,0.0,0.0,0.0,0.0,0.0,0.0,0.0,0.0,0.0,0.0,0.0,0.0,1.0,0,0.0,0,0,,18000.0,1450.190034,7208.39,9341.419966000001,16549.809966,0.349,1,restructure-light,PIA_OPCIONES
EDOMEX - ECATEPEC,NUT6571,2025-07-20,0.0319119711666666,0.0319119711666666,0.0,0.0,0.0,0.0,0.0,0.0,0.0,0.0,0.0,0.0,0.0,0.0,0.0,0.0,1.0,0,0.0,0,0,,18000.0,574.415481,9805.46,7620.124519000001,17425.584519,0.368,1,restructure-light,PIA_OPCIONES
EDOMEX - TLANEPANTLA,NUW7185,2024-04-26,0.0095072494444444,0.0095072494444444,0.0,0.0,0.0,0.0,0.0,0.0,0.0,0.0,0.0,0.0,0.0,0.0,0.0,0.0,1.0,0,0.0,0,0,,18000.0,171.13049,15465.05,2363.819510000001,17828.86951,0.376,1,restructure-light,PIA_OPCIONES
EDOMEX - ECATEPEC,NUZ7516,2025-07-22,0.0367290487222222,0.0367290487222222,0.0,0.0,0.0,0.0,0.0,0.0,0.0,0.0,0.0,0.0,0.0,0.0,0.0,0.0,1.0,0,0.0,0,0,,18000.0,661.122877,9137.34,8201.537122999998,17338.877123,0.366,1,restructure-light,PIA_OPCIONES
EDOMEX - TLANEPANTLA,NVA1155,2025-05-17,0.0362081483333333,0.0362081483333333,0.0,0.0,0.0,0.0,0.0,0.0,0.0,0.0,0.0,0.0,0.0,0.0,0.0,0.0,1.0,0,0.0,0,0,,18000.0,651.74667,13227.42,4120.8333299999995,17348.25333,0.366,1,restructure-light,PIA_OPCIONES
EDOMEX - TLANEPANTLA,NVK163A,2025-07-18,0.0274146932222222,0.0274146932222222,0.0,0.0,0.0,0.0,0.0,0.0,0.0,0.0,0.0,0.0,0.0,0.0,0.0,0.0,1.0,0,0.0,0,0,,18000.0,493.464478,10929.09,6577.445521999998,17506.535522,0.37,1,restructure-light,PIA_OPCIONES
EDOMEX - TLANEPANTLA,NVM9692,2025-01-27,0.1317977561111111,0.1317977561111111,0.0,0.0,0.0,0.0,0.0,0.0,0.0,0.0,0.0,0.0,0.0,0.0,0.0,0.0,1.0,0,0.0,0,0,,18000.0,2372.35961,6402.41,9225.23039,15627.64039,0.33,1,restructure-light,PIA_OPCIONES
EDOMEX - ECATEPEC,NVN2055,2025-07-28,0.020209227,0.020209227,0.0,0.0,0.0,0.0,0.0,0.0,0.0,0.0,0.0,0.0,0.0,0.0,0.0,0.0,1.0,0,0.0,0,0,,18000.0,363.766086,8684.8,8951.433914000001,17636.233914,0.372,1,restructure-light,PIA_OPCIONES
EDOMEX - TLANEPANTLA,NVP3635,2025-07-31,0.1398534776111111,0.3337733098333333,0.0,0.0,0.0,0.0,0.0,0.0,0.0,0.0,0.0,0.0,0.0,0.0,0.0,0.0,1.0,0,0.0,0,0,,18000.0,6007.919577,8297.5,3694.5804229999994,11992.080423,0.253,1,restructure-light,PIA_OPCIONES
EDOMEX - ECATEPEC,NVS700A,2025-07-29,0.1480786294444444,0.2934474025555555,0.0,0.0,0.0,0.0,0.0,0.0,0.0,0.0,0.0,0.0,0.0,0.0,0.0,0.0,1.0,0,0.0,0,0,,18000.0,5282.0532459999995,8949.77,3768.176754,12717.946754,0.268,1,restructure-light,PIA_OPCIONES
EDOMEX - TLANEPANTLA,NWC5697,2024-12-13,0.011647505,0.011647505,0.0,0.0,0.0,0.0,0.0,0.0,0.0,0.0,0.0,0.0,0.0,0.0,0.0,0.0,1.0,0,0.0,0,0,,18000.0,209.65509,9977.82,7812.52491,17790.34491,0.376,1,restructure-light,PIA_OPCIONES
EDOMEX - TLANEPANTLA,NWD1976,2025-04-24,0.1286255333333333,0.2899459194444444,0.0,0.0,0.0,0.0,0.0,0.0,0.0,0.0,0.0,0.0,0.0,0.0,0.0,0.0,1.0,0,0.0,0,0,,18000.0,5219.02655,5587.68,7193.293450000001,12780.973450000001,0.27,1,restructure-light,PIA_OPCIONES
EDOMEX - TLANEPANTLA,NWD2314,2025-07-12,0.048331843,0.048331843,0.0,0.0,0.0,0.0,0.0,0.0,0.0,0.0,0.0,0.0,0.0,0.0,0.0,0.0,1.0,0,0.0,0,0,,18000.0,869.973174,12558.78,4571.2468260000005,17130.026826,0.362,1,restructure-light,PIA_OPCIONES
EDOMEX - TLANEPANTLA,NWE4850,2024-07-04,0.129976405,0.2760570216666667,0.0,0.0,0.0,0.0,0.0,0.0,0.0,0.0,0.0,0.0,0.0,0.0,0.0,0.0,1.0,0,0.0,0,0,,18000.0,4969.02639,5229.64,7801.333610000001,13030.973610000001,0.275,1,restructure-light,PIA_OPCIONES
EDOMEX - ECATEPEC,NWE6364,2024-09-23,0.0106815605555555,0.0106815605555555,0.0,0.0,0.0,0.0,0.0,0.0,0.0,0.0,0.0,0.0,0.0,0.0,0.0,0.0,1.0,0,0.0,0,0,,18000.0,192.26809,15350.3,2457.4319099999993,17807.73191,0.376,1,restructure-light,PIA_OPCIONES
EDOMEX - ECATEPEC,NWF7409,2025-02-18,0.1500943511111111,0.3312615144444444,0.0,0.0,0.0,0.0,0.0,0.0,0.0,0.0,0.0,0.0,0.0,0.0,0.0,0.0,1.0,0,0.0,0,0,,18000.0,5962.70726,4968.3,7068.992740000001,12037.29274,0.254,1,restructure-light,PIA_OPCIONES
EDOMEX - TLANEPANTLA,NWH8687,2025-07-15,0.0084535053888888,0.0084535053888888,0.0,0.0,0.0,0.0,0.0,0.0,0.0,0.0,0.0,0.0,0.0,0.0,0.0,0.0,1.0,0,0.0,0,0,,18000.0,152.163097,6503.53,11344.306903,17847.836903,0.377,1,restructure-light,PIA_OPCIONES
EDOMEX - TLANEPANTLA,NWK8907,2024-01-13,0.0226734211111111,0.0226734211111111,0.0,0.0,0.0,0.0,0.0,0.0,0.0,0.0,0.0,0.0,0.0,0.0,0.0,0.0,1.0,0,0.0,0,0,,18000.0,408.12158,10530.3,7061.578420000002,17591.87842,0.371,1,restructure-light,PIA_OPCIONES
EDOMEX - TLANEPANTLA,NWM1788,2025-04-27,0.0055241996666666,0.0055241996666666,0.0,0.0,0.0,0.0,0.0,0.0,0.0,0.0,0.0,0.0,0.0,0.0,0.0,0.0,1.0,0,0.0,0,0,,18000.0,99.435594,10950.31,6950.254406000002,17900.564406,0.378,1,restructure-light,PIA_OPCIONES
EDOMEX - ECATEPEC,NWR1656,2025-02-17,0.1414277583333333,0.1790097172222222,0.0,0.0,0.0,0.0,0.0,0.0,0.0,0.0,0.0,0.0,0.0,0.0,0.0,0.0,1.0,0,0.0,0,0,,18000.0,3222.1749099999997,8939.34,5838.48509,14777.82509,0.312,1,restructure-light,PIA_OPCIONES
EDOMEX - ECATEPEC,NWR6510,2025-03-31,0.290042025,0.6560669961111111,0.0,0.0,0.0,0.0,0.0,0.0,0.0,0.0,0.0,0.0,0.0,0.0,0.0,0.0,1.0,0,0.0,0,0,,18000.0,11809.20593,3479.23,2711.56407,6190.79407,0.131,1,advisor-review,PIA_OPCIONES
EDOMEX - ECATEPEC,NWR8317,2025-07-30,0.1516706522777778,0.3293691645,0.0,0.0,0.0,0.0,0.0,0.0,0.0,0.0,0.0,0.0,0.0,0.0,0.0,0.0,1.0,0,0.0,0,0,,18000.0,5928.644961,10826.66,1244.6950390000002,12071.355039,0.255,1,restructure-light,PIA_OPCIONES
EDOMEX - TLANEPANTLA,NWT2578,2025-05-03,0.1266155865,0.2923682214999999,0.0,0.0,0.0,0.0,0.0,0.0,0.0,0.0,0.0,0.0,0.0,0.0,0.0,0.0,1.0,0,0.0,0,0,,18000.0,5262.627987,7537.57,5199.802013,12737.372013,0.269,1,restructure-light,PIA_OPCIONES
EDOMEX - ECATEPEC,NWU2870,2025-07-15,0.1499325527222222,0.3156514838333333,0.0,0.0,0.0,0.0,0.0,0.0,0.0,0.0,0.0,0.0,0.0,0.0,0.0,0.0,1.0,0,0.0,0,0,,18000.0,5681.7267090000005,7227.97,5090.303290999999,12318.273291,0.26,1,restructure-light,PIA_OPCIONES
EDOMEX - ECATEPEC,NWV5181,2025-05-26,0.1501880103888888,0.3135995053888889,0.0,0.0,0.0,0.0,0.0,0.0,0.0,0.0,0.0,0.0,0.0,0.0,0.0,0.0,1.0,0,0.0,0,0,,18000.0,5644.791097,6833.17,5522.038902999999,12355.208902999999,0.261,1,restructure-light,PIA_OPCIONES
EDOMEX - TLANEPANTLA,NWY3792,2025-04-28,0.1283503718333333,0.3020859118333333,0.0,0.0,0.0,0.0,0.0,0.0,0.0,0.0,0.0,0.0,0.0,0.0,0.0,0.0,1.0,0,0.0,0,0,,18000.0,5437.546413,4272.43,8290.023587,12562.453587,0.265,1,restructure-light,PIA_OPCIONES
EDOMEX - ECATEPEC,NXD1136,2024-12-31,0.0976636416666666,0.0976636416666666,0.0,0.0,0.0,0.0,0.0,0.0,0.0,0.0,0.0,0.0,0.0,0.0,0.0,0.0,1.0,0,0.0,0,0,,18000.0,1757.94555,10651.12,5590.934449999999,16242.05445,0.343,1,restructure-light,PIA_OPCIONES
EDOMEX - ECATEPEC,NXF168A,2025-07-25,0.0608863630555555,0.0608863630555555,0.0,0.0,0.0,0.0,0.0,0.0,0.0,0.0,0.0,0.0,0.0,0.0,0.0,0.0,1.0,0,0.0,0,0,,18000.0,1095.954535,7383.36,9520.685464999999,16904.045465,0.357,1,restructure-light,PIA_OPCIONES
EDOMEX - TLANEPANTLA,NXG9080,2024-01-21,0.1344438944444444,0.2912245133333334,0.0,0.0,0.0,0.0,0.0,0.0,0.0,0.0,0.0,0.0,0.0,0.0,0.0,0.0,1.0,0,0.0,0,0,,18000.0,5242.0412400000005,8708.14,4049.81876,12757.95876,0.269,1,restructure-light,PIA_OPCIONES
EDOMEX - TLANEPANTLA,NXH6263,2025-05-23,0.0229748436666666,0.0229748436666666,0.0,0.0,0.0,0.0,0.0,0.0,0.0,0.0,0.0,0.0,0.0,0.0,0.0,0.0,1.0,0,0.0,0,0,,18000.0,413.547186,5812.32,11774.132814,17586.452814,0.371,1,restructure-light,PIA_OPCIONES
EDOMEX - ECATEPEC,NXK3934,2025-07-30,0.1254510555,0.1794460138333333,0.0,0.0,0.0,0.0,0.0,0.0,0.0,0.0,0.0,0.0,0.0,0.0,0.0,0.0,1.0,0,0.0,0,0,,18000.0,3230.028249,13128.03,1641.9417510000003,14769.971751000001,0.312,1,restructure-light,PIA_OPCIONES
EDOMEX - ECATEPEC,NXK6292,2025-07-30,0.1907615101666666,0.3678721332777778,0.0,0.0,0.0,0.0,0.0,0.0,0.0,0.0,0.0,0.0,0.0,0.0,0.0,0.0,1.0,0,0.0,0,0,,18000.0,6621.698399,6615.38,4762.921600999999,11378.301601,0.24,1,restructure-light,PIA_OPCIONES
EDOMEX - TLANEPANTLA,NXK8810,2025-04-13,0.0191690149999999,0.0191690149999999,0.0,0.0,0.0,0.0,0.0,0.0,0.0,0.0,0.0,0.0,0.0,0.0,0.0,0.0,1.0,0,0.0,0,0,,18000.0,345.04227,14795.79,2859.1677299999974,17654.95773,0.373,1,restructure-light,PIA_OPCIONES
EDOMEX - ECATEPEC,NXR1067,2025-07-13,0.1358980063888888,0.2892831163888889,0.0,0.0,0.0,0.0,0.0,0.0,0.0,0.0,0.0,0.0,0.0,0.0,0.0,0.0,1.0,0,0.0,0,0,,18000.0,5207.096095000001,7488.16,5304.743904999999,12792.903905,0.27,1,restructure-light,PIA_OPCIONES
EDOMEX - ECATEPEC,NXR9396,2025-02-03,0.1236636649999999,0.263906325,0.0,0.0,0.0,0.0,0.0,0.0,0.0,0.0,0.0,0.0,0.0,0.0,0.0,0.0,1.0,0,0.0,0,0,,18000.0,4750.31385,4454.52,8795.166150000001,13249.686150000001,0.28,1,restructure-light,PIA_OPCIONES
EDOMEX - ECATEPEC,NXU8505,2025-07-19,0.1520455111422222,0.3642226855866666,0.0,0.0,0.0,0.0,0.0,0.0,0.0,0.0,0.0,0.0,0.0,0.0,0.0,0.0,1.0,0,0.0,0,0,,18000.0,6556.00834056,9078.84,2365.15165944,11443.99165944,0.242,1,restructure-light,PIA_OPCIONES
EDOMEX - ECATEPEC,NXV2821,2025-01-15,0.007116105,0.007116105,0.0,0.0,0.0,0.0,0.0,0.0,0.0,0.0,0.0,0.0,0.0,0.0,0.0,0.0,1.0,0,0.0,0,0,,18000.0,128.08989,12312.14,5559.770110000001,17871.91011,0.377,1,restructure-light,PIA_OPCIONES
EDOMEX - TLANEPANTLA,NXW6665,2025-05-04,0.5910124805433333,0.9712193704766668,0.0,0.0,0.0,0.0,0.0,0.0,0.0,0.0,0.0,0.0,0.0,0.0,0.0,0.0,1.0,0,0.0,0,0,,18000.0,17481.94866858,398.41,119.64133141999974,518.0513314199998,0.011,1,advisor-review,PIA_OPCIONES
EDOMEX - TLANEPANTLA,NXY1429,2025-07-28,0.1688243916666666,0.369522623,0.0,0.0,0.0,0.0,0.0,0.0,0.0,0.0,0.0,0.0,0.0,0.0,0.0,0.0,1.0,0,0.0,0,0,,18000.0,6651.407214,6320.05,5028.542786000001,11348.592786000001,0.24,1,restructure-light,PIA_OPCIONES
EDOMEX - ECATEPEC,NXY5000,2024-09-12,0.0633794388888888,0.0633794388888888,0.0,0.0,0.0,0.0,0.0,0.0,0.0,0.0,0.0,0.0,0.0,0.0,0.0,0.0,1.0,0,0.0,0,0,,18000.0,1140.8299,11510.8,5348.3701,16859.1701,0.356,1,restructure-light,PIA_OPCIONES
EDOMEX - TLANEPANTLA,NXZ2150,2025-06-17,0.1605675407777778,0.3445387705555555,0.0,0.0,0.0,0.0,0.0,0.0,0.0,0.0,0.0,0.0,0.0,0.0,0.0,0.0,1.0,0,0.0,0,0,,18000.0,6201.69787,9600.72,2197.5821300000007,11798.30213,0.249,1,restructure-light,PIA_OPCIONES
EDOMEX - TLANEPANTLA,NYB2200,2025-07-30,0.1577597676666667,0.3273008286666666,0.0,0.0,0.0,0.0,0.0,0.0,0.0,0.0,0.0,0.0,0.0,0.0,0.0,0.0,1.0,0,0.0,0,0,,18000.0,5891.414916,8217.36,3891.2250839999997,12108.585084,0.256,1,restructure-light,PIA_OPCIONES
EDOMEX - TLANEPANTLA,NYD3632,2025-07-12,0.1232958302777777,0.2460612852777777,0.0,0.0,0.0,0.0,0.0,0.0,0.0,0.0,0.0,0.0,0.0,0.0,0.0,0.0,1.0,0,0.0,0,0,,18000.0,4429.103134999999,6902.21,6668.686865000001,13570.896865,0.286,1,restructure-light,PIA_OPCIONES
EDOMEX - TLANEPANTLA,NYE3957,2025-07-18,0.1218062316666666,0.2492122233333333,0.0,0.0,0.0,0.0,0.0,0.0,0.0,0.0,0.0,0.0,0.0,0.0,0.0,0.0,1.0,0,0.0,0,0,,18000.0,4485.82002,9426.38,4087.7999800000016,13514.17998,0.285,1,restructure-light,PIA_OPCIONES
EDOMEX - TLANEPANTLA,NYF7608,2025-04-22,0.1778252733333333,0.2493282922222222,0.0,0.0,0.0,0.0,0.0,0.0,0.0,0.0,0.0,0.0,0.0,0.0,0.0,0.0,1.0,0,0.0,0,0,,18000.0,4487.90926,9500.52,4011.570739999999,13512.09074,0.285,1,restructure-light,PIA_OPCIONES
EDOMEX - ECATEPEC,NYF7657,2025-04-04,0.1330696277777777,0.1330696277777777,0.0,0.0,0.0,0.0,0.0,0.0,0.0,0.0,0.0,0.0,0.0,0.0,0.0,0.0,1.0,0,0.0,0,0,,18000.0,2395.2533,13675.25,1929.4966999999997,15604.7467,0.329,1,restructure-light,PIA_OPCIONES
EDOMEX - ECATEPEC,NYF8000,2025-07-31,0.1212168632777777,0.1212168632777777,0.0,0.0,0.0,0.0,0.0,0.0,0.0,0.0,0.0,0.0,0.0,0.0,0.0,0.0,1.0,0,0.0,0,0,,18000.0,2181.903539,8265.71,7552.386461000002,15818.096461000001,0.334,1,restructure-light,PIA_OPCIONES
EDOMEX - TLANEPANTLA,NYJ2223,2025-07-27,0.1655298948333333,0.345063725,0.0,0.0,0.0,0.0,0.0,0.0,0.0,0.0,0.0,0.0,0.0,0.0,0.0,0.0,1.0,0,0.0,0,0,,18000.0,6211.1470500000005,6543.39,5245.46295,11788.85295,0.249,1,restructure-light,PIA_OPCIONES
EDOMEX - ECATEPEC,NYJY115A,2025-06-06,0.1334674123333333,0.2905715567777777,0.0,0.0,0.0,0.0,0.0,0.0,0.0,0.0,0.0,0.0,0.0,0.0,0.0,0.0,1.0,0,0.0,0,0,,18000.0,5230.288022,10053.26,2716.451977999999,12769.711978,0.27,1,restructure-light,PIA_OPCIONES
EDOMEX - ECATEPEC,NYM3174,2025-07-25,0.1208096045,0.2951451928333333,0.0,0.0,0.0,0.0,0.0,0.0,0.0,0.0,0.0,0.0,0.0,0.0,0.0,0.0,1.0,0,0.0,0,0,,18000.0,5312.613471,7656.3,5031.086528999999,12687.386529,0.268,1,restructure-light,PIA_OPCIONES
EDOMEX - ECATEPEC,NYM4040,2024-10-14,0.0044517066666666,0.0044517066666666,0.0,0.0,0.0,0.0,0.0,0.0,0.0,0.0,0.0,0.0,0.0,0.0,0.0,0.0,1.0,0,0.0,0,0,,18000.0,80.13072,13295.54,4624.329279999998,17919.86928,0.378,1,restructure-light,PIA_OPCIONES
EDOMEX - ECATEPEC,NYM9892,2024-12-01,0.0040442049999999,0.0040442049999999,0.0,0.0,0.0,0.0,0.0,0.0,0.0,0.0,0.0,0.0,0.0,0.0,0.0,0.0,1.0,0,0.0,0,0,,18000.0,72.79569,10322.94,7604.2643100000005,17927.20431,0.378,1,restructure-light,PIA_OPCIONES
EDOMEX - TLANEPANTLA,NYP4901,2024-10-20,0.03909102,0.03909102,0.0,0.0,0.0,0.0,0.0,0.0,0.0,0.0,0.0,0.0,0.0,0.0,0.0,0.0,1.0,0,0.0,0,0,,18000.0,703.63836,7425.28,9871.08164,17296.36164,0.365,1,restructure-light,PIA_OPCIONES
EDOMEX - ECATEPEC,NYR2020,2025-06-05,0.0446553818333333,0.0446553818333333,0.0,0.0,0.0,0.0,0.0,0.0,0.0,0.0,0.0,0.0,0.0,0.0,0.0,0.0,1.0,0,0.0,0,0,,18000.0,803.796873,12847.67,4348.533127000001,17196.203127,0.363,1,restructure-light,PIA_OPCIONES
EDOMEX - ECATEPEC,NYT3731,2025-07-02,0.0686724289444444,0.0686724289444444,0.0,0.0,0.0,0.0,0.0,0.0,0.0,0.0,0.0,0.0,0.0,0.0,0.0,0.0,1.0,0,0.0,0,0,,18000.0,1236.103721,6348.37,10415.526279000002,16763.896279,0.354,1,restructure-light,PIA_OPCIONES
EDOMEX - ECATEPEC,NYU1735,2025-07-16,0.1053669495,0.2446821022777777,0.0,0.0,0.0,0.0,0.0,0.0,0.0,0.0,0.0,0.0,0.0,0.0,0.0,0.0,1.0,0,0.0,0,0,,18000.0,4404.277841,5698.65,7897.072159000001,13595.722159,0.287,1,restructure-light,PIA_OPCIONES
EDOMEX - TLANEPANTLA,NYU750B,2025-07-27,0.1611560515555555,0.2878720936666666,0.0,0.0,0.0,0.0,0.0,0.0,0.0,0.0,0.0,0.0,0.0,0.0,0.0,0.0,1.0,0,0.0,0,0,,18000.0,5181.6976859999995,8666.39,4151.912314000001,12818.302314,0.271,1,restructure-light,PIA_OPCIONES
EDOMEX - ECATEPEC,NYW4034,2025-05-30,0.0080328217777777,0.0080328217777777,0.0,0.0,0.0,0.0,0.0,0.0,0.0,0.0,0.0,0.0,0.0,0.0,0.0,0.0,1.0,0,0.0,0,0,,18000.0,144.590792,13362.31,4493.099208000001,17855.409208,0.377,1,restructure-light,PIA_OPCIONES
EDOMEX - ECATEPEC,NYX6756,2025-07-31,0.1210525797222222,0.2792914750555555,0.0,0.0,0.0,0.0,0.0,0.0,0.0,0.0,0.0,0.0,0.0,0.0,0.0,0.0,1.0,0,0.0,0,0,,18000.0,5027.246551,10855.77,2116.9834489999994,12972.753449,0.274,1,restructure-light,PIA_OPCIONES
EDOMEX - ECATEPEC,NYX9511,2025-07-30,0.1334490206666666,0.3504231391111111,0.0,0.0,0.0,0.0,0.0,0.0,0.0,0.0,0.0,0.0,0.0,0.0,0.0,0.0,1.0,0,0.0,0,0,,18000.0,6307.616504,5420.03,6272.353496000001,11692.383496,0.247,1,restructure-light,PIA_OPCIONES
EDOMEX - TLANEPANTLA,NYZ2678,2024-12-11,0.009340105,0.009340105,0.0,0.0,0.0,0.0,0.0,0.0,0.0,0.0,0.0,0.0,0.0,0.0,0.0,0.0,1.0,0,0.0,0,0,,18000.0,168.12189,6534.22,11297.65811,17831.87811,0.376,1,restructure-light,PIA_OPCIONES
EDOMEX - ECATEPEC,NZA2706,2025-06-23,0.1017422479444444,0.1017422479444444,0.0,0.0,0.0,0.0,0.0,0.0,0.0,0.0,0.0,0.0,0.0,0.0,0.0,0.0,1.0,0,0.0,0,0,,18000.0,1831.360463,14125.38,2043.259537,16168.639537,0.341,1,restructure-light,PIA_OPCIONES
EDOMEX - ECATEPEC,NZA4429,2025-03-09,0.1679876833333333,0.3836872,0.0,0.0,0.0,0.0,0.0,0.0,0.0,0.0,0.0,0.0,0.0,0.0,0.0,0.0,1.0,0,0.0,0,0,,18000.0,6906.3696,4355.96,6737.6704,11093.6304,0.234,1,restructure-light,PIA_OPCIONES
EDOMEX - TLANEPANTLA,NZB4926,2025-05-23,0.1816664181111111,0.4067679365555556,0.0,0.0,0.0,0.0,0.0,0.0,0.0,0.0,0.0,0.0,0.0,0.0,0.0,0.0,1.0,0,0.0,0,0,,18000.0,7321.822858,4469.89,6208.287142,10678.177142,0.225,1,restructure-light,PIA_OPCIONES
EDOMEX - TLANEPANTLA,NZD3499,2025-07-08,0.1363542141666666,0.2945905075,0.0,0.0,0.0,0.0,0.0,0.0,0.0,0.0,0.0,0.0,0.0,0.0,0.0,0.0,1.0,0,0.0,0,0,,18000.0,5302.629135,6028.68,6668.6908650000005,12697.370865,0.268,1,restructure-light,PIA_OPCIONES
EDOMEX - TLANEPANTLA,NZD4088,2024-10-14,0.1602697799999999,0.279731375,0.0,0.0,0.0,0.0,0.0,0.0,0.0,0.0,0.0,0.0,0.0,0.0,0.0,0.0,1.0,0,0.0,0,0,,18000.0,5035.16475,8007.53,4957.30525,12964.83525,0.274,1,restructure-light,PIA_OPCIONES
EDOMEX - ECATEPEC,NZE5695,2025-01-21,0.1296156905555555,0.1296156905555555,0.0,0.0,0.0,0.0,0.0,0.0,0.0,0.0,0.0,0.0,0.0,0.0,0.0,0.0,1.0,0,0.0,0,0,,18000.0,2333.08243,12998.77,2668.147569999999,15666.91757,0.331,1,restructure-light,PIA_OPCIONES
EDOMEX - TLANEPANTLA,NZE6296,2024-09-30,0.1408130122222222,0.3222663733333333,0.0,0.0,0.0,0.0,0.0,0.0,0.0,0.0,0.0,0.0,0.0,0.0,0.0,0.0,1.0,0,0.0,0,0,,18000.0,5800.79472,9226.6,2972.6052799999998,12199.20528,0.258,1,restructure-light,PIA_OPCIONES
EDOMEX - ECATEPEC,NZG4949,2024-10-02,0.1027175266666666,0.1027175266666666,0.0,0.0,0.0,0.0,0.0,0.0,0.0,0.0,0.0,0.0,0.0,0.0,0.0,0.0,1.0,0,0.0,0,0,,18000.0,1848.91548,11707.83,4443.25452,16151.08452,0.341,1,restructure-light,PIA_OPCIONES
EDOMEX - TLANEPANTLA,NZG6214,2023-11-02,0.0918519333333333,0.0918519333333333,0.0,0.0,0.0,0.0,0.0,0.0,0.0,0.0,0.0,0.0,0.0,0.0,0.0,0.0,1.0,0,0.0,0,0,,18000.0,1653.3348,6622.17,9724.4952,16346.6652,0.345,1,restructure-light,PIA_OPCIONES
EDOMEX - TLANEPANTLA,NZJ2346,2024-09-14,0.0641804005555555,0.0641804005555555,0.0,0.0,0.0,0.0,0.0,0.0,0.0,0.0,0.0,0.0,0.0,0.0,0.0,0.0,1.0,0,0.0,0,0,,18000.0,1155.24721,8668.47,8176.282789999999,16844.75279,0.356,1,restructure-light,PIA_OPCIONES
EDOMEX - ECATEPEC,NZJ2375,2025-07-24,0.1495133246666666,0.3127208835555555,0.0,0.0,0.0,0.0,0.0,0.0,0.0,0.0,0.0,0.0,0.0,0.0,0.0,0.0,1.0,0,0.0,0,0,,18000.0,5628.975904,7262.32,5108.704096000001,12371.024096000001,0.261,1,restructure-light,PIA_OPCIONES
EDOMEX - TLANEPANTLA,NZJ9353,2024-09-15,0.0684720544444444,0.0684720544444444,0.0,0.0,0.0,0.0,0.0,0.0,0.0,0.0,0.0,0.0,0.0,0.0,0.0,0.0,1.0,0,0.0,0,0,,18000.0,1232.49698,6513.43,10254.07302,16767.50302,0.354,1,restructure-light,PIA_OPCIONES
EDOMEX - TLANEPANTLA,NZN1683,2025-03-20,0.094043565,0.094043565,0.0,0.0,0.0,0.0,0.0,0.0,0.0,0.0,0.0,0.0,0.0,0.0,0.0,0.0,1.0,0,0.0,0,0,,18000.0,1692.78417,7567.49,8739.725830000001,16307.215830000001,0.344,1,restructure-light,PIA_OPCIONES
EDOMEX - ECATEPEC,NZN4071,2025-07-31,0.1503538234444444,0.3117383199444444,0.0,0.0,0.0,0.0,0.0,0.0,0.0,0.0,0.0,0.0,0.0,0.0,0.0,0.0,1.0,0,0.0,0,0,,18000.0,5611.289759,6008.52,6380.190241,12388.710241,0.262,1,restructure-light,PIA_OPCIONES
EDOMEX - ECATEPEC,NZN4196,2025-07-24,0.1631703358333333,0.3691559311666667,0.0,0.0,0.0,0.0,0.0,0.0,0.0,0.0,0.0,0.0,0.0,0.0,0.0,0.0,1.0,0,0.0,0,0,,18000.0,6644.806761000001,4273.71,7081.483239,11355.193239,0.24,1,restructure-light,PIA_OPCIONES
EDOMEX - TLANEPANTLA,NZN7779,2024-11-13,0.0851518855555555,0.0851518855555555,0.0,0.0,0.0,0.0,0.0,0.0,0.0,0.0,0.0,0.0,0.0,0.0,0.0,0.0,1.0,0,0.0,0,0,,18000.0,1532.73394,10376.75,6090.516060000002,16467.26606,0.348,1,restructure-light,PIA_OPCIONES
EDOMEX - TLANEPANTLA,NZN9885,2025-07-20,0.1562028687222222,0.3363740220555555,0.0,0.0,0.0,0.0,0.0,0.0,0.0,0.0,0.0,0.0,0.0,0.0,0.0,0.0,1.0,0,0.0,0,0,,18000.0,6054.732397,8636.63,3308.637603000001,11945.267603,0.252,1,restructure-light,PIA_OPCIONES
EDOMEX - TLANEPANTLA,NZP212B,2025-06-28,0.0055375441111111,0.0055375441111111,0.0,0.0,0.0,0.0,0.0,0.0,0.0,0.0,0.0,0.0,0.0,0.0,0.0,0.0,1.0,0,0.0,0,0,,18000.0,99.675794,6121.18,11779.144206,17900.324206,0.378,1,restructure-light,PIA_OPCIONES
EDOMEX - TLANEPANTLA,NZS2931,2025-03-12,0.0106882327777777,0.0106882327777777,0.0,0.0,0.0,0.0,0.0,0.0,0.0,0.0,0.0,0.0,0.0,0.0,0.0,0.0,1.0,0,0.0,0,0,,18000.0,192.38819,10482.88,7324.731809999999,17807.61181,0.376,1,restructure-light,PIA_OPCIONES
EDOMEX - ECATEPEC,NZS8009,2025-02-16,0.0596296972222222,0.0596296972222222,0.0,0.0,0.0,0.0,0.0,0.0,0.0,0.0,0.0,0.0,0.0,0.0,0.0,0.0,1.0,0,0.0,0,0,,18000.0,1073.33455,13022.14,3904.525450000001,16926.66545,0.357,1,restructure-light,PIA_OPCIONES
EDOMEX - TLANEPANTLA,NZT1108,2025-07-28,0.0335300155555555,0.0335300155555555,0.0,0.0,0.0,0.0,0.0,0.0,0.0,0.0,0.0,0.0,0.0,0.0,0.0,0.0,1.0,0,0.0,0,0,,18000.0,603.5402799999999,13026.37,4370.089719999998,17396.45972,0.367,1,restructure-light,PIA_OPCIONES
EDOMEX - TLANEPANTLA,NZT1226,2025-04-06,0.1489673911111111,0.3496256805555555,0.0,0.0,0.0,0.0,0.0,0.0,0.0,0.0,0.0,0.0,0.0,0.0,0.0,0.0,1.0,0,0.0,0,0,,18000.0,6293.26225,9237.13,2469.607750000001,11706.73775,0.247,1,restructure-light,PIA_OPCIONES
EDOMEX - ECATEPEC,NZT3779,2025-07-26,0.1401713731666666,0.3316097728333333,0.0,0.0,0.0,0.0,0.0,0.0,0.0,0.0,0.0,0.0,0.0,0.0,0.0,0.0,1.0,0,0.0,0,0,,18000.0,5968.975911,6844.98,5186.044088999999,12031.024088999999,0.254,1,restructure-light,PIA_OPCIONES
EDOMEX - ECATEPEC,NZT5678,2025-07-29,0.0614077304999999,0.1596647493888889,0.0,0.0,0.0,0.0,0.0,0.0,0.0,0.0,0.0,0.0,0.0,0.0,0.0,0.0,1.0,0,0.0,0,0,,18000.0,2873.965489,11984.88,3141.1545110000006,15126.034511,0.319,1,restructure-light,PIA_OPCIONES
EDOMEX - ECATEPEC,NZT6199,2025-07-30,0.1348440801111111,0.2676277467777777,0.0,0.0,0.0,0.0,0.0,0.0,0.0,0.0,0.0,0.0,0.0,0.0,0.0,0.0,1.0,0,0.0,0,0,,18000.0,4817.2994419999995,5859.08,7323.6205580000005,13182.700558,0.278,1,restructure-light,PIA_OPCIONES
EDOMEX - ECATEPEC,NZU3316,2025-07-18,0.1305785915555555,0.2711733849444445,0.0,0.0,0.0,0.0,0.0,0.0,0.0,0.0,0.0,0.0,0.0,0.0,0.0,0.0,1.0,0,0.0,0,0,,18000.0,4881.120929000001,6775.72,6343.159070999999,13118.879071,0.277,1,restructure-light,PIA_OPCIONES
EDOMEX - ECATEPEC,NZU5285,2025-02-21,0.1130959211111111,0.24284546,0.0,0.0,0.0,0.0,0.0,0.0,0.0,0.0,0.0,0.0,0.0,0.0,0.0,0.0,1.0,0,0.0,0,0,,18000.0,4371.21828,5530.74,8098.041719999999,13628.781719999999,0.288,1,restructure-light,PIA_OPCIONES
EDOMEX - ECATEPEC,NZV2611,2025-04-04,0.0055646333333333,0.0055646333333333,0.0,0.0,0.0,0.0,0.0,0.0,0.0,0.0,0.0,0.0,0.0,0.0,0.0,0.0,1.0,0,0.0,0,0,,18000.0,100.1634,10390.69,7509.146599999998,17899.8366,0.378,1,restructure-light,PIA_OPCIONES
EDOMEX - ECATEPEC,NZV8496,2025-06-02,0.0879030792777777,0.1159097320555555,0.0,0.0,0.0,0.0,0.0,0.0,0.0,0.0,0.0,0.0,0.0,0.0,0.0,0.0,1.0,0,0.0,0,0,,18000.0,2086.375177,8517.55,7396.074823000001,15913.624823,0.336,1,restructure-light,PIA_OPCIONES
EDOMEX - TLANEPANTLA,NZW4553,2024-02-11,0.0607804733333333,0.0607804733333333,0.0,0.0,0.0,0.0,0.0,0.0,0.0,0.0,0.0,0.0,0.0,0.0,0.0,0.0,1.0,0,0.0,0,0,,18000.0,1094.04852,7515.65,9390.30148,16905.95148,0.357,1,restructure-light,PIA_OPCIONES
EDOMEX - TLANEPANTLA,NZW4847,2025-01-18,0.1067100616666666,0.1067100616666666,0.0,0.0,0.0,0.0,0.0,0.0,0.0,0.0,0.0,0.0,0.0,0.0,0.0,0.0,1.0,0,0.0,0,0,,18000.0,1920.78111,12076.59,4002.62889,16079.21889,0.339,1,restructure-light,PIA_OPCIONES
EDOMEX - ECATEPEC,NZY4328,2025-07-28,0.1382583322777777,0.1607950972777777,0.0,0.0,0.0,0.0,0.0,0.0,0.0,0.0,0.0,0.0,0.0,0.0,0.0,0.0,1.0,0,0.0,0,0,,18000.0,2894.3117509999997,7376.23,7729.458249000001,15105.688249,0.319,1,restructure-light,PIA_OPCIONES
EDOMEX - ECATEPEC,NZY5605,2025-07-22,0.1295755524444444,0.2715736639999999,0.0,0.0,0.0,0.0,0.0,0.0,0.0,0.0,0.0,0.0,0.0,0.0,0.0,0.0,1.0,0,0.0,0,0,,18000.0,4888.325951999999,6079.66,7032.014048000001,13111.674048,0.277,1,restructure-light,PIA_OPCIONES
EDOMEX - ECATEPEC,NZY8710,2025-07-31,0.1384934117777777,0.3497049239444444,0.0,0.0,0.0,0.0,0.0,0.0,0.0,0.0,0.0,0.0,0.0,0.0,0.0,0.0,1.0,0,0.0,0,0,,18000.0,6294.688631,4430.86,7274.451368999999,11705.311369,0.247,1,restructure-light,PIA_OPCIONES
EDOMEX - TLANEPANTLA,P000037,2025-07-14,0.0239582819444444,0.0239582819444444,0.0,0.0,0.0,0.0,0.0,0.0,0.0,0.0,0.0,0.0,0.0,0.0,0.0,0.0,1.0,0,0.0,0,0,,18000.0,431.24907499999995,9896.35,7672.400925,17568.750925,0.371,1,restructure-light,PIA_OPCIONES
EDOMEX - ECATEPEC,P000400,2024-12-22,0.0227466549999999,0.0227466549999999,0.0,0.0,0.0,0.0,0.0,0.0,0.0,0.0,0.0,0.0,0.0,0.0,0.0,0.0,1.0,0,0.0,0,0,,18000.0,409.43979,8474.76,9115.80021,17590.56021,0.371,1,restructure-light,PIA_OPCIONES
EDOMEX - TLANEPANTLA,P0320,2025-07-10,0.1681900344444444,0.3194068561111111,0.0,0.0,0.0,0.0,0.0,0.0,0.0,0.0,0.0,0.0,0.0,0.0,0.0,0.0,1.0,0,0.0,0,0,,18000.0,5749.32341,6389.51,5861.166589999999,12250.67659,0.259,1,restructure-light,PIA_OPCIONES
EDOMEX - ECATEPEC,P06ATS,2025-07-31,0.1332177019444444,0.2911539702222222,0.0,0.0,0.0,0.0,0.0,0.0,0.0,0.0,0.0,0.0,0.0,0.0,0.0,0.0,1.0,0,0.0,0,0,,18000.0,5240.771464,5634.45,7124.778535999999,12759.228535999999,0.269,1,restructure-light,PIA_OPCIONES
EDOMEX - TLANEPANTLA,P08BJB,2025-07-26,0.1476446681111111,0.2466680853333333,0.0,0.0,0.0,0.0,0.0,0.0,0.0,0.0,0.0,0.0,0.0,0.0,0.0,0.0,1.0,0,0.0,0,0,,18000.0,4440.025536,10277.01,3282.9644639999988,13559.974463999999,0.286,1,restructure-light,PIA_OPCIONES
EDOMEX - TLANEPANTLA,P08BJW,2024-02-02,0.0688566516666666,0.0688566516666666,0.0,0.0,0.0,0.0,0.0,0.0,0.0,0.0,0.0,0.0,0.0,0.0,0.0,0.0,1.0,0,0.0,0,0,,18000.0,1239.41973,14380.61,2379.970269999998,16760.58027,0.354,1,restructure-light,PIA_OPCIONES
EDOMEX - TLANEPANTLA,P33ATH,2025-05-28,0.0594734852222222,0.0594734852222222,0.0,0.0,0.0,0.0,0.0,0.0,0.0,0.0,0.0,0.0,0.0,0.0,0.0,0.0,1.0,0,0.0,0,0,,18000.0,1070.522734,10136.68,6792.797266000001,16929.477266,0.357,1,restructure-light,PIA_OPCIONES
EDOMEX - TLANEPANTLA,P43AMA,2024-12-22,0.06343908,0.06343908,0.0,0.0,0.0,0.0,0.0,0.0,0.0,0.0,0.0,0.0,0.0,0.0,0.0,0.0,1.0,0,0.0,0,0,,18000.0,1141.90344,11561.27,5296.826559999998,16858.096559999998,0.356,1,restructure-light,PIA_OPCIONES
EDOMEX - TLANEPANTLA,P801079,2024-11-07,0.0349531594444444,0.0349531594444444,0.0,0.0,0.0,0.0,0.0,0.0,0.0,0.0,0.0,0.0,0.0,0.0,0.0,0.0,1.0,0,0.0,0,0,,18000.0,629.15687,14249.36,3121.4831300000005,17370.84313,0.367,1,restructure-light,PIA_OPCIONES
EDOMEX - TLANEPANTLA,P801561,2025-01-21,0.0009534605555555,0.0009534605555555,0.0,0.0,0.0,0.0,0.0,0.0,0.0,0.0,0.0,0.0,0.0,0.0,0.0,0.0,1.0,0,0.0,0,0,,18000.0,17.16229,16171.93,1810.9077099999995,17982.83771,0.38,1,restructure-light,PIA_OPCIONES
EDOMEX - TLANEPANTLA,P802066,2025-02-08,0.0194671933333333,0.0194671933333333,0.0,0.0,0.0,0.0,0.0,0.0,0.0,0.0,0.0,0.0,0.0,0.0,0.0,0.0,1.0,0,0.0,0,0,,18000.0,350.40948,11791.87,5857.720520000001,17649.59052,0.373,1,restructure-light,PIA_OPCIONES
EDOMEX - TLANEPANTLA,P802435,2024-11-20,0.3132826394444444,0.4838976544444444,0.0,0.0,0.0,0.0,0.0,0.0,0.0,0.0,0.0,0.0,0.0,0.0,0.0,0.0,1.0,0,0.0,0,0,,18000.0,8710.15778,7746.5,1543.3422200000005,9289.84222,0.196,1,restructure-light,PIA_OPCIONES
EDOMEX - TLANEPANTLA,P802460,2025-03-26,0.0816052811111111,0.1488265722222222,0.0,0.0,0.0,0.0,0.0,0.0,0.0,0.0,0.0,0.0,0.0,0.0,0.0,0.0,1.0,0,0.0,0,0,,18000.0,2678.8783,12948.88,2372.2417000000005,15321.1217,0.323,1,restructure-light,PIA_OPCIONES
EDOMEX - ECATEPEC,P802569,2024-12-11,0.4129011577777777,0.4129011577777777,0.0,0.0,0.0,0.0,0.0,0.0,0.0,0.0,0.0,0.0,0.0,0.0,0.0,0.0,1.0,0,0.0,0,0,,18000.0,7432.22084,8188.66,2379.11916,10567.77916,0.223,1,restructure-light,PIA_OPCIONES
EDOMEX - TLANEPANTLA,P803046,2025-04-12,0.4754650816666667,0.6795502172222223,0.0,0.0,0.0,0.0,0.0,0.0,0.0,0.0,0.0,0.0,0.0,0.0,0.0,0.0,1.0,0,0.0,0,0,,18000.0,12231.90391,3325.65,2442.446089999999,5768.096089999999,0.122,1,advisor-review,PIA_OPCIONES
EDOMEX - TLANEPANTLA,P803547,2024-09-09,0.0083396105555555,0.0083396105555555,0.0,0.0,0.0,0.0,0.0,0.0,0.0,0.0,0.0,0.0,0.0,0.0,0.0,0.0,1.0,0,0.0,0,0,,18000.0,150.11299,6224.12,11625.76701,17849.88701,0.377,1,restructure-light,PIA_OPCIONES
EDOMEX - TLANEPANTLA,PAA6858,2025-07-31,0.1384732968888888,0.2974514713333333,0.0,0.0,0.0,0.0,0.0,0.0,0.0,0.0,0.0,0.0,0.0,0.0,0.0,0.0,1.0,0,0.0,0,0,,18000.0,5354.126483999999,3913.69,8732.183516,12645.873516,0.267,1,restructure-light,PIA_OPCIONES
EDOMEX - ECATEPEC,PAA8087,2025-07-30,0.5650503544444444,1.211801261111111,0.0,0.0,0.0,0.0,0.0,0.0,0.0,0.0,0.0,0.0,0.0,0.0,0.0,0.0,1.0,0,0.0,0,0,,18000.0,21812.4227,0.0,0.0,0.0,0.0,1,advisor-review,PIA_OPCIONES
EDOMEX - TLANEPANTLA,PAC6869,2025-07-31,0.2923754683333333,0.6294262581666668,0.0,0.0,0.0,0.0,0.0,0.0,0.0,0.0,0.0,0.0,0.0,0.0,0.0,0.0,1.0,0,0.0,0,0,,18000.0,11329.672647,3979.44,2690.8873530000005,6670.327353000001,0.141,1,advisor-review,PIA_OPCIONES
EDOMEX - TLANEPANTLA,PAE1032,2025-07-30,0.1480536753333333,0.3310460056666666,0.0,0.0,0.0,0.0,0.0,0.0,0.0,0.0,0.0,0.0,0.0,0.0,0.0,0.0,1.0,0,0.0,0,0,,18000.0,5958.8281019999995,6555.42,5485.751898,12041.171898,0.254,1,restructure-light,PIA_OPCIONES
EDOMEX - TLANEPANTLA,PAG663A,2025-04-20,0.0156717155555555,0.0156717155555555,0.0,0.0,0.0,0.0,0.0,0.0,0.0,0.0,0.0,0.0,0.0,0.0,0.0,0.0,1.0,0,0.0,0,0,,18000.0,282.09087999999997,11355.42,6362.48912,17717.90912,0.374,1,restructure-light,PIA_OPCIONES
EDOMEX - TLANEPANTLA,PAJ2909,2025-04-21,0.1565137688888889,0.3411597016666667,0.0,0.0,0.0,0.0,0.0,0.0,0.0,0.0,0.0,0.0,0.0,0.0,0.0,0.0,1.0,0,0.0,0,0,,18000.0,6140.87463,7486.64,4372.485369999999,11859.12537,0.25,1,restructure-light,PIA_OPCIONES
EDOMEX - TLANEPANTLA,PAJ5018,2024-06-05,0.14612375,0.1618639827777777,0.0,0.0,0.0,0.0,0.0,0.0,0.0,0.0,0.0,0.0,0.0,0.0,0.0,0.0,1.0,0,0.0,0,0,,18000.0,2913.55169,12098.85,2987.5983099999994,15086.44831,0.318,1,restructure-light,PIA_OPCIONES
EDOMEX - TLANEPANTLA,PAL6787,2025-07-21,0.1479807278888889,0.3303883623333333,0.0,0.0,0.0,0.0,0.0,0.0,0.0,0.0,0.0,0.0,0.0,0.0,0.0,0.0,1.0,0,0.0,0,0,,18000.0,5946.990522,4401.69,7651.319478,12053.009478,0.254,1,restructure-light,PIA_OPCIONES
EDOMEX - ECATEPEC,PAX7437,2024-10-25,0.1765296522222222,0.3492708166666666,0.0,0.0,0.0,0.0,0.0,0.0,0.0,0.0,0.0,0.0,0.0,0.0,0.0,0.0,1.0,0,0.0,0,0,,18000.0,6286.874699999999,5096.46,6616.6653,11713.1253,0.247,1,restructure-light,PIA_OPCIONES
EDOMEX - TLANEPANTLA,PAY4740,2025-02-07,0.09568834,0.09568834,0.0,0.0,0.0,0.0,0.0,0.0,0.0,0.0,0.0,0.0,0.0,0.0,0.0,0.0,1.0,0,0.0,0,0,,18000.0,1722.39012,12628.22,3649.3898800000006,16277.60988,0.344,1,restructure-light,PIA_OPCIONES
EDOMEX - ECATEPEC,PAY7657,2025-07-30,0.1397910012222222,0.2785498706666666,0.0,0.0,0.0,0.0,0.0,0.0,0.0,0.0,0.0,0.0,0.0,0.0,0.0,0.0,1.0,0,0.0,0,0,,18000.0,5013.897671999999,10501.89,2484.2123280000014,12986.102328,0.274,1,restructure-light,PIA_OPCIONES
EDOMEX - TLANEPANTLA,PAZ1744,2025-05-31,0.1478451016666666,0.3253429600555555,0.0,0.0,0.0,0.0,0.0,0.0,0.0,0.0,0.0,0.0,0.0,0.0,0.0,0.0,1.0,0,0.0,0,0,,18000.0,5856.173280999999,10891.73,1252.096719000001,12143.826719,0.256,1,restructure-light,PIA_OPCIONES
EDOMEX - ECATEPEC,PAZ3649,2025-04-14,0.1490315088888888,0.195243751111111,0.0,0.0,0.0,0.0,0.0,0.0,0.0,0.0,0.0,0.0,0.0,0.0,0.0,0.0,1.0,0,0.0,0,0,,18000.0,3514.38752,11932.48,2553.13248,14485.61248,0.306,1,restructure-light,PIA_OPCIONES
EDOMEX - TLANEPANTLA,PAZ7154,2025-06-21,0.1430355252777777,0.3179210047222222,0.0,0.0,0.0,0.0,0.0,0.0,0.0,0.0,0.0,0.0,0.0,0.0,0.0,0.0,1.0,0,0.0,0,0,,18000.0,5722.578085,10238.63,2038.7919149999998,12277.421914999999,0.259,1,restructure-light,PIA_OPCIONES
EDOMEX - TLANEPANTLA,PBB3001,2025-05-27,0.3180563830555555,0.3180563830555555,0.0,0.0,0.0,0.0,0.0,0.0,0.0,0.0,0.0,0.0,0.0,0.0,0.0,0.0,1.0,0,0.0,0,0,,18000.0,5725.014895,5997.67,6277.315105,12274.985105,0.259,1,restructure-light,PIA_OPCIONES
EDOMEX - ECATEPEC,PBB3219,2025-07-18,0.0205890098888888,0.0205890098888888,0.0,0.0,0.0,0.0,0.0,0.0,0.0,0.0,0.0,0.0,0.0,0.0,0.0,0.0,1.0,0,0.0,0,0,,18000.0,370.602178,9537.45,8091.947821999998,17629.397822,0.372,1,restructure-light,PIA_OPCIONES
EDOMEX - ECATEPEC,PBB5710,2025-01-30,0.0485490905555555,0.0485490905555555,0.0,0.0,0.0,0.0,0.0,0.0,0.0,0.0,0.0,0.0,0.0,0.0,0.0,0.0,1.0,0,0.0,0,0,,18000.0,873.88363,7892.59,9233.52637,17126.11637,0.362,1,restructure-light,PIA_OPCIONES
EDOMEX - TLANEPANTLA,PBC6570,2025-01-25,0.0349179372222222,0.0349179372222222,0.0,0.0,0.0,0.0,0.0,0.0,0.0,0.0,0.0,0.0,0.0,0.0,0.0,0.0,1.0,0,0.0,0,0,,18000.0,628.52287,11530.83,5840.647129999999,17371.47713,0.367,1,restructure-light,PIA_OPCIONES
EDOMEX - TLANEPANTLA,PBE4208,2024-10-21,0.0117454438888888,0.0117454438888888,0.0,0.0,0.0,0.0,0.0,0.0,0.0,0.0,0.0,0.0,0.0,0.0,0.0,0.0,1.0,0,0.0,0,0,,18000.0,211.41798999999995,15356.58,2432.0020099999983,17788.58201,0.376,1,restructure-light,PIA_OPCIONES
EDOMEX - ECATEPEC,PBE9461,2025-07-18,0.1752108688888888,0.3565443112222222,0.0,0.0,0.0,0.0,0.0,0.0,0.0,0.0,0.0,0.0,0.0,0.0,0.0,0.0,1.0,0,0.0,0,0,,18000.0,6417.797602000001,5869.68,5712.522397999999,11582.202398,0.245,1,restructure-light,PIA_OPCIONES
EDOMEX - TLANEPANTLA,PBG2889,2023-10-08,0.1055430011111111,0.1055430011111111,0.0,0.0,0.0,0.0,0.0,0.0,0.0,0.0,0.0,0.0,0.0,0.0,0.0,0.0,1.0,0,0.0,0,0,,18000.0,1899.77402,10210.78,5889.445979999999,16100.22598,0.34,1,restructure-light,PIA_OPCIONES
EDOMEX - ECATEPEC,PBG5124,2025-06-26,0.1387940320555555,0.3117507092777777,0.0,0.0,0.0,0.0,0.0,0.0,0.0,0.0,0.0,0.0,0.0,0.0,0.0,0.0,1.0,0,0.0,0,0,,18000.0,5611.512767,5918.97,6469.517233,12388.487233,0.262,1,restructure-light,PIA_OPCIONES
EDOMEX - TLANEPANTLA,PBG6023,2024-04-11,0.0072787272222222,0.0072787272222222,0.0,0.0,0.0,0.0,0.0,0.0,0.0,0.0,0.0,0.0,0.0,0.0,0.0,0.0,1.0,0,0.0,0,0,,18000.0,131.01709,7181.19,10687.79291,17868.98291,0.377,1,restructure-light,PIA_OPCIONES
EDOMEX - TLANEPANTLA,PBH008B,2025-07-23,0.1232982588333333,0.2035043749444444,0.0,0.0,0.0,0.0,0.0,0.0,0.0,0.0,0.0,0.0,0.0,0.0,0.0,0.0,1.0,0,0.0,0,0,,18000.0,3663.078749,5980.09,8356.831251,14336.921251,0.303,1,restructure-light,PIA_OPCIONES
EDOMEX - ECATEPEC,PBJ5086,2024-10-27,0.0102405266666666,0.0102405266666666,0.0,0.0,0.0,0.0,0.0,0.0,0.0,0.0,0.0,0.0,0.0,0.0,0.0,0.0,1.0,0,0.0,0,0,,18000.0,184.32948,5964.1,11851.57052,17815.67052,0.376,1,restructure-light,PIA_OPCIONES
EDOMEX - ECATEPEC,PBK804B,2025-07-31,0.1568411921666666,0.3397734421111111,0.0,0.0,0.0,0.0,0.0,0.0,0.0,0.0,0.0,0.0,0.0,0.0,0.0,0.0,1.0,0,0.0,0,0,,18000.0,6115.921958,10334.11,1549.9680420000004,11884.078042000001,0.251,1,restructure-light,PIA_OPCIONES
EDOMEX - ECATEPEC,PBN5416,2025-04-13,0.1594590422222222,0.2901951088888889,0.0,0.0,0.0,0.0,0.0,0.0,0.0,0.0,0.0,0.0,0.0,0.0,0.0,0.0,1.0,0,0.0,0,0,,18000.0,5223.51196,6921.38,5855.10804,12776.48804,0.27,1,restructure-light,PIA_OPCIONES
EDOMEX - TLANEPANTLA,PBP2691,2025-04-01,0.142863505,0.31967776,0.0,0.0,0.0,0.0,0.0,0.0,0.0,0.0,0.0,0.0,0.0,0.0,0.0,0.0,1.0,0,0.0,0,0,,18000.0,5754.199680000001,9802.43,2443.370319999998,12245.800319999998,0.259,1,restructure-light,PIA_OPCIONES
EDOMEX - ECATEPEC,PBP3281,2025-07-29,0.1163003028888888,0.1691880059444444,0.0,0.0,0.0,0.0,0.0,0.0,0.0,0.0,0.0,0.0,0.0,0.0,0.0,0.0,1.0,0,0.0,0,0,,18000.0,3045.384107,10599.8,4354.815893000001,14954.615893,0.316,1,restructure-light,PIA_OPCIONES
EDOMEX - ECATEPEC,PBP3474,2025-07-02,0.1311471983333333,0.1311471983333333,0.0,0.0,0.0,0.0,0.0,0.0,0.0,0.0,0.0,0.0,0.0,0.0,0.0,0.0,1.0,0,0.0,0,0,,18000.0,2360.64957,6492.72,9146.630430000001,15639.35043,0.33,1,restructure-light,PIA_OPCIONES
EDOMEX - TLANEPANTLA,PBP4733,2023-12-19,0.0020475011111111,0.0020475011111111,0.0,0.0,0.0,0.0,0.0,0.0,0.0,0.0,0.0,0.0,0.0,0.0,0.0,0.0,1.0,0,0.0,0,0,,18000.0,36.85502,7280.06,10683.08498,17963.14498,0.379,1,restructure-light,PIA_OPCIONES
EDOMEX - TLANEPANTLA,PBP6833,2024-10-13,0.0097541216666666,0.0097541216666666,0.0,0.0,0.0,0.0,0.0,0.0,0.0,0.0,0.0,0.0,0.0,0.0,0.0,0.0,1.0,0,0.0,0,0,,18000.0,175.57419,14031.26,3793.1658100000004,17824.42581,0.376,1,restructure-light,PIA_OPCIONES
EDOMEX - TLANEPANTLA,PBR6322,2025-07-13,0.0940409893888888,0.2139401505,0.0,0.0,0.0,0.0,0.0,0.0,0.0,0.0,0.0,0.0,0.0,0.0,0.0,0.0,1.0,0,0.0,0,0,,18000.0,3850.922709,6491.98,7657.097291,14149.077291,0.299,1,restructure-light,PIA_OPCIONES
EDOMEX - TLANEPANTLA,PBR6692,2025-07-31,0.1657421916666666,0.3038686891666666,0.0,0.0,0.0,0.0,0.0,0.0,0.0,0.0,0.0,0.0,0.0,0.0,0.0,0.0,1.0,0,0.0,0,0,,18000.0,5469.636404999999,10625.39,1904.9735950000013,12530.363595,0.265,1,restructure-light,PIA_OPCIONES
EDOMEX - TLANEPANTLA,PBS7821,2025-03-09,0.145590685,0.28703222,0.0,0.0,0.0,0.0,0.0,0.0,0.0,0.0,0.0,0.0,0.0,0.0,0.0,0.0,1.0,0,0.0,0,0,,18000.0,5166.57996,4928.46,7904.960040000001,12833.42004,0.271,1,restructure-light,PIA_OPCIONES
EDOMEX - TLANEPANTLA,PBT3215,2025-07-30,0.1459191183333333,0.2878053143333333,0.0,0.0,0.0,0.0,0.0,0.0,0.0,0.0,0.0,0.0,0.0,0.0,0.0,0.0,1.0,0,0.0,0,0,,18000.0,5180.495658,9058.58,3760.9243420000003,12819.504342,0.271,1,restructure-light,PIA_OPCIONES
EDOMEX - TLANEPANTLA,PBV1337,2025-07-27,0.1480750632222222,0.3137083045,0.0,0.0,0.0,0.0,0.0,0.0,0.0,0.0,0.0,0.0,0.0,0.0,0.0,0.0,1.0,0,0.0,0,0,,18000.0,5646.749481,9742.82,2610.4305190000014,12353.250519000001,0.261,1,restructure-light,PIA_OPCIONES
EDOMEX - TLANEPANTLA,PBV4760,2023-12-04,0.0185753888888888,0.0185753888888888,0.0,0.0,0.0,0.0,0.0,0.0,0.0,0.0,0.0,0.0,0.0,0.0,0.0,0.0,1.0,0,0.0,0,0,,18000.0,334.35699999999997,7793.27,9872.373,17665.643,0.373,1,restructure-light,PIA_OPCIONES
EDOMEX - TLANEPANTLA,PBW4091,2025-07-30,0.1829586443333333,0.3671303949444444,0.0,0.0,0.0,0.0,0.0,0.0,0.0,0.0,0.0,0.0,0.0,0.0,0.0,0.0,1.0,0,0.0,0,0,,18000.0,6608.347108999999,5305.37,6086.282891000002,11391.652891000002,0.24,1,restructure-light,PIA_OPCIONES
EDOMEX - TLANEPANTLA,PBW6191,2024-12-22,0.0894423044444444,0.0894423044444444,0.0,0.0,0.0,0.0,0.0,0.0,0.0,0.0,0.0,0.0,0.0,0.0,0.0,0.0,1.0,0,0.0,0,0,,18000.0,1609.96148,14402.11,1987.9285200000013,16390.038520000002,0.346,1,restructure-light,PIA_OPCIONES
EDOMEX - TLANEPANTLA,PBW6513,2025-07-29,0.2044447689999999,0.381628463,0.0,0.0,0.0,0.0,0.0,0.0,0.0,0.0,0.0,0.0,0.0,0.0,0.0,0.0,1.0,0,0.0,0,0,,18000.0,6869.312334,5106.3,6024.387666,11130.687666,0.235,1,restructure-light,PIA_OPCIONES
EDOMEX - ECATEPEC,PBY6165,2025-02-01,0.1303832866666666,0.1303832866666666,0.0,0.0,0.0,0.0,0.0,0.0,0.0,0.0,0.0,0.0,0.0,0.0,0.0,0.0,1.0,0,0.0,0,0,,18000.0,2346.89916,8734.03,6919.0708399999985,15653.10084,0.33,1,restructure-light,PIA_OPCIONES
EDOMEX - TLANEPANTLA,PBZ4454,2024-09-30,0.0330670833333333,0.0330670833333333,0.0,0.0,0.0,0.0,0.0,0.0,0.0,0.0,0.0,0.0,0.0,0.0,0.0,0.0,1.0,0,0.0,0,0,,18000.0,595.2075,9738.14,7666.6525,17404.7925,0.367,1,restructure-light,PIA_OPCIONES
EDOMEX - TLANEPANTLA,PBZ4742,2024-10-26,0.0074188438888888,0.0074188438888888,0.0,0.0,0.0,0.0,0.0,0.0,0.0,0.0,0.0,0.0,0.0,0.0,0.0,0.0,1.0,0,0.0,0,0,,18000.0,133.53919,8072.44,9794.020810000002,17866.46081,0.377,1,restructure-light,PIA_OPCIONES
EDOMEX - TLANEPANTLA,PCA9362,2025-07-30,0.1427580861666666,0.3205201573333333,0.0,0.0,0.0,0.0,0.0,0.0,0.0,0.0,0.0,0.0,0.0,0.0,0.0,0.0,1.0,0,0.0,0,0,,18000.0,5769.362832,9362.24,2868.3971680000013,12230.637168000001,0.258,1,restructure-light,PIA_OPCIONES
EDOMEX - ECATEPEC,PCB4784,2025-07-29,0.1434423162777777,0.3245815401666666,0.0,0.0,0.0,0.0,0.0,0.0,0.0,0.0,0.0,0.0,0.0,0.0,0.0,0.0,1.0,0,0.0,0,0,,18000.0,5842.467723,9277.53,2880.0022769999996,12157.532277,0.257,1,restructure-light,PIA_OPCIONES
EDOMEX - TLANEPANTLA,PCD3001,2025-05-29,0.1421291905555555,0.3400344194444444,0.0,0.0,0.0,0.0,0.0,0.0,0.0,0.0,0.0,0.0,0.0,0.0,0.0,0.0,1.0,0,0.0,0,0,,18000.0,6120.619549999999,6260.32,5619.060450000001,11879.38045,0.251,1,restructure-light,PIA_OPCIONES
EDOMEX - ECATEPEC,PCD9582,2025-07-28,0.1306497841666666,0.2628272403333333,0.0,0.0,0.0,0.0,0.0,0.0,0.0,0.0,0.0,0.0,0.0,0.0,0.0,0.0,1.0,0,0.0,0,0,,18000.0,4730.890326,10629.56,2639.549674,13269.109674,0.28,1,restructure-light,PIA_OPCIONES
EDOMEX - TLANEPANTLA,PCE3341,2025-06-04,0.1462456588333333,0.3442201904999999,0.0,0.0,0.0,0.0,0.0,0.0,0.0,0.0,0.0,0.0,0.0,0.0,0.0,0.0,1.0,0,0.0,0,0,,18000.0,6195.963428999999,5050.3,6753.736571,11804.036571,0.249,1,restructure-light,PIA_OPCIONES
EDOMEX - TLANEPANTLA,PCE9259,2025-07-17,0.1202242548888888,0.2784085932222222,0.0,0.0,0.0,0.0,0.0,0.0,0.0,0.0,0.0,0.0,0.0,0.0,0.0,0.0,1.0,0,0.0,0,0,,18000.0,5011.354678,3930.15,9058.495322,12988.645322,0.274,1,restructure-light,PIA_OPCIONES
EDOMEX - TLANEPANTLA,PCE9619,2025-07-30,0.1747527504066666,0.40457724992,0.0,0.0,0.0,0.0,0.0,0.0,0.0,0.0,0.0,0.0,0.0,0.0,0.0,0.0,1.0,0,0.0,0,0,,18000.0,7282.39049856,6888.21,3829.3995014399998,10717.60950144,0.226,1,restructure-light,PIA_OPCIONES
EDOMEX - TLANEPANTLA,PCG7490,2023-10-18,0.0058246994444444,0.0058246994444444,0.0,0.0,0.0,0.0,0.0,0.0,0.0,0.0,0.0,0.0,0.0,0.0,0.0,0.0,1.0,0,0.0,0,0,,18000.0,104.84459,16042.05,1853.1054100000001,17895.15541,0.378,1,restructure-light,PIA_OPCIONES
EDOMEX - TLANEPANTLA,PCJ6877,2025-04-23,0.1339661383333333,0.15268536,0.0,0.0,0.0,0.0,0.0,0.0,0.0,0.0,0.0,0.0,0.0,0.0,0.0,0.0,1.0,0,0.0,0,0,,18000.0,2748.33648,4929.13,10322.53352,15251.66352,0.322,1,restructure-light,PIA_OPCIONES
EDOMEX - ECATEPEC,PCK8847,2025-07-06,0.1577034615555555,0.3364876043333333,0.0,0.0,0.0,0.0,0.0,0.0,0.0,0.0,0.0,0.0,0.0,0.0,0.0,0.0,1.0,0,0.0,0,0,,18000.0,6056.776878,5073.47,6869.753121999999,11943.223122,0.252,1,restructure-light,PIA_OPCIONES
EDOMEX - ECATEPEC,PCM9650,2025-07-20,0.0529486871666666,0.0529486871666666,0.0,0.0,0.0,0.0,0.0,0.0,0.0,0.0,0.0,0.0,0.0,0.0,0.0,0.0,1.0,0,0.0,0,0,,18000.0,953.076369,10421.62,6625.303631000001,17046.923631,0.36,1,restructure-light,PIA_OPCIONES
EDOMEX - ECATEPEC,PCP5901,2025-06-12,0.0117294997777777,0.0117294997777777,0.0,0.0,0.0,0.0,0.0,0.0,0.0,0.0,0.0,0.0,0.0,0.0,0.0,0.0,1.0,0,0.0,0,0,,18000.0,211.130996,13981.42,3807.449004,17788.869004,0.376,1,restructure-light,PIA_OPCIONES
EDOMEX - TLANEPANTLA,PCP7656,2025-07-14,0.1333215421111111,0.2930832771111111,0.0,0.0,0.0,0.0,0.0,0.0,0.0,0.0,0.0,0.0,0.0,0.0,0.0,0.0,1.0,0,0.0,0,0,,18000.0,5275.498987999999,4497.16,8227.341012,12724.501012,0.269,1,restructure-light,PIA_OPCIONES
EDOMEX - TLANEPANTLA,PCR7008,2024-03-21,0.1112749472222222,0.1446315666666666,0.0,0.0,0.0,0.0,0.0,0.0,0.0,0.0,0.0,0.0,0.0,0.0,0.0,0.0,1.0,0,0.0,0,0,,18000.0,2603.3682,8270.16,7126.471799999999,15396.6318,0.325,1,restructure-light,PIA_OPCIONES
EDOMEX - ECATEPEC,PCT9966,2024-10-03,0.0082395272222222,0.0082395272222222,0.0,0.0,0.0,0.0,0.0,0.0,0.0,0.0,0.0,0.0,0.0,0.0,0.0,0.0,1.0,0,0.0,0,0,,18000.0,148.31149,13357.45,4494.238509999999,17851.68851,0.377,1,restructure-light,PIA_OPCIONES
EDOMEX - ECATEPEC,PCZ3897,2025-04-15,0.0831495816666666,0.0831495816666666,0.0,0.0,0.0,0.0,0.0,0.0,0.0,0.0,0.0,0.0,0.0,0.0,0.0,0.0,1.0,0,0.0,0,0,,18000.0,1496.69247,8630.01,7873.297529999998,16503.30753,0.348,1,restructure-light,PIA_OPCIONES
EDOMEX - ECATEPEC,PCZ5897,2025-07-31,0.1608707460555555,0.3892914358888888,0.0,0.0,0.0,0.0,0.0,0.0,0.0,0.0,0.0,0.0,0.0,0.0,0.0,0.0,1.0,0,0.0,0,0,,18000.0,7007.245846,4543.33,6449.424154,10992.754154,0.232,1,restructure-light,PIA_OPCIONES
EDOMEX - TLANEPANTLA,PDA8039,2025-07-20,0.0607216462777777,0.0607216462777777,0.0,0.0,0.0,0.0,0.0,0.0,0.0,0.0,0.0,0.0,0.0,0.0,0.0,0.0,1.0,0,0.0,0,0,,18000.0,1092.989633,7055.25,9851.760366999999,16907.010367,0.357,1,restructure-light,PIA_OPCIONES
EDOMEX - ECATEPEC,PDC2428,2024-12-07,0.0060485849999999,0.0060485849999999,0.0,0.0,0.0,0.0,0.0,0.0,0.0,0.0,0.0,0.0,0.0,0.0,0.0,0.0,1.0,0,0.0,0,0,,18000.0,108.87453,9769.08,8122.045469999999,17891.12547,0.378,1,restructure-light,PIA_OPCIONES
EDOMEX - TLANEPANTLA,PDD8511,2024-04-21,0.1728702072222222,0.2770494066666666,0.0,0.0,0.0,0.0,0.0,0.0,0.0,0.0,0.0,0.0,0.0,0.0,0.0,0.0,1.0,0,0.0,0,0,,18000.0,4986.88932,7647.16,5365.95068,13013.11068,0.275,1,restructure-light,PIA_OPCIONES
EDOMEX - ECATEPEC,PDD9589,2025-06-26,0.1742982750555555,0.2813276772777778,0.0,0.0,0.0,0.0,0.0,0.0,0.0,0.0,0.0,0.0,0.0,0.0,0.0,0.0,1.0,0,0.0,0,0,,18000.0,5063.898191,10569.94,2366.1618089999993,12936.101809,0.273,1,restructure-light,PIA_OPCIONES
EDOMEX - TLANEPANTLA,PDE3038,2025-04-24,0.0099215277222222,0.0099215277222222,0.0,0.0,0.0,0.0,0.0,0.0,0.0,0.0,0.0,0.0,0.0,0.0,0.0,0.0,1.0,0,0.0,0,0,,18000.0,178.58749899999998,12213.93,5607.482500999999,17821.412501,0.376,1,restructure-light,PIA_OPCIONES
EDOMEX - ECATEPEC,PDE4380,2024-10-20,0.0792166255555555,0.0792166255555555,0.0,0.0,0.0,0.0,0.0,0.0,0.0,0.0,0.0,0.0,0.0,0.0,0.0,0.0,1.0,0,0.0,0,0,,18000.0,1425.89926,11837.91,4736.190740000002,16574.10074,0.35,1,restructure-light,PIA_OPCIONES
EDOMEX - TLANEPANTLA,PDF2203,2025-07-27,0.1416467406666667,0.3156575262222222,0.0,0.0,0.0,0.0,0.0,0.0,0.0,0.0,0.0,0.0,0.0,0.0,0.0,0.0,1.0,0,0.0,0,0,,18000.0,5681.835472,10960.61,1357.5545280000006,12318.164528000001,0.26,1,restructure-light,PIA_OPCIONES
EDOMEX - TLANEPANTLA,PDH897B,2025-07-19,0.1609502318333333,0.3413398106666667,0.0,0.0,0.0,0.0,0.0,0.0,0.0,0.0,0.0,0.0,0.0,0.0,0.0,0.0,1.0,0,0.0,0,0,,18000.0,6144.116592,6486.43,5369.453407999999,11855.883408,0.25,1,restructure-light,PIA_OPCIONES
EDOMEX - TLANEPANTLA,PDK4435,2025-05-07,0.1477379530555555,0.1934259286111111,0.0,0.0,0.0,0.0,0.0,0.0,0.0,0.0,0.0,0.0,0.0,0.0,0.0,0.0,1.0,0,0.0,0,0,,18000.0,3481.666715,7869.12,6649.213285000001,14518.333285,0.306,1,restructure-light,PIA_OPCIONES
EDOMEX - TLANEPANTLA,PDK8098,2025-07-31,0.1596146068333333,0.302870048,0.0,0.0,0.0,0.0,0.0,0.0,0.0,0.0,0.0,0.0,0.0,0.0,0.0,0.0,1.0,0,0.0,0,0,,18000.0,5451.660864,10716.38,1831.9591359999995,12548.339135999999,0.265,1,restructure-light,PIA_OPCIONES
EDOMEX - ECATEPEC,PDL5824,2025-04-02,0.2035848661111111,0.4471129127777778,0.0,0.0,0.0,0.0,0.0,0.0,0.0,0.0,0.0,0.0,0.0,0.0,0.0,0.0,1.0,0,0.0,0,0,,18000.0,8048.03243,4453.76,5498.2075700000005,9951.96757,0.21,1,restructure-light,PIA_OPCIONES
EDOMEX - TLANEPANTLA,PDM6606,2025-02-23,0.14500619,0.22012596,0.0,0.0,0.0,0.0,0.0,0.0,0.0,0.0,0.0,0.0,0.0,0.0,0.0,0.0,1.0,0,0.0,0,0,,18000.0,3962.26728,10358.29,3679.442719999999,14037.73272,0.296,1,restructure-light,PIA_OPCIONES
EDOMEX - TLANEPANTLA,PDM6702,2025-07-05,0.1255170886666666,0.1569282881111111,0.0,0.0,0.0,0.0,0.0,0.0,0.0,0.0,0.0,0.0,0.0,0.0,0.0,0.0,1.0,0,0.0,0,0,,18000.0,2824.709186,11423.11,3752.1808139999994,15175.290814,0.32,1,restructure-light,PIA_OPCIONES
EDOMEX - ECATEPEC,PDN2241,2024-11-12,0.1707088677777777,0.1787222066666666,0.0,0.0,0.0,0.0,0.0,0.0,0.0,0.0,0.0,0.0,0.0,0.0,0.0,0.0,1.0,0,0.0,0,0,,18000.0,3216.99972,5302.26,9480.74028,14783.00028,0.312,1,restructure-light,PIA_OPCIONES
EDOMEX - ECATEPEC,PDN2243,2024-10-20,0.0114355216666666,0.0114355216666666,0.0,0.0,0.0,0.0,0.0,0.0,0.0,0.0,0.0,0.0,0.0,0.0,0.0,0.0,1.0,0,0.0,0,0,,18000.0,205.83939,10337.32,7456.840609999999,17794.16061,0.376,1,restructure-light,PIA_OPCIONES
EDOMEX - ECATEPEC,PDN2262,2024-12-17,0.052510725,0.052510725,0.0,0.0,0.0,0.0,0.0,0.0,0.0,0.0,0.0,0.0,0.0,0.0,0.0,0.0,1.0,0,0.0,0,0,,18000.0,945.19305,7168.77,9886.036949999998,17054.80695,0.36,1,restructure-light,PIA_OPCIONES
EDOMEX - ECATEPEC,PDP9133,2025-07-28,0.1568171748888888,0.3371843813333333,0.0,0.0,0.0,0.0,0.0,0.0,0.0,0.0,0.0,0.0,0.0,0.0,0.0,0.0,1.0,0,0.0,0,0,,18000.0,6069.318864,4906.2,7024.481135999999,11930.681136,0.252,1,restructure-light,PIA_OPCIONES
EDOMEX - ECATEPEC,PDP9740,2024-12-13,0.01726519,0.01726519,0.0,0.0,0.0,0.0,0.0,0.0,0.0,0.0,0.0,0.0,0.0,0.0,0.0,0.0,1.0,0,0.0,0,0,,18000.0,310.77342,10229.62,7459.606579999998,17689.22658,0.373,1,restructure-light,PIA_OPCIONES
EDOMEX - ECATEPEC,PDR246A,2025-05-20,0.3499041822222222,0.7090199699999999,0.0,0.0,0.0,0.0,0.0,0.0,0.0,0.0,0.0,0.0,0.0,0.0,0.0,0.0,1.0,0,0.0,0,0,,18000.0,12762.35946,2480.85,2756.7905400000004,5237.64054,0.111,1,advisor-review,PIA_OPCIONES
EDOMEX - ECATEPEC,PDR4456,2025-07-30,0.1682865906111111,0.3773218022222222,0.0,0.0,0.0,0.0,0.0,0.0,0.0,0.0,0.0,0.0,0.0,0.0,0.0,0.0,1.0,0,0.0,0,0,,18000.0,6791.79244,8715.91,2492.297559999999,11208.207559999999,0.237,1,restructure-light,PIA_OPCIONES
EDOMEX - ECATEPEC,PDR6179,2025-01-23,0.1390150033333333,0.3530574483333333,0.0,0.0,0.0,0.0,0.0,0.0,0.0,0.0,0.0,0.0,0.0,0.0,0.0,0.0,1.0,0,0.0,0,0,,18000.0,6355.03407,9834.91,1810.0559300000004,11644.96593,0.246,1,restructure-light,PIA_OPCIONES
EDOMEX - TLANEPANTLA,PDR8767,2023-11-06,0.0119323383333333,0.0119323383333333,0.0,0.0,0.0,0.0,0.0,0.0,0.0,0.0,0.0,0.0,0.0,0.0,0.0,0.0,1.0,0,0.0,0,0,,18000.0,214.78209,13901.5,3883.7179099999994,17785.21791,0.375,1,restructure-light,PIA_OPCIONES
EDOMEX - ECATEPEC,PDS9475,2025-06-11,0.1253738243333333,0.1898421698888889,0.0,0.0,0.0,0.0,0.0,0.0,0.0,0.0,0.0,0.0,0.0,0.0,0.0,0.0,1.0,0,0.0,0,0,,18000.0,3417.159058,6702.54,7880.300941999999,14582.840941999999,0.308,1,restructure-light,PIA_OPCIONES
EDOMEX - ECATEPEC,PDT552A,2025-07-22,0.0983354779999999,0.2307780752222222,0.0,0.0,0.0,0.0,0.0,0.0,0.0,0.0,0.0,0.0,0.0,0.0,0.0,0.0,1.0,0,0.0,0,0,,18000.0,4154.005354,6431.2,7414.794645999999,13845.994646,0.292,1,restructure-light,PIA_OPCIONES
EDOMEX - TLANEPANTLA,PDU4392,2025-05-22,0.1339571036111111,0.2588306975,0.0,0.0,0.0,0.0,0.0,0.0,0.0,0.0,0.0,0.0,0.0,0.0,0.0,0.0,1.0,0,0.0,0,0,,18000.0,4658.952555,6041.32,7299.727445,13341.047445,0.282,1,restructure-light,PIA_OPCIONES
EDOMEX - ECATEPEC,PDV1717,2025-05-03,0.0292632991111111,0.0292632991111111,0.0,0.0,0.0,0.0,0.0,0.0,0.0,0.0,0.0,0.0,0.0,0.0,0.0,0.0,1.0,0,0.0,0,0,,18000.0,526.739384,6657.71,10815.550616,17473.260616,0.369,1,restructure-light,PIA_OPCIONES
EDOMEX - ECATEPEC,PDV9084,2024-11-02,0.1229196811111111,0.1229196811111111,0.0,0.0,0.0,0.0,0.0,0.0,0.0,0.0,0.0,0.0,0.0,0.0,0.0,0.0,1.0,0,0.0,0,0,,18000.0,2212.55426,13676.33,2111.1157399999993,15787.44574,0.333,1,restructure-light,PIA_OPCIONES
EDOMEX - TLANEPANTLA,PDX3752,2025-07-31,0.2265127067233333,0.4692077192833334,0.0,0.0,0.0,0.0,0.0,0.0,0.0,0.0,0.0,0.0,0.0,0.0,0.0,0.0,1.0,0,0.0,0,0,,18000.0,8445.7389471,5171.04,4383.221052899999,9554.2610529,0.202,1,restructure-light,PIA_OPCIONES
EDOMEX - ECATEPEC,PDY4327,2025-06-04,0.0594390468333333,0.0594390468333333,0.0,0.0,0.0,0.0,0.0,0.0,0.0,0.0,0.0,0.0,0.0,0.0,0.0,0.0,1.0,0,0.0,0,0,,18000.0,1069.902843,7361.44,9568.657157000001,16930.097157,0.357,1,restructure-light,PIA_OPCIONES
EDOMEX - TLANEPANTLA,PDZ7437,2025-06-10,0.0206428547222222,0.0206428547222222,0.0,0.0,0.0,0.0,0.0,0.0,0.0,0.0,0.0,0.0,0.0,0.0,0.0,0.0,1.0,0,0.0,0,0,,18000.0,371.571385,14243.82,3384.608615000001,17628.428615,0.372,1,restructure-light,PIA_OPCIONES
EDOMEX - TLANEPANTLA,PEB7197,2024-04-24,0.0875829744444444,0.0875829744444444,0.0,0.0,0.0,0.0,0.0,0.0,0.0,0.0,0.0,0.0,0.0,0.0,0.0,0.0,1.0,0,0.0,0,0,,18000.0,1576.49354,8860.76,7562.74646,16423.50646,0.347,1,restructure-light,PIA_OPCIONES
EDOMEX - TLANEPANTLA,PEC1932,2025-02-01,0.131677101111111,0.203795145,0.0,0.0,0.0,0.0,0.0,0.0,0.0,0.0,0.0,0.0,0.0,0.0,0.0,0.0,1.0,0,0.0,0,0,,18000.0,3668.31261,4601.48,9730.20739,14331.68739,0.303,1,restructure-light,PIA_OPCIONES
EDOMEX - TLANEPANTLA,PEC8365,2024-07-07,0.0087866494444444,0.0087866494444444,0.0,0.0,0.0,0.0,0.0,0.0,0.0,0.0,0.0,0.0,0.0,0.0,0.0,0.0,1.0,0,0.0,0,0,,18000.0,158.15969,7086.15,10755.69031,17841.84031,0.377,1,restructure-light,PIA_OPCIONES
EDOMEX - TLANEPANTLA,PEC9204,2025-07-31,0.1215439356111111,0.2461230651111111,0.0,0.0,0.0,0.0,0.0,0.0,0.0,0.0,0.0,0.0,0.0,0.0,0.0,0.0,1.0,0,0.0,0,0,,18000.0,4430.215172,9275.63,4294.154828000001,13569.784828,0.286,1,restructure-light,PIA_OPCIONES
EDOMEX - TLANEPANTLA,PED4226,2025-07-13,0.1592002568333333,0.3346648222222222,0.0,0.0,0.0,0.0,0.0,0.0,0.0,0.0,0.0,0.0,0.0,0.0,0.0,0.0,1.0,0,0.0,0,0,,18000.0,6023.9668,9218.47,2757.5632000000005,11976.0332,0.253,1,restructure-light,PIA_OPCIONES
EDOMEX - ECATEPEC,PED7381,2025-07-26,0.1280660216666666,0.1280660216666666,0.0,0.0,0.0,0.0,0.0,0.0,0.0,0.0,0.0,0.0,0.0,0.0,0.0,0.0,1.0,0,0.0,0,0,,18000.0,2305.18839,6694.79,9000.02161,15694.81161,0.331,1,restructure-light,PIA_OPCIONES
EDOMEX - ECATEPEC,PEE3676,2025-07-28,0.1397653074444444,0.1655154618888889,0.0,0.0,0.0,0.0,0.0,0.0,0.0,0.0,0.0,0.0,0.0,0.0,0.0,0.0,1.0,0,0.0,0,0,,18000.0,2979.278314,12774.18,2246.5416860000005,15020.721686,0.317,1,restructure-light,PIA_OPCIONES
EDOMEX - ECATEPEC,PEF2218,2025-07-29,0.1450410553333333,0.3493701292222222,0.0,0.0,0.0,0.0,0.0,0.0,0.0,0.0,0.0,0.0,0.0,0.0,0.0,0.0,1.0,0,0.0,0,0,,18000.0,6288.662326000001,9493.19,2218.147673999998,11711.337673999999,0.247,1,restructure-light,PIA_OPCIONES
EDOMEX - TLANEPANTLA,PEF5712,2025-07-08,0.0258475216666666,0.0258475216666666,0.0,0.0,0.0,0.0,0.0,0.0,0.0,0.0,0.0,0.0,0.0,0.0,0.0,0.0,1.0,0,0.0,0,0,,18000.0,465.25539,14186.11,3348.634610000001,17534.74461,0.37,1,restructure-light,PIA_OPCIONES
EDOMEX - TLANEPANTLA,PEF6461,2025-07-26,0.0848596875,0.2061412091666666,0.0,0.0,0.0,0.0,0.0,0.0,0.0,0.0,0.0,0.0,0.0,0.0,0.0,0.0,1.0,0,0.0,0,0,,18000.0,3710.541765,6238.73,8050.7282350000005,14289.458235,0.302,1,restructure-light,PIA_OPCIONES
EDOMEX - ECATEPEC,PEF6959,2024-11-03,0.14145378,0.14145378,0.0,0.0,0.0,0.0,0.0,0.0,0.0,0.0,0.0,0.0,0.0,0.0,0.0,0.0,1.0,0,0.0,0,0,,18000.0,2546.16804,5104.73,10349.10196,15453.83196,0.326,1,restructure-light,PIA_OPCIONES
EDOMEX - ECATEPEC,PEH5762,2025-07-30,0.1525768362222222,0.3451572327777778,0.0,0.0,0.0,0.0,0.0,0.0,0.0,0.0,0.0,0.0,0.0,0.0,0.0,0.0,1.0,0,0.0,0,0,,18000.0,6212.830190000001,9670.83,2116.3398099999995,11787.16981,0.249,1,restructure-light,PIA_OPCIONES
EDOMEX - ECATEPEC,PEH9697,2025-07-30,0.1106419915555555,0.2665458699444444,0.0,0.0,0.0,0.0,0.0,0.0,0.0,0.0,0.0,0.0,0.0,0.0,0.0,0.0,1.0,0,0.0,0,0,,18000.0,4797.825659,6382.99,6819.184341,13202.174341,0.279,1,restructure-light,PIA_OPCIONES
EDOMEX - TLANEPANTLA,PEK1713,2025-07-31,0.1830750523333333,0.3816603421666667,0.0,0.0,0.0,0.0,0.0,0.0,0.0,0.0,0.0,0.0,0.0,0.0,0.0,0.0,1.0,0,0.0,0,0,,18000.0,6869.886159000001,7472.2,3657.9138409999987,11130.113840999999,0.235,1,restructure-light,PIA_OPCIONES
EDOMEX - TLANEPANTLA,PEK2124,2025-07-29,0.1187817023333333,0.1808826767222222,0.0,0.0,0.0,0.0,0.0,0.0,0.0,0.0,0.0,0.0,0.0,0.0,0.0,0.0,1.0,0,0.0,0,0,,18000.0,3255.888181,11146.26,3597.8518189999995,14744.111819,0.311,1,restructure-light,PIA_OPCIONES
EDOMEX - TLANEPANTLA,PEK2696,2025-05-09,0.1655423479444444,0.3450723973888889,0.0,0.0,0.0,0.0,0.0,0.0,0.0,0.0,0.0,0.0,0.0,0.0,0.0,0.0,1.0,0,0.0,0,0,,18000.0,6211.303153,4444.06,7344.636846999999,11788.696847,0.249,1,restructure-light,PIA_OPCIONES
EDOMEX - ECATEPEC,PEL2135,2025-07-31,0.1494147905555555,0.3012583312777778,0.0,0.0,0.0,0.0,0.0,0.0,0.0,0.0,0.0,0.0,0.0,0.0,0.0,0.0,1.0,0,0.0,0,0,,18000.0,5422.649963,9665.73,2911.6200370000006,12577.350037,0.266,1,restructure-light,PIA_OPCIONES
EDOMEX - ECATEPEC,PEL3520,2025-05-26,0.1187907929999999,0.2512743963333333,0.0,0.0,0.0,0.0,0.0,0.0,0.0,0.0,0.0,0.0,0.0,0.0,0.0,0.0,1.0,0,0.0,0,0,,18000.0,4522.939134,11632.14,1844.9208660000004,13477.060866,0.285,1,restructure-light,PIA_OPCIONES
EDOMEX - TLANEPANTLA,PEL8558,2025-01-27,0.0679977783333333,0.0679977783333333,0.0,0.0,0.0,0.0,0.0,0.0,0.0,0.0,0.0,0.0,0.0,0.0,0.0,0.0,1.0,0,0.0,0,0,,18000.0,1223.96001,12364.36,4411.6799900000005,16776.03999,0.354,1,restructure-light,PIA_OPCIONES
EDOMEX - TLANEPANTLA,PEM2390,2025-07-29,0.1383766083333333,0.2987176305555555,0.0,0.0,0.0,0.0,0.0,0.0,0.0,0.0,0.0,0.0,0.0,0.0,0.0,0.0,1.0,0,0.0,0,0,,18000.0,5376.91735,7128.68,5494.40265,12623.08265,0.266,1,restructure-light,PIA_OPCIONES
EDOMEX - TLANEPANTLA,PEM4219,2025-07-31,0.1590531549444444,0.3483910764444444,0.0,0.0,0.0,0.0,0.0,0.0,0.0,0.0,0.0,0.0,0.0,0.0,0.0,0.0,1.0,0,0.0,0,0,,18000.0,6271.039376,9688.2,2040.7606239999986,11728.960624,0.248,1,restructure-light,PIA_OPCIONES
EDOMEX - ECATEPEC,PEM8837,2025-07-27,0.1529429572222222,0.3175799452777778,0.0,0.0,0.0,0.0,0.0,0.0,0.0,0.0,0.0,0.0,0.0,0.0,0.0,0.0,1.0,0,0.0,0,0,,18000.0,5716.439015,7572.5,4711.060985,12283.560985,0.259,1,restructure-light,PIA_OPCIONES
EDOMEX - TLANEPANTLA,PEN9459,2025-03-23,0.120674935,0.2748109233333333,0.0,0.0,0.0,0.0,0.0,0.0,0.0,0.0,0.0,0.0,0.0,0.0,0.0,0.0,1.0,0,0.0,0,0,,18000.0,4946.596619999999,9749.1,3304.3033799999994,13053.40338,0.276,1,restructure-light,PIA_OPCIONES
EDOMEX - TLANEPANTLA,PEP7595,2025-01-12,0.1405182794444444,0.1405182794444444,0.0,0.0,0.0,0.0,0.0,0.0,0.0,0.0,0.0,0.0,0.0,0.0,0.0,0.0,1.0,0,0.0,0,0,,18000.0,2529.32903,12257.47,3213.20097,15470.67097,0.327,1,restructure-light,PIA_OPCIONES
EDOMEX - TLANEPANTLA,PEP9965,2023-11-02,0.2012632544444444,0.4312041627777777,0.0,0.0,0.0,0.0,0.0,0.0,0.0,0.0,0.0,0.0,0.0,0.0,0.0,0.0,1.0,0,0.0,0,0,,18000.0,7761.674929999999,7674.77,2563.5550700000003,10238.32507,0.216,1,restructure-light,PIA_OPCIONES
EDOMEX - TLANEPANTLA,PES7501,2024-12-13,0.0726866083333333,0.0726866083333333,0.0,0.0,0.0,0.0,0.0,0.0,0.0,0.0,0.0,0.0,0.0,0.0,0.0,0.0,1.0,0,0.0,0,0,,18000.0,1308.35895,7890.35,8801.291049999998,16691.64105,0.352,1,restructure-light,PIA_OPCIONES
EDOMEX - TLANEPANTLA,PEU5630,2025-07-29,0.1295798521111111,0.2495270608888888,0.0,0.0,0.0,0.0,0.0,0.0,0.0,0.0,0.0,0.0,0.0,0.0,0.0,0.0,1.0,0,0.0,0,0,,18000.0,4491.487096,5007.69,8500.822904,13508.512904,0.285,1,restructure-light,PIA_OPCIONES
EDOMEX - ECATEPEC,PEZ7226,2025-01-24,0.0849558616666666,0.2024989833333333,0.0,0.0,0.0,0.0,0.0,0.0,0.0,0.0,0.0,0.0,0.0,0.0,0.0,0.0,1.0,0,0.0,0,0,,18000.0,3644.9817,6359.32,7995.6983,14355.0183,0.303,1,restructure-light,PIA_OPCIONES
EDOMEX - ECATEPEC,PEZ8103,2025-07-30,0.1321181688333333,0.3057807082777778,0.0,0.0,0.0,0.0,0.0,0.0,0.0,0.0,0.0,0.0,0.0,0.0,0.0,0.0,1.0,0,0.0,0,0,,18000.0,5504.052749,7519.12,4976.827251,12495.947251,0.264,1,restructure-light,PIA_OPCIONES
EDOMEX - TLANEPANTLA,PNE283B,2024-03-22,0.0105014105555555,0.0105014105555555,0.0,0.0,0.0,0.0,0.0,0.0,0.0,0.0,0.0,0.0,0.0,0.0,0.0,0.0,1.0,0,0.0,0,0,,18000.0,189.02539,10742.98,7067.994610000002,17810.97461,0.376,1,restructure-light,PIA_OPCIONES
EDOMEX - ECATEPEC,PWR358D,2025-04-30,0.0256736435555555,0.0256736435555555,0.0,0.0,0.0,0.0,0.0,0.0,0.0,0.0,0.0,0.0,0.0,0.0,0.0,0.0,1.0,0,0.0,0,0,,18000.0,462.125584,11392.37,6145.504415999998,17537.874416,0.37,1,restructure-light,PIA_OPCIONES
EDOMEX - ECATEPEC,PXJ289D,2025-01-01,0.0327324649999999,0.0327324649999999,0.0,0.0,0.0,0.0,0.0,0.0,0.0,0.0,0.0,0.0,0.0,0.0,0.0,0.0,1.0,0,0.0,0,0,,18000.0,589.18437,9350.67,8060.145630000001,17410.81563,0.368,1,restructure-light,PIA_OPCIONES
EDOMEX - TLANEPANTLA,PZL117C,2025-07-12,0.0053244333333333,0.0053244333333333,0.0,0.0,0.0,0.0,0.0,0.0,0.0,0.0,0.0,0.0,0.0,0.0,0.0,0.0,1.0,0,0.0,0,0,,18000.0,95.8398,13824.43,4079.730199999998,17904.1602,0.378,1,restructure-light,PIA_OPCIONES
EDOMEX - TLANEPANTLA,R11BRA,2025-07-26,0.1778522971111111,0.3495351399444444,0.0,0.0,0.0,0.0,0.0,0.0,0.0,0.0,0.0,0.0,0.0,0.0,0.0,0.0,1.0,0,0.0,0,0,,18000.0,6291.632519000001,9927.43,1780.937480999999,11708.367481,0.247,1,restructure-light,PIA_OPCIONES
EDOMEX - TLANEPANTLA,R53AZA,2024-10-17,0.1721773616666666,0.1923254711111111,0.0,0.0,0.0,0.0,0.0,0.0,0.0,0.0,0.0,0.0,0.0,0.0,0.0,0.0,1.0,0,0.0,0,0,,18000.0,3461.85848,6513.6,8024.541520000001,14538.141520000001,0.307,1,restructure-light,PIA_OPCIONES
EDOMEX - ECATEPEC,R75ASY,2025-07-30,0.1504469938888889,0.1800519088888889,0.0,0.0,0.0,0.0,0.0,0.0,0.0,0.0,0.0,0.0,0.0,0.0,0.0,0.0,1.0,0,0.0,0,0,,18000.0,3240.93436,10949.96,3809.1056400000016,14759.06564,0.312,1,restructure-light,PIA_OPCIONES
EDOMEX - ECATEPEC,RA000224,2025-07-28,5.513019000225,10.703332581544446,0.0,0.0,0.0,0.0,0.0,0.0,0.0,0.0,0.0,0.0,0.0,0.0,0.0,0.0,1.0,0,0.0,0,0,,18000.0,192659.9864678,0.0,0.0,0.0,0.0,0,monitor,FOLLOW_UP
EDOMEX - TLANEPANTLA,RAF432D,2025-07-30,0.1414530775,0.3008723534444444,0.0,0.0,0.0,0.0,0.0,0.0,0.0,0.0,0.0,0.0,0.0,0.0,0.0,0.0,1.0,0,0.0,0,0,,18000.0,5415.702362,7724.93,4859.367638,12584.297638,0.266,1,restructure-light,PIA_OPCIONES
EDOMEX - TLANEPANTLA,RAN627C,2023-12-01,0.0196749127777777,0.0196749127777777,0.0,0.0,0.0,0.0,0.0,0.0,0.0,0.0,0.0,0.0,0.0,0.0,0.0,0.0,1.0,0,0.0,0,0,,18000.0,354.14842999999996,7289.82,10356.03157,17645.85157,0.373,1,restructure-light,PIA_OPCIONES
EDOMEX - ECATEPEC,RBZ248C,2024-12-21,0.029674415,0.029674415,0.0,0.0,0.0,0.0,0.0,0.0,0.0,0.0,0.0,0.0,0.0,0.0,0.0,0.0,1.0,0,0.0,0,0,,18000.0,534.13947,13573.41,3892.450530000002,17465.86053,0.369,1,restructure-light,PIA_OPCIONES
EDOMEX - ECATEPEC,S05BKH,2025-07-31,0.1350988191666666,0.277567521,0.0,0.0,0.0,0.0,0.0,0.0,0.0,0.0,0.0,0.0,0.0,0.0,0.0,0.0,1.0,0,0.0,0,0,,18000.0,4996.215378,11396.2,1607.5846219999985,13003.784622,0.275,1,restructure-light,PIA_OPCIONES
EDOMEX - ECATEPEC,S3M9065,2025-06-07,0.653126117,2.0101252213333334,0.0,0.0,0.0,0.0,0.0,0.0,0.0,0.0,0.0,0.0,0.0,0.0,0.0,0.0,1.0,0,0.0,0,0,,18000.0,36182.253984,0.0,0.0,0.0,0.0,0,monitor,FOLLOW_UP
EDOMEX - ECATEPEC,S3M90654,2025-07-29,0.631739154,1.5747688325,0.0,0.0,0.0,0.0,0.0,0.0,0.0,0.0,0.0,0.0,0.0,0.0,0.0,0.0,1.0,0,0.0,0,0,,18000.0,28345.838985,0.0,0.0,0.0,0.0,1,advisor-review,PIA_OPCIONES
EDOMEX - TLANEPANTLA,S4078349,2025-06-19,0.0839731860555555,0.0839731860555555,0.0,0.0,0.0,0.0,0.0,0.0,0.0,0.0,0.0,0.0,0.0,0.0,0.0,0.0,1.0,0,0.0,0,0,,18000.0,1511.517349,14683.18,1805.3026509999981,16488.482651,0.348,1,restructure-light,PIA_OPCIONES
EDOMEX - ECATEPEC,S52BCX,2025-07-30,0.1283903414444444,0.2827634598333333,0.0,0.0,0.0,0.0,0.0,0.0,0.0,0.0,0.0,0.0,0.0,0.0,0.0,0.0,1.0,0,0.0,0,0,,18000.0,5089.742277,6600.12,6310.137722999999,12910.257722999999,0.273,1,restructure-light,PIA_OPCIONES
EDOMEX - ECATEPEC,S8M9064,2025-07-24,0.586293749,1.2340103735,0.0,0.0,0.0,0.0,0.0,0.0,0.0,0.0,0.0,0.0,0.0,0.0,0.0,0.0,1.0,0,0.0,0,0,,18000.0,22212.186723,0.0,0.0,0.0,0.0,1,advisor-review,PIA_OPCIONES
EDOMEX - ECATEPEC,S93APC,2025-07-31,0.0121650624444444,0.0121650624444444,0.0,0.0,0.0,0.0,0.0,0.0,0.0,0.0,0.0,0.0,0.0,0.0,0.0,0.0,1.0,0,0.0,0,0,,18000.0,218.971124,10390.52,7390.508876,17781.028876,0.375,1,restructure-light,PIA_OPCIONES
EDOMEX - TLANEPANTLA,T07BAW,2025-06-08,0.0114089662222222,0.0114089662222222,0.0,0.0,0.0,0.0,0.0,0.0,0.0,0.0,0.0,0.0,0.0,0.0,0.0,0.0,1.0,0,0.0,0,0,,18000.0,205.361392,15872.41,1922.2286080000013,17794.638608,0.376,1,restructure-light,PIA_OPCIONES
EDOMEX - ECATEPEC,T47BEC,2024-12-17,0.0064106799999999,0.0064106799999999,0.0,0.0,0.0,0.0,0.0,0.0,0.0,0.0,0.0,0.0,0.0,0.0,0.0,0.0,1.0,0,0.0,0,0,,18000.0,115.39224,6372.01,11512.597759999999,17884.60776,0.378,1,restructure-light,PIA_OPCIONES
EDOMEX - TLANEPANTLA,T99AZF,2024-07-20,0.0206642211111111,0.0206642211111111,0.0,0.0,0.0,0.0,0.0,0.0,0.0,0.0,0.0,0.0,0.0,0.0,0.0,0.0,1.0,0,0.0,0,0,,18000.0,371.95598,9650.03,7978.0140200000005,17628.04402,0.372,1,restructure-light,PIA_OPCIONES
EDOMEX - ECATEPEC,TR53,2025-07-31,4.15885868368,8.832801354235556,0.0,0.0,0.0,0.0,0.0,0.0,0.0,0.0,0.0,0.0,0.0,0.0,0.0,0.0,1.0,0,0.0,0,0,,18000.0,158990.42437624,0.0,0.0,0.0,0.0,0,monitor,FOLLOW_UP
EDOMEX - ECATEPEC,TR56,2025-07-29,3.038953162986666,6.758183861973333,0.0,0.0,0.0,0.0,0.0,0.0,0.0,0.0,0.0,0.0,0.0,0.0,0.0,0.0,1.0,0,0.0,0,0,,18000.0,121647.30951552,0.0,0.0,0.0,0.0,0,monitor,FOLLOW_UP
EDOMEX - ECATEPEC,TR57,2025-07-17,2.8483934677333336,5.915545388906667,0.0,0.0,0.0,0.0,0.0,0.0,0.0,0.0,0.0,0.0,0.0,0.0,0.0,0.0,1.0,0,0.0,0,0,,18000.0,106479.81700032,0.0,0.0,0.0,0.0,0,monitor,FOLLOW_UP
EDOMEX - ECATEPEC,TR62,2025-07-31,3.791791412053333,7.834913703146667,0.0,0.0,0.0,0.0,0.0,0.0,0.0,0.0,0.0,0.0,0.0,0.0,0.0,0.0,1.0,0,0.0,0,0,,18000.0,141028.44665664,0.0,0.0,0.0,0.0,0,monitor,FOLLOW_UP
EDOMEX - ECATEPEC,TRANS01,2024-09-16,1.3251853922222223,1.3251853922222223,0.0,0.0,0.0,0.0,0.0,0.0,0.0,0.0,0.0,0.0,0.0,0.0,0.0,0.0,1.0,0,0.0,0,0,,18000.0,23853.33706,0.0,0.0,0.0,0.0,0,monitor,FOLLOW_UP
EDOMEX - ECATEPEC,TWB842A,2025-03-24,0.0195610377777777,0.0195610377777777,0.0,0.0,0.0,0.0,0.0,0.0,0.0,0.0,0.0,0.0,0.0,0.0,0.0,0.0,1.0,0,0.0,0,0,,18000.0,352.09868,14649.84,2998.0613200000007,17647.90132,0.373,1,restructure-light,PIA_OPCIONES
EDOMEX - ECATEPEC,TXB978B,2025-07-27,0.0455779869999999,0.0455779869999999,0.0,0.0,0.0,0.0,0.0,0.0,0.0,0.0,0.0,0.0,0.0,0.0,0.0,0.0,1.0,0,0.0,0,0,,18000.0,820.4037659999999,8259.82,8919.776234,17179.596234,0.363,1,restructure-light,PIA_OPCIONES
EDOMEX - TLANEPANTLA,U48BKJ,2025-06-04,0.1487061615,0.3269479465,0.0,0.0,0.0,0.0,0.0,0.0,0.0,0.0,0.0,0.0,0.0,0.0,0.0,0.0,1.0,0,0.0,0,0,,18000.0,5885.063037,9232.99,2881.9469630000003,12114.936963,0.256,1,restructure-light,PIA_OPCIONES
EDOMEX - TLANEPANTLA,U75AXN,2024-08-19,0.1595083822222222,0.3348304194444444,0.0,0.0,0.0,0.0,0.0,0.0,0.0,0.0,0.0,0.0,0.0,0.0,0.0,0.0,1.0,0,0.0,0,0,,18000.0,6026.94755,6011.84,5961.212449999999,11973.05245,0.253,1,restructure-light,PIA_OPCIONES
EDOMEX - TLANEPANTLA,U76BHV,2025-06-05,0.1759347956111111,0.3713449956111111,0.0,0.0,0.0,0.0,0.0,0.0,0.0,0.0,0.0,0.0,0.0,0.0,0.0,0.0,1.0,0,0.0,0,0,,18000.0,6684.209921,7511.62,3804.1700790000004,11315.790079,0.239,1,restructure-light,PIA_OPCIONES
EDOMEX - TLANEPANTLA,U85AYT,2025-07-31,0.1409660515,0.2960906868333333,0.0,0.0,0.0,0.0,0.0,0.0,0.0,0.0,0.0,0.0,0.0,0.0,0.0,0.0,1.0,0,0.0,0,0,,18000.0,5329.632363,8807.03,3863.3376369999987,12670.367637,0.267,1,restructure-light,PIA_OPCIONES
EDOMEX - TLANEPANTLA,UAS6288,2023-09-24,0.0071291661111111,0.0071291661111111,0.0,0.0,0.0,0.0,0.0,0.0,0.0,0.0,0.0,0.0,0.0,0.0,0.0,0.0,1.0,0,0.0,0,0,,18000.0,128.32499,14257.26,3614.415009999999,17871.67501,0.377,1,restructure-light,PIA_OPCIONES
EDOMEX - ECATEPEC,UKE843V,2025-04-25,0.0544403291666666,0.0544403291666666,0.0,0.0,0.0,0.0,0.0,0.0,0.0,0.0,0.0,0.0,0.0,0.0,0.0,0.0,1.0,0,0.0,0,0,,18000.0,979.925925,5355.72,11664.354075,17020.074075,0.359,1,restructure-light,PIA_OPCIONES
EDOMEX - TLANEPANTLA,UNIDAD113,2024-09-30,0.0280233333333333,0.0280233333333333,0.0,0.0,0.0,0.0,0.0,0.0,0.0,0.0,0.0,0.0,0.0,0.0,0.0,0.0,1.0,0,0.0,0,0,,18000.0,504.42,7559.75,9935.830000000002,17495.58,0.369,1,restructure-light,PIA_OPCIONES
EDOMEX - ECATEPEC,UPS230G,2025-07-28,0.1322636612777777,0.2906989140555555,0.0,0.0,0.0,0.0,0.0,0.0,0.0,0.0,0.0,0.0,0.0,0.0,0.0,0.0,1.0,0,0.0,0,0,,18000.0,5232.580453,9283.84,3483.579547000001,12767.419547000001,0.27,1,restructure-light,PIA_OPCIONES
EDOMEX - TLANEPANTLA,UPZ963G,2024-04-04,0.13873868,0.3124191799999999,0.0,0.0,0.0,0.0,0.0,0.0,0.0,0.0,0.0,0.0,0.0,0.0,0.0,0.0,1.0,0,0.0,0,0,,18000.0,5623.5452399999995,7897.59,4478.86476,12376.45476,0.261,1,restructure-light,PIA_OPCIONES
EDOMEX - ECATEPEC,UTZ406K,2024-10-03,0.0098408605555555,0.0098408605555555,0.0,0.0,0.0,0.0,0.0,0.0,0.0,0.0,0.0,0.0,0.0,0.0,0.0,0.0,1.0,0,0.0,0,0,,18000.0,177.13549,10646.72,7176.14451,17822.86451,0.376,1,restructure-light,PIA_OPCIONES
EDOMEX - ECATEPEC,V24BJA,2025-03-14,0.1250335488888889,0.2631297666666666,0.0,0.0,0.0,0.0,0.0,0.0,0.0,0.0,0.0,0.0,0.0,0.0,0.0,0.0,1.0,0,0.0,0,0,,18000.0,4736.3358,4418.47,8845.194199999998,13263.6642,0.28,1,restructure-light,PIA_OPCIONES
EDOMEX - ECATEPEC,V25AUE,2024-11-18,0.008672905,0.008672905,0.0,0.0,0.0,0.0,0.0,0.0,0.0,0.0,0.0,0.0,0.0,0.0,0.0,0.0,1.0,0,0.0,0,0,,18000.0,156.11229,9081.92,8761.967709999999,17843.88771,0.377,1,restructure-light,PIA_OPCIONES
EDOMEX - TLANEPANTLA,V25BJK,2025-07-31,0.1915984985,0.3944617767222222,0.0,0.0,0.0,0.0,0.0,0.0,0.0,0.0,0.0,0.0,0.0,0.0,0.0,0.0,1.0,0,0.0,0,0,,18000.0,7100.311981,8927.5,1972.188019000001,10899.688019000001,0.23,1,restructure-light,PIA_OPCIONES
EDOMEX - TLANEPANTLA,V45ALS,2025-02-26,0.0163822927777777,0.0163822927777777,0.0,0.0,0.0,0.0,0.0,0.0,0.0,0.0,0.0,0.0,0.0,0.0,0.0,0.0,1.0,0,0.0,0,0,,18000.0,294.88127,5639.71,12065.40873,17705.11873,0.374,1,restructure-light,PIA_OPCIONES
EDOMEX - ECATEPEC,V57BDK,2025-04-20,0.022536765,0.022536765,0.0,0.0,0.0,0.0,0.0,0.0,0.0,0.0,0.0,0.0,0.0,0.0,0.0,0.0,1.0,0,0.0,0,0,,18000.0,405.66177,9463.32,8131.0182300000015,17594.33823,0.371,1,restructure-light,PIA_OPCIONES
EDOMEX - TLANEPANTLA,V94AHX,2025-07-31,0.1621892724999999,0.3641051953333333,0.0,0.0,0.0,0.0,0.0,0.0,0.0,0.0,0.0,0.0,0.0,0.0,0.0,0.0,1.0,0,0.0,0,0,,18000.0,6553.893516,9924.79,1521.316483999999,11446.106484,0.242,1,restructure-light,PIA_OPCIONES
EDOMEX - TLANEPANTLA,W24APU,2025-07-24,0.1332496155555555,0.1923354794444444,0.0,0.0,0.0,0.0,0.0,0.0,0.0,0.0,0.0,0.0,0.0,0.0,0.0,0.0,1.0,0,0.0,0,0,,18000.0,3462.03863,4805.21,9732.751370000002,14537.96137,0.307,1,restructure-light,PIA_OPCIONES
EDOMEX - TLANEPANTLA,W32ABF,2024-11-01,0.003759255,0.003759255,0.0,0.0,0.0,0.0,0.0,0.0,0.0,0.0,0.0,0.0,0.0,0.0,0.0,0.0,1.0,0,0.0,0,0,,18000.0,67.66659,13446.08,4486.253409999999,17932.33341,0.379,1,restructure-light,PIA_OPCIONES
EDOMEX - ECATEPEC,W41APD,2025-07-30,0.0889847588888888,0.1909784828888888,0.0,0.0,0.0,0.0,0.0,0.0,0.0,0.0,0.0,0.0,0.0,0.0,0.0,0.0,1.0,0,0.0,0,0,,18000.0,3437.6126919999997,6619.59,7942.797308000001,14562.387308000001,0.307,1,restructure-light,PIA_OPCIONES
EDOMEX - ECATEPEC,W43BEE,2025-04-27,0.0055648335,0.0055648335,0.0,0.0,0.0,0.0,0.0,0.0,0.0,0.0,0.0,0.0,0.0,0.0,0.0,0.0,1.0,0,0.0,0,0,,18000.0,100.167003,14677.24,3222.5929970000016,17899.832997,0.378,1,restructure-light,PIA_OPCIONES
EDOMEX - ECATEPEC,W46ADC,2025-07-09,0.1963573813433333,0.3952301406766667,0.0,0.0,0.0,0.0,0.0,0.0,0.0,0.0,0.0,0.0,0.0,0.0,0.0,0.0,1.0,0,0.0,0,0,,18000.0,7114.14253218,8138.71,2747.14746782,10885.85746782,0.23,1,restructure-light,PIA_OPCIONES
EDOMEX - TLANEPANTLA,W57BCN,2024-08-14,0.0111486161111111,0.0111486161111111,0.0,0.0,0.0,0.0,0.0,0.0,0.0,0.0,0.0,0.0,0.0,0.0,0.0,0.0,1.0,0,0.0,0,0,,18000.0,200.67509,14798.77,3000.554909999999,17799.32491,0.376,1,restructure-light,PIA_OPCIONES
EDOMEX - TLANEPANTLA,W71BJA,2025-07-31,0.1156447047866666,0.2533584205,0.0,0.0,0.0,0.0,0.0,0.0,0.0,0.0,0.0,0.0,0.0,0.0,0.0,0.0,1.0,0,0.0,0,0,,18000.0,4560.451569000001,5773.02,7666.528430999999,13439.548431,0.284,1,restructure-light,PIA_OPCIONES
EDOMEX - ECATEPEC,W73BCM,2024-12-27,0.011904655,0.011904655,0.0,0.0,0.0,0.0,0.0,0.0,0.0,0.0,0.0,0.0,0.0,0.0,0.0,0.0,1.0,0,0.0,0,0,,18000.0,214.28379,11005.37,6780.346209999998,17785.71621,0.375,1,restructure-light,PIA_OPCIONES
EDOMEX - TLANEPANTLA,W79AKU,2024-10-21,0.173707605,0.313668095,0.0,0.0,0.0,0.0,0.0,0.0,0.0,0.0,0.0,0.0,0.0,0.0,0.0,0.0,1.0,0,0.0,0,0,,18000.0,5646.02571,9482.44,2871.5342899999996,12353.97429,0.261,1,restructure-light,PIA_OPCIONES
EDOMEX - TLANEPANTLA,W92AMJ,2025-07-29,0.1607646467777778,0.3514008792777778,0.0,0.0,0.0,0.0,0.0,0.0,0.0,0.0,0.0,0.0,0.0,0.0,0.0,0.0,1.0,0,0.0,0,0,,18000.0,6325.215827,5223.53,6451.254173,11674.784173,0.246,1,restructure-light,PIA_OPCIONES
EDOMEX - ECATEPEC,W969409,2025-07-29,2.7382922592916668,5.797532061125,0.0,0.0,0.0,0.0,0.0,0.0,0.0,0.0,0.0,0.0,0.0,0.0,0.0,0.0,1.0,0,0.0,0,0,,18000.0,104355.57710025,0.0,0.0,0.0,0.0,0,monitor,FOLLOW_UP
EDOMEX - TLANEPANTLA,W96AUN,2025-02-18,0.0108083327777777,0.0108083327777777,0.0,0.0,0.0,0.0,0.0,0.0,0.0,0.0,0.0,0.0,0.0,0.0,0.0,0.0,1.0,0,0.0,0,0,,18000.0,194.54999,5632.03,12173.420010000002,17805.45001,0.376,1,restructure-light,PIA_OPCIONES
EDOMEX - ECATEPEC,X21BBW,2025-06-17,0.0382437098888888,0.0382437098888888,0.0,0.0,0.0,0.0,0.0,0.0,0.0,0.0,0.0,0.0,0.0,0.0,0.0,0.0,1.0,0,0.0,0,0,,18000.0,688.386778,15149.55,2162.0632220000007,17311.613222,0.365,1,restructure-light,PIA_OPCIONES
EDOMEX - TLANEPANTLA,X28ABB,2025-03-23,0.0099309666666666,0.0099309666666666,0.0,0.0,0.0,0.0,0.0,0.0,0.0,0.0,0.0,0.0,0.0,0.0,0.0,0.0,1.0,0,0.0,0,0,,18000.0,178.7574,12938.4,4882.842600000002,17821.2426,0.376,1,restructure-light,PIA_OPCIONES
EDOMEX - TLANEPANTLA,X40BLP,2024-06-14,0.0436442427777777,0.0436442427777777,0.0,0.0,0.0,0.0,0.0,0.0,0.0,0.0,0.0,0.0,0.0,0.0,0.0,0.0,1.0,0,0.0,0,0,,18000.0,785.59637,11728.8,5485.603630000001,17214.40363,0.363,1,restructure-light,PIA_OPCIONES
EDOMEX - TLANEPANTLA,X42BBB,2023-10-11,0.0087087494444444,0.0087087494444444,0.0,0.0,0.0,0.0,0.0,0.0,0.0,0.0,0.0,0.0,0.0,0.0,0.0,0.0,1.0,0,0.0,0,0,,18000.0,156.75749,13318.14,4525.102510000001,17843.24251,0.377,1,restructure-light,PIA_OPCIONES
EDOMEX - TLANEPANTLA,X45ATY,2025-03-10,0.0158385211111111,0.0158385211111111,0.0,0.0,0.0,0.0,0.0,0.0,0.0,0.0,0.0,0.0,0.0,0.0,0.0,0.0,1.0,0,0.0,0,0,,18000.0,285.09338,10964.96,6749.946620000002,17714.90662,0.374,1,restructure-light,PIA_OPCIONES
EDOMEX - TLANEPANTLA,X46BNX,2025-07-10,0.0491395822222222,0.0491395822222222,0.0,0.0,0.0,0.0,0.0,0.0,0.0,0.0,0.0,0.0,0.0,0.0,0.0,0.0,1.0,0,0.0,0,0,,18000.0,884.51248,10024.2,7091.287519999998,17115.48752,0.361,1,restructure-light,PIA_OPCIONES
EDOMEX - TLANEPANTLA,X56BGM,2025-07-12,0.1180632662777777,0.2637250962777778,0.0,0.0,0.0,0.0,0.0,0.0,0.0,0.0,0.0,0.0,0.0,0.0,0.0,0.0,1.0,0,0.0,0,0,,18000.0,4747.051733,7550.46,5702.488267,13252.948267,0.28,1,restructure-light,PIA_OPCIONES
EDOMEX - TLANEPANTLA,X91BEH,2025-01-11,0.034789615,0.034789615,0.0,0.0,0.0,0.0,0.0,0.0,0.0,0.0,0.0,0.0,0.0,0.0,0.0,0.0,1.0,0,0.0,0,0,,18000.0,626.21307,11888.25,5485.536929999998,17373.78693,0.367,1,restructure-light,PIA_OPCIONES
EDOMEX - TLANEPANTLA,XWC117B,2025-07-02,0.0054107051666666,0.0054107051666666,0.0,0.0,0.0,0.0,0.0,0.0,0.0,0.0,0.0,0.0,0.0,0.0,0.0,0.0,1.0,0,0.0,0,0,,18000.0,97.392693,7535.58,10367.027306999998,17902.607307,0.378,1,restructure-light,PIA_OPCIONES
EDOMEX - ECATEPEC,XXJ175B,2025-07-26,0.0344739710555555,0.0344739710555555,0.0,0.0,0.0,0.0,0.0,0.0,0.0,0.0,0.0,0.0,0.0,0.0,0.0,0.0,1.0,0,0.0,0,0,,18000.0,620.531479,14474.23,2905.2385209999993,17379.468521,0.367,1,restructure-light,PIA_OPCIONES
EDOMEX - ECATEPEC,Y01BBX,2024-12-14,0.008290655,0.008290655,0.0,0.0,0.0,0.0,0.0,0.0,0.0,0.0,0.0,0.0,0.0,0.0,0.0,0.0,1.0,0,0.0,0,0,,18000.0,149.23179,14049.47,3801.298209999999,17850.76821,0.377,1,restructure-light,PIA_OPCIONES
EDOMEX - TLANEPANTLA,Y20BNF,2025-04-22,0.0445830994444444,0.0445830994444444,0.0,0.0,0.0,0.0,0.0,0.0,0.0,0.0,0.0,0.0,0.0,0.0,0.0,0.0,1.0,0,0.0,0,0,,18000.0,802.4957899999999,8766.22,8431.28421,17197.50421,0.363,1,restructure-light,PIA_OPCIONES
EDOMEX - ECATEPEC,Y38BEE,2024-11-29,0.009840505,0.009840505,0.0,0.0,0.0,0.0,0.0,0.0,0.0,0.0,0.0,0.0,0.0,0.0,0.0,0.0,1.0,0,0.0,0,0,,18000.0,177.12909000000002,11534.35,6288.520910000001,17822.87091,0.376,1,restructure-light,PIA_OPCIONES
EDOMEX - TLANEPANTLA,Y64ANF,2025-07-31,0.2049366455,0.4320462953333333,0.0,0.0,0.0,0.0,0.0,0.0,0.0,0.0,0.0,0.0,0.0,0.0,0.0,0.0,1.0,0,0.0,0,0,,18000.0,7776.833316,3932.0,6291.166684,10223.166684,0.216,1,restructure-light,PIA_OPCIONES
EDOMEX - ECATEPEC,YNF452A,2025-07-15,0.0926698665555555,0.2083748565555555,0.0,0.0,0.0,0.0,0.0,0.0,0.0,0.0,0.0,0.0,0.0,0.0,0.0,0.0,1.0,0,0.0,0,0,,18000.0,3750.747418,12587.9,1661.3525820000013,14249.252582000001,0.301,1,restructure-light,PIA_OPCIONES
EDOMEX - ECATEPEC,YNF562A,2025-07-13,0.0259537434444444,0.0259537434444444,0.0,0.0,0.0,0.0,0.0,0.0,0.0,0.0,0.0,0.0,0.0,0.0,0.0,0.0,1.0,0,0.0,0,0,,18000.0,467.167382,14758.01,2774.822618,17532.832618,0.37,1,restructure-light,PIA_OPCIONES
EDOMEX - TLANEPANTLA,Z14ARR,2024-08-10,0.0765621116666666,0.0765621116666666,0.0,0.0,0.0,0.0,0.0,0.0,0.0,0.0,0.0,0.0,0.0,0.0,0.0,0.0,1.0,0,0.0,0,0,,18000.0,1378.11801,14180.77,2441.1119900000012,16621.88199,0.351,1,restructure-light,PIA_OPCIONES
EDOMEX - ECATEPEC,Z17BDN,2025-02-18,0.1548345294444444,0.1734353505555555,0.0,0.0,0.0,0.0,0.0,0.0,0.0,0.0,0.0,0.0,0.0,0.0,0.0,0.0,1.0,0,0.0,0,0,,18000.0,3121.8363099999997,7428.63,7449.533690000001,14878.163690000001,0.314,1,restructure-light,PIA_OPCIONES
EDOMEX - TLANEPANTLA,Z50BGG,2024-06-23,0.0123696327777777,0.0123696327777777,0.0,0.0,0.0,0.0,0.0,0.0,0.0,0.0,0.0,0.0,0.0,0.0,0.0,0.0,1.0,0,0.0,0,0,,18000.0,222.65339,7137.26,10640.08661,17777.34661,0.375,1,restructure-light,PIA_OPCIONES
EDOMEX - TLANEPANTLA,Z53BEA,2025-07-31,0.1738466845,0.3840446313333333,0.0,0.0,0.0,0.0,0.0,0.0,0.0,0.0,0.0,0.0,0.0,0.0,0.0,0.0,1.0,0,0.0,0,0,,18000.0,6912.803363999999,4734.93,6352.266636,11087.196636,0.234,1,restructure-light,PIA_OPCIONES
EDOMEX - ECATEPEC,Z87ACD,2025-07-18,0.1530111786666666,0.2943370675555555,0.0,0.0,0.0,0.0,0.0,0.0,0.0,0.0,0.0,0.0,0.0,0.0,0.0,0.0,1.0,0,0.0,0,0,,18000.0,5298.0672159999995,4496.49,8205.442784,12701.932784,0.268,1,restructure-light,PIA_OPCIONES
EDOMEX - TLANEPANTLA,Z93AFX,2025-06-27,0.1382866002222222,0.1382866002222222,0.0,0.0,0.0,0.0,0.0,0.0,0.0,0.0,0.0,0.0,0.0,0.0,0.0,0.0,1.0,0,0.0,0,0,,18000.0,2489.158804,5771.06,9739.781196,15510.841196,0.327,1,restructure-light,PIA_OPCIONES
