placa,overall_portfolio_risk,core_financial_risk,telemetry_enhancement_score,overall_risk_score,risk_category,projected_insurance_cost,coverage_ratio_30d,gnv_credit_30d,arrears_amount,expected_payment,coverage_risk,credit_utilization,arrears_risk,safety_risk_component,operational_risk_component,accident_risk_score,fuel_efficiency_proxy,unauthorized_use_risk,tampering_risk,total_safety_events,harsh_brake_events,overspeed_events,idling_events,after_hours_events,disconnect_events,hase_default_risk,scenario_type
0116YXA,0.1567823268986519,0.19597790862331485,0.0,0.1567823268986519,low,14293.249130505441,0.3448193050155556,6206.74749028,11793.25250972,18000.0,0.6551806949844444,0.4310241312694445,0.6551806949844444,0.0,0.0,0.0,0.0,0.0,0.0,0.0,0.0,0.0,0.0,0.0,0.0,0.0,
0603561C,0.11681761610074076,0.14602202012592594,0.0,0.11681761610074076,low,13861.630253887999,0.8027627708888888,14449.729876,3550.2701240000006,18000.0,0.1972372291111112,1.0,0.19723722911111113,0.0,0.0,0.0,0.0,0.0,0.0,0.0,0.0,0.0,0.0,0.0,0.0,0.0,
060374K,0.1277878084851852,0.15973476060648148,0.0,0.1277878084851852,low,13980.10833164,0.6793714405555555,12228.68593,5771.31407,18000.0,0.32062855944444446,0.8492143006944444,0.32062855944444446,0.0,0.0,0.0,0.0,0.0,0.0,0.0,0.0,0.0,0.0,0.0,0.0,0.0,
060381K,0.12344379882,0.154304748525,0.0,0.12344379882,low,13933.193027256,0.729494629,13130.903321999998,4869.096678000002,18000.0,0.27050537100000005,0.9118682862499998,0.2705053710000001,0.0,0.0,0.0,0.0,0.0,0.0,0.0,0.0,0.0,0.0,0.0,0.0,0.0,
060820K,0.10151720800444444,0.12689651000555555,0.0,0.10151720800444444,low,13696.385846448,0.8847292428333333,15925.126371,2074.873629,18000.0,0.11527075716666668,1.0,0.11527075716666668,0.0,0.0,0.0,0.0,0.0,0.0,0.0,0.0,0.0,0.0,0.0,0.0,0.0,
060845K,0.14316312859444444,0.17895391074305556,0.0,0.14316312859444444,low,14146.161788819998,0.5019639008333332,9035.350215,8964.649785,18000.0,0.4980360991666668,0.6274548760416667,0.49803609916666663,0.0,0.0,0.0,0.0,0.0,0.0,0.0,0.0,0.0,0.0,0.0,0.0,0.0,
060863K,0.14014050252333335,0.17517562815416668,0.0,0.14014050252333335,low,14113.517427252,0.5368403555,9663.126399,8336.873601,18000.0,0.4631596445,0.671050444375,0.46315964449999997,0.0,0.0,0.0,0.0,0.0,0.0,0.0,0.0,0.0,0.0,0.0,0.0,0.0,
060874K,0.11999806631814816,0.1499975828976852,0.0,0.11999806631814816,low,13895.979116235998,0.7692530809444443,13846.555457,4153.444543,18000.0,0.23074691905555567,0.9615663511805556,0.23074691905555553,0.0,0.0,0.0,0.0,0.0,0.0,0.0,0.0,0.0,0.0,0.0,0.0,0.0,
061238K,0.12417488093703705,0.1552186011712963,0.0,0.12417488093703705,low,13941.08871412,0.721059066111111,12979.06319,5020.936809999999,18000.0,0.27894093388888896,0.9013238326388889,0.27894093388888885,0.0,0.0,0.0,0.0,0.0,0.0,0.0,0.0,0.0,0.0,0.0,0.0,0.0,
061288K,0.10242485675111113,0.1280310709388889,0.0,0.10242485675111113,low,13706.188452912,0.8798668388333333,15837.603099,2162.396901,18000.0,0.12013316116666672,1.0,0.12013316116666667,0.0,0.0,0.0,0.0,0.0,0.0,0.0,0.0,0.0,0.0,0.0,0.0,0.0,
061706K,0.1854609961111111,0.23182624513888886,0.0,0.1854609961111111,low,14602.978758,0.0139115833333333,250.4085,17749.5915,18000.0,0.9860884166666667,0.017389479166666666,0.9860884166666666,0.0,0.0,0.0,0.0,0.0,0.0,0.0,0.0,0.0,0.0,0.0,0.0,0.0,
061802K,0.16733927614074073,0.20917409517592592,0.0,0.16733927614074073,low,14407.26418232,0.2230083522222222,4014.15034,13985.84966,18000.0,0.7769916477777778,0.2787604402777778,0.7769916477777777,0.0,0.0,0.0,0.0,0.0,0.0,0.0,0.0,0.0,0.0,0.0,0.0,0.0,
061803K,0.18570213022222226,0.23212766277777783,0.0,0.18570213022222226,low,14605.5830064,0.0111292666666666,200.3268,17799.6732,18000.0,0.9888707333333334,0.013911583333333333,0.9888707333333334,0.0,0.0,0.0,0.0,0.0,0.0,0.0,0.0,0.0,0.0,0.0,0.0,0.0,
061899K,0.18255265482629632,0.22819081853287038,0.0,0.18255265482629632,low,14571.568672123998,0.0474693673888888,854.4486129999999,17145.551387,18000.0,0.9525306326111111,0.059336709236111104,0.952530632611111,0.0,0.0,0.0,0.0,0.0,0.0,0.0,0.0,0.0,0.0,0.0,0.0,0.0,
0NXA9936,0.160506382742963,0.20063297842870373,0.0,0.160506382742963,low,14333.468933623999,0.3018494298888888,5433.289738,12566.710262,18000.0,0.6981505701111113,0.37731178736111115,0.6981505701111111,0.0,0.0,0.0,0.0,0.0,0.0,0.0,0.0,0.0,0.0,0.0,0.0,0.0,
1050,0.18188920431851852,0.22736150539814814,0.0,0.18188920431851852,low,14564.403406639998,0.0551245655555555,992.24218,17007.75782,18000.0,0.9448754344444446,0.06890570694444444,0.9448754344444443,0.0,0.0,0.0,0.0,0.0,0.0,0.0,0.0,0.0,0.0,0.0,0.0,0.0,
109327,0.18240201619481483,0.22800252024351852,0.0,0.18240201619481483,low,14569.941774903999,0.0492075054444444,885.735098,17114.264902,18000.0,0.9507924945555556,0.061509381805555555,0.9507924945555555,0.0,0.0,0.0,0.0,0.0,0.0,0.0,0.0,0.0,0.0,0.0,0.0,0.0,
109456,0.18275329712962965,0.22844162141203705,0.0,0.18275329712962965,low,14573.735609000001,0.0451542638888888,812.77675,17187.22325,18000.0,0.9548457361111112,0.05644282986111111,0.954845736111111,0.0,0.0,0.0,0.0,0.0,0.0,0.0,0.0,0.0,0.0,0.0,0.0,0.0,
11G896,0.16300843027074075,0.20376053783842593,0.0,0.16300843027074075,low,14360.491046923999,0.2729796507222222,4913.633713,13086.366287,18000.0,0.7270203492777778,0.3412245634027778,0.7270203492777778,0.0,0.0,0.0,0.0,0.0,0.0,0.0,0.0,0.0,0.0,0.0,0.0,0.0,
120053K,0.09644983666666668,0.12056229583333335,0.0,0.09644983666666668,low,13641.658236,0.911875875,16413.76575,1586.234250000001,18000.0,0.088124125,1.0,0.08812412500000007,0.0,0.0,0.0,0.0,0.0,0.0,0.0,0.0,0.0,0.0,0.0,0.0,0.0,
120370K,0.11770066855555555,0.14712583569444443,0.0,0.11770066855555555,low,13871.167220399999,0.7957615166666667,14323.7073,3676.2927,18000.0,0.20423848333333328,0.9947018958333333,0.20423848333333333,0.0,0.0,0.0,0.0,0.0,0.0,0.0,0.0,0.0,0.0,0.0,0.0,0.0,
120466K,0.15072666083333336,0.18840832604166668,0.0,0.15072666083333336,low,14227.847936999999,0.414692375,7464.46275,10535.53725,18000.0,0.585307625,0.51836546875,0.585307625,0.0,0.0,0.0,0.0,0.0,0.0,0.0,0.0,0.0,0.0,0.0,0.0,0.0,
120768K,0.18473820095000004,0.23092275118750002,0.0,0.18473820095000004,low,14595.17257026,0.0222515275,400.527495,17599.472505,18000.0,0.9777484725,0.027814409374999998,0.9777484725000001,0.0,0.0,0.0,0.0,0.0,0.0,0.0,0.0,0.0,0.0,0.0,0.0,0.0,
121368K,0.1824791351703704,0.22809891896296297,0.0,0.1824791351703704,low,14570.77465984,0.0483176711111111,869.7180800000001,17130.28192,18000.0,0.9516823288888889,0.060397088888888895,0.9516823288888889,0.0,0.0,0.0,0.0,0.0,0.0,0.0,0.0,0.0,0.0,0.0,0.0,0.0,
121440K,0.0722885866074074,0.09036073325925925,0.0,0.0722885866074074,low,13380.71673536,1.0722945005555555,19301.30101,0.0,18000.0,-0.07229450055555553,1.0,0.0,0.0,0.0,0.0,0.0,0.0,0.0,0.0,0.0,0.0,0.0,0.0,0.0,0.0,
122409K,0.07077512462222221,0.08846890577777776,0.0,0.07077512462222221,low,13364.371345919999,1.0864832066666668,19556.69772,0.0,18000.0,-0.08648320666666676,1.0,0.0,0.0,0.0,0.0,0.0,0.0,0.0,0.0,0.0,0.0,0.0,0.0,0.0,0.0,
122432K,0.12444602376666668,0.15555752970833334,0.0,0.12444602376666668,low,13944.017056679999,0.7179304950000001,12922.74891,5077.25109,18000.0,0.28206950499999994,0.8974131187500001,0.282069505,0.0,0.0,0.0,0.0,0.0,0.0,0.0,0.0,0.0,0.0,0.0,0.0,0.0,
1247JGE,0.18458475985555556,0.23073094981944445,0.0,0.18458475985555556,low,14593.51540644,0.0240220016666666,432.39603,17567.60397,18000.0,0.9759779983333334,0.030027502083333334,0.9759779983333333,0.0,0.0,0.0,0.0,0.0,0.0,0.0,0.0,0.0,0.0,0.0,0.0,0.0,
1260079,0.15046850442592596,0.18808563053240743,0.0,0.15046850442592596,low,14225.0598478,0.4176711027777778,7518.07985,10481.92015,18000.0,0.5823288972222223,0.5220888784722222,0.5823288972222223,0.0,0.0,0.0,0.0,0.0,0.0,0.0,0.0,0.0,0.0,0.0,0.0,0.0,
1387JGE,0.1843121279625926,0.23039015995324075,0.0,0.1843121279625926,low,14590.570981996,0.0271677542777777,489.019577,17510.980423,18000.0,0.9728322457222223,0.03395969284722222,0.9728322457222223,0.0,0.0,0.0,0.0,0.0,0.0,0.0,0.0,0.0,0.0,0.0,0.0,0.0,
1416JFHA,0.18550356923333336,0.2318794615416667,0.0,0.18550356923333336,low,14603.438547719998,0.013420355,241.56639,17758.43361,18000.0,0.986579645,0.01677544375,0.986579645,0.0,0.0,0.0,0.0,0.0,0.0,0.0,0.0,0.0,0.0,0.0,0.0,0.0,
1507EDM016,0.0981524304162963,0.12269053802037037,0.0,0.0981524304162963,low,13660.046248496,0.9027548370555556,16249.587067,1750.4129329999996,18000.0,0.09724516294444441,1.0,0.09724516294444442,0.0,0.0,0.0,0.0,0.0,0.0,0.0,0.0,0.0,0.0,0.0,0.0,0.0,
1507MDF049,0.18491922501111113,0.2311490312638889,0.0,0.18491922501111113,low,14597.12763012,0.0201627883333333,362.93019,17637.06981,18000.0,0.9798372116666667,0.025203485416666664,0.9798372116666667,0.0,0.0,0.0,0.0,0.0,0.0,0.0,0.0,0.0,0.0,0.0,0.0,0.0,
1511MDF034,0.18580147275555559,0.23225184094444448,0.0,0.18580147275555559,low,14606.655905759999,0.0099830066666666,179.69412,17820.30588,18000.0,0.9900169933333334,0.012478758333333333,0.9900169933333334,0.0,0.0,0.0,0.0,0.0,0.0,0.0,0.0,0.0,0.0,0.0,0.0,0.0,
1512EDM010,0.18406450000000005,0.23008062500000004,0.0,0.18406450000000005,low,14587.8966,0.030025,540.45,17459.55,18000.0,0.969975,0.03753125,0.9699749999999999,0.0,0.0,0.0,0.0,0.0,0.0,0.0,0.0,0.0,0.0,0.0,0.0,0.0,
1602MDF050,0.18423783925555556,0.23029729906944443,0.0,0.18423783925555556,low,14589.768663959998,0.0280249316666666,504.44877,17495.55123,18000.0,0.9719750683333334,0.03503116458333334,0.9719750683333334,0.0,0.0,0.0,0.0,0.0,0.0,0.0,0.0,0.0,0.0,0.0,0.0,0.0,
1603MDF019,0.1828147351777778,0.22851841897222222,0.0,0.1828147351777778,low,14574.399139919999,0.0444453633333333,800.01654,17199.98346,18000.0,0.9555546366666667,0.055556704166666665,0.9555546366666666,0.0,0.0,0.0,0.0,0.0,0.0,0.0,0.0,0.0,0.0,0.0,0.0,0.0,
1610MDF004,0.18546949652222225,0.2318368706527778,0.0,0.18546949652222225,low,14603.070562439998,0.0138135016666666,248.64303,17751.35697,18000.0,0.9861864983333334,0.017266877083333333,0.9861864983333334,0.0,0.0,0.0,0.0,0.0,0.0,0.0,0.0,0.0,0.0,0.0,0.0,0.0,
1610MDF123,0.1822039861740741,0.22775498271759262,0.0,0.1822039861740741,low,14567.803050679999,0.0514924672222222,926.86441,17073.13559,18000.0,0.9485075327777778,0.06436558402777778,0.9485075327777779,0.0,0.0,0.0,0.0,0.0,0.0,0.0,0.0,0.0,0.0,0.0,0.0,0.0,
1611MDF003,0.161512282702963,0.20189035337870373,0.0,0.161512282702963,low,14344.332653192,0.2902428918888888,5224.372054,12775.627946,18000.0,0.7097571081111111,0.3628036148611111,0.7097571081111111,0.0,0.0,0.0,0.0,0.0,0.0,0.0,0.0,0.0,0.0,0.0,0.0,0.0,
1612MDF009,0.18003672362592596,0.22504590453240744,0.0,0.18003672362592596,low,14544.39661516,0.0764993427777777,1376.98817,16623.01183,18000.0,0.9235006572222223,0.09562417847222222,0.9235006572222222,0.0,0.0,0.0,0.0,0.0,0.0,0.0,0.0,0.0,0.0,0.0,0.0,0.0,
1701MDF078,0.18660378306666667,0.2332547288333333,0.0,0.18660378306666667,low,14615.32085712,0.00072558,13.06044,17986.93956,18000.0,0.99927442,0.000906975,0.9992744199999999,0.0,0.0,0.0,0.0,0.0,0.0,0.0,0.0,0.0,0.0,0.0,0.0,0.0,
1701MDF118,0.18574334990000002,0.232179187375,0.0,0.18574334990000002,low,14606.028178919998,0.010653655,191.76579,17808.23421,18000.0,0.989346345,0.013317068750000001,0.989346345,0.0,0.0,0.0,0.0,0.0,0.0,0.0,0.0,0.0,0.0,0.0,0.0,0.0,
1703MDF193,0.18394788956666666,0.22993486195833332,0.0,0.18394788956666666,low,14586.63720732,0.031370505,564.66909,17435.33091,18000.0,0.968629495,0.03921313125,0.9686294950000001,0.0,0.0,0.0,0.0,0.0,0.0,0.0,0.0,0.0,0.0,0.0,0.0,0.0,
1704EDM001,0.16988462869555557,0.21235578586944445,0.0,0.16988462869555557,low,14434.753989912,0.1936388996666666,3485.500194,14514.499806,18000.0,0.8063611003333334,0.24204862458333334,0.8063611003333333,0.0,0.0,0.0,0.0,0.0,0.0,0.0,0.0,0.0,0.0,0.0,0.0,0.0,
1704MDF094,0.18410982190000003,0.230137277375,0.0,0.18410982190000003,low,14588.386076519999,0.0295020549999999,531.03699,17468.96301,18000.0,0.9704979450000001,0.03687756875,0.970497945,0.0,0.0,0.0,0.0,0.0,0.0,0.0,0.0,0.0,0.0,0.0,0.0,0.0,
1705MDF058,0.17123246442962964,0.21404058053703703,0.0,0.17123246442962964,low,14449.310615839999,0.1780869488888888,3205.56508,14794.43492,18000.0,0.8219130511111112,0.2226086861111111,0.8219130511111111,0.0,0.0,0.0,0.0,0.0,0.0,0.0,0.0,0.0,0.0,0.0,0.0,0.0,
1706MDF121,0.17854871622962964,0.22318589528703706,0.0,0.17854871622962964,low,14528.32613528,0.0936686588888888,1686.03586,16313.96414,18000.0,0.9063313411111112,0.11708582361111111,0.9063313411111111,0.0,0.0,0.0,0.0,0.0,0.0,0.0,0.0,0.0,0.0,0.0,0.0,0.0,
1708MDF054,0.18480226554222223,0.2310028319277778,0.0,0.18480226554222223,low,14595.864467856,0.0215123206666666,387.221772,17612.778228,18000.0,0.9784876793333334,0.02689040083333333,0.9784876793333332,0.0,0.0,0.0,0.0,0.0,0.0,0.0,0.0,0.0,0.0,0.0,0.0,0.0,
1710MDF045,0.15233753748888892,0.19042192186111115,0.0,0.15233753748888892,low,14245.24540488,0.3961053366666666,7129.89606,10870.10394,18000.0,0.6038946633333334,0.4951316708333333,0.6038946633333334,0.0,0.0,0.0,0.0,0.0,0.0,0.0,0.0,0.0,0.0,0.0,0.0,0.0,
1711MDF017,0.15892745949999998,0.19865932437499997,0.0,0.15892745949999998,low,14316.416562599998,0.320067775,5761.21995,12238.78005,18000.0,0.679932225,0.40008471874999996,0.679932225,0.0,0.0,0.0,0.0,0.0,0.0,0.0,0.0,0.0,0.0,0.0,0.0,0.0,
1711MDF033,0.18660299078888895,0.23325373848611117,0.0,0.18660299078888895,low,14615.31230052,0.0007347216666666,13.22499,17986.77501,18000.0,0.9992652783333335,0.0009184020833333333,0.9992652783333335,0.0,0.0,0.0,0.0,0.0,0.0,0.0,0.0,0.0,0.0,0.0,0.0,0.0,
1711MDF126,0.1866551593074074,0.23331894913425924,0.0,0.1866551593074074,low,14615.87572052,0.0001327772222222,2.38999,17997.61001,18000.0,0.9998672227777778,0.00016597152777777778,0.9998672227777778,0.0,0.0,0.0,0.0,0.0,0.0,0.0,0.0,0.0,0.0,0.0,0.0,0.0,
1712MDF018,0.1812160885851852,0.22652011073148148,0.0,0.1812160885851852,low,14557.13375672,0.0628912855555555,1132.04314,16867.95686,18000.0,0.9371087144444445,0.07861410694444444,0.9371087144444443,0.0,0.0,0.0,0.0,0.0,0.0,0.0,0.0,0.0,0.0,0.0,0.0,0.0,
1712MDF125,0.18472435164074075,0.23090543955092593,0.0,0.18472435164074075,low,14595.02299772,0.0224113272222222,403.40389,17596.59611,18000.0,0.9775886727777778,0.028014159027777777,0.9775886727777777,0.0,0.0,0.0,0.0,0.0,0.0,0.0,0.0,0.0,0.0,0.0,0.0,0.0,
1712MDF126,0.18061448960740742,0.22576811200925925,0.0,0.18061448960740742,low,14550.636487759999,0.0698328122222222,1256.99062,16743.00938,18000.0,0.9301671877777778,0.08729101527777779,0.9301671877777777,0.0,0.0,0.0,0.0,0.0,0.0,0.0,0.0,0.0,0.0,0.0,0.0,0.0,
1712MDF131,0.0887586404888889,0.11094830061111112,0.0,0.0887586404888889,low,13558.59331728,0.9530787116666666,17155.41681,844.5831900000012,18000.0,0.04692128833333342,1.0,0.0469212883333334,0.0,0.0,0.0,0.0,0.0,0.0,0.0,0.0,0.0,0.0,0.0,0.0,0.0,
1712MDF162,0.1772221114888889,0.2215276393611111,0.0,0.1772221114888889,low,14513.99880408,0.1089756366666666,1961.56146,16038.43854,18000.0,0.8910243633333335,0.13621954583333332,0.8910243633333332,0.0,0.0,0.0,0.0,0.0,0.0,0.0,0.0,0.0,0.0,0.0,0.0,0.0,
1800827,0.18335448436851853,0.22919310546064817,0.0,0.18335448436851853,low,14580.22843118,0.0382174880555555,687.9147849999999,17312.085215,18000.0,0.9617825119444445,0.04777186006944444,0.9617825119444444,0.0,0.0,0.0,0.0,0.0,0.0,0.0,0.0,0.0,0.0,0.0,0.0,0.0,
1801MDF009,0.18199583532592592,0.2274947941574074,0.0,0.18199583532592592,low,14565.555021519998,0.0538942077777777,970.09574,17029.90426,18000.0,0.9461057922222222,0.06736775972222223,0.9461057922222221,0.0,0.0,0.0,0.0,0.0,0.0,0.0,0.0,0.0,0.0,0.0,0.0,0.0,
1802709,0.18429250762592597,0.23036563453240744,0.0,0.18429250762592597,low,14590.359082359999,0.0273941427777777,493.09457,17506.90543,18000.0,0.9726058572222223,0.03424267847222222,0.9726058572222221,0.0,0.0,0.0,0.0,0.0,0.0,0.0,0.0,0.0,0.0,0.0,0.0,0.0,
1802MDF002,0.1859814872703704,0.23247685908796298,0.0,0.1859814872703704,low,14608.60006252,0.0079059161111111,142.30649,17857.69351,18000.0,0.9920940838888889,0.009882395138888889,0.992094083888889,0.0,0.0,0.0,0.0,0.0,0.0,0.0,0.0,0.0,0.0,0.0,0.0,0.0,
1802MDF053,0.18628738641851852,0.23285923302314815,0.0,0.18628738641851852,low,14611.903773319998,0.0043763105555555,78.77359,17921.22641,18000.0,0.9956236894444445,0.0054703881944444446,0.9956236894444445,0.0,0.0,0.0,0.0,0.0,0.0,0.0,0.0,0.0,0.0,0.0,0.0,0.0,
1802MDF058,0.17780873673444447,0.22226092091805558,0.0,0.17780873673444447,low,14520.334356731999,0.1022068838333333,1839.723909,16160.276091,18000.0,0.8977931161666667,0.12775860479166667,0.8977931161666667,0.0,0.0,0.0,0.0,0.0,0.0,0.0,0.0,0.0,0.0,0.0,0.0,0.0,
1803342,0.18299698107037035,0.22874622633796293,0.0,0.18299698107037035,low,14576.367395559999,0.0423425261111111,762.16547,17237.83453,18000.0,0.9576574738888889,0.05292815763888889,0.9576574738888889,0.0,0.0,0.0,0.0,0.0,0.0,0.0,0.0,0.0,0.0,0.0,0.0,0.0,
1804272,0.18317930072592595,0.22897412590740743,0.0,0.18317930072592595,low,14578.33644784,0.0402388377777777,724.29908,17275.70092,18000.0,0.9597611622222223,0.050298547222222226,0.9597611622222222,0.0,0.0,0.0,0.0,0.0,0.0,0.0,0.0,0.0,0.0,0.0,0.0,0.0,
1804501,0.18611203813333335,0.23264004766666668,0.0,0.18611203813333335,low,14610.010011839999,0.0063995599999999,115.19208,17884.80792,18000.0,0.9936004400000001,0.00799945,0.9936004399999999,0.0,0.0,0.0,0.0,0.0,0.0,0.0,0.0,0.0,0.0,0.0,0.0,0.0,
1804586,0.18570446060703705,0.23213057575879628,0.0,0.18570446060703705,low,14605.608174555999,0.0111023776111111,199.842797,17800.157203,18000.0,0.9888976223888889,0.013877972013888889,0.9888976223888888,0.0,0.0,0.0,0.0,0.0,0.0,0.0,0.0,0.0,0.0,0.0,0.0,0.0,
1912VLL28,0.18654708265185185,0.2331838533148148,0.0,0.18654708265185185,low,14614.70849264,0.0013798155555555,24.83668,17975.16332,18000.0,0.9986201844444444,0.0017247694444444445,0.9986201844444444,0.0,0.0,0.0,0.0,0.0,0.0,0.0,0.0,0.0,0.0,0.0,0.0,0.0,
2000012,0.18477471802222223,0.23096839752777779,0.0,0.18477471802222223,low,14595.566954639999,0.0218301766666666,392.94318,17607.05682,18000.0,0.9781698233333334,0.02728772083333333,0.9781698233333335,0.0,0.0,0.0,0.0,0.0,0.0,0.0,0.0,0.0,0.0,0.0,0.0,0.0,
2000578,0.17517071068,0.21896338834999998,0.0,0.17517071068,low,14491.843675344,0.132645646,2387.6216280000003,15612.378372,18000.0,0.8673543539999999,0.16580705750000002,0.8673543539999999,0.0,0.0,0.0,0.0,0.0,0.0,0.0,0.0,0.0,0.0,0.0,0.0,0.0,
2000705,0.16249501805444447,0.20311877256805558,0.0,0.16249501805444447,low,14354.946194988,0.2789036378333333,5020.265481,12979.734519,18000.0,0.7210963621666667,0.3486295472916667,0.7210963621666666,0.0,0.0,0.0,0.0,0.0,0.0,0.0,0.0,0.0,0.0,0.0,0.0,0.0,
203ZCT,0.1795239478366667,0.22440493479583334,0.0,0.1795239478366667,low,14538.858636636,0.0824159865,1483.487757,16516.512243,18000.0,0.9175840135,0.103019983125,0.9175840135000001,0.0,0.0,0.0,0.0,0.0,0.0,0.0,0.0,0.0,0.0,0.0,0.0,0.0,
225C,-0.07981681688888896,-0.09977102111111119,0.0,-0.07981681688888896,low,11737.978377599999,2.4982826583333337,44969.08785,0.0,18000.0,-1.4982826583333337,1.0,0.0,0.0,0.0,0.0,0.0,0.0,0.0,0.0,0.0,0.0,0.0,0.0,0.0,0.0,
2617JGE,0.18402569716666667,0.23003212145833332,0.0,0.18402569716666667,low,14587.4775294,0.030472725,548.50905,17451.49095,18000.0,0.969527275,0.03809090625,0.969527275,0.0,0.0,0.0,0.0,0.0,0.0,0.0,0.0,0.0,0.0,0.0,0.0,0.0,
2900JGE,0.1455296568037037,0.1819120710046296,0.0,0.1455296568037037,low,14171.720293479999,0.4746578061111111,8543.84051,9456.15949,18000.0,0.5253421938888889,0.5933222576388889,0.5253421938888889,0.0,0.0,0.0,0.0,0.0,0.0,0.0,0.0,0.0,0.0,0.0,0.0,0.0,
299TLA,0.1852994904666667,0.23162436308333334,0.0,0.1852994904666667,low,14601.234497039999,0.0157751099999999,283.95197999999993,17716.04802,18000.0,0.9842248900000001,0.019718887499999997,0.9842248899999999,0.0,0.0,0.0,0.0,0.0,0.0,0.0,0.0,0.0,0.0,0.0,0.0,0.0,
305,0.18376097171481484,0.22970121464351853,0.0,0.18376097171481484,low,14584.618494519998,0.0335272494444444,603.49049,17396.50951,18000.0,0.9664727505555556,0.04190906180555556,0.9664727505555556,0.0,0.0,0.0,0.0,0.0,0.0,0.0,0.0,0.0,0.0,0.0,0.0,0.0,
308C,-0.023634931911111146,-0.029543664888888932,0.0,-0.023634931911111146,low,12344.742735359998,1.9715774866666669,35488.39476,0.0,18000.0,-0.9715774866666669,1.0,0.0,0.0,0.0,0.0,0.0,0.0,0.0,0.0,0.0,0.0,0.0,0.0,0.0,0.0,
320C,0.11921199458148149,0.14901499322685186,0.0,0.11921199458148149,low,13887.48954148,0.7783231394444444,14009.81651,3990.18349,18000.0,0.22167686055555558,0.9729039243055556,0.22167686055555555,0.0,0.0,0.0,0.0,0.0,0.0,0.0,0.0,0.0,0.0,0.0,0.0,0.0,
329VBS,0.1487225038877778,0.18590312985972224,0.0,0.1487225038877778,low,14206.203041988,0.4378172628333333,7880.710731,10119.289269,18000.0,0.5621827371666668,0.5472715785416666,0.5621827371666667,0.0,0.0,0.0,0.0,0.0,0.0,0.0,0.0,0.0,0.0,0.0,0.0,0.0,
330C,0.10538344511111111,0.13172930638888888,0.0,0.10538344511111111,low,13738.141207199998,0.8640172583333333,15552.31065,2447.689350000001,18000.0,0.13598274166666668,1.0,0.1359827416666667,0.0,0.0,0.0,0.0,0.0,0.0,0.0,0.0,0.0,0.0,0.0,0.0,0.0,
370,0.18218761633333336,0.22773452041666667,0.0,0.18218761633333336,low,14567.626256399999,0.0516813499999999,930.2643,17069.7357,18000.0,0.9483186500000002,0.0646016875,0.94831865,0.0,0.0,0.0,0.0,0.0,0.0,0.0,0.0,0.0,0.0,0.0,0.0,0.0,
3866GMK,0.16748888020333333,0.20936110025416665,0.0,0.16748888020333333,low,14408.879906195998,0.2212821514999999,3983.078727,14016.921273,18000.0,0.7787178485000001,0.276602689375,0.7787178485,0.0,0.0,0.0,0.0,0.0,0.0,0.0,0.0,0.0,0.0,0.0,0.0,0.0,
4000009,0.18148229102481483,0.22685286378101854,0.0,0.18148229102481483,low,14560.008743068,0.0598197189444444,1076.754941,16923.245059,18000.0,0.9401802810555556,0.07477464868055556,0.9401802810555556,0.0,0.0,0.0,0.0,0.0,0.0,0.0,0.0,0.0,0.0,0.0,0.0,0.0,
400TL078,0.060594468977777774,0.07574308622222221,0.0,0.060594468977777774,low,13254.42026496,1.1819268533333334,21274.68336,0.0,18000.0,-0.18192685333333336,1.0,0.0,0.0,0.0,0.0,0.0,0.0,0.0,0.0,0.0,0.0,0.0,0.0,0.0,0.0,
400TL310,0.1857020955266667,0.23212761940833335,0.0,0.1857020955266667,low,14605.582631688,0.011129667,200.334006,17799.665994,18000.0,0.988870333,0.013912083749999998,0.9888703329999999,0.0,0.0,0.0,0.0,0.0,0.0,0.0,0.0,0.0,0.0,0.0,0.0,0.0,
400TL319,0.09815243356888889,0.12269054196111111,0.0,0.09815243356888889,low,13660.046282543999,0.9027548201666666,16249.586763,1750.413237000001,18000.0,0.09724517983333336,1.0,0.09724517983333339,0.0,0.0,0.0,0.0,0.0,0.0,0.0,0.0,0.0,0.0,0.0,0.0,0.0,
403TL113,0.18387876902888892,0.22984846128611114,0.0,0.18387876902888892,low,14585.890705512,0.0321680496666666,579.024894,17420.975106,18000.0,0.9678319503333334,0.04021006208333333,0.9678319503333335,0.0,0.0,0.0,0.0,0.0,0.0,0.0,0.0,0.0,0.0,0.0,0.0,0.0,
403TL167,0.18401162042962962,0.23001452553703702,0.0,0.18401162042962962,low,14587.325500639998,0.0306351488888888,551.43268,17448.56732,18000.0,0.9693648511111111,0.038293936111111114,0.969364851111111,0.0,0.0,0.0,0.0,0.0,0.0,0.0,0.0,0.0,0.0,0.0,0.0,0.0,
403TL180,0.08078711328888888,0.10098389161111108,0.0,0.08078711328888888,low,13472.50082352,0.9957833216666668,17924.09979,75.90020999999979,18000.0,0.004216678333333168,1.0,0.004216678333333322,0.0,0.0,0.0,0.0,0.0,0.0,0.0,0.0,0.0,0.0,0.0,0.0,0.0,
404TL087,0.10661275085777777,0.13326593857222221,0.0,0.10661275085777777,low,13751.417709264,0.8574316918333333,15433.770453,2566.229547000001,18000.0,0.14256830816666666,1.0,0.1425683081666667,0.0,0.0,0.0,0.0,0.0,0.0,0.0,0.0,0.0,0.0,0.0,0.0,0.0,
405TL020,0.18531804758148152,0.23164755947685187,0.0,0.18531804758148152,low,14601.43491388,0.0155609894444444,280.09781,17719.90219,18000.0,0.9844390105555556,0.019451236805555553,0.9844390105555556,0.0,0.0,0.0,0.0,0.0,0.0,0.0,0.0,0.0,0.0,0.0,0.0,0.0,
405TL302,0.1732393403444445,0.2165491754305556,0.0,0.1732393403444445,low,14470.98487572,0.1549306883333333,2788.75239,15211.24761,18000.0,0.8450693116666668,0.19366336041666668,0.8450693116666667,0.0,0.0,0.0,0.0,0.0,0.0,0.0,0.0,0.0,0.0,0.0,0.0,0.0,
40AU2X,-0.07152183520000001,-0.08940229400000001,0.0,-0.07152183520000001,low,11827.56417984,2.420517205,43569.30969,0.0,18000.0,-1.420517205,1.0,0.0,0.0,0.0,0.0,0.0,0.0,0.0,0.0,0.0,0.0,0.0,0.0,0.0,0.0,
417,0.18570213022222226,0.23212766277777783,0.0,0.18570213022222226,low,14605.5830064,0.0111292666666666,200.3268,17799.6732,18000.0,0.9888707333333334,0.013911583333333333,0.9888707333333334,0.0,0.0,0.0,0.0,0.0,0.0,0.0,0.0,0.0,0.0,0.0,0.0,0.0,
418,0.18512656056666668,0.23140820070833334,0.0,0.18512656056666668,low,14599.366854119999,0.0177704549999999,319.86819,17680.13181,18000.0,0.9822295450000001,0.022213068750000002,0.9822295449999999,0.0,0.0,0.0,0.0,0.0,0.0,0.0,0.0,0.0,0.0,0.0,0.0,0.0,
418C,0.1385994482851852,0.17324931035648147,0.0,0.1385994482851852,low,14096.87404148,0.5546217505555556,9983.19151,8016.808489999999,18000.0,0.4453782494444444,0.6932771881944445,0.44537824944444443,0.0,0.0,0.0,0.0,0.0,0.0,0.0,0.0,0.0,0.0,0.0,0.0,0.0,
44VLB,0.16487595082222226,0.2060949385277778,0.0,0.16487595082222226,low,14380.66026888,0.2514313366666666,4525.76406,13474.23594,18000.0,0.7485686633333334,0.31428917083333335,0.7485686633333334,0.0,0.0,0.0,0.0,0.0,0.0,0.0,0.0,0.0,0.0,0.0,0.0,0.0,
457C,0.08493508200888887,0.10616885251111108,0.0,0.08493508200888887,low,13517.298885695998,0.9735620606666668,17524.117092,475.8829079999996,18000.0,0.02643793933333316,1.0,0.02643793933333331,0.0,0.0,0.0,0.0,0.0,0.0,0.0,0.0,0.0,0.0,0.0,0.0,0.0,
45BB9X,-0.26488285083851854,-0.3311035635481481,0.0,-0.26488285083851854,low,9739.265210943999,4.233276726611111,76198.98107899999,0.0,18000.0,-3.233276726611111,1.0,0.0,0.0,0.0,0.0,0.0,0.0,0.0,0.0,0.0,0.0,0.0,0.0,0.0,0.0,
460TL122,0.11047011322962963,0.13808764153703704,0.0,0.11047011322962963,low,13793.07722288,0.8367672505555557,15061.81051,2938.1894900000007,18000.0,0.16323274944444432,1.0,0.1632327494444445,0.0,0.0,0.0,0.0,0.0,0.0,0.0,0.0,0.0,0.0,0.0,0.0,0.0,
467TL118,0.18527450750000005,0.23159313437500004,0.0,0.18527450750000005,low,14600.964681,0.016063375,289.14075,17710.85925,18000.0,0.983936625,0.020079218750000002,0.9839366250000001,0.0,0.0,0.0,0.0,0.0,0.0,0.0,0.0,0.0,0.0,0.0,0.0,0.0,
475TL188,0.05213524108444445,0.06516905135555556,0.0,0.05213524108444445,low,13163.060603712,1.2612321148333332,22702.178067,0.0,18000.0,-0.2612321148333332,1.0,0.0,0.0,0.0,0.0,0.0,0.0,0.0,0.0,0.0,0.0,0.0,0.0,0.0,0.0,
500ZDU,0.1859814872703704,0.23247685908796298,0.0,0.1859814872703704,low,14608.60006252,0.0079059161111111,142.30649,17857.69351,18000.0,0.9920940838888889,0.009882395138888889,0.992094083888889,0.0,0.0,0.0,0.0,0.0,0.0,0.0,0.0,0.0,0.0,0.0,0.0,0.0,
5480JES,0.15130469036333336,0.18913086295416667,0.0,0.15130469036333336,low,14234.090655924,0.4080228035,7344.410462999999,10655.589537,18000.0,0.5919771965,0.5100285043749999,0.5919771965,0.0,0.0,0.0,0.0,0.0,0.0,0.0,0.0,0.0,0.0,0.0,0.0,0.0,
54AM8P,-0.7214300666666666,-0.9017875833333333,0.0,-0.7214300666666666,low,4808.55528,8.513406875,153241.32374999998,0.0,18000.0,-7.513406874999999,1.0,0.0,0.0,0.0,0.0,0.0,0.0,0.0,0.0,0.0,0.0,0.0,0.0,0.0,0.0,
583371,-0.015676883911111085,-0.019596104888888854,0.0,-0.015676883911111085,low,12430.68965376,1.8969707866666663,34145.47416,0.0,18000.0,-0.8969707866666663,1.0,0.0,0.0,0.0,0.0,0.0,0.0,0.0,0.0,0.0,0.0,0.0,0.0,0.0,0.0,
60F708,0.16235345165111115,0.2029418145638889,0.0,0.16235345165111115,low,14353.417277832,0.2805370963333333,5049.667734,12950.332266,18000.0,0.7194629036666667,0.35067137041666663,0.7194629036666667,0.0,0.0,0.0,0.0,0.0,0.0,0.0,0.0,0.0,0.0,0.0,0.0,0.0,
62AL5N,-0.8601206396444447,-1.0751507995555558,0.0,-0.8601206396444447,low,3310.6970918399957,9.813630996666667,176645.35794000002,0.0,18000.0,-8.813630996666667,1.0,0.0,0.0,0.0,0.0,0.0,0.0,0.0,0.0,0.0,0.0,0.0,0.0,0.0,0.0,
634333,-0.5760347597511112,-0.7200434496888889,0.0,-0.5760347597511112,low,6378.824594687999,7.1503258726666665,128705.865708,0.0,18000.0,-6.1503258726666665,1.0,0.0,0.0,0.0,0.0,0.0,0.0,0.0,0.0,0.0,0.0,0.0,0.0,0.0,0.0,
640NZ022M,0.1813819552962963,0.22672744412037038,0.0,0.1813819552962963,low,14558.925117199999,0.0609774388888888,1097.5938999999998,16902.4061,18000.0,0.9390225611111112,0.0762217986111111,0.9390225611111112,0.0,0.0,0.0,0.0,0.0,0.0,0.0,0.0,0.0,0.0,0.0,0.0,0.0,
69AY8K,0.18087083193703704,0.2260885399212963,0.0,0.18087083193703704,low,14553.40498492,0.0668750161111111,1203.75029,16796.24971,18000.0,0.9331249838888889,0.08359377013888888,0.9331249838888889,0.0,0.0,0.0,0.0,0.0,0.0,0.0,0.0,0.0,0.0,0.0,0.0,0.0,
6CS4E9,0.11632172444444444,0.14540215555555555,0.0,0.11632172444444444,low,13856.274623999998,0.8054193333333334,14497.548,3502.4519999999998,18000.0,0.19458066666666662,1.0,0.19458066666666665,0.0,0.0,0.0,0.0,0.0,0.0,0.0,0.0,0.0,0.0,0.0,0.0,0.0,
6CS4L60,0.023192581920000014,0.028990727400000017,0.0,0.023192581920000014,low,12850.479884736,1.5325695444999998,27586.251801,0.0,18000.0,-0.5325695444999998,1.0,0.0,0.0,0.0,0.0,0.0,0.0,0.0,0.0,0.0,0.0,0.0,0.0,0.0,0.0,
6CS5F50,0.07911288878222224,0.0988911109777778,0.0,0.07911288878222224,low,13454.419198847998,1.0083166676666666,18149.700018,0.0,18000.0,-0.00831666766666661,1.0,0.0,0.0,0.0,0.0,0.0,0.0,0.0,0.0,0.0,0.0,0.0,0.0,0.0,0.0,
6CS8F90,0.10282700186666671,0.1285337523333334,0.0,0.10282700186666671,low,13710.53162016,0.8777124899999998,15798.824819999998,2201.175180000002,18000.0,0.12228751000000015,1.0,0.12228751000000011,0.0,0.0,0.0,0.0,0.0,0.0,0.0,0.0,0.0,0.0,0.0,0.0,0.0,
6CSL90,0.04033460355555559,0.050418254444444484,0.0,0.04033460355555559,low,13035.6137184,1.3718630916666663,24693.53565,0.0,18000.0,-0.3718630916666663,1.0,0.0,0.0,0.0,0.0,0.0,0.0,0.0,0.0,0.0,0.0,0.0,0.0,0.0,0.0,
701TL011C,0.08930295999111114,0.11162869998888891,0.0,0.08930295999111114,low,13564.471967903999,0.9501627143333332,17102.928858,897.0711420000007,18000.0,0.049837285666666786,1.0,0.0498372856666667,0.0,0.0,0.0,0.0,0.0,0.0,0.0,0.0,0.0,0.0,0.0,0.0,0.0,
705TL005M,0.11426383809333335,0.14282979761666667,0.0,0.11426383809333335,low,13834.049451407998,0.8164437245,14695.987041,3304.012959,18000.0,0.18355627549999998,1.0,0.1835562755,0.0,0.0,0.0,0.0,0.0,0.0,0.0,0.0,0.0,0.0,0.0,0.0,0.0,
710TL023M,0.17309078817444445,0.21636348521805557,0.0,0.17309078817444445,low,14469.380512283999,0.1566447518333333,2819.605533,15180.394467,18000.0,0.8433552481666667,0.19580593979166666,0.8433552481666666,0.0,0.0,0.0,0.0,0.0,0.0,0.0,0.0,0.0,0.0,0.0,0.0,0.0,
710TL065M,0.18576286479222226,0.23220358099027782,0.0,0.18576286479222226,low,14606.238939756,0.0104284831666666,187.712697,17812.287303,18000.0,0.9895715168333334,0.013035603958333333,0.9895715168333334,0.0,0.0,0.0,0.0,0.0,0.0,0.0,0.0,0.0,0.0,0.0,0.0,0.0,
71BA4V,-0.6199204826014817,-0.7749006032518521,0.0,-0.6199204826014817,low,5904.858787903997,7.561754524388889,136111.581439,0.0,18000.0,-6.561754524388889,1.0,0.0,0.0,0.0,0.0,0.0,0.0,0.0,0.0,0.0,0.0,0.0,0.0,0.0,0.0,
741601J,0.18610234345555554,0.23262792931944443,0.0,0.18610234345555554,low,14609.905309319998,0.0065114216666666,117.20559,17882.79441,18000.0,0.9934885783333334,0.008139277083333334,0.9934885783333333,0.0,0.0,0.0,0.0,0.0,0.0,0.0,0.0,0.0,0.0,0.0,0.0,0.0,
744733J,0.06829232800592593,0.0853654100074074,0.0,0.06829232800592593,low,13337.557142463998,1.1097594249444445,19975.669649,0.0,18000.0,-0.10975942494444446,1.0,0.0,0.0,0.0,0.0,0.0,0.0,0.0,0.0,0.0,0.0,0.0,0.0,0.0,0.0,
747276J,0.18439713490000004,0.23049641862500003,0.0,0.18439713490000004,low,14591.48905692,0.026186905,471.36429,17528.63571,18000.0,0.973813095,0.03273363125,0.9738130949999999,0.0,0.0,0.0,0.0,0.0,0.0,0.0,0.0,0.0,0.0,0.0,0.0,0.0,
752895J,0.13206789961555557,0.16508487451944445,0.0,0.13206789961555557,low,14026.333315847998,0.6299857736666666,11339.743926,6660.256074000001,18000.0,0.37001422633333336,0.7874822170833333,0.37001422633333336,0.0,0.0,0.0,0.0,0.0,0.0,0.0,0.0,0.0,0.0,0.0,0.0,0.0,
753233J,0.14220071687481484,0.17775089609351855,0.0,0.14220071687481484,low,14135.767742248,0.5130686514444444,9235.235726,8764.764274,18000.0,0.48693134855555564,0.6413358143055556,0.48693134855555553,0.0,0.0,0.0,0.0,0.0,0.0,0.0,0.0,0.0,0.0,0.0,0.0,0.0,
754292J,0.10962496727555555,0.13703120909444444,0.0,0.10962496727555555,low,13783.949646576,0.8412948181666666,15143.306727,2856.6932730000008,18000.0,0.15870518183333338,1.0,0.15870518183333338,0.0,0.0,0.0,0.0,0.0,0.0,0.0,0.0,0.0,0.0,0.0,0.0,0.0,
756963J,0.044730374008888886,0.055912967511111106,0.0,0.044730374008888886,low,13083.088039295999,1.3306527436666666,23951.749386,0.0,18000.0,-0.33065274366666664,1.0,0.0,0.0,0.0,0.0,0.0,0.0,0.0,0.0,0.0,0.0,0.0,0.0,0.0,0.0,
757306J,0.18418703125925928,0.2302337890740741,0.0,0.18418703125925928,low,14589.2199376,0.0286111777777777,515.0011999999999,17484.9988,18000.0,0.9713888222222223,0.03576397222222222,0.9713888222222223,0.0,0.0,0.0,0.0,0.0,0.0,0.0,0.0,0.0,0.0,0.0,0.0,0.0,
7681JFL,0.1665984494788889,0.2082480618486111,0.0,0.1665984494788889,low,14399.263254372,0.2315563521666666,4168.014339,13831.985661,18000.0,0.7684436478333334,0.28944544020833335,0.7684436478333334,0.0,0.0,0.0,0.0,0.0,0.0,0.0,0.0,0.0,0.0,0.0,0.0,0.0,
770517J,0.07611771389037036,0.09514714236296294,0.0,0.07611771389037036,low,13422.071310016,1.036396432277778,18655.135781,0.0,18000.0,-0.03639643227777789,1.0,0.0,0.0,0.0,0.0,0.0,0.0,0.0,0.0,0.0,0.0,0.0,0.0,0.0,0.0,
770529J,0.12299727002444445,0.15374658753055556,0.0,0.12299727002444445,low,13928.370516264,0.7346468843333334,13223.643918,4776.356082,18000.0,0.26535311566666664,0.9183086054166667,0.2653531156666667,0.0,0.0,0.0,0.0,0.0,0.0,0.0,0.0,0.0,0.0,0.0,0.0,0.0,
770680J,0.0700144170311111,0.08751802128888887,0.0,0.0700144170311111,low,13356.155703935998,1.0936148403333334,19685.067126,0.0,18000.0,-0.09361484033333345,1.0,0.0,0.0,0.0,0.0,0.0,0.0,0.0,0.0,0.0,0.0,0.0,0.0,0.0,0.0,
770778J,0.17391532584222225,0.21739415730277778,0.0,0.17391532584222225,low,14478.285519096,0.1471308556666666,2648.355402,15351.644598,18000.0,0.8528691443333334,0.18391356958333335,0.8528691443333334,0.0,0.0,0.0,0.0,0.0,0.0,0.0,0.0,0.0,0.0,0.0,0.0,0.0,
770792J,0.05377852483555556,0.06722315604444445,0.0,0.05377852483555556,low,13180.808068224,1.2458263296666665,22424.873934,0.0,18000.0,-0.2458263296666665,1.0,0.0,0.0,0.0,0.0,0.0,0.0,0.0,0.0,0.0,0.0,0.0,0.0,0.0,0.0,
770804J,0.09643292504,0.12054115630000001,0.0,0.09643292504,low,13641.475590431999,0.911966473,16415.396514,1584.603486,18000.0,0.088033527,1.0,0.088033527,0.0,0.0,0.0,0.0,0.0,0.0,0.0,0.0,0.0,0.0,0.0,0.0,0.0,
770957J,0.10882584932888889,0.1360323116611111,0.0,0.10882584932888889,low,13775.319172751999,0.8455758071666667,15220.364529,2779.635471,18000.0,0.1544241928333333,1.0,0.15442419283333333,0.0,0.0,0.0,0.0,0.0,0.0,0.0,0.0,0.0,0.0,0.0,0.0,0.0,
770973J,0.09493434670518519,0.11866793338148147,0.0,0.09493434670518519,low,13625.290944416,0.9199945712222222,16559.902282,1440.097718000001,18000.0,0.08000542877777783,1.0,0.08000542877777783,0.0,0.0,0.0,0.0,0.0,0.0,0.0,0.0,0.0,0.0,0.0,0.0,0.0,
772,0.18662162027037035,0.23327702533796293,0.0,0.18662162027037035,low,14615.51349892,0.0005197661111111,9.35579,17990.64421,18000.0,0.9994802338888888,0.000649707638888889,0.9994802338888888,0.0,0.0,0.0,0.0,0.0,0.0,0.0,0.0,0.0,0.0,0.0,0.0,0.0,
807703J,0.10725443093333337,0.1340680386666667,0.0,0.10725443093333337,low,13758.34785408,0.85399412,15371.89416,2628.10584,18000.0,0.14600588000000003,1.0,0.14600588,0.0,0.0,0.0,0.0,0.0,0.0,0.0,0.0,0.0,0.0,0.0,0.0,0.0,
8162,0.16576567231,0.2072070903875,0.0,0.16576567231,low,14390.269260948,0.2411653195,4340.975751,13659.024249,18000.0,0.7588346805,0.301456649375,0.7588346805,0.0,0.0,0.0,0.0,0.0,0.0,0.0,0.0,0.0,0.0,0.0,0.0,0.0,
8163JES,0.15983678002370372,0.19979597502962965,0.0,0.15983678002370372,low,14326.237224255998,0.3095756151111111,5572.361072,12427.638928,18000.0,0.6904243848888889,0.38696951888888886,0.6904243848888889,0.0,0.0,0.0,0.0,0.0,0.0,0.0,0.0,0.0,0.0,0.0,0.0,0.0,
837757J,0.10250983622222226,0.1281372952777778,0.0,0.10250983622222226,low,13707.1062312,0.8794115916666666,15829.40865,2170.5913500000006,18000.0,0.1205884083333334,1.0,0.12058840833333337,0.0,0.0,0.0,0.0,0.0,0.0,0.0,0.0,0.0,0.0,0.0,0.0,0.0,
838745J,0.10700487559362964,0.13375609449203704,0.0,0.10700487559362964,low,13755.6526564112,0.8553310236055556,15395.9584249,2604.0415751,18000.0,0.14466897639444443,1.0,0.14466897639444445,0.0,0.0,0.0,0.0,0.0,0.0,0.0,0.0,0.0,0.0,0.0,0.0,0.0,
838850J,0.058517200817777795,0.07314650102222224,0.0,0.058517200817777795,low,13231.985768831999,1.2014012423333331,21625.222362,0.0,18000.0,-0.20140124233333312,1.0,0.0,0.0,0.0,0.0,0.0,0.0,0.0,0.0,0.0,0.0,0.0,0.0,0.0,0.0,
845NA083C,0.18487393301111113,0.2310924162638889,0.0,0.18487393301111113,low,14596.63847652,0.0206853883333333,372.33699,17627.66301,18000.0,0.9793146116666667,0.02585673541666667,0.9793146116666667,0.0,0.0,0.0,0.0,0.0,0.0,0.0,0.0,0.0,0.0,0.0,0.0,0.0,
845NA116C,0.18655801175185188,0.23319751468981484,0.0,0.18655801175185188,low,14614.82652692,0.0012537105555555,22.56679,17977.43321,18000.0,0.9987462894444445,0.0015671381944444445,0.9987462894444444,0.0,0.0,0.0,0.0,0.0,0.0,0.0,0.0,0.0,0.0,0.0,0.0,0.0,
852EC085,0.08288416118666672,0.1036052014833334,0.0,0.08288416118666672,low,13495.148940816,0.9845491364999998,17721.884456999996,278.1155430000035,18000.0,0.015450863500000245,1.0,0.015450863500000196,0.0,0.0,0.0,0.0,0.0,0.0,0.0,0.0,0.0,0.0,0.0,0.0,0.0,
867004J,0.07525805907555554,0.09407257384444441,0.0,0.07525805907555554,low,13412.787038015998,1.044455696166667,18800.202531000003,0.0,18000.0,-0.04445569616666689,1.0,0.0,0.0,0.0,0.0,0.0,0.0,0.0,0.0,0.0,0.0,0.0,0.0,0.0,0.0,
88107,0.1823480123555556,0.22793501544444447,0.0,0.1823480123555556,low,14569.35853344,0.0498306266666666,896.95128,17103.04872,18000.0,0.9501693733333334,0.06228828333333333,0.9501693733333333,0.0,0.0,0.0,0.0,0.0,0.0,0.0,0.0,0.0,0.0,0.0,0.0,0.0,
8E9003481,0.088286054,0.11035756749999999,0.0,0.088286054,low,13553.4893832,0.955610425,17200.98765,799.0123500000009,18000.0,0.04438957499999996,1.0,0.04438957500000005,0.0,0.0,0.0,0.0,0.0,0.0,0.0,0.0,0.0,0.0,0.0,0.0,0.0,
902246,0.05791372539259259,0.07239215674074073,0.0,0.05791372539259259,low,13225.46823424,1.2070588244444445,21727.05884,0.0,18000.0,-0.20705882444444446,1.0,0.0,0.0,0.0,0.0,0.0,0.0,0.0,0.0,0.0,0.0,0.0,0.0,0.0,0.0,
9026746,0.14230271949222226,0.1778783993652778,0.0,0.14230271949222226,low,14136.869370515999,0.5118916981666666,9214.050566999998,8785.949433000002,18000.0,0.4881083018333334,0.6398646227083332,0.4881083018333334,0.0,0.0,0.0,0.0,0.0,0.0,0.0,0.0,0.0,0.0,0.0,0.0,0.0,
906068,0.10553098484740742,0.13191373105925927,0.0,0.10553098484740742,low,13739.734636352001,0.8632268668888888,15538.083604,2461.9163960000005,18000.0,0.13677313311111117,1.0,0.13677313311111114,0.0,0.0,0.0,0.0,0.0,0.0,0.0,0.0,0.0,0.0,0.0,0.0,0.0,
906301,0.018791250074074044,0.023489062592592553,0.0,0.018791250074074044,low,12802.945500799999,1.5738320305555558,28328.976550000003,0.0,18000.0,-0.5738320305555558,1.0,0.0,0.0,0.0,0.0,0.0,0.0,0.0,0.0,0.0,0.0,0.0,0.0,0.0,0.0,
91171,0.14682389953703703,0.18352987442129629,0.0,0.14682389953703703,low,14185.698115,0.4597242361111111,8275.03625,9724.96375,18000.0,0.5402757638888889,0.5746552951388888,0.540275763888889,0.0,0.0,0.0,0.0,0.0,0.0,0.0,0.0,0.0,0.0,0.0,0.0,0.0,
9312JES,0.16197404245259261,0.20246755306574074,0.0,0.16197404245259261,low,14349.319658488,0.2849148947777778,5128.468106,12871.531894,18000.0,0.7150851052222222,0.35614361847222226,0.7150851052222222,0.0,0.0,0.0,0.0,0.0,0.0,0.0,0.0,0.0,0.0,0.0,0.0,0.0,
94AL6N,-0.17273515893333335,-0.2159189486666667,0.0,-0.17273515893333335,low,10734.460283519998,3.369392115,60649.05807,0.0,18000.0,-2.369392115,1.0,0.0,0.0,0.0,0.0,0.0,0.0,0.0,0.0,0.0,0.0,0.0,0.0,0.0,0.0,
9RK9096968,0.06918847045333335,0.08648558806666667,0.0,0.06918847045333335,low,13347.235480895999,1.1013580895,19824.445611,0.0,18000.0,-0.10135808949999991,1.0,0.0,0.0,0.0,0.0,0.0,0.0,0.0,0.0,0.0,0.0,0.0,0.0,0.0,0.0,
A00001A,0.13694688544444447,0.17118360680555558,0.0,0.13694688544444447,low,14079.0263628,0.5736897833333332,10326.4161,7673.5839,18000.0,0.4263102166666668,0.7171122291666667,0.42631021666666663,0.0,0.0,0.0,0.0,0.0,0.0,0.0,0.0,0.0,0.0,0.0,0.0,0.0,
A00002A,0.135039758,0.1687996975,0.0,0.135039758,low,14058.4293864,0.5956950999999999,10722.511799999998,7277.488200000002,18000.0,0.4043049000000001,0.7446188749999999,0.4043049000000001,0.0,0.0,0.0,0.0,0.0,0.0,0.0,0.0,0.0,0.0,0.0,0.0,0.0,
A00007A,0.10264575288888887,0.12830719111111108,0.0,0.10264575288888887,low,13708.5741312,0.8786834666666667,15816.3024,2183.6975999999995,18000.0,0.12131653333333325,1.0,0.12131653333333331,0.0,0.0,0.0,0.0,0.0,0.0,0.0,0.0,0.0,0.0,0.0,0.0,0.0,
A00012,0.18581713573333333,0.23227141966666665,0.0,0.18581713573333333,low,14606.825065919998,0.00980228,176.44104,17823.55896,18000.0,0.99019772,0.01225285,0.99019772,0.0,0.0,0.0,0.0,0.0,0.0,0.0,0.0,0.0,0.0,0.0,0.0,0.0,
A00016A,0.15279108274074077,0.19098885342592595,0.0,0.15279108274074077,low,14250.143693600001,0.3908721222222222,7035.6982,10964.3018,18000.0,0.6091278777777778,0.4885901527777778,0.6091278777777778,0.0,0.0,0.0,0.0,0.0,0.0,0.0,0.0,0.0,0.0,0.0,0.0,0.0,
A00022A,0.1407069110740741,0.17588363884259262,0.0,0.1407069110740741,low,14119.634639599999,0.5303048722222222,9545.4877,8454.5123,18000.0,0.4696951277777778,0.6628810902777778,0.4696951277777778,0.0,0.0,0.0,0.0,0.0,0.0,0.0,0.0,0.0,0.0,0.0,0.0,0.0,
A00027A,0.12735571511111113,0.1591946438888889,0.0,0.12735571511111113,low,13975.4417232,0.6843571333333333,12318.4284,5681.571599999999,18000.0,0.31564286666666674,0.8554464166666668,0.31564286666666663,0.0,0.0,0.0,0.0,0.0,0.0,0.0,0.0,0.0,0.0,0.0,0.0,0.0,
A00038A,0.11272973407407408,0.1409121675925926,0.0,0.11272973407407408,low,13817.481128,0.8246621388888888,14843.9185,3156.0815,18000.0,0.17533786111111116,1.0,0.1753378611111111,0.0,0.0,0.0,0.0,0.0,0.0,0.0,0.0,0.0,0.0,0.0,0.0,0.0,
A00039A,0.13254340266666667,0.16567925333333333,0.0,0.13254340266666667,low,14031.468748799998,0.6244992,11240.9856,6759.0144,18000.0,0.37550079999999997,0.780624,0.3755008,0.0,0.0,0.0,0.0,0.0,0.0,0.0,0.0,0.0,0.0,0.0,0.0,0.0,
A00042A,0.13234210103703703,0.1654276262962963,0.0,0.13234210103703703,low,14029.294691199999,0.6268219111111112,11282.7944,6717.205599999999,18000.0,0.3731780888888888,0.783527388888889,0.37317808888888887,0.0,0.0,0.0,0.0,0.0,0.0,0.0,0.0,0.0,0.0,0.0,0.0,0.0,
A00053A,0.08736594237037038,0.10920742796296296,0.0,0.08736594237037038,low,13543.5521776,0.9605395944444444,17289.7127,710.2873,18000.0,0.03946040555555563,1.0,0.03946040555555555,0.0,0.0,0.0,0.0,0.0,0.0,0.0,0.0,0.0,0.0,0.0,0.0,0.0,
A0005J,0.17716785866111115,0.22145982332638892,0.0,0.17716785866111115,low,14513.41287354,0.1096016308333333,1972.829355,16027.170645,18000.0,0.8903983691666667,0.13700203854166668,0.8903983691666667,0.0,0.0,0.0,0.0,0.0,0.0,0.0,0.0,0.0,0.0,0.0,0.0,0.0,
A00065A,0.1073491514074074,0.13418643925925924,0.0,0.1073491514074074,low,13759.3708352,0.8534866888888889,15362.7604,2637.239600000001,18000.0,0.1465133111111111,1.0,0.14651331111111116,0.0,0.0,0.0,0.0,0.0,0.0,0.0,0.0,0.0,0.0,0.0,0.0,0.0,
A00068A,0.08149436311111113,0.1018679538888889,0.0,0.08149436311111113,low,13480.1391216,0.9919944833333332,17855.9007,144.09930000000168,18000.0,0.008005516666666823,1.0,0.008005516666666759,0.0,0.0,0.0,0.0,0.0,0.0,0.0,0.0,0.0,0.0,0.0,0.0,0.0,
A00070A,0.07622497599999997,0.09528121999999996,0.0,0.07622497599999997,low,13423.2297408,1.0353908500000002,18637.035300000003,0.0,18000.0,-0.035390850000000196,1.0,0.0,0.0,0.0,0.0,0.0,0.0,0.0,0.0,0.0,0.0,0.0,0.0,0.0,0.0,
A00079A,0.12593744496296297,0.1574218062037037,0.0,0.12593744496296297,low,13960.1244056,0.7007217888888889,12612.9922,5387.007799999999,18000.0,0.2992782111111111,0.8759022361111112,0.2992782111111111,0.0,0.0,0.0,0.0,0.0,0.0,0.0,0.0,0.0,0.0,0.0,0.0,0.0,
A00082A,0.07743474702962963,0.09679343378703703,0.0,0.07743474702962963,low,13436.295267919999,1.0240492465972222,18432.88643875,0.0,18000.0,-0.024049246597222185,1.0,0.0,0.0,0.0,0.0,0.0,0.0,0.0,0.0,0.0,0.0,0.0,0.0,0.0,0.0,
A00091A,0.14964000696296295,0.1870500087037037,0.0,0.14964000696296295,low,14216.112075199999,0.4272306888888888,7690.152399999999,10309.8476,18000.0,0.5727693111111112,0.534038361111111,0.5727693111111111,0.0,0.0,0.0,0.0,0.0,0.0,0.0,0.0,0.0,0.0,0.0,0.0,0.0,
A00095A,0.06344838340740741,0.07931047925925926,0.0,0.06344838340740741,low,13285.242540799998,1.1551714055555555,20793.0853,0.0,18000.0,-0.15517140555555553,1.0,0.0,0.0,0.0,0.0,0.0,0.0,0.0,0.0,0.0,0.0,0.0,0.0,0.0,0.0,
A00096A,0.0794941351111111,0.09936766888888887,0.0,0.0794941351111111,low,13458.5366592,1.0047424833333334,18085.3647,0.0,18000.0,-0.0047424833333333805,1.0,0.0,0.0,0.0,0.0,0.0,0.0,0.0,0.0,0.0,0.0,0.0,0.0,0.0,0.0,
A00115A,0.13543473078888887,0.16929341348611107,0.0,0.13543473078888887,low,14062.695092519998,0.5911377216666668,10640.47899,7359.52101,18000.0,0.4088622783333332,0.7389221520833333,0.40886227833333333,0.0,0.0,0.0,0.0,0.0,0.0,0.0,0.0,0.0,0.0,0.0,0.0,0.0,
A00136A,0.10071009214814815,0.12588761518518518,0.0,0.10071009214814815,low,13687.6689952,0.8890530777777778,16002.9554,1997.0445999999995,18000.0,0.11094692222222224,1.0,0.11094692222222219,0.0,0.0,0.0,0.0,0.0,0.0,0.0,0.0,0.0,0.0,0.0,0.0,0.0,
A00137A,0.0813411605925926,0.10167645074074073,0.0,0.0813411605925926,low,13478.484534399999,0.9928152111111112,17870.6738,129.32619999999952,18000.0,0.007184788888888849,1.0,0.007184788888888862,0.0,0.0,0.0,0.0,0.0,0.0,0.0,0.0,0.0,0.0,0.0,0.0,0.0,
A00147A,0.12833879822222224,0.16042349777777778,0.0,0.12833879822222224,low,13986.0590208,0.6730138666666666,12114.2496,5885.750400000001,18000.0,0.3269861333333334,0.8412673333333333,0.3269861333333334,0.0,0.0,0.0,0.0,0.0,0.0,0.0,0.0,0.0,0.0,0.0,0.0,0.0,
A00148A,0.1098335094814815,0.13729188685185187,0.0,0.1098335094814815,low,13786.2019024,0.8401776277777777,15123.1973,2876.8027,18000.0,0.1598223722222223,1.0,0.15982237222222223,0.0,0.0,0.0,0.0,0.0,0.0,0.0,0.0,0.0,0.0,0.0,0.0,0.0,
A00150A,0.1263668344814815,0.15795854310185187,0.0,0.1263668344814815,low,13964.7618124,0.6957672944444444,12523.8113,5476.188700000001,18000.0,0.3042327055555556,0.8697091180555555,0.3042327055555556,0.0,0.0,0.0,0.0,0.0,0.0,0.0,0.0,0.0,0.0,0.0,0.0,0.0,
A00158A,0.11975556512222224,0.1496944564027778,0.0,0.11975556512222224,low,13893.36010332,0.7720511716666667,13896.92109,4103.07891,18000.0,0.2279488283333333,0.9650639645833333,0.22794882833333335,0.0,0.0,0.0,0.0,0.0,0.0,0.0,0.0,0.0,0.0,0.0,0.0,0.0,
A0016D,0.15838253822555556,0.19797817278194443,0.0,0.15838253822555556,low,14310.531412835999,0.3263553281666667,5874.395907,12125.604093,18000.0,0.6736446718333333,0.40794416020833335,0.6736446718333333,0.0,0.0,0.0,0.0,0.0,0.0,0.0,0.0,0.0,0.0,0.0,0.0,0.0,
A00172A,0.11345550288888889,0.1418193786111111,0.0,0.11345550288888889,low,13825.3194312,0.8207740916666667,14773.93365,3226.066349999999,18000.0,0.1792259083333333,1.0,0.1792259083333333,0.0,0.0,0.0,0.0,0.0,0.0,0.0,0.0,0.0,0.0,0.0,0.0,0.0,
A00178A,0.13785312844444447,0.17231641055555558,0.0,0.13785312844444447,low,14088.8137872,0.5632331333333332,10138.1964,7861.803599999999,18000.0,0.43676686666666675,0.7040414166666668,0.43676686666666664,0.0,0.0,0.0,0.0,0.0,0.0,0.0,0.0,0.0,0.0,0.0,0.0,0.0,
A00180A,0.09031417644444448,0.11289272055555559,0.0,0.09031417644444448,low,13575.3931056,0.9447454833333332,17005.4187,994.5813000000016,18000.0,0.05525451666666681,1.0,0.05525451666666676,0.0,0.0,0.0,0.0,0.0,0.0,0.0,0.0,0.0,0.0,0.0,0.0,0.0,
A00188A,0.08096557999999998,0.10120697499999998,0.0,0.08096557999999998,low,13474.428263999998,0.99482725,17906.8905,93.10949999999866,18000.0,0.005172749999999948,1.0,0.005172749999999926,0.0,0.0,0.0,0.0,0.0,0.0,0.0,0.0,0.0,0.0,0.0,0.0,0.0,
A00191A,0.09521468562962962,0.11901835703703702,0.0,0.09521468562962962,low,13628.3186048,0.9184927555555557,16532.8696,1467.1303999999982,18000.0,0.08150724444444435,1.0,0.08150724444444435,0.0,0.0,0.0,0.0,0.0,0.0,0.0,0.0,0.0,0.0,0.0,0.0,0.0,
A00196A,0.15598261885185183,0.19497827356481479,0.0,0.15598261885185183,low,14284.6122836,0.3540467055555555,6372.8407,11627.1593,18000.0,0.6459532944444445,0.4425583819444444,0.6459532944444444,0.0,0.0,0.0,0.0,0.0,0.0,0.0,0.0,0.0,0.0,0.0,0.0,0.0,
A00200A,0.11989451961851855,0.14986814952314817,0.0,0.11989451961851855,low,13894.86081188,0.7704478505555555,13868.06131,4131.938690000001,18000.0,0.22955214944444446,0.9630598131944443,0.2295521494444445,0.0,0.0,0.0,0.0,0.0,0.0,0.0,0.0,0.0,0.0,0.0,0.0,0.0,
A00201A,0.1507507556592593,0.1884384445740741,0.0,0.1507507556592593,low,14228.108161119999,0.4144143577777777,7459.458439999999,10540.54156,18000.0,0.5855856422222223,0.5180179472222222,0.5855856422222222,0.0,0.0,0.0,0.0,0.0,0.0,0.0,0.0,0.0,0.0,0.0,0.0,0.0,
A00212A,0.1010169928888889,0.12627124111111113,0.0,0.1010169928888889,low,13690.9835232,0.8874089666666667,15973.3614,2026.6386,18000.0,0.11259103333333331,1.0,0.11259103333333333,0.0,0.0,0.0,0.0,0.0,0.0,0.0,0.0,0.0,0.0,0.0,0.0,0.0,
A00213A,0.10186693288888889,0.1273336661111111,0.0,0.10186693288888889,low,13700.162875199998,0.8828557166666667,15891.4029,2108.597100000001,18000.0,0.11714428333333327,1.0,0.11714428333333338,0.0,0.0,0.0,0.0,0.0,0.0,0.0,0.0,0.0,0.0,0.0,0.0,0.0,
A00214A,0.12351240955555556,0.15439051194444445,0.0,0.12351240955555556,low,13933.934023199998,0.7287029666666667,13116.6534,4883.346600000001,18000.0,0.2712970333333333,0.9108787083333333,0.2712970333333334,0.0,0.0,0.0,0.0,0.0,0.0,0.0,0.0,0.0,0.0,0.0,0.0,0.0,
A00215A,0.1265766568888889,0.1582208211111111,0.0,0.1265766568888889,low,13967.0278944,0.6933462666666668,12480.232800000002,5519.767199999998,18000.0,0.30665373333333323,0.8666828333333334,0.30665373333333323,0.0,0.0,0.0,0.0,0.0,0.0,0.0,0.0,0.0,0.0,0.0,0.0,0.0,
A00217A,0.11705519896296297,0.1463189987037037,0.0,0.11705519896296297,low,13864.1961488,0.8014900055555555,14426.8201,3573.179899999999,18000.0,0.1985099944444445,1.0,0.1985099944444444,0.0,0.0,0.0,0.0,0.0,0.0,0.0,0.0,0.0,0.0,0.0,0.0,0.0,
A0022K,0.17937104682962962,0.224213808537037,0.0,0.17937104682962962,low,14537.20730576,0.0841802288888888,1515.2441199999998,16484.75588,18000.0,0.9158197711111112,0.1052252861111111,0.9158197711111111,0.0,0.0,0.0,0.0,0.0,0.0,0.0,0.0,0.0,0.0,0.0,0.0,0.0,
A00232A,0.14675690596296295,0.1834461324537037,0.0,0.14675690596296295,low,14184.974584399999,0.4604972388888889,8288.9503,9711.0497,18000.0,0.5395027611111112,0.5756215486111111,0.5395027611111111,0.0,0.0,0.0,0.0,0.0,0.0,0.0,0.0,0.0,0.0,0.0,0.0,0.0,
A00234A,0.10084195037037039,0.12605243796296298,0.0,0.10084195037037039,low,13689.093063999999,0.8883466944444445,15990.2405,2009.7595,18000.0,0.11165330555555553,1.0,0.11165330555555555,0.0,0.0,0.0,0.0,0.0,0.0,0.0,0.0,0.0,0.0,0.0,0.0,0.0,
A00241A,0.13294667422222223,0.16618334277777777,0.0,0.13294667422222223,low,14035.8240816,0.6198460666666666,11157.2292,6842.7708,18000.0,0.38015393333333336,0.7748075833333333,0.38015393333333336,0.0,0.0,0.0,0.0,0.0,0.0,0.0,0.0,0.0,0.0,0.0,0.0,0.0,
A00242A,0.14209830444444443,0.17762288055555553,0.0,0.14209830444444443,low,14134.661687999998,0.5142503333333334,9256.506,8743.494,18000.0,0.48574966666666664,0.6428129166666666,0.4857496666666667,0.0,0.0,0.0,0.0,0.0,0.0,0.0,0.0,0.0,0.0,0.0,0.0,0.0,
A00252A,0.13397271848148148,0.16746589810185183,0.0,0.13397271848148148,low,14046.9053596,0.6080070944444445,10944.1277,7055.872300000001,18000.0,0.39199290555555555,0.7600088680555555,0.3919929055555556,0.0,0.0,0.0,0.0,0.0,0.0,0.0,0.0,0.0,0.0,0.0,0.0,0.0,
A00253A,0.13980010618518518,0.17475013273148146,0.0,0.13980010618518518,low,14109.8411468,0.5407680055555556,9733.8241,8266.1759,18000.0,0.4592319944444444,0.6759600069444445,0.45923199444444446,0.0,0.0,0.0,0.0,0.0,0.0,0.0,0.0,0.0,0.0,0.0,0.0,0.0,
A00275A,0.12179697,0.1522462125,0.0,0.12179697,low,13915.407276,0.7484965,13472.937,4527.063,18000.0,0.2515035,0.935620625,0.2515035,0.0,0.0,0.0,0.0,0.0,0.0,0.0,0.0,0.0,0.0,0.0,0.0,0.0,
A00276A,0.13509036411111108,0.16886295513888885,0.0,0.13509036411111108,low,14058.975932399999,0.5951111833333333,10712.0013,7287.9987,18000.0,0.40488881666666665,0.7438889791666666,0.40488881666666665,0.0,0.0,0.0,0.0,0.0,0.0,0.0,0.0,0.0,0.0,0.0,0.0,0.0,
A0028N,0.18401027662925928,0.2300128457865741,0.0,0.18401027662925928,low,14587.310987596,0.0306506542777777,551.711777,17448.288223,18000.0,0.9693493457222223,0.03831331784722222,0.9693493457222222,0.0,0.0,0.0,0.0,0.0,0.0,0.0,0.0,0.0,0.0,0.0,0.0,0.0,
A00291A,0.12515652476696668,0.15644565595870832,0.0,0.12515652476696668,low,13951.69046748324,0.709732406535,12775.18331763,5224.816682369999,18000.0,0.290267593465,0.8871655081687501,0.290267593465,0.0,0.0,0.0,0.0,0.0,0.0,0.0,0.0,0.0,0.0,0.0,0.0,0.0,
A00296A,0.1254838397666667,0.15685479970833335,0.0,0.1254838397666667,low,13955.22546948,0.705955695,12707.20251,5292.797490000001,18000.0,0.294044305,0.8824446187499999,0.29404430500000006,0.0,0.0,0.0,0.0,0.0,0.0,0.0,0.0,0.0,0.0,0.0,0.0,0.0,
A00300A,0.1291238224814815,0.16140477810185186,0.0,0.1291238224814815,low,13994.5372828,0.6639558944444444,11951.2061,6048.793900000001,18000.0,0.33604410555555564,0.8299448680555556,0.3360441055555556,0.0,0.0,0.0,0.0,0.0,0.0,0.0,0.0,0.0,0.0,0.0,0.0,0.0,
A00301A,0.07347842074074072,0.0918480259259259,0.0,0.07347842074074072,low,13393.566943999998,1.0611398055555556,19100.5165,0.0,18000.0,-0.06113980555555565,1.0,0.0,0.0,0.0,0.0,0.0,0.0,0.0,0.0,0.0,0.0,0.0,0.0,0.0,0.0,
A0030N,0.18049340211851853,0.22561675264814815,0.0,0.18049340211851853,low,14549.32874288,0.0712299755555555,1282.13956,16717.86044,18000.0,0.9287700244444445,0.08903746944444445,0.9287700244444445,0.0,0.0,0.0,0.0,0.0,0.0,0.0,0.0,0.0,0.0,0.0,0.0,0.0,
A00316A,0.1094422457777778,0.13680280722222224,0.0,0.1094422457777778,low,13781.976254399999,0.8422736833333333,15160.9263,2839.073700000001,18000.0,0.1577263166666667,1.0,0.1577263166666667,0.0,0.0,0.0,0.0,0.0,0.0,0.0,0.0,0.0,0.0,0.0,0.0,0.0,
A00317A,0.13861936866666666,0.1732742108333333,0.0,0.13861936866666666,low,14097.089181599998,0.5543918999999999,9979.0542,8020.945799999999,18000.0,0.44560810000000006,0.6929898750000001,0.4456080999999999,0.0,0.0,0.0,0.0,0.0,0.0,0.0,0.0,0.0,0.0,0.0,0.0,0.0,
A00329A,0.14594459133333335,0.18243073916666666,0.0,0.14594459133333335,low,14176.201586399999,0.4698701,8457.6618,9542.3382,18000.0,0.5301298999999999,0.587337625,0.5301299,0.0,0.0,0.0,0.0,0.0,0.0,0.0,0.0,0.0,0.0,0.0,0.0,0.0,
A00334A,0.11541567762962963,0.14426959703703704,0.0,0.11541567762962963,low,13846.4893184,0.8102731555555555,14584.9168,3415.083199999999,18000.0,0.18972684444444454,1.0,0.1897268444444444,0.0,0.0,0.0,0.0,0.0,0.0,0.0,0.0,0.0,0.0,0.0,0.0,0.0,
A00367A,0.18542885722222222,0.23178607152777775,0.0,0.18542885722222222,low,14602.631657999998,0.0142824166666666,257.0835,17742.9165,18000.0,0.9857175833333334,0.017853020833333334,0.9857175833333333,0.0,0.0,0.0,0.0,0.0,0.0,0.0,0.0,0.0,0.0,0.0,0.0,0.0,
A00368A,0.1405989508888889,0.17574868861111112,0.0,0.1405989508888889,low,14118.468669599999,0.5315505666666667,9567.9102,8432.0898,18000.0,0.46844943333333333,0.6644382083333333,0.46844943333333333,0.0,0.0,0.0,0.0,0.0,0.0,0.0,0.0,0.0,0.0,0.0,0.0,0.0,
A00383A,0.1293890195925926,0.16173627449074074,0.0,0.1293890195925926,low,13997.4014116,0.6608959277777777,11896.1267,6103.873299999999,18000.0,0.3391040722222223,0.8261199097222223,0.33910407222222216,0.0,0.0,0.0,0.0,0.0,0.0,0.0,0.0,0.0,0.0,0.0,0.0,0.0,
A0050B,0.16595375345000002,0.2074421918125,0.0,0.16595375345000002,low,14392.300537259998,0.2389951524999999,4301.912745,13698.087255,18000.0,0.7610048475000001,0.298743940625,0.7610048475,0.0,0.0,0.0,0.0,0.0,0.0,0.0,0.0,0.0,0.0,0.0,0.0,0.0,
A005JMD,0.15348934006,0.191861675075,0.0,0.15348934006,low,14257.684872647998,0.382815307,6890.675526,11109.324474,18000.0,0.617184693,0.47851913375,0.6171846929999999,0.0,0.0,0.0,0.0,0.0,0.0,0.0,0.0,0.0,0.0,0.0,0.0,0.0,
A00770A,0.12226926192592594,0.15283657740740741,0.0,0.12226926192592594,low,13920.508028799999,0.7430469777777777,13374.8456,4625.154399999999,18000.0,0.25695302222222227,0.9288087222222222,0.2569530222222222,0.0,0.0,0.0,0.0,0.0,0.0,0.0,0.0,0.0,0.0,0.0,0.0,0.0,
A00772A,0.11278311866666667,0.14097889833333332,0.0,0.11278311866666667,low,13818.0576816,0.82437615,14838.7707,3161.229300000001,18000.0,0.17562385000000003,1.0,0.17562385000000005,0.0,0.0,0.0,0.0,0.0,0.0,0.0,0.0,0.0,0.0,0.0,0.0,0.0,
A00774A,0.0796210322962963,0.09952629037037038,0.0,0.0796210322962963,low,13459.907148799999,1.003552822222222,18063.9508,0.0,18000.0,-0.003552822222222085,1.0,0.0,0.0,0.0,0.0,0.0,0.0,0.0,0.0,0.0,0.0,0.0,0.0,0.0,0.0,
A00786A,0.12975216496296296,0.1621902062037037,0.0,0.12975216496296296,low,14001.3233816,0.6567057888888889,11820.7042,6179.2958,18000.0,0.34329421111111114,0.8208822361111111,0.3432942111111111,0.0,0.0,0.0,0.0,0.0,0.0,0.0,0.0,0.0,0.0,0.0,0.0,0.0,
A00789A,0.12065191555555554,0.15081489444444443,0.0,0.12065191555555554,low,13903.040688,0.7617086666666666,13710.756,4289.244000000001,18000.0,0.2382913333333334,0.9521358333333333,0.23829133333333335,0.0,0.0,0.0,0.0,0.0,0.0,0.0,0.0,0.0,0.0,0.0,0.0,0.0,
A00790A,0.1217087163703704,0.152135895462963,0.0,0.1217087163703704,low,13914.4541368,0.7495148111111111,13491.2666,4508.733399999999,18000.0,0.25048518888888893,0.936893513888889,0.2504851888888888,0.0,0.0,0.0,0.0,0.0,0.0,0.0,0.0,0.0,0.0,0.0,0.0,0.0,
A00796A,0.12062737011111112,0.1507842126388889,0.0,0.12062737011111112,low,13902.7755972,0.7619918833333335,13715.853900000002,4284.146099999998,18000.0,0.23800811666666655,0.9524898541666668,0.23800811666666657,0.0,0.0,0.0,0.0,0.0,0.0,0.0,0.0,0.0,0.0,0.0,0.0,0.0,
A00798A,0.12925957618518522,0.1615744702314815,0.0,0.12925957618518522,low,13996.003422799999,0.6623895055555555,11923.0111,6076.9889,18000.0,0.33761049444444446,0.8279868819444445,0.33761049444444446,0.0,0.0,0.0,0.0,0.0,0.0,0.0,0.0,0.0,0.0,0.0,0.0,0.0,
A00800A,0.13528576422222224,0.16910720527777778,0.0,0.13528576422222224,low,14061.086253599999,0.5928565666666666,10671.4182,7328.5818,18000.0,0.40714343333333336,0.7410707083333333,0.4071434333333333,0.0,0.0,0.0,0.0,0.0,0.0,0.0,0.0,0.0,0.0,0.0,0.0,0.0,
A00819A,0.14427382890820742,0.18034228613525927,0.0,0.14427382890820742,low,14158.157352208638,0.4891481279822222,8804.66630368,9195.33369632,18000.0,0.5108518720177778,0.6114351599777778,0.5108518720177778,0.0,0.0,0.0,0.0,0.0,0.0,0.0,0.0,0.0,0.0,0.0,0.0,0.0,
A00865A,0.12354730925925926,0.15443413657407407,0.0,0.12354730925925926,low,13934.31094,0.7283002777777777,13109.405,4890.594999999999,18000.0,0.2716997222222223,0.9103753472222222,0.27169972222222216,0.0,0.0,0.0,0.0,0.0,0.0,0.0,0.0,0.0,0.0,0.0,0.0,0.0,
A00889A,0.13800525656296297,0.1725065707037037,0.0,0.13800525656296297,low,14090.45677088,0.5614778088888889,10106.60056,7893.399439999999,18000.0,0.4385221911111111,0.7018472611111112,0.43852219111111107,0.0,0.0,0.0,0.0,0.0,0.0,0.0,0.0,0.0,0.0,0.0,0.0,0.0,
A00895A,0.12096997644444446,0.15121247055555556,0.0,0.12096997644444446,low,13906.475745599999,0.7580387333333333,13644.6972,4355.3028,18000.0,0.24196126666666673,0.9475484166666667,0.24196126666666667,0.0,0.0,0.0,0.0,0.0,0.0,0.0,0.0,0.0,0.0,0.0,0.0,0.0,
A00896A,0.16434994800000002,0.205437435,0.0,0.16434994800000002,low,14374.9794384,0.2575006,4635.0108,13364.9892,18000.0,0.7424994,0.32187575,0.7424994,0.0,0.0,0.0,0.0,0.0,0.0,0.0,0.0,0.0,0.0,0.0,0.0,0.0,
A00897A,0.10953012844444449,0.1369126605555556,0.0,0.10953012844444449,low,13782.925387199999,0.8418028833333332,15152.451899999998,2847.548100000002,18000.0,0.1581971166666668,1.0,0.15819711666666678,0.0,0.0,0.0,0.0,0.0,0.0,0.0,0.0,0.0,0.0,0.0,0.0,0.0,
A0089L,0.1857634430514815,0.23220430381435186,0.0,0.1857634430514815,low,14606.245184956,0.0104218109444444,187.592597,17812.407403,18000.0,0.9895781890555556,0.013027263680555557,0.9895781890555556,0.0,0.0,0.0,0.0,0.0,0.0,0.0,0.0,0.0,0.0,0.0,0.0,0.0,
A00926A,0.09866827013333333,0.12333533766666666,0.0,0.09866827013333333,low,13665.61731744,0.89999141,16199.84538,1800.154619999999,18000.0,0.10000858999999995,1.0,0.10000858999999995,0.0,0.0,0.0,0.0,0.0,0.0,0.0,0.0,0.0,0.0,0.0,0.0,0.0,
A00943A,0.13033269874074074,0.16291587342592592,0.0,0.13033269874074074,low,14007.593146399999,0.6500073222222221,11700.1318,6299.868200000001,18000.0,0.34999267777777787,0.8125091527777777,0.3499926777777778,0.0,0.0,0.0,0.0,0.0,0.0,0.0,0.0,0.0,0.0,0.0,0.0,0.0,
A00947A,0.12723166911111114,0.1590395863888889,0.0,0.12723166911111114,low,13974.1020264,0.6857884333333334,12344.1918,5655.8082,18000.0,0.3142115666666666,0.8572355416666667,0.31421156666666666,0.0,0.0,0.0,0.0,0.0,0.0,0.0,0.0,0.0,0.0,0.0,0.0,0.0,
A00977A,0.10592537629629628,0.13240672037037035,0.0,0.10592537629629628,low,13743.994063999999,0.8611140555555555,15500.053,2499.947,18000.0,0.13888594444444446,1.0,0.13888594444444446,0.0,0.0,0.0,0.0,0.0,0.0,0.0,0.0,0.0,0.0,0.0,0.0,0.0,
A00982A,0.13928957644444448,0.17411197055555558,0.0,0.13928957644444448,low,14104.327425599999,0.5466587333333333,9839.8572,8160.1428,18000.0,0.45334126666666674,0.6833234166666667,0.45334126666666663,0.0,0.0,0.0,0.0,0.0,0.0,0.0,0.0,0.0,0.0,0.0,0.0,0.0,
A00983A,0.147649355,0.18456169375,0.0,0.147649355,low,14194.613034,0.4501997499999999,8103.595499999999,9896.4045,18000.0,0.5498002500000001,0.5627496875,0.54980025,0.0,0.0,0.0,0.0,0.0,0.0,0.0,0.0,0.0,0.0,0.0,0.0,0.0,
A01009A,0.09331629911111111,0.11664537388888889,0.0,0.09331629911111111,low,13607.816030399998,0.9286626833333332,16715.9283,1284.0717000000004,18000.0,0.07133731666666676,1.0,0.07133731666666669,0.0,0.0,0.0,0.0,0.0,0.0,0.0,0.0,0.0,0.0,0.0,0.0,0.0,
A01034A,0.13717395747481484,0.17146744684351853,0.0,0.13717395747481484,low,14081.478740728,0.5710697214444445,10279.254986,7720.745014,18000.0,0.42893027855555554,0.7138371518055555,0.42893027855555554,0.0,0.0,0.0,0.0,0.0,0.0,0.0,0.0,0.0,0.0,0.0,0.0,0.0,
A0103J,0.18587272826888893,0.23234091033611115,0.0,0.18587272826888893,low,14607.425465304,0.0091608276666666,164.89489799999998,17835.105102,18000.0,0.9908391723333334,0.011451034583333332,0.9908391723333334,0.0,0.0,0.0,0.0,0.0,0.0,0.0,0.0,0.0,0.0,0.0,0.0,0.0,
A01121A,0.15101347140740742,0.18876683925925927,0.0,0.15101347140740742,low,14230.945491199998,0.4113830222222222,7404.8944,10595.1056,18000.0,0.5886169777777778,0.5142287777777778,0.5886169777777778,0.0,0.0,0.0,0.0,0.0,0.0,0.0,0.0,0.0,0.0,0.0,0.0,0.0,
A01129A,0.1395087497037037,0.1743859371296296,0.0,0.1395087497037037,low,14106.694496799999,0.544129811111111,9794.3366,8205.6634,18000.0,0.45587018888888897,0.6801622638888889,0.45587018888888886,0.0,0.0,0.0,0.0,0.0,0.0,0.0,0.0,0.0,0.0,0.0,0.0,0.0,
A01133A,0.14752805344444442,0.18441006680555552,0.0,0.14752805344444442,low,14193.302977199997,0.4515993833333333,8128.7889,9871.2111,18000.0,0.5484006166666666,0.5644992291666666,0.5484006166666667,0.0,0.0,0.0,0.0,0.0,0.0,0.0,0.0,0.0,0.0,0.0,0.0,0.0,
A01146A,0.147788039,0.18473504875,0.0,0.147788039,low,14196.1108212,0.4485995499999999,8074.791899999999,9925.2081,18000.0,0.55140045,0.5607494375,0.55140045,0.0,0.0,0.0,0.0,0.0,0.0,0.0,0.0,0.0,0.0,0.0,0.0,0.0,
A01155A,0.13338668474074075,0.16673335592592595,0.0,0.13338668474074075,low,14040.5761952,0.6147690222222222,11065.8424,6934.1576000000005,18000.0,0.3852309777777778,0.7684612777777777,0.3852309777777778,0.0,0.0,0.0,0.0,0.0,0.0,0.0,0.0,0.0,0.0,0.0,0.0,0.0,
A01156A,0.14285342822222222,0.17856678527777778,0.0,0.14285342822222222,low,14142.817024799999,0.5055373666666667,9099.6726,8900.3274,18000.0,0.4944626333333333,0.6319217083333333,0.49446263333333335,0.0,0.0,0.0,0.0,0.0,0.0,0.0,0.0,0.0,0.0,0.0,0.0,0.0,
A01159A,0.12584776037037038,0.15730970046296297,0.0,0.12584776037037038,low,13959.155811999999,0.7017566111111111,12631.619,5368.380999999999,18000.0,0.2982433888888889,0.877195763888889,0.29824338888888885,0.0,0.0,0.0,0.0,0.0,0.0,0.0,0.0,0.0,0.0,0.0,0.0,0.0,
A01164A,0.1541389862962963,0.19267373287037037,0.0,0.1541389862962963,low,14264.701051999999,0.3753193888888889,6755.749,11244.251,18000.0,0.6246806111111112,0.4691492361111111,0.6246806111111112,0.0,0.0,0.0,0.0,0.0,0.0,0.0,0.0,0.0,0.0,0.0,0.0,0.0,
A01202A,0.16885772544444447,0.21107215680555558,0.0,0.16885772544444447,low,14423.6634348,0.2054877833333333,3698.7801,14301.2199,18000.0,0.7945122166666667,0.25685972916666666,0.7945122166666667,0.0,0.0,0.0,0.0,0.0,0.0,0.0,0.0,0.0,0.0,0.0,0.0,0.0,
A01216A,0.14690169803703704,0.1836271225462963,0.0,0.14690169803703704,low,14186.5383388,0.4588265611111111,8258.8781,9741.1219,18000.0,0.5411734388888889,0.5735332013888889,0.5411734388888889,0.0,0.0,0.0,0.0,0.0,0.0,0.0,0.0,0.0,0.0,0.0,0.0,0.0,
A01247A,0.09535893748148144,0.1191986718518518,0.0,0.09535893748148144,low,13629.8765248,0.917719977777778,16518.959600000002,1481.040399999998,18000.0,0.08228002222222197,1.0,0.08228002222222211,0.0,0.0,0.0,0.0,0.0,0.0,0.0,0.0,0.0,0.0,0.0,0.0,0.0,
A01249A,0.14896254325925926,0.18620317907407405,0.0,0.14896254325925926,low,14208.7954672,0.4350475777777778,7830.856400000001,10169.1436,18000.0,0.5649524222222222,0.5438094722222223,0.5649524222222222,0.0,0.0,0.0,0.0,0.0,0.0,0.0,0.0,0.0,0.0,0.0,0.0,0.0,
A01259A,0.15168834522222224,0.1896104315277778,0.0,0.15168834522222224,low,14238.2341284,0.4035960166666667,7264.728300000001,10735.2717,18000.0,0.5964039833333332,0.5044950208333334,0.5964039833333333,0.0,0.0,0.0,0.0,0.0,0.0,0.0,0.0,0.0,0.0,0.0,0.0,0.0,
A01278A,0.13690606737037037,0.17113258421296296,0.0,0.13690606737037037,low,14078.585527599998,0.5741607611111111,10334.8937,7665.106299999999,18000.0,0.42583923888888886,0.7177009513888889,0.4258392388888888,0.0,0.0,0.0,0.0,0.0,0.0,0.0,0.0,0.0,0.0,0.0,0.0,0.0,
A01327A,0.09019342488888886,0.11274178111111106,0.0,0.09019342488888886,low,13574.088988799998,0.9453923666666668,17017.0626,982.9373999999988,18000.0,0.05460763333333318,1.0,0.054607633333333266,0.0,0.0,0.0,0.0,0.0,0.0,0.0,0.0,0.0,0.0,0.0,0.0,0.0,
A01332A,0.12162186385185186,0.15202732981481482,0.0,0.12162186385185186,low,13913.516129599999,0.7505169555555556,13509.3052,4490.694799999999,18000.0,0.24948304444444436,0.9381461944444445,0.2494830444444444,0.0,0.0,0.0,0.0,0.0,0.0,0.0,0.0,0.0,0.0,0.0,0.0,0.0,
A0148G,0.17809872797037038,0.22262340996296295,0.0,0.17809872797037038,low,14523.466262079999,0.0988608311111111,1779.49496,16220.50504,18000.0,0.9011391688888889,0.12357603888888889,0.9011391688888889,0.0,0.0,0.0,0.0,0.0,0.0,0.0,0.0,0.0,0.0,0.0,0.0,0.0,
A01703A,0.13577775596296296,0.1697221949537037,0.0,0.13577775596296296,low,14066.399764399997,0.5871797388888889,10569.2353,7430.7647,18000.0,0.41282026111111114,0.7339746736111111,0.4128202611111111,0.0,0.0,0.0,0.0,0.0,0.0,0.0,0.0,0.0,0.0,0.0,0.0,0.0,
A01710A,0.14199804526185186,0.1774975565773148,0.0,0.14199804526185186,low,14133.578888828,0.5154071700555556,9277.329061,8722.670939,18000.0,0.4845928299444444,0.6442589625694445,0.4845928299444444,0.0,0.0,0.0,0.0,0.0,0.0,0.0,0.0,0.0,0.0,0.0,0.0,0.0,
A01722A,0.07881055466666666,0.09851319333333332,0.0,0.07881055466666666,low,13451.153990399998,1.01115105,18200.7189,0.0,18000.0,-0.011151050000000051,1.0,0.0,0.0,0.0,0.0,0.0,0.0,0.0,0.0,0.0,0.0,0.0,0.0,0.0,0.0,
A01726A,0.13418330981481483,0.16772913726851854,0.0,0.13418330981481483,low,14049.179746,0.6055771944444444,10900.3895,7099.610500000001,18000.0,0.39442280555555564,0.7569714930555556,0.3944228055555556,0.0,0.0,0.0,0.0,0.0,0.0,0.0,0.0,0.0,0.0,0.0,0.0,0.0,
A01738A,0.13092283277777778,0.1636535409722222,0.0,0.13092283277777778,low,14013.966594,0.6431980833333334,11577.5655,6422.434499999999,18000.0,0.3568019166666666,0.8039976041666667,0.3568019166666666,0.0,0.0,0.0,0.0,0.0,0.0,0.0,0.0,0.0,0.0,0.0,0.0,0.0,
A01747A,0.09373757155555555,0.11717196444444443,0.0,0.09373757155555555,low,13612.365772799998,0.9264058666666668,16675.3056,1324.6944000000003,18000.0,0.0735941333333332,1.0,0.07359413333333335,0.0,0.0,0.0,0.0,0.0,0.0,0.0,0.0,0.0,0.0,0.0,0.0,0.0,
A01860A,0.11844159938592594,0.14805199923240742,0.0,0.11844159938592594,low,13879.169273368,0.7872123147777778,14169.821666,3830.178334,18000.0,0.21278768522222224,0.9840153934722222,0.21278768522222224,0.0,0.0,0.0,0.0,0.0,0.0,0.0,0.0,0.0,0.0,0.0,0.0,0.0,
A01867A,0.1518252780740741,0.1897815975925926,0.0,0.1518252780740741,low,14239.713003199999,0.4020160222222222,7236.2884,10763.7116,18000.0,0.5979839777777778,0.5025200277777778,0.5979839777777778,0.0,0.0,0.0,0.0,0.0,0.0,0.0,0.0,0.0,0.0,0.0,0.0,0.0,
A01901A,0.12737129585185186,0.15921411981481481,0.0,0.12737129585185186,low,13975.6099952,0.6841773555555556,12315.1924,5684.8076,18000.0,0.3158226444444444,0.8552216944444444,0.31582264444444447,0.0,0.0,0.0,0.0,0.0,0.0,0.0,0.0,0.0,0.0,0.0,0.0,0.0,
A01905A,0.11364743946666667,0.14205929933333333,0.0,0.11364743946666667,low,13827.392346239998,0.81974586,14755.42548,3244.57452,18000.0,0.18025413999999995,1.0,0.18025414,0.0,0.0,0.0,0.0,0.0,0.0,0.0,0.0,0.0,0.0,0.0,0.0,0.0,
A01906A,0.07959387496296294,0.09949234370370368,0.0,0.07959387496296294,low,13459.613849599999,1.0038074222222224,18068.5336,0.0,18000.0,-0.003807422222222412,1.0,0.0,0.0,0.0,0.0,0.0,0.0,0.0,0.0,0.0,0.0,0.0,0.0,0.0,0.0,
A01913A,0.13303170618703705,0.1662896327337963,0.0,0.13303170618703705,low,14036.74242682,0.6188649286111111,11139.568715,6860.431285000001,18000.0,0.3811350713888889,0.7735811607638888,0.3811350713888889,0.0,0.0,0.0,0.0,0.0,0.0,0.0,0.0,0.0,0.0,0.0,0.0,0.0,
A01914A,0.13570708555555555,0.16963385694444444,0.0,0.13570708555555555,low,14065.636524,0.5879951666666667,10583.913,7416.086999999999,18000.0,0.41200483333333326,0.7349939583333334,0.41200483333333326,0.0,0.0,0.0,0.0,0.0,0.0,0.0,0.0,0.0,0.0,0.0,0.0,0.0,
A01929A,0.13850372702703703,0.1731296587837963,0.0,0.13850372702703703,low,14095.840251892,0.555726226611111,10003.072079,7996.927921,18000.0,0.44427377338888896,0.6946577832638888,0.4442737733888889,0.0,0.0,0.0,0.0,0.0,0.0,0.0,0.0,0.0,0.0,0.0,0.0,0.0,
A01931A,0.12149379945555555,0.15186724931944443,0.0,0.12149379945555555,low,13912.13303412,0.7519946216666666,13535.90319,4464.096809999999,18000.0,0.24800537833333336,0.9399932770833334,0.24800537833333328,0.0,0.0,0.0,0.0,0.0,0.0,0.0,0.0,0.0,0.0,0.0,0.0,0.0,
A01937A,0.12534712411111112,0.15668390513888888,0.0,0.12534712411111112,low,13953.748940399999,0.7075331833333334,12735.5973,5264.402700000001,18000.0,0.29246681666666663,0.8844164791666667,0.2924668166666667,0.0,0.0,0.0,0.0,0.0,0.0,0.0,0.0,0.0,0.0,0.0,0.0,0.0,
A01960A,0.11755830757777777,0.1469478844722222,0.0,0.11755830757777777,low,13869.629721839998,0.7974041433333334,14353.27458,3646.7254200000007,18000.0,0.20259585666666657,0.9967551791666667,0.2025958566666667,0.0,0.0,0.0,0.0,0.0,0.0,0.0,0.0,0.0,0.0,0.0,0.0,0.0,
A01973A,0.12531519803703703,0.1566439975462963,0.0,0.12531519803703703,low,13953.404138799999,0.707901561111111,12742.228099999998,5257.771900000002,18000.0,0.292098438888889,0.8848769513888888,0.292098438888889,0.0,0.0,0.0,0.0,0.0,0.0,0.0,0.0,0.0,0.0,0.0,0.0,0.0,
A02013A,0.12922487967148147,0.16153109958935183,0.0,0.12922487967148147,low,13995.628700451998,0.6627898499444445,11930.217299,6069.782701,18000.0,0.33721015005555555,0.8284873124305555,0.33721015005555555,0.0,0.0,0.0,0.0,0.0,0.0,0.0,0.0,0.0,0.0,0.0,0.0,0.0,
A02014A,0.09728991703703704,0.12161239629629629,0.0,0.09728991703703704,low,13650.731104,0.9073754444444444,16332.758,1667.2420000000002,18000.0,0.0926245555555556,1.0,0.09262455555555557,0.0,0.0,0.0,0.0,0.0,0.0,0.0,0.0,0.0,0.0,0.0,0.0,0.0,
A02015A,0.12978224551851855,0.16222780689814817,0.0,0.12978224551851855,low,14001.6482516,0.6563587055555555,11814.4567,6185.543299999999,18000.0,0.34364129444444447,0.8204483819444445,0.3436412944444444,0.0,0.0,0.0,0.0,0.0,0.0,0.0,0.0,0.0,0.0,0.0,0.0,0.0,
A02018A,0.1415216692222222,0.17690208652777775,0.0,0.1415216692222222,low,14128.4340276,0.5209038166666667,9376.2687,8623.7313,18000.0,0.47909618333333326,0.6511297708333333,0.4790961833333333,0.0,0.0,0.0,0.0,0.0,0.0,0.0,0.0,0.0,0.0,0.0,0.0,0.0,
A02033A,0.14585219123333334,0.18231523904166666,0.0,0.14585219123333334,low,14175.203665319998,0.470936255,8476.85259,9523.14741,18000.0,0.529063745,0.58867031875,0.529063745,0.0,0.0,0.0,0.0,0.0,0.0,0.0,0.0,0.0,0.0,0.0,0.0,0.0,
A02035A,0.1191548447037037,0.14894355587962962,0.0,0.1191548447037037,low,13886.872322799998,0.7789825611111111,14021.6861,3978.313899999999,18000.0,0.22101743888888892,0.9737282013888889,0.22101743888888883,0.0,0.0,0.0,0.0,0.0,0.0,0.0,0.0,0.0,0.0,0.0,0.0,0.0,
A02062A,0.11746462851851852,0.14683078564814814,0.0,0.11746462851851852,low,13868.617987999998,0.7984850555555555,14372.731,3627.269,18000.0,0.2015149444444445,0.9981063194444444,0.20151494444444443,0.0,0.0,0.0,0.0,0.0,0.0,0.0,0.0,0.0,0.0,0.0,0.0,0.0,
A02076A,0.1259350486825926,0.15741881085324072,0.0,0.1259350486825926,low,13960.098525771999,0.7007494382777778,12613.489889,5386.510111,18000.0,0.2992505617222222,0.8759367978472222,0.2992505617222222,0.0,0.0,0.0,0.0,0.0,0.0,0.0,0.0,0.0,0.0,0.0,0.0,0.0,
A02084A,0.17113499370370375,0.21391874212962966,0.0,0.17113499370370375,low,14448.257932,0.179211611111111,3225.809,14774.191,18000.0,0.8207883888888889,0.2240145138888889,0.8207883888888889,0.0,0.0,0.0,0.0,0.0,0.0,0.0,0.0,0.0,0.0,0.0,0.0,0.0,
A02209A,0.1348079338148148,0.1685099172685185,0.0,0.1348079338148148,low,14055.9256852,0.5983699944444445,10770.6599,7229.340099999999,18000.0,0.4016300055555555,0.7479624930555556,0.4016300055555555,0.0,0.0,0.0,0.0,0.0,0.0,0.0,0.0,0.0,0.0,0.0,0.0,0.0,
A02212A,0.08776594986035557,0.10970743732544445,0.0,0.08776594986035557,low,13547.87225849184,0.9583966971766666,17251.14054918,748.8594508200003,18000.0,0.041603302823333355,1.0,0.041603302823333355,0.0,0.0,0.0,0.0,0.0,0.0,0.0,0.0,0.0,0.0,0.0,0.0,0.0,
A02218A,0.13595747133333333,0.16994683916666667,0.0,0.13595747133333333,low,14068.3406904,0.5851061,10531.9098,7468.090200000001,18000.0,0.41489390000000004,0.731382625,0.41489390000000004,0.0,0.0,0.0,0.0,0.0,0.0,0.0,0.0,0.0,0.0,0.0,0.0,0.0,
A02226A,0.13208831648148148,0.16511039560185184,0.0,0.13208831648148148,low,14026.553817999999,0.6297501944444445,11335.5035,6664.496499999999,18000.0,0.37024980555555553,0.7871877430555556,0.37024980555555553,0.0,0.0,0.0,0.0,0.0,0.0,0.0,0.0,0.0,0.0,0.0,0.0,0.0,
A02231A,0.1229409497777778,0.15367618722222223,0.0,0.1229409497777778,low,13927.7622576,0.7352967333333332,13235.3412,4764.658799999999,18000.0,0.26470326666666677,0.9191209166666667,0.2647032666666666,0.0,0.0,0.0,0.0,0.0,0.0,0.0,0.0,0.0,0.0,0.0,0.0,0.0,
A02233A,0.10899743155555555,0.13624678944444443,0.0,0.10899743155555555,low,13777.172260799998,0.8446566166666667,15203.8191,2796.1808999999994,18000.0,0.1553433833333333,1.0,0.1553433833333333,0.0,0.0,0.0,0.0,0.0,0.0,0.0,0.0,0.0,0.0,0.0,0.0,0.0,
A02255A,0.12913221037037037,0.16141526296296296,0.0,0.12913221037037037,low,13994.627872,0.6638591111111111,11949.464,6050.536,18000.0,0.33614088888888893,0.8298238888888889,0.3361408888888889,0.0,0.0,0.0,0.0,0.0,0.0,0.0,0.0,0.0,0.0,0.0,0.0,0.0,
A02262A,0.15209408774074076,0.19011760967592595,0.0,0.15209408774074076,low,14242.6161476,0.3989143722222222,7180.4587,10819.5413,18000.0,0.6010856277777779,0.4986429652777778,0.6010856277777779,0.0,0.0,0.0,0.0,0.0,0.0,0.0,0.0,0.0,0.0,0.0,0.0,0.0,
A02294A,0.12741515694185188,0.15926894617731482,0.0,0.12741515694185188,low,13976.083694972,0.6836712660555555,12306.082789,5693.917211,18000.0,0.3163287339444445,0.8545890825694444,0.31632873394444444,0.0,0.0,0.0,0.0,0.0,0.0,0.0,0.0,0.0,0.0,0.0,0.0,0.0,
A02303A,0.1499849571577778,0.18748119644722225,0.0,0.1499849571577778,low,14219.837537303998,0.4232504943333333,7618.508898,10381.491102,18000.0,0.5767495056666667,0.5290631179166667,0.5767495056666667,0.0,0.0,0.0,0.0,0.0,0.0,0.0,0.0,0.0,0.0,0.0,0.0,0.0,
A02321A,0.14141568696296297,0.1767696087037037,0.0,0.14141568696296297,low,14127.289419199999,0.5221266888888889,9398.2804,8601.7196,18000.0,0.4778733111111111,0.6526583611111111,0.47787331111111114,0.0,0.0,0.0,0.0,0.0,0.0,0.0,0.0,0.0,0.0,0.0,0.0,0.0,
A02325A,0.11855852122222224,0.1481981515277778,0.0,0.11855852122222224,low,13880.432029199997,0.7858632166666666,14145.5379,3854.4621000000006,18000.0,0.2141367833333334,0.9823290208333333,0.21413678333333336,0.0,0.0,0.0,0.0,0.0,0.0,0.0,0.0,0.0,0.0,0.0,0.0,0.0,
A02336A,0.13108292633333332,0.16385365791666665,0.0,0.13108292633333332,low,14015.6956044,0.64135085,11544.3153,6455.6847,18000.0,0.35864914999999997,0.8016885625,0.35864914999999997,0.0,0.0,0.0,0.0,0.0,0.0,0.0,0.0,0.0,0.0,0.0,0.0,0.0,
A02350A,0.09040928933333334,0.11301161166666666,0.0,0.09040928933333334,low,13576.4203248,0.94423595,16996.2471,1003.7528999999996,18000.0,0.055764049999999954,1.0,0.05576404999999998,0.0,0.0,0.0,0.0,0.0,0.0,0.0,0.0,0.0,0.0,0.0,0.0,0.0,
A02361A,0.1385317917303704,0.17316473966296297,0.0,0.1385317917303704,low,14096.143350688,0.555402403111111,9997.243255999998,8002.756744000002,18000.0,0.444597596888889,0.6942530038888888,0.444597596888889,0.0,0.0,0.0,0.0,0.0,0.0,0.0,0.0,0.0,0.0,0.0,0.0,0.0,
A02362A,0.12451477612518519,0.15564347015648147,0.0,0.12451477612518519,low,13944.759582151999,0.7171371985555555,12908.469574,5091.530425999999,18000.0,0.28286280144444453,0.8964214981944445,0.2828628014444444,0.0,0.0,0.0,0.0,0.0,0.0,0.0,0.0,0.0,0.0,0.0,0.0,0.0,
A0240L,0.17655779141111116,0.22069723926388893,0.0,0.17655779141111116,low,14506.82414724,0.1166408683333333,2099.53563,15900.46437,18000.0,0.8833591316666667,0.14580108541666667,0.8833591316666667,0.0,0.0,0.0,0.0,0.0,0.0,0.0,0.0,0.0,0.0,0.0,0.0,0.0,
A02414A,0.12308947187444444,0.15386183984305554,0.0,0.12308947187444444,low,13929.366296244,0.7335830168333333,13204.494303,4795.5056970000005,18000.0,0.26641698316666673,0.9169787710416666,0.2664169831666667,0.0,0.0,0.0,0.0,0.0,0.0,0.0,0.0,0.0,0.0,0.0,0.0,0.0,
A02415A,0.11906525372064443,0.14883156715080553,0.0,0.11906525372064443,low,13885.904740182958,0.7800163032233334,14040.29345802,3959.70654198,18000.0,0.21998369677666663,0.9750203790291666,0.21998369677666668,0.0,0.0,0.0,0.0,0.0,0.0,0.0,0.0,0.0,0.0,0.0,0.0,0.0,
A02425A,0.11472706657694816,0.1434088332211852,0.0,0.11472706657694816,low,13839.052319031038,0.8139621433377777,14651.318580079998,3348.6814199200016,18000.0,0.18603785666222228,1.0,0.1860378566622223,0.0,0.0,0.0,0.0,0.0,0.0,0.0,0.0,0.0,0.0,0.0,0.0,0.0,
A02446A,0.13807774244444446,0.17259717805555555,0.0,0.13807774244444446,low,14091.239618399999,0.5606414333333333,10091.5458,7908.4542,18000.0,0.43935856666666673,0.7008017916666667,0.4393585666666667,0.0,0.0,0.0,0.0,0.0,0.0,0.0,0.0,0.0,0.0,0.0,0.0,0.0,
A02457A,0.09178170622222225,0.1147271327777778,0.0,0.09178170622222225,low,13591.242427199999,0.9368837166666666,16863.906899999998,1136.093100000002,18000.0,0.06311628333333341,1.0,0.06311628333333345,0.0,0.0,0.0,0.0,0.0,0.0,0.0,0.0,0.0,0.0,0.0,0.0,0.0,
A02465A,0.13756927795592597,0.17196159744490744,0.0,0.13756927795592597,low,14085.748201924,0.5665083312777778,10197.149963,7802.850037,18000.0,0.4334916687222222,0.7081354140972222,0.4334916687222222,0.0,0.0,0.0,0.0,0.0,0.0,0.0,0.0,0.0,0.0,0.0,0.0,0.0,
A02468A,0.11283037955555555,0.14103797444444444,0.0,0.11283037955555555,low,13818.5680992,0.8241229666666667,14834.2134,3165.7865999999995,18000.0,0.17587703333333327,1.0,0.1758770333333333,0.0,0.0,0.0,0.0,0.0,0.0,0.0,0.0,0.0,0.0,0.0,0.0,0.0,
A0278C,0.18602885493703702,0.23253606867129628,0.0,0.18602885493703702,low,14609.111633319999,0.0073593661111111,132.46859,17867.53141,18000.0,0.9926406338888889,0.009199207638888889,0.9926406338888889,0.0,0.0,0.0,0.0,0.0,0.0,0.0,0.0,0.0,0.0,0.0,0.0,0.0,
A0282D,0.15969887217666667,0.19962359022083334,0.0,0.15969887217666667,low,14324.747819507998,0.3111668595,5601.003471,12398.996529,18000.0,0.6888331405,0.388958574375,0.6888331405,0.0,0.0,0.0,0.0,0.0,0.0,0.0,0.0,0.0,0.0,0.0,0.0,0.0,
A02902A,0.11836657499560002,0.14795821874450002,0.0,0.11836657499560002,low,13878.359009952479,0.7880779808199999,14185.40365476,3814.596345239999,18000.0,0.2119220191800001,0.9850974760250001,0.21192201917999995,0.0,0.0,0.0,0.0,0.0,0.0,0.0,0.0,0.0,0.0,0.0,0.0,0.0,
A02925A,0.12736865233555558,0.15921081541944446,0.0,0.12736865233555558,low,13975.581445224,0.6842078576666667,12315.741438,5684.258562000001,18000.0,0.3157921423333333,0.8552598220833333,0.31579214233333336,0.0,0.0,0.0,0.0,0.0,0.0,0.0,0.0,0.0,0.0,0.0,0.0,0.0,
A02939A,0.12046049463591853,0.15057561829489816,0.0,0.12046049463591853,low,13900.973342067919,0.7639173695855556,13750.51265254,4249.487347460001,18000.0,0.23608263041444444,0.9548967119819444,0.2360826304144445,0.0,0.0,0.0,0.0,0.0,0.0,0.0,0.0,0.0,0.0,0.0,0.0,0.0,
A0316B,0.18363629901851855,0.22954537377314818,0.0,0.18363629901851855,low,14583.2720294,0.0349657805555555,629.38405,17370.61595,18000.0,0.9650342194444445,0.04370722569444444,0.9650342194444445,0.0,0.0,0.0,0.0,0.0,0.0,0.0,0.0,0.0,0.0,0.0,0.0,0.0,
A0339H,0.1859843785666667,0.23248047320833334,0.0,0.1859843785666667,low,14608.631288519999,0.007872555,141.70599,17858.29401,18000.0,0.992127445,0.00984069375,0.992127445,0.0,0.0,0.0,0.0,0.0,0.0,0.0,0.0,0.0,0.0,0.0,0.0,0.0,
A0348J,0.1844579476,0.23057243449999998,0.0,0.1844579476,low,14592.14583408,0.02548522,458.73396,17541.26604,18000.0,0.97451478,0.031856525000000004,0.9745147799999999,0.0,0.0,0.0,0.0,0.0,0.0,0.0,0.0,0.0,0.0,0.0,0.0,0.0,
A0363B,0.18298281164814817,0.2287285145601852,0.0,0.18298281164814817,low,14576.2143658,0.0425060194444444,765.10835,17234.89165,18000.0,0.9574939805555556,0.053132524305555554,0.9574939805555557,0.0,0.0,0.0,0.0,0.0,0.0,0.0,0.0,0.0,0.0,0.0,0.0,0.0,
A036JLC,0.1822052063925926,0.22775650799074074,0.0,0.1822052063925926,low,14567.81622904,0.0514783877777777,926.61098,17073.38902,18000.0,0.9485216122222223,0.06434798472222222,0.9485216122222222,0.0,0.0,0.0,0.0,0.0,0.0,0.0,0.0,0.0,0.0,0.0,0.0,0.0,
A03782E,0.09981084812000002,0.12476356015000001,0.0,0.09981084812000002,low,13677.957159696,0.8938704565,16089.668217,1910.331783,18000.0,0.10612954350000003,1.0,0.1061295435,0.0,0.0,0.0,0.0,0.0,0.0,0.0,0.0,0.0,0.0,0.0,0.0,0.0,
A03782R,0.09283069044444443,0.11603836305555554,0.0,0.09283069044444443,low,13602.571456799998,0.9312641583333334,16762.75485,1237.2451499999988,18000.0,0.06873584166666658,1.0,0.0687358416666666,0.0,0.0,0.0,0.0,0.0,0.0,0.0,0.0,0.0,0.0,0.0,0.0,0.0,
A03787E,0.14355824951111115,0.17944781188888892,0.0,0.14355824951111115,low,14150.429094719999,0.4974048133333332,8953.286639999998,9046.713360000002,18000.0,0.5025951866666668,0.6217560166666666,0.5025951866666668,0.0,0.0,0.0,0.0,0.0,0.0,0.0,0.0,0.0,0.0,0.0,0.0,0.0,
A037JLC,0.15545947709851857,0.1943243463731482,0.0,0.15545947709851857,low,14278.962352663999,0.3600829565555555,6481.493218,11518.506782,18000.0,0.6399170434444446,0.4501036956944444,0.6399170434444444,0.0,0.0,0.0,0.0,0.0,0.0,0.0,0.0,0.0,0.0,0.0,0.0,0.0,
A03851A,0.12786981942814818,0.1598372742851852,0.0,0.12786981942814818,low,13980.994049824,0.6784251604444445,12211.652888,5788.347112,18000.0,0.32157483955555555,0.8480314505555556,0.3215748395555556,0.0,0.0,0.0,0.0,0.0,0.0,0.0,0.0,0.0,0.0,0.0,0.0,0.0,
A03864A,0.13797470974074075,0.1724683871759259,0.0,0.13797470974074075,low,14090.1268652,0.5618302722222223,10112.9449,7887.0551,18000.0,0.43816972777777774,0.7022878402777778,0.43816972777777774,0.0,0.0,0.0,0.0,0.0,0.0,0.0,0.0,0.0,0.0,0.0,0.0,0.0,
A03898A,0.15393965123444445,0.19242456404305555,0.0,0.15393965123444445,low,14262.548233332,0.3776194088333333,6797.149359,11202.850641,18000.0,0.6223805911666667,0.47202426104166667,0.6223805911666667,0.0,0.0,0.0,0.0,0.0,0.0,0.0,0.0,0.0,0.0,0.0,0.0,0.0,
A0393A,0.17872696464629634,0.2234087058078704,0.0,0.17872696464629634,low,14530.25121818,0.0916119463888888,1649.015035,16350.984965,18000.0,0.9083880536111112,0.11451493298611111,0.9083880536111111,0.0,0.0,0.0,0.0,0.0,0.0,0.0,0.0,0.0,0.0,0.0,0.0,0.0,
A03951A,0.10435236229813334,0.13044045287266667,0.0,0.10435236229813334,low,13727.005512819838,0.86954091626,15651.73649268,2348.26350732,18000.0,0.13045908374000004,1.0,0.13045908374,0.0,0.0,0.0,0.0,0.0,0.0,0.0,0.0,0.0,0.0,0.0,0.0,0.0,
A03952A,0.11662006648533335,0.14577508310666668,0.0,0.11662006648533335,low,13859.4967180416,0.8038210724,14468.7793032,3531.220696799999,18000.0,0.1961789276,1.0,0.19617892759999994,0.0,0.0,0.0,0.0,0.0,0.0,0.0,0.0,0.0,0.0,0.0,0.0,0.0,
A03956A,0.14285651287185183,0.1785706410898148,0.0,0.14285651287185183,low,14142.850339015999,0.5055017745555556,9099.031942,8900.968058,18000.0,0.49449822544444444,0.6318772181944444,0.49449822544444444,0.0,0.0,0.0,0.0,0.0,0.0,0.0,0.0,0.0,0.0,0.0,0.0,0.0,
A03961A,0.12214822230592592,0.1526852778824074,0.0,0.12214822230592592,low,13919.200800904,0.7444435887777777,13399.984598,4600.015402000001,18000.0,0.2555564112222223,0.9305544859722221,0.2555564112222223,0.0,0.0,0.0,0.0,0.0,0.0,0.0,0.0,0.0,0.0,0.0,0.0,0.0,
A03962A,0.12711999800370372,0.15889999750462963,0.0,0.12711999800370372,low,13972.89597844,0.687076946111111,12367.38503,5632.6149700000005,18000.0,0.31292305388888897,0.8588461826388889,0.3129230538888889,0.0,0.0,0.0,0.0,0.0,0.0,0.0,0.0,0.0,0.0,0.0,0.0,0.0,
A03966A,0.1254723256811111,0.15684040710138888,0.0,0.1254723256811111,low,13955.101117356,0.7060885498333334,12709.593897,5290.406102999999,18000.0,0.29391145016666664,0.8826106872916667,0.29391145016666664,0.0,0.0,0.0,0.0,0.0,0.0,0.0,0.0,0.0,0.0,0.0,0.0,0.0,
A03970A,0.13086811011545926,0.16358513764432409,0.0,0.13086811011545926,low,14013.37558924696,0.6438294986677777,11588.93097602,6411.069023980001,18000.0,0.3561705013322223,0.8047868733347222,0.3561705013322223,0.0,0.0,0.0,0.0,0.0,0.0,0.0,0.0,0.0,0.0,0.0,0.0,0.0,
A03972A,0.13563443540034445,0.16954304425043057,0.0,0.13563443540034445,low,14064.85190232372,0.5888334376883333,10599.00187839,7400.99812161,18000.0,0.4111665623116667,0.7360417971104166,0.4111665623116667,0.0,0.0,0.0,0.0,0.0,0.0,0.0,0.0,0.0,0.0,0.0,0.0,0.0,
A03974A,0.12156981373444445,0.15196226716805555,0.0,0.12156981373444445,low,13912.953988332,0.7511175338333334,13520.115609,4479.884391,18000.0,0.24888246616666665,0.9388969172916667,0.24888246616666665,0.0,0.0,0.0,0.0,0.0,0.0,0.0,0.0,0.0,0.0,0.0,0.0,0.0,
A03975A,0.13167174779888888,0.1645896847486111,0.0,0.13167174779888888,low,14022.054876227998,0.6345567561666666,11422.021611,6577.978389,18000.0,0.3654432438333334,0.7931959452083334,0.3654432438333333,0.0,0.0,0.0,0.0,0.0,0.0,0.0,0.0,0.0,0.0,0.0,0.0,0.0,
A03977A,0.06829543373937778,0.08536929217422223,0.0,0.06829543373937778,low,13337.590684385279,1.1097303086933332,19975.14555648,0.0,18000.0,-0.10973030869333322,1.0,0.0,0.0,0.0,0.0,0.0,0.0,0.0,0.0,0.0,0.0,0.0,0.0,0.0,0.0,
A03978A,0.08149349211946667,0.10186686514933334,0.0,0.08149349211946667,low,13480.12971489024,0.99199914936,17855.98468848,144.01531152000098,18000.0,0.008000850640000001,1.0,0.008000850640000055,0.0,0.0,0.0,0.0,0.0,0.0,0.0,0.0,0.0,0.0,0.0,0.0,0.0,
A03981A,0.07286749021434073,0.09108436276792592,0.0,0.07286749021434073,low,13386.96889431488,1.0668672792405556,19203.61102633,0.0,18000.0,-0.06686727924055558,1.0,0.0,0.0,0.0,0.0,0.0,0.0,0.0,0.0,0.0,0.0,0.0,0.0,0.0,0.0,
A03982A,0.06278453362299259,0.07848066702874074,0.0,0.06278453362299259,low,13278.07296312832,1.1613949972844444,20905.10995112,0.0,18000.0,-0.1613949972844444,1.0,0.0,0.0,0.0,0.0,0.0,0.0,0.0,0.0,0.0,0.0,0.0,0.0,0.0,0.0,
A03983A,0.060106758557274056,0.07513344819659257,0.0,0.060106758557274056,low,13249.152992418558,1.1864991385255557,21356.98449346,0.0,18000.0,-0.18649913852555566,1.0,0.0,0.0,0.0,0.0,0.0,0.0,0.0,0.0,0.0,0.0,0.0,0.0,0.0,0.0,
A03985A,0.106250409767763,0.13281301220970373,0.0,0.106250409767763,low,13747.50442549184,0.8593728048155554,15468.710486679998,2531.289513320002,18000.0,0.14062719518444455,1.0,0.14062719518444455,0.0,0.0,0.0,0.0,0.0,0.0,0.0,0.0,0.0,0.0,0.0,0.0,0.0,
A03986A,0.08957718208574818,0.11197147760718522,0.0,0.08957718208574818,low,13567.433566526079,0.9486936673977776,17076.48601316,923.51398684,18000.0,0.05130633260222239,1.0,0.05130633260222223,0.0,0.0,0.0,0.0,0.0,0.0,0.0,0.0,0.0,0.0,0.0,0.0,0.0,
A03987A,0.13800900650444445,0.17251125813055557,0.0,0.13800900650444445,low,14090.497270247999,0.5614345403333333,10105.821726,7894.178274,18000.0,0.4385654596666667,0.7017931754166666,0.43856545966666666,0.0,0.0,0.0,0.0,0.0,0.0,0.0,0.0,0.0,0.0,0.0,0.0,0.0,
A03988A,0.09622786686380742,0.12028483357975928,0.0,0.09622786686380742,low,13639.26096212912,0.9130649989438888,16435.16998099,1564.8300190100017,18000.0,0.08693500105611118,1.0,0.08693500105611121,0.0,0.0,0.0,0.0,0.0,0.0,0.0,0.0,0.0,0.0,0.0,0.0,0.0,
A03989A,0.12876052824291112,0.1609506603036389,0.0,0.12876052824291112,low,13990.61370502344,0.6681477510433333,12026.65951878,5973.340481220001,18000.0,0.33185224895666665,0.8351846888041666,0.3318522489566667,0.0,0.0,0.0,0.0,0.0,0.0,0.0,0.0,0.0,0.0,0.0,0.0,0.0,
A03990A,0.14233971844555557,0.17792464805694444,0.0,0.14233971844555557,low,14137.268959211999,0.5114647871666667,9206.366169,8793.633831,18000.0,0.48853521283333334,0.6393309839583334,0.4885352128333333,0.0,0.0,0.0,0.0,0.0,0.0,0.0,0.0,0.0,0.0,0.0,0.0,0.0,
A03991A,0.13204266167555556,0.16505332709444445,0.0,0.13204266167555556,low,14026.060746096,0.6302769806666666,11344.985652,6655.014348000001,18000.0,0.3697230193333334,0.7878462258333333,0.36972301933333335,0.0,0.0,0.0,0.0,0.0,0.0,0.0,0.0,0.0,0.0,0.0,0.0,0.0,
A03992A,0.13427308505592592,0.16784135631990738,0.0,0.13427308505592592,low,14050.149318603999,0.6045413262777778,10881.743873,7118.256127000001,18000.0,0.3954586737222222,0.7556766578472222,0.39545867372222226,0.0,0.0,0.0,0.0,0.0,0.0,0.0,0.0,0.0,0.0,0.0,0.0,0.0,
A03993A,0.13552066636271112,0.1694008329533889,0.0,0.13552066636271112,low,14063.623196717279,0.5901461573533333,10622.63083236,7377.369167639999,18000.0,0.4098538426466667,0.7376826966916668,0.40985384264666663,0.0,0.0,0.0,0.0,0.0,0.0,0.0,0.0,0.0,0.0,0.0,0.0,0.0,
A04123A,0.15431478710666668,0.19289348388333336,0.0,0.15431478710666668,low,14266.599700752,0.3732909179999999,6719.236523999999,11280.763476,18000.0,0.6267090820000001,0.46661364749999995,0.626709082,0.0,0.0,0.0,0.0,0.0,0.0,0.0,0.0,0.0,0.0,0.0,0.0,0.0,
A04126A,0.1457750374033333,0.18221879675416663,0.0,0.1457750374033333,low,14174.370403955998,0.4718264915,8492.876847,9507.123153,18000.0,0.5281735085,0.589783114375,0.5281735085,0.0,0.0,0.0,0.0,0.0,0.0,0.0,0.0,0.0,0.0,0.0,0.0,0.0,
A04128A,0.13932945108285555,0.17416181385356944,0.0,0.13932945108285555,low,14104.75807169484,0.5461986413516667,9831.57554433,8168.42445567,18000.0,0.45380135864833326,0.6827483016895833,0.4538013586483333,0.0,0.0,0.0,0.0,0.0,0.0,0.0,0.0,0.0,0.0,0.0,0.0,0.0,
A04151A,0.13221987945703703,0.1652748493212963,0.0,0.13221987945703703,low,14027.974698136,0.6282321601111112,11308.178882,6691.821118,18000.0,0.37176783988888884,0.785290200138889,0.3717678398888889,0.0,0.0,0.0,0.0,0.0,0.0,0.0,0.0,0.0,0.0,0.0,0.0,0.0,
A04205A,0.12835368823925927,0.16044211029907407,0.0,0.12835368823925927,low,13986.219832984,0.6728420587777778,12111.157058,5888.842941999999,18000.0,0.3271579412222222,0.8410525734722223,0.3271579412222222,0.0,0.0,0.0,0.0,0.0,0.0,0.0,0.0,0.0,0.0,0.0,0.0,0.0,
A04206A,0.12303242673814817,0.1537905334226852,0.0,0.12303242673814817,low,13928.750208771999,0.7342412299444444,13216.342138999998,4783.6578610000015,18000.0,0.2657587700555556,0.9178015374305555,0.26575877005555565,0.0,0.0,0.0,0.0,0.0,0.0,0.0,0.0,0.0,0.0,0.0,0.0,0.0,
A04210A,0.11501905337777779,0.14377381672222223,0.0,0.11501905337777779,low,13842.20577648,0.8123979283333332,14623.16271,3376.8372899999995,18000.0,0.18760207166666676,1.0,0.18760207166666665,0.0,0.0,0.0,0.0,0.0,0.0,0.0,0.0,0.0,0.0,0.0,0.0,0.0,
A04213A,0.1130033282099111,0.14125416026238888,0.0,0.1130033282099111,low,13820.435944667039,0.8231964560183334,14817.53620833,3182.4637916699994,18000.0,0.17680354398166664,1.0,0.17680354398166664,0.0,0.0,0.0,0.0,0.0,0.0,0.0,0.0,0.0,0.0,0.0,0.0,0.0,
A04214A,0.1309645924611111,0.1637057405763889,0.0,0.1309645924611111,low,14014.41759858,0.6427162408333332,11568.892335,6431.107665,18000.0,0.35728375916666677,0.8033953010416667,0.3572837591666667,0.0,0.0,0.0,0.0,0.0,0.0,0.0,0.0,0.0,0.0,0.0,0.0,0.0,
A04229A,0.12389262459518516,0.15486578074398144,0.0,0.12389262459518516,low,13938.040345627998,0.7243158700555556,13037.685661,4962.3143390000005,18000.0,0.27568412994444436,0.9053948375694444,0.27568412994444447,0.0,0.0,0.0,0.0,0.0,0.0,0.0,0.0,0.0,0.0,0.0,0.0,0.0,
A04230A,0.12532366197125555,0.15665457746406944,0.0,0.12532366197125555,low,13953.495549289559,0.7078039003316666,12740.47020597,5259.529794030001,18000.0,0.2921960996683334,0.8847548754145833,0.2921960996683334,0.0,0.0,0.0,0.0,0.0,0.0,0.0,0.0,0.0,0.0,0.0,0.0,0.0,
A04231A,0.09876701646586666,0.12345877058233333,0.0,0.09876701646586666,low,13666.683777831358,0.89946241179,16190.32341222,1809.6765877800008,18000.0,0.10053758821000003,1.0,0.10053758821000004,0.0,0.0,0.0,0.0,0.0,0.0,0.0,0.0,0.0,0.0,0.0,0.0,0.0,
A04232A,0.1341417734666667,0.16767721683333336,0.0,0.1341417734666667,low,14048.73115344,0.60605646,10909.01628,7090.98372,18000.0,0.39394354,0.757570575,0.39394354000000004,0.0,0.0,0.0,0.0,0.0,0.0,0.0,0.0,0.0,0.0,0.0,0.0,0.0,
A04233A,0.12756318137791112,0.1594539767223889,0.0,0.12756318137791112,low,13977.68235888144,0.6819632917933333,12275.33925228,5724.66074772,18000.0,0.31803670820666674,0.8524541147416667,0.31803670820666663,0.0,0.0,0.0,0.0,0.0,0.0,0.0,0.0,0.0,0.0,0.0,0.0,0.0,
A04243A,0.13814689610814812,0.17268362013518515,0.0,0.13814689610814812,low,14091.986477968,0.5598435064444445,10077.183116,7922.816884,18000.0,0.44015649355555553,0.6998043830555556,0.44015649355555553,0.0,0.0,0.0,0.0,0.0,0.0,0.0,0.0,0.0,0.0,0.0,0.0,0.0,
A04247A,0.12229938241372594,0.15287422801715742,0.0,0.12229938241372594,low,13920.83333006824,0.7426994336877778,13368.58980638,4631.41019362,18000.0,0.2573005663122222,0.9283742921097222,0.25730056631222226,0.0,0.0,0.0,0.0,0.0,0.0,0.0,0.0,0.0,0.0,0.0,0.0,0.0,
A04248A,0.13312202737037035,0.16640253421296294,0.0,0.13312202737037035,low,14037.717895599999,0.6178227611111111,11120.8097,6879.1903,18000.0,0.3821772388888889,0.7722784513888888,0.3821772388888889,0.0,0.0,0.0,0.0,0.0,0.0,0.0,0.0,0.0,0.0,0.0,0.0,0.0,
A04249A,0.1389573527289074,0.17369669091113427,0.0,0.1389573527289074,low,14100.7394094722,0.5504920838972222,9908.85751015,8091.142489850001,18000.0,0.44950791610277785,0.6881151048715277,0.44950791610277785,0.0,0.0,0.0,0.0,0.0,0.0,0.0,0.0,0.0,0.0,0.0,0.0,0.0,
A04250A,0.13951948850171111,0.1743993606271389,0.0,0.13951948850171111,low,14106.81047581848,0.5440059019033332,9792.106234259998,8207.893765740002,18000.0,0.4559940980966668,0.6800073773791665,0.4559940980966668,0.0,0.0,0.0,0.0,0.0,0.0,0.0,0.0,0.0,0.0,0.0,0.0,0.0,
A04251A,0.12766887670444446,0.15958609588055558,0.0,0.12766887670444446,low,13978.823868407999,0.6807437303333334,12253.387146,5746.612854000001,18000.0,0.31925626966666665,0.8509296629166666,0.3192562696666667,0.0,0.0,0.0,0.0,0.0,0.0,0.0,0.0,0.0,0.0,0.0,0.0,0.0,
A04254A,0.15459429670740743,0.19324287088425926,0.0,0.15459429670740743,low,14269.61840444,0.3700658072222222,6661.18453,11338.81547,18000.0,0.6299341927777777,0.46258225902777783,0.6299341927777777,0.0,0.0,0.0,0.0,0.0,0.0,0.0,0.0,0.0,0.0,0.0,0.0,0.0,
A04255A,0.1426688220351852,0.17833602754398148,0.0,0.1426688220351852,low,14140.823277979998,0.5076674380555556,9138.013885,8861.986115,18000.0,0.4923325619444444,0.6345842975694445,0.4923325619444444,0.0,0.0,0.0,0.0,0.0,0.0,0.0,0.0,0.0,0.0,0.0,0.0,0.0,
A04305A,0.15468378136000002,0.1933547267,0.0,0.15468378136000002,low,14270.584838687999,0.3690332919999999,6642.599256,11357.400744,18000.0,0.6309667080000001,0.46129161500000004,0.630966708,0.0,0.0,0.0,0.0,0.0,0.0,0.0,0.0,0.0,0.0,0.0,0.0,0.0,
A04344A,0.12071082078481483,0.15088852598101854,0.0,0.12071082078481483,low,13903.676864475998,0.7610289909444444,13698.521837,4301.478163,18000.0,0.23897100905555557,0.9512862386805556,0.23897100905555554,0.0,0.0,0.0,0.0,0.0,0.0,0.0,0.0,0.0,0.0,0.0,0.0,0.0,
A04351A,0.12357736298185185,0.1544717037273148,0.0,0.12357736298185185,low,13934.635520204,0.7279535040555556,13103.163073,4896.836927,18000.0,0.2720464959444444,0.9099418800694444,0.27204649594444447,0.0,0.0,0.0,0.0,0.0,0.0,0.0,0.0,0.0,0.0,0.0,0.0,0.0,
A04353A,0.1325363734391704,0.165670466798963,0.0,0.1325363734391704,low,14031.39283314304,0.6245803064711111,11242.44551648,6757.55448352,18000.0,0.37541969352888893,0.780725383088889,0.3754196935288889,0.0,0.0,0.0,0.0,0.0,0.0,0.0,0.0,0.0,0.0,0.0,0.0,0.0,
A04363A,0.12551474324148149,0.15689342905185186,0.0,0.12551474324148149,low,13955.559227007998,0.7055991164444444,12700.784096,5299.215904000001,18000.0,0.2944008835555556,0.8819988955555556,0.2944008835555556,0.0,0.0,0.0,0.0,0.0,0.0,0.0,0.0,0.0,0.0,0.0,0.0,0.0,
A04427A,0.12375519285629631,0.15469399107037038,0.0,0.12375519285629631,low,13936.556082848,0.7259016208888889,13066.229176,4933.770823999999,18000.0,0.2740983791111111,0.9073770261111112,0.27409837911111107,0.0,0.0,0.0,0.0,0.0,0.0,0.0,0.0,0.0,0.0,0.0,0.0,0.0,
A04428A,0.12921067140333334,0.16151333925416667,0.0,0.12921067140333334,low,13995.475251155998,0.6629537915,11933.168247,6066.831753,18000.0,0.3370462085,0.828692239375,0.3370462085,0.0,0.0,0.0,0.0,0.0,0.0,0.0,0.0,0.0,0.0,0.0,0.0,0.0,
A04429A,0.1211335938762963,0.15141699234537037,0.0,0.1211335938762963,low,13908.242813863999,0.7561508398888889,13610.715118,4389.284882,18000.0,0.24384916011111113,0.9451885498611111,0.2438491601111111,0.0,0.0,0.0,0.0,0.0,0.0,0.0,0.0,0.0,0.0,0.0,0.0,0.0,
A04440A,0.1442026980825926,0.18025337260324073,0.0,0.1442026980825926,low,14157.389139292,0.4899688682777778,8819.439629,9180.560371,18000.0,0.5100311317222221,0.6124610853472222,0.5100311317222223,0.0,0.0,0.0,0.0,0.0,0.0,0.0,0.0,0.0,0.0,0.0,0.0,0.0,
A04501A,0.10796100561333336,0.1349512570166667,0.0,0.10796100561333336,low,13765.978860623998,0.8502088984999999,15303.760173,2696.2398269999994,18000.0,0.14979110150000008,1.0,0.14979110149999997,0.0,0.0,0.0,0.0,0.0,0.0,0.0,0.0,0.0,0.0,0.0,0.0,0.0,
A04502A,0.13976864364296296,0.1747108045537037,0.0,0.13976864364296296,low,14109.501351343999,0.5411310348888889,9740.358628,8259.641372,18000.0,0.4588689651111111,0.6764137936111111,0.45886896511111114,0.0,0.0,0.0,0.0,0.0,0.0,0.0,0.0,0.0,0.0,0.0,0.0,0.0,
A04504A,0.1290245276677778,0.16128065958472224,0.0,0.1290245276677778,low,13993.464898811999,0.6651016038333333,11971.828869,6028.171130999999,18000.0,0.3348983961666667,0.8313770047916668,0.3348983961666666,0.0,0.0,0.0,0.0,0.0,0.0,0.0,0.0,0.0,0.0,0.0,0.0,0.0,
A04509A,0.11569319068,0.14461648835,0.0,0.11569319068,low,13849.486459344,0.8087864785000001,14558.156613,3441.843387000001,18000.0,0.19121352149999993,1.0,0.19121352150000004,0.0,0.0,0.0,0.0,0.0,0.0,0.0,0.0,0.0,0.0,0.0,0.0,0.0,
A04511A,0.12099245584222224,0.15124056980277778,0.0,0.12099245584222224,low,13906.718523096,0.7577793556666667,13640.028402,4359.971598,18000.0,0.24222064433333335,0.9472241945833333,0.24222064433333335,0.0,0.0,0.0,0.0,0.0,0.0,0.0,0.0,0.0,0.0,0.0,0.0,0.0,
A04512A,0.1270868201333889,0.15885852516673613,0.0,0.1270868201333889,low,13972.5376574406,0.6874597676916666,12374.275818449998,5625.724181550002,18000.0,0.3125402323083334,0.8593247096145832,0.31254023230833344,0.0,0.0,0.0,0.0,0.0,0.0,0.0,0.0,0.0,0.0,0.0,0.0,0.0,
A04513A,0.08710909484444446,0.10888636855555557,0.0,0.08710909484444446,low,13540.77822432,0.9619155633333332,17314.48014,685.5198600000003,18000.0,0.03808443666666683,1.0,0.038084436666666686,0.0,0.0,0.0,0.0,0.0,0.0,0.0,0.0,0.0,0.0,0.0,0.0,0.0,
A04516A,0.1339573559385185,0.16744669492314815,0.0,0.1339573559385185,low,14046.739444136,0.6081843545555555,10947.318382,7052.6816180000005,18000.0,0.39181564544444447,0.7602304431944444,0.39181564544444447,0.0,0.0,0.0,0.0,0.0,0.0,0.0,0.0,0.0,0.0,0.0,0.0,0.0,
A04521A,0.12354749241134816,0.15443436551418518,0.0,0.12354749241134816,low,13934.312918042559,0.7282981644844444,13109.36696072,4890.633039279999,18000.0,0.2717018355155556,0.9103727056055556,0.2717018355155555,0.0,0.0,0.0,0.0,0.0,0.0,0.0,0.0,0.0,0.0,0.0,0.0,0.0,
A04522A,0.12027818014444447,0.15034772518055559,0.0,0.12027818014444447,low,13899.00434556,0.7660209983333333,13788.37797,4211.62203,18000.0,0.23397900166666674,0.9575262479166666,0.23397900166666669,0.0,0.0,0.0,0.0,0.0,0.0,0.0,0.0,0.0,0.0,0.0,0.0,0.0,
A04523A,0.09641896716413334,0.12052370895516666,0.0,0.09641896716413334,low,13641.32484537264,0.912041247335,16416.74245203,1583.257547969999,18000.0,0.08795875266499997,1.0,0.08795875266499995,0.0,0.0,0.0,0.0,0.0,0.0,0.0,0.0,0.0,0.0,0.0,0.0,0.0,
A04525A,0.12338797447369261,0.15423496809211576,0.0,0.12338797447369261,low,13932.59012431588,0.7301387560727778,13142.49760931,4857.5023906900005,18000.0,0.2698612439272222,0.9126734450909721,0.26986124392722227,0.0,0.0,0.0,0.0,0.0,0.0,0.0,0.0,0.0,0.0,0.0,0.0,0.0,
A04526A,0.12803847713333333,0.16004809641666665,0.0,0.12803847713333333,low,13982.81555304,0.6764791099999999,12176.623979999998,5823.3760200000015,18000.0,0.32352089000000006,0.8455988874999999,0.32352089000000006,0.0,0.0,0.0,0.0,0.0,0.0,0.0,0.0,0.0,0.0,0.0,0.0,0.0,
A04527A,0.13817429834347036,0.17271787292933796,0.0,0.13817429834347036,low,14092.282422109478,0.5595273268061111,10071.49188251,7928.508117490001,18000.0,0.44047267319388894,0.6994091585076389,0.44047267319388894,0.0,0.0,0.0,0.0,0.0,0.0,0.0,0.0,0.0,0.0,0.0,0.0,0.0,
A04533A,0.1338655890508963,0.16733198631362037,0.0,0.1338655890508963,low,14045.748361749678,0.6092432032588889,10966.37765866,7033.62234134,18000.0,0.3907567967411111,0.7615540040736111,0.39075679674111113,0.0,0.0,0.0,0.0,0.0,0.0,0.0,0.0,0.0,0.0,0.0,0.0,0.0,
A04538A,0.13872886156629632,0.1734110769578704,0.0,0.13872886156629632,low,14098.271704915998,0.5531285203888888,9956.313367,8043.686632999999,18000.0,0.4468714796111112,0.6914106504861112,0.44687147961111107,0.0,0.0,0.0,0.0,0.0,0.0,0.0,0.0,0.0,0.0,0.0,0.0,0.0,
A04549A,0.1385313242262963,0.17316415528287035,0.0,0.1385313242262963,low,14096.138301644,0.5554077973888889,9997.340353,8002.659647,18000.0,0.4445922026111111,0.6942597467361111,0.44459220261111115,0.0,0.0,0.0,0.0,0.0,0.0,0.0,0.0,0.0,0.0,0.0,0.0,0.0,
A04552A,0.13569207565401112,0.1696150945675139,0.0,0.13569207565401112,low,14065.474417063318,0.5881683578383333,10587.03044109,7412.969558909999,18000.0,0.4118316421616667,0.7352104472979167,0.4118316421616666,0.0,0.0,0.0,0.0,0.0,0.0,0.0,0.0,0.0,0.0,0.0,0.0,0.0,
A04554A,0.12225092622191112,0.1528136577773889,0.0,0.12225092622191112,low,13920.310003196639,0.7432585435933333,13378.65378468,4621.34621532,18000.0,0.2567414564066667,0.9290731794916667,0.2567414564066667,0.0,0.0,0.0,0.0,0.0,0.0,0.0,0.0,0.0,0.0,0.0,0.0,0.0,
A04559A,0.13077101408082964,0.16346376760103704,0.0,0.13077101408082964,low,14012.326952072961,0.6449498375288889,11609.09707552,6390.90292448,18000.0,0.3550501624711111,0.8061872969111111,0.35505016247111115,0.0,0.0,0.0,0.0,0.0,0.0,0.0,0.0,0.0,0.0,0.0,0.0,0.0,
A04565A,0.12801388354762597,0.16001735443453244,0.0,0.12801388354762597,low,13982.54994231436,0.6767628821427777,12181.73187857,5818.268121429999,18000.0,0.3232371178572223,0.8459536026784723,0.3232371178572222,0.0,0.0,0.0,0.0,0.0,0.0,0.0,0.0,0.0,0.0,0.0,0.0,0.0,
A04566A,0.12325701413417776,0.1540712676677222,0.0,0.12325701413417776,low,13931.17575264912,0.7316498369133334,13169.69706444,4830.302935559999,18000.0,0.2683501630866666,0.9145622961416667,0.26835016308666665,0.0,0.0,0.0,0.0,0.0,0.0,0.0,0.0,0.0,0.0,0.0,0.0,0.0,
A04568A,0.12637649783888888,0.15797062229861109,0.0,0.12637649783888888,low,13964.86617666,0.6956557941666667,12521.804295,5478.195705,18000.0,0.3043442058333333,0.8695697427083333,0.3043442058333333,0.0,0.0,0.0,0.0,0.0,0.0,0.0,0.0,0.0,0.0,0.0,0.0,0.0,
A04573A,0.1282163935987074,0.16027049199838425,0.0,0.1282163935987074,low,13984.737050866039,0.6744262277072222,12139.67209873,5860.32790127,18000.0,0.32557377229277784,0.8430327846340278,0.3255737722927778,0.0,0.0,0.0,0.0,0.0,0.0,0.0,0.0,0.0,0.0,0.0,0.0,0.0,
A04584A,0.11120420183253335,0.13900525229066668,0.0,0.11120420183253335,low,13801.00537979136,0.8328346330399999,14991.02339472,3008.9766052800005,18000.0,0.16716536696000006,1.0,0.16716536696000003,0.0,0.0,0.0,0.0,0.0,0.0,0.0,0.0,0.0,0.0,0.0,0.0,0.0,
A04588A,0.13106897985205926,0.16383622481507407,0.0,0.13106897985205926,low,14015.544982402238,0.6415117709377778,11547.21187688,6452.788123120001,18000.0,0.3584882290622222,0.8018897136722222,0.3584882290622223,0.0,0.0,0.0,0.0,0.0,0.0,0.0,0.0,0.0,0.0,0.0,0.0,0.0,
A04591A,0.13486419817111114,0.1685802477138889,0.0,0.13486419817111114,low,14056.533340248,0.5977207903333334,10758.974226,7241.025774,18000.0,0.40227920966666664,0.7471509879166667,0.40227920966666664,0.0,0.0,0.0,0.0,0.0,0.0,0.0,0.0,0.0,0.0,0.0,0.0,0.0,
A04592A,0.12941942402148152,0.16177428002685187,0.0,0.12941942402148152,low,13997.729779432,0.6605451074444444,11889.811934,6110.188066000001,18000.0,0.3394548925555556,0.8256813843055555,0.3394548925555556,0.0,0.0,0.0,0.0,0.0,0.0,0.0,0.0,0.0,0.0,0.0,0.0,0.0,
A04596A,0.11896522099395929,0.1487065262424491,0.0,0.11896522099395929,low,13884.82438673476,0.7811705269927777,14061.06948587,3938.930514129999,18000.0,0.21882947300722233,0.9764631587409722,0.2188294730072222,0.0,0.0,0.0,0.0,0.0,0.0,0.0,0.0,0.0,0.0,0.0,0.0,0.0,
A04600A,0.14474425094629628,0.18093031368287035,0.0,0.14474425094629628,low,14163.23791022,0.4837201813888889,8706.963265,9293.036735,18000.0,0.516279818611111,0.6046502267361111,0.516279818611111,0.0,0.0,0.0,0.0,0.0,0.0,0.0,0.0,0.0,0.0,0.0,0.0,0.0,
A04610A,0.14500982217814815,0.1812622777226852,0.0,0.14500982217814815,low,14166.106079524,0.4806558979444444,8651.806163,9348.193837,18000.0,0.5193441020555556,0.6008198724305555,0.5193441020555556,0.0,0.0,0.0,0.0,0.0,0.0,0.0,0.0,0.0,0.0,0.0,0.0,0.0,
A04626A,0.12462915557555554,0.15578644446944442,0.0,0.12462915557555554,low,13945.994880216,0.7158174356666667,12884.713842,5115.286158000001,18000.0,0.28418256433333333,0.8947717945833332,0.2841825643333334,0.0,0.0,0.0,0.0,0.0,0.0,0.0,0.0,0.0,0.0,0.0,0.0,0.0,
A0465C,0.1770343376592593,0.2212929220740741,0.0,0.1770343376592593,low,14511.97084672,0.1111422577777777,2000.56064,15999.43936,18000.0,0.8888577422222224,0.13892782222222222,0.8888577422222222,0.0,0.0,0.0,0.0,0.0,0.0,0.0,0.0,0.0,0.0,0.0,0.0,0.0,
A04661A,0.13431413569152592,0.1678926696144074,0.0,0.13431413569152592,low,14050.592665468479,0.6040676650977778,10873.21797176,7126.782028240001,18000.0,0.39593233490222224,0.7550845813722221,0.39593233490222224,0.0,0.0,0.0,0.0,0.0,0.0,0.0,0.0,0.0,0.0,0.0,0.0,0.0,
A04664E,0.0955803843688889,0.11947548046111112,0.0,0.0955803843688889,low,13632.268151183998,0.9165336551666666,16497.605793,1502.3942070000012,18000.0,0.08346634483333337,1.0,0.0834663448333334,0.0,0.0,0.0,0.0,0.0,0.0,0.0,0.0,0.0,0.0,0.0,0.0,0.0,
A0466L,0.15652478297555555,0.19565597871944443,0.0,0.15652478297555555,low,14290.467656136,0.3477909656666666,6260.237381999999,11739.762618,18000.0,0.6522090343333333,0.4347387070833333,0.6522090343333333,0.0,0.0,0.0,0.0,0.0,0.0,0.0,0.0,0.0,0.0,0.0,0.0,0.0,
A04671A,0.11771717531518518,0.14714646914398147,0.0,0.11771717531518518,low,13871.345493403998,0.7955710540555556,14320.278973,3679.721027,18000.0,0.20442894594444438,0.9944638175694445,0.20442894594444444,0.0,0.0,0.0,0.0,0.0,0.0,0.0,0.0,0.0,0.0,0.0,0.0,0.0,
A04673A,0.12138360069617778,0.15172950087022222,0.0,0.12138360069617778,low,13910.942887518719,0.7532661458133333,13558.79062464,4441.20937536,18000.0,0.2467338541866667,0.9415826822666666,0.24673385418666668,0.0,0.0,0.0,0.0,0.0,0.0,0.0,0.0,0.0,0.0,0.0,0.0,0.0,
A04675A,0.10696906045037036,0.13371132556296295,0.0,0.10696906045037036,low,13755.265852863999,0.8555228904444445,15399.412028,2600.587972,18000.0,0.14447710955555548,1.0,0.14447710955555554,0.0,0.0,0.0,0.0,0.0,0.0,0.0,0.0,0.0,0.0,0.0,0.0,0.0,
A04678A,0.13015621892183335,0.16269527365229167,0.0,0.13015621892183335,low,14005.6871643558,0.6520436278249999,11736.78530085,6263.214699149999,18000.0,0.3479563721750001,0.81505453478125,0.347956372175,0.0,0.0,0.0,0.0,0.0,0.0,0.0,0.0,0.0,0.0,0.0,0.0,0.0,
A04680A,0.1234333212321,0.154291651540125,0.0,0.1234333212321,low,13933.079869306679,0.729615524245,13133.07943641,4866.92056359,18000.0,0.270384475755,0.91201940530625,0.27038447575499996,0.0,0.0,0.0,0.0,0.0,0.0,0.0,0.0,0.0,0.0,0.0,0.0,0.0,
A04684A,0.1238859987888889,0.1548574984861111,0.0,0.1238859987888889,low,13937.968786919999,0.7243923216666668,13039.061790000002,4960.938209999998,18000.0,0.2756076783333332,0.9054904020833334,0.2756076783333333,0.0,0.0,0.0,0.0,0.0,0.0,0.0,0.0,0.0,0.0,0.0,0.0,0.0,
A04685A,0.12450933651111112,0.1556366706388889,0.0,0.12450933651111112,low,13944.70083432,0.7171999633333332,12909.59934,5090.400659999999,18000.0,0.28280003666666675,0.8964999541666667,0.28280003666666664,0.0,0.0,0.0,0.0,0.0,0.0,0.0,0.0,0.0,0.0,0.0,0.0,0.0,
A04686A,0.1286290332262037,0.16078629153275462,0.0,0.1286290332262037,low,13989.193558842999,0.6696650012361111,12053.97002225,5946.02997775,18000.0,0.33033499876388894,0.8370812515451389,0.3303349987638889,0.0,0.0,0.0,0.0,0.0,0.0,0.0,0.0,0.0,0.0,0.0,0.0,0.0,
A04688A,0.11750337172518517,0.14687921465648146,0.0,0.11750337172518517,low,13869.036414631999,0.7980380185555556,14364.684334,3635.315666,18000.0,0.20196198144444444,0.9975475231944444,0.20196198144444444,0.0,0.0,0.0,0.0,0.0,0.0,0.0,0.0,0.0,0.0,0.0,0.0,0.0,
A04689A,0.13878812373222224,0.17348515466527778,0.0,0.13878812373222224,low,14098.911736308,0.5524447261666666,9944.005071,8055.994929,18000.0,0.4475552738333334,0.6905559077083333,0.4475552738333334,0.0,0.0,0.0,0.0,0.0,0.0,0.0,0.0,0.0,0.0,0.0,0.0,0.0,
A04691A,0.10524851839999999,0.13156064799999997,0.0,0.10524851839999999,low,13736.683998719998,0.8647400800000001,15565.321440000002,2434.6785599999985,18000.0,0.13525991999999987,1.0,0.13525991999999992,0.0,0.0,0.0,0.0,0.0,0.0,0.0,0.0,0.0,0.0,0.0,0.0,0.0,
A04692A,0.11934315474182962,0.14917894342728702,0.0,0.11934315474182962,low,13888.906071211759,0.7768097529788889,13982.57555362,4017.424446380001,18000.0,0.22319024702111112,0.971012191223611,0.22319024702111118,0.0,0.0,0.0,0.0,0.0,0.0,0.0,0.0,0.0,0.0,0.0,0.0,0.0,
A04693A,0.10253351526222224,0.1281668940777778,0.0,0.10253351526222224,low,13707.361964831998,0.8792847396666666,15827.125314,2172.874685999999,18000.0,0.12071526033333335,1.0,0.12071526033333328,0.0,0.0,0.0,0.0,0.0,0.0,0.0,0.0,0.0,0.0,0.0,0.0,0.0,
A04695A,0.12561377539832225,0.1570172192479028,0.0,0.12561377539832225,low,13956.628774301878,0.7044564377116665,12680.21587881,5319.78412119,18000.0,0.29554356228833345,0.8805705471395834,0.29554356228833334,0.0,0.0,0.0,0.0,0.0,0.0,0.0,0.0,0.0,0.0,0.0,0.0,0.0,
A04697A,0.12907790792972965,0.16134738491216205,0.0,0.12907790792972965,low,13994.04140564108,0.6644856777338888,11960.74219921,6039.257800789999,18000.0,0.3355143222661112,0.8306070971673611,0.33551432226611105,0.0,0.0,0.0,0.0,0.0,0.0,0.0,0.0,0.0,0.0,0.0,0.0,0.0,
A04704A,0.1331760843362963,0.16647010542037036,0.0,0.1331760843362963,low,14038.301710832,0.617199026888889,11109.582484,6890.417516,18000.0,0.38280097311111105,0.7714987836111111,0.3828009731111111,0.0,0.0,0.0,0.0,0.0,0.0,0.0,0.0,0.0,0.0,0.0,0.0,0.0,
A04706A,0.13601185319814818,0.1700148164976852,0.0,0.13601185319814818,low,14068.928014539999,0.5844786169444445,10520.615105,7479.384894999999,18000.0,0.4155213830555555,0.7305982711805556,0.4155213830555555,0.0,0.0,0.0,0.0,0.0,0.0,0.0,0.0,0.0,0.0,0.0,0.0,0.0,
A04708A,0.12357972460037037,0.15447465575046296,0.0,0.12357972460037037,low,13934.661025684,0.727926254611111,13102.672583,4897.327417,18000.0,0.27207374538888895,0.9099078182638889,0.2720737453888889,0.0,0.0,0.0,0.0,0.0,0.0,0.0,0.0,0.0,0.0,0.0,0.0,0.0,
A04724E,0.13119747090777778,0.16399683863472223,0.0,0.13119747090777778,low,14016.932685803999,0.6400291818333332,11520.525273,6479.474727000001,18000.0,0.35997081816666676,0.8000364772916666,0.3599708181666667,0.0,0.0,0.0,0.0,0.0,0.0,0.0,0.0,0.0,0.0,0.0,0.0,0.0,
A04725A,0.12123043469444446,0.15153804336805557,0.0,0.12123043469444446,low,13909.288694699999,0.7550334458333332,13590.602024999998,4409.397975000002,18000.0,0.2449665541666668,0.9437918072916666,0.24496655416666677,0.0,0.0,0.0,0.0,0.0,0.0,0.0,0.0,0.0,0.0,0.0,0.0,0.0,
A04732A,0.12629258326740742,0.15786572908425928,0.0,0.12629258326740742,low,13963.959899288,0.6966240392222222,12539.232706,5460.767293999999,18000.0,0.30337596077777784,0.8707800490277778,0.30337596077777773,0.0,0.0,0.0,0.0,0.0,0.0,0.0,0.0,0.0,0.0,0.0,0.0,0.0,
A04743A,0.1387248612737037,0.17340607659212962,0.0,0.1387248612737037,low,14098.228501755999,0.5531746776111112,9957.144197,8042.855803,18000.0,0.44682532238888883,0.6914683470138888,0.4468253223888889,0.0,0.0,0.0,0.0,0.0,0.0,0.0,0.0,0.0,0.0,0.0,0.0,0.0,
A0478C,0.15182055659925928,0.18977569574907407,0.0,0.15182055659925928,low,14239.662011272,0.4020705007777777,7237.269014,10762.730986,18000.0,0.5979294992222224,0.5025881259722222,0.5979294992222223,0.0,0.0,0.0,0.0,0.0,0.0,0.0,0.0,0.0,0.0,0.0,0.0,0.0,
A05001A,0.09059160466041481,0.1132395058255185,0.0,0.09059160466041481,low,13578.389330332478,0.9432592607477778,16978.66669346,1021.3333065400002,18000.0,0.05674073925222223,1.0,0.056740739252222235,0.0,0.0,0.0,0.0,0.0,0.0,0.0,0.0,0.0,0.0,0.0,0.0,0.0,
A05011A,0.12109307397869629,0.15136634247337036,0.0,0.12109307397869629,low,13907.805198969918,0.7566183771688889,13619.13078904,4380.86921096,18000.0,0.2433816228311111,0.9457729714611112,0.2433816228311111,0.0,0.0,0.0,0.0,0.0,0.0,0.0,0.0,0.0,0.0,0.0,0.0,0.0,
A05012A,0.10684021312788146,0.13355026640985182,0.0,0.10684021312788146,low,13753.87430178112,0.8562131439577778,15411.83659124,2588.16340876,18000.0,0.1437868560422222,1.0,0.14378685604222222,0.0,0.0,0.0,0.0,0.0,0.0,0.0,0.0,0.0,0.0,0.0,0.0,0.0,
A05016A,0.11924134412590003,0.14905168015737502,0.0,0.11924134412590003,low,13887.806516559718,0.7779844908549999,14003.72083539,3996.27916461,18000.0,0.22201550914500012,0.97248061356875,0.22201550914499998,0.0,0.0,0.0,0.0,0.0,0.0,0.0,0.0,0.0,0.0,0.0,0.0,0.0,
A05018A,0.11981370276185926,0.14976712845232407,0.0,0.11981370276185926,low,13893.987989828078,0.7713803527477778,13884.84634946,4115.15365054,18000.0,0.22861964725222217,0.9642254409347222,0.22861964725222222,0.0,0.0,0.0,0.0,0.0,0.0,0.0,0.0,0.0,0.0,0.0,0.0,0.0,
A05022A,0.1101343569796889,0.13766794622461112,0.0,0.1101343569796889,low,13789.45105538064,0.8385659447516666,15094.18700553,2905.8129944699995,18000.0,0.16143405524833343,1.0,0.1614340552483333,0.0,0.0,0.0,0.0,0.0,0.0,0.0,0.0,0.0,0.0,0.0,0.0,0.0,
A05024A,0.13098703265666664,0.1637337908208333,0.0,0.13098703265666664,low,14014.659952691998,0.6424573155000001,11564.231679,6435.768321,18000.0,0.35754268449999993,0.803071644375,0.3575426845,0.0,0.0,0.0,0.0,0.0,0.0,0.0,0.0,0.0,0.0,0.0,0.0,0.0,
A05026A,0.11092501541629632,0.1386562692703704,0.0,0.11092501541629632,low,13797.990166495998,0.8343302745555554,15017.944941999998,2982.0550580000017,18000.0,0.16566972544444458,1.0,0.16566972544444455,0.0,0.0,0.0,0.0,0.0,0.0,0.0,0.0,0.0,0.0,0.0,0.0,0.0,
A05028A,0.12925849068012965,0.16157311335016206,0.0,0.12925849068012965,low,13995.9916993454,0.6624020306138888,11923.23655105,6076.76344895,18000.0,0.3375979693861112,0.8280025382673611,0.3375979693861111,0.0,0.0,0.0,0.0,0.0,0.0,0.0,0.0,0.0,0.0,0.0,0.0,0.0,
A05072E,0.052480688248888865,0.06560086031111108,0.0,0.052480688248888865,low,13166.791433088,1.2579935476666668,22643.883858,0.0,18000.0,-0.2579935476666668,1.0,0.0,0.0,0.0,0.0,0.0,0.0,0.0,0.0,0.0,0.0,0.0,0.0,0.0,0.0,
A05109A,0.13143884401666667,0.16429855502083332,0.0,0.13143884401666667,low,14019.539515379998,0.6372441075,11470.393935,6529.606065,18000.0,0.36275589249999995,0.796555134375,0.3627558925,0.0,0.0,0.0,0.0,0.0,0.0,0.0,0.0,0.0,0.0,0.0,0.0,0.0,
A05113A,0.12960194078452963,0.16200242598066203,0.0,0.12960194078452963,low,13999.70096047292,0.6584391447938889,11851.90460629,6148.09539371,18000.0,0.3415608552061111,0.8230489309923611,0.3415608552061111,0.0,0.0,0.0,0.0,0.0,0.0,0.0,0.0,0.0,0.0,0.0,0.0,0.0,
A05115A,0.1257191340948148,0.15714891761851849,0.0,0.1257191340948148,low,13957.766648223998,0.7032407604444445,12658.333688,5341.666311999999,18000.0,0.2967592395555555,0.8790509505555556,0.2967592395555555,0.0,0.0,0.0,0.0,0.0,0.0,0.0,0.0,0.0,0.0,0.0,0.0,0.0,
A05128A,0.12227835230592594,0.15284794038240743,0.0,0.12227835230592594,low,13920.606204904001,0.7429420887777777,13372.957598,4627.042401999999,18000.0,0.2570579112222223,0.9286776109722222,0.25705791122222216,0.0,0.0,0.0,0.0,0.0,0.0,0.0,0.0,0.0,0.0,0.0,0.0,0.0,
A05142A,0.13043114139481482,0.16303892674351853,0.0,0.13043114139481482,low,14008.656327064,0.6488714454444444,11679.686018,6320.313982,18000.0,0.3511285545555556,0.8110893068055556,0.3511285545555555,0.0,0.0,0.0,0.0,0.0,0.0,0.0,0.0,0.0,0.0,0.0,0.0,0.0,
A05151A,0.10950229337481482,0.1368778667185185,0.0,0.10950229337481482,low,13782.624768447999,0.8419519997777777,15155.135996,2844.864003999999,18000.0,0.15804800022222232,1.0,0.15804800022222218,0.0,0.0,0.0,0.0,0.0,0.0,0.0,0.0,0.0,0.0,0.0,0.0,0.0,
A05155A,0.1337793243831815,0.16722415547897684,0.0,0.1337793243831815,low,14044.816703338358,0.6102385648094445,10984.29416657,7015.70583343,18000.0,0.3897614351905555,0.7627982060118056,0.38976143519055556,0.0,0.0,0.0,0.0,0.0,0.0,0.0,0.0,0.0,0.0,0.0,0.0,0.0,
A05157A,0.1261701633151111,0.15771270414388888,0.0,0.1261701633151111,low,13962.637763803199,0.6980365771333333,12564.6583884,5435.341611600001,18000.0,0.30196342286666666,0.8725457214166666,0.3019634228666667,0.0,0.0,0.0,0.0,0.0,0.0,0.0,0.0,0.0,0.0,0.0,0.0,0.0,
A05159A,0.12932285791374817,0.1616535723921852,0.0,0.12932285791374817,low,13996.68686546848,0.6616593317644444,11909.86797176,6090.132028239999,18000.0,0.33834066823555564,0.8270741647055556,0.33834066823555553,0.0,0.0,0.0,0.0,0.0,0.0,0.0,0.0,0.0,0.0,0.0,0.0,0.0,
A05160A,0.12259352716592593,0.1532419089574074,0.0,0.12259352716592593,low,13924.010093391998,0.7393054557777777,13307.498204,4692.5017960000005,18000.0,0.26069454422222227,0.9241318197222221,0.26069454422222227,0.0,0.0,0.0,0.0,0.0,0.0,0.0,0.0,0.0,0.0,0.0,0.0,0.0,
A05163A,0.1290457482458,0.16130718530725,0.0,0.1290457482458,low,13993.694081054638,0.66485675101,11967.42151818,6032.578481820001,18000.0,0.33514324899000003,0.8310709387624999,0.33514324899000003,0.0,0.0,0.0,0.0,0.0,0.0,0.0,0.0,0.0,0.0,0.0,0.0,0.0,
A05164A,0.10207410234565926,0.12759262793207407,0.0,0.10207410234565926,low,13702.40030533312,0.881745880291111,15871.42584524,2128.574154759999,18000.0,0.118254119708889,1.0,0.11825411970888884,0.0,0.0,0.0,0.0,0.0,0.0,0.0,0.0,0.0,0.0,0.0,0.0,0.0,
A05165A,0.13599747960264444,0.16999684950330554,0.0,0.13599747960264444,low,14068.772779708559,0.5846444661233334,10523.60039022,7476.399609780001,18000.0,0.41535553387666657,0.7308055826541666,0.41535553387666674,0.0,0.0,0.0,0.0,0.0,0.0,0.0,0.0,0.0,0.0,0.0,0.0,0.0,
A05166A,0.12941983368999999,0.16177479211249998,0.0,0.12941983368999999,low,13997.734203852,0.6605403805,11889.726849,6110.273150999999,18000.0,0.33945961950000003,0.825675475625,0.3394596195,0.0,0.0,0.0,0.0,0.0,0.0,0.0,0.0,0.0,0.0,0.0,0.0,0.0,
A05169A,0.1198382041275889,0.14979775515948612,0.0,0.1198382041275889,low,13894.252604577958,0.7710976446816666,13879.75760427,4120.24239573,18000.0,0.22890235531833336,0.9638720558520834,0.22890235531833333,0.0,0.0,0.0,0.0,0.0,0.0,0.0,0.0,0.0,0.0,0.0,0.0,0.0,
A05175A,0.13194184745555557,0.16492730931944447,0.0,0.13194184745555557,low,14024.97195252,0.6314402216666666,11365.92399,6634.076010000001,18000.0,0.3685597783333334,0.7893002770833333,0.36855977833333337,0.0,0.0,0.0,0.0,0.0,0.0,0.0,0.0,0.0,0.0,0.0,0.0,0.0,
A05176A,0.12675131561555555,0.15843914451944444,0.0,0.12675131561555555,low,13968.914208647999,0.6913309736666666,12443.957525999998,5556.042474000002,18000.0,0.3086690263333334,0.8641637170833332,0.30866902633333343,0.0,0.0,0.0,0.0,0.0,0.0,0.0,0.0,0.0,0.0,0.0,0.0,0.0,
A05177A,0.12520496154703706,0.1565062019337963,0.0,0.12520496154703706,low,13952.213584707999,0.709173520611111,12765.123371,5234.876629,18000.0,0.29082647938888895,0.8864669007638889,0.2908264793888889,0.0,0.0,0.0,0.0,0.0,0.0,0.0,0.0,0.0,0.0,0.0,0.0,0.0,
A05188A,0.10604718335105189,0.13255897918881485,0.0,0.10604718335105189,low,13745.30958019136,0.8604615177622221,15488.30731972,2511.692680280001,18000.0,0.13953848223777787,1.0,0.13953848223777782,0.0,0.0,0.0,0.0,0.0,0.0,0.0,0.0,0.0,0.0,0.0,0.0,0.0,
A05197A,0.09667949631879999,0.12084937039849998,0.0,0.09667949631879999,low,13644.13856024304,0.910645555435,16391.61999783,1608.3800021700008,18000.0,0.08935444456499997,1.0,0.08935444456500004,0.0,0.0,0.0,0.0,0.0,0.0,0.0,0.0,0.0,0.0,0.0,0.0,0.0,
A05206A,0.13632899217383704,0.17041124021729628,0.0,0.13632899217383704,low,14072.35311547744,0.580819321071111,10454.747779279998,7545.252220720002,18000.0,0.419180678928889,0.7260241513388888,0.419180678928889,0.0,0.0,0.0,0.0,0.0,0.0,0.0,0.0,0.0,0.0,0.0,0.0,0.0,
A05207A,0.12897430355054446,0.16121787943818056,0.0,0.12897430355054446,low,13992.92247834588,0.6656811128783333,11982.26003181,6017.739968190001,18000.0,0.3343188871216667,0.8321013910979166,0.3343188871216667,0.0,0.0,0.0,0.0,0.0,0.0,0.0,0.0,0.0,0.0,0.0,0.0,0.0,
A05211A,0.1260817571198889,0.15760219639986112,0.0,0.1260817571198889,low,13961.6829768948,0.6990566486166667,12583.0196751,5416.9803249,18000.0,0.3009433513833333,0.8738208107708334,0.30094335138333334,0.0,0.0,0.0,0.0,0.0,0.0,0.0,0.0,0.0,0.0,0.0,0.0,0.0,
A05214A,0.13166461507964444,0.16458076884955555,0.0,0.13166461507964444,low,14021.97784286016,0.6346390567733332,11423.503021919998,6576.496978080002,18000.0,0.3653609432266668,0.7932988209666665,0.3653609432266668,0.0,0.0,0.0,0.0,0.0,0.0,0.0,0.0,0.0,0.0,0.0,0.0,0.0,
A05219A,0.09007585438782222,0.11259481798477776,0.0,0.09007585438782222,low,13572.819227388478,0.9460222086366668,17028.399755460003,971.6002445399972,18000.0,0.05397779136333325,1.0,0.05397779136333318,0.0,0.0,0.0,0.0,0.0,0.0,0.0,0.0,0.0,0.0,0.0,0.0,0.0,
A05220A,0.12896493903535555,0.16120617379419444,0.0,0.12896493903535555,low,13992.821341581839,0.6657891649766666,11984.20496958,6015.79503042,18000.0,0.3342108350233334,0.8322364562208333,0.3342108350233334,0.0,0.0,0.0,0.0,0.0,0.0,0.0,0.0,0.0,0.0,0.0,0.0,0.0,
A05225A,0.126921391772263,0.15865173971532873,0.0,0.126921391772263,low,13970.75103114044,0.6893685564738888,12408.63401653,5591.365983469999,18000.0,0.31063144352611116,0.8617106955923611,0.31063144352611105,0.0,0.0,0.0,0.0,0.0,0.0,0.0,0.0,0.0,0.0,0.0,0.0,0.0,
A05226A,0.1117116866412889,0.13963960830161112,0.0,0.1117116866412889,low,13806.48621572592,0.8301159644216666,14942.08735959,3057.9126404100007,18000.0,0.16988403557833343,1.0,0.16988403557833337,0.0,0.0,0.0,0.0,0.0,0.0,0.0,0.0,0.0,0.0,0.0,0.0,0.0,
A05228A,0.12489232805000744,0.15611541006250929,0.0,0.12489232805000744,low,13948.83714294008,0.7127808301922222,12830.05494346,5169.94505654,18000.0,0.28721916980777784,0.8909760377402778,0.2872191698077778,0.0,0.0,0.0,0.0,0.0,0.0,0.0,0.0,0.0,0.0,0.0,0.0,0.0,
A05229A,0.1225487576262963,0.15318594703287036,0.0,0.1225487576262963,low,13923.526582363998,0.739822027388889,13316.796493000002,4683.203506999998,18000.0,0.260177972611111,0.9247775342361112,0.26017797261111103,0.0,0.0,0.0,0.0,0.0,0.0,0.0,0.0,0.0,0.0,0.0,0.0,0.0,
A05234A,0.12086613334962965,0.15108266668703704,0.0,0.12086613334962965,low,13905.354240176,0.7592369228888889,13666.264612,4333.735387999999,18000.0,0.2407630771111111,0.9490461536111112,0.24076307711111106,0.0,0.0,0.0,0.0,0.0,0.0,0.0,0.0,0.0,0.0,0.0,0.0,0.0,
A05238A,0.1265997829046926,0.15824972863086573,0.0,0.1265997829046926,low,13967.277655370679,0.6930794280227778,12475.42970441,5524.57029559,18000.0,0.3069205719772222,0.8663492850284722,0.3069205719772222,0.0,0.0,0.0,0.0,0.0,0.0,0.0,0.0,0.0,0.0,0.0,0.0,0.0,
A05247A,0.12414346703888889,0.1551793337986111,0.0,0.12414346703888889,low,13940.749444019999,0.7214215341666667,12985.587615,5014.412385,18000.0,0.27857846583333334,0.9017769177083333,0.2785784658333333,0.0,0.0,0.0,0.0,0.0,0.0,0.0,0.0,0.0,0.0,0.0,0.0,0.0,
A05253A,0.14317344004518517,0.17896680005648147,0.0,0.14317344004518517,low,14146.273152488,0.5018449225555556,9033.208606,8966.791394,18000.0,0.4981550774444444,0.6273061531944445,0.4981550774444444,0.0,0.0,0.0,0.0,0.0,0.0,0.0,0.0,0.0,0.0,0.0,0.0,0.0,
A05255A,0.12852743106777778,0.16065928883472222,0.0,0.12852743106777778,low,13988.096255531998,0.6708373338333333,12075.072009,5924.9279910000005,18000.0,0.3291626661666667,0.8385466672916666,0.3291626661666667,0.0,0.0,0.0,0.0,0.0,0.0,0.0,0.0,0.0,0.0,0.0,0.0,0.0,
A05258A,0.1089745415037037,0.13621817687962962,0.0,0.1089745415037037,low,13776.92504824,0.8447792419444445,15206.026355000002,2793.973644999998,18000.0,0.15522075805555546,1.0,0.15522075805555546,0.0,0.0,0.0,0.0,0.0,0.0,0.0,0.0,0.0,0.0,0.0,0.0,0.0,
A05274A,0.12123358543371482,0.1515419817921435,0.0,0.12123358543371482,low,13909.322722684119,0.7549970911494445,13589.94764069,4410.052359310001,18000.0,0.24500290885055553,0.9437463639368056,0.2450029088505556,0.0,0.0,0.0,0.0,0.0,0.0,0.0,0.0,0.0,0.0,0.0,0.0,0.0,
A05278A,0.1347583832025926,0.16844797900324074,0.0,0.1347583832025926,low,14055.390538587999,0.5989417322777778,10780.951181,7219.048819,18000.0,0.4010582677222222,0.7486771653472223,0.4010582677222222,0.0,0.0,0.0,0.0,0.0,0.0,0.0,0.0,0.0,0.0,0.0,0.0,0.0,
A05286A,0.12443201590074074,0.15554001987592592,0.0,0.12443201590074074,low,13943.865771728,0.7180921242222222,12925.658236,5074.341764000001,18000.0,0.28190787577777776,0.8976151552777777,0.2819078757777778,0.0,0.0,0.0,0.0,0.0,0.0,0.0,0.0,0.0,0.0,0.0,0.0,0.0,
A0528N,0.16026329615222223,0.2003291201902778,0.0,0.16026329615222223,low,14330.843598444,0.3046542751666666,5483.776953,12516.223047,18000.0,0.6953457248333335,0.3808178439583333,0.6953457248333333,0.0,0.0,0.0,0.0,0.0,0.0,0.0,0.0,0.0,0.0,0.0,0.0,0.0,
A05290A,0.13108674843444446,0.16385843554305557,0.0,0.13108674843444446,low,14015.736883092,0.6413067488333333,11543.521479,6456.478520999999,18000.0,0.3586932511666667,0.8016334360416667,0.3586932511666666,0.0,0.0,0.0,0.0,0.0,0.0,0.0,0.0,0.0,0.0,0.0,0.0,0.0,
A05292A,0.1272061440637037,0.15900768007962962,0.0,0.1272061440637037,low,13973.826355887999,0.6860829531111111,12349.493156,5650.506844,18000.0,0.3139170468888889,0.8576036913888889,0.3139170468888889,0.0,0.0,0.0,0.0,0.0,0.0,0.0,0.0,0.0,0.0,0.0,0.0,0.0,
A05296A,0.16071656137444446,0.20089570171805557,0.0,0.16071656137444446,low,14335.738862844,0.2994242918333333,5389.637253,12610.362747,18000.0,0.7005757081666667,0.37428036479166665,0.7005757081666666,0.0,0.0,0.0,0.0,0.0,0.0,0.0,0.0,0.0,0.0,0.0,0.0,0.0,
A05354A,0.12139469558792225,0.1517433694849028,0.0,0.12139469558792225,low,13911.06271234956,0.7531381278316667,13556.48630097,4443.51369903,18000.0,0.24686187216833333,0.9414226597895834,0.24686187216833333,0.0,0.0,0.0,0.0,0.0,0.0,0.0,0.0,0.0,0.0,0.0,0.0,0.0,
A05355A,0.1344187225660778,0.16802340320759723,0.0,0.1344187225660778,low,14051.722203713638,0.6028608934683333,10851.49608243,7148.50391757,18000.0,0.39713910653166673,0.7535761168354167,0.3971391065316667,0.0,0.0,0.0,0.0,0.0,0.0,0.0,0.0,0.0,0.0,0.0,0.0,0.0,
A05356A,0.1326869049972111,0.16585863124651387,0.0,0.1326869049972111,low,14033.018573969879,0.6228434038783334,11211.18126981,6788.81873019,18000.0,0.37715659612166663,0.7785542548479167,0.37715659612166663,0.0,0.0,0.0,0.0,0.0,0.0,0.0,0.0,0.0,0.0,0.0,0.0,0.0,
A05366E,0.09817830952,0.1227228869,0.0,0.09817830952,low,13660.325742816,0.902616199,16247.091582,1752.908418000001,18000.0,0.09738380099999999,1.0,0.09738380100000005,0.0,0.0,0.0,0.0,0.0,0.0,0.0,0.0,0.0,0.0,0.0,0.0,0.0,
A0537H,0.1618215611,0.202276951375,0.0,0.1618215611,low,14347.672859879998,0.2866742949999999,5160.137309999999,12839.862690000002,18000.0,0.7133257050000001,0.35834286874999993,0.7133257050000001,0.0,0.0,0.0,0.0,0.0,0.0,0.0,0.0,0.0,0.0,0.0,0.0,0.0,
A05408A,0.11830089017851851,0.14787611272314813,0.0,0.11830089017851851,low,13877.649613927999,0.7888358825555556,14199.045886,3800.954114,18000.0,0.2111641174444444,0.9860448531944445,0.21116411744444444,0.0,0.0,0.0,0.0,0.0,0.0,0.0,0.0,0.0,0.0,0.0,0.0,0.0,
A05409A,0.11290088053777779,0.14112610067222223,0.0,0.11290088053777779,low,13819.329509807998,0.8237452828333333,14827.415091,3172.5849089999992,18000.0,0.17625471716666674,1.0,0.17625471716666663,0.0,0.0,0.0,0.0,0.0,0.0,0.0,0.0,0.0,0.0,0.0,0.0,0.0,
A05410A,0.08849299312296295,0.11061624140370369,0.0,0.08849299312296295,low,13555.724325727999,0.9545018225555556,17181.032806,818.9671940000007,18000.0,0.0454981774444444,1.0,0.04549817744444449,0.0,0.0,0.0,0.0,0.0,0.0,0.0,0.0,0.0,0.0,0.0,0.0,0.0,
A05432A,0.1330947675451852,0.16636845943148149,0.0,0.1330947675451852,low,14037.423489488001,0.6181372975555556,11126.471356,6873.528644,18000.0,0.3818627024444444,0.7726716219444445,0.3818627024444444,0.0,0.0,0.0,0.0,0.0,0.0,0.0,0.0,0.0,0.0,0.0,0.0,0.0,
A05501A,0.09652642866373334,0.12065803582966667,0.0,0.09652642866373334,low,13642.48542956832,0.91146556073,16406.38009314,1593.61990686,18000.0,0.08853443927000004,1.0,0.08853443927,0.0,0.0,0.0,0.0,0.0,0.0,0.0,0.0,0.0,0.0,0.0,0.0,0.0,
A05502A,0.08607606586066666,0.10759508232583331,0.0,0.08607606586066666,low,13529.6215112952,0.967449647175,17414.093649150003,585.9063508499967,18000.0,0.03255035282499996,1.0,0.032550352824999816,0.0,0.0,0.0,0.0,0.0,0.0,0.0,0.0,0.0,0.0,0.0,0.0,0.0,
A05503A,0.12247433991168888,0.1530929248896111,0.0,0.12247433991168888,low,13922.722871046239,0.7406806933266666,13332.25247988,4667.74752012,18000.0,0.25931930667333336,0.9258508666583334,0.25931930667333336,0.0,0.0,0.0,0.0,0.0,0.0,0.0,0.0,0.0,0.0,0.0,0.0,0.0,
A05504A,0.11782949234242222,0.14728686542802777,0.0,0.11782949234242222,low,13872.55851729816,0.7942750883566667,14296.951590420002,3703.0484095799984,18000.0,0.20572491164333329,0.9928438604458334,0.20572491164333326,0.0,0.0,0.0,0.0,0.0,0.0,0.0,0.0,0.0,0.0,0.0,0.0,0.0,
A05505A,0.1354549257159259,0.16931865714490738,0.0,0.1354549257159259,low,14062.913197731998,0.5909047032777778,10636.284659,7363.715340999999,18000.0,0.4090952967222222,0.7386308790972222,0.40909529672222217,0.0,0.0,0.0,0.0,0.0,0.0,0.0,0.0,0.0,0.0,0.0,0.0,0.0,
A05506A,0.12612315124952964,0.15765393906191202,0.0,0.12612315124952964,low,13962.13003349492,0.6985790240438888,12574.42243279,5425.577567210001,18000.0,0.30142097595611117,0.873223780054861,0.30142097595611117,0.0,0.0,0.0,0.0,0.0,0.0,0.0,0.0,0.0,0.0,0.0,0.0,0.0,
A05507A,0.11125190852725926,0.13906488565907407,0.0,0.11125190852725926,low,13801.5206120944,0.832579061461111,14986.4231063,3013.5768937,18000.0,0.16742093853888895,1.0,0.16742093853888887,0.0,0.0,0.0,0.0,0.0,0.0,0.0,0.0,0.0,0.0,0.0,0.0,0.0,
A05508A,0.13190761565333337,0.1648845195666667,0.0,0.13190761565333337,low,14024.602249055999,0.6318352039999999,11373.033672,6626.966328,18000.0,0.36816479600000007,0.789794005,0.368164796,0.0,0.0,0.0,0.0,0.0,0.0,0.0,0.0,0.0,0.0,0.0,0.0,0.0,
A05509A,0.18034819487740741,0.22543524359675926,0.0,0.18034819487740741,low,14547.760504675998,0.0729054437222222,1312.297987,16687.702013000002,18000.0,0.9270945562777778,0.09113180465277777,0.9270945562777779,0.0,0.0,0.0,0.0,0.0,0.0,0.0,0.0,0.0,0.0,0.0,0.0,0.0,
A0576E,0.1577177949303704,0.19714724366296296,0.0,0.1577177949303704,low,14303.352185247999,0.3340254431111111,6012.457976,11987.542024,18000.0,0.6659745568888888,0.4175318038888889,0.665974556888889,0.0,0.0,0.0,0.0,0.0,0.0,0.0,0.0,0.0,0.0,0.0,0.0,0.0,
A0582H,0.1861366735666667,0.23267084195833335,0.0,0.1861366735666667,low,14610.276074519998,0.006115305,110.07549,17889.92451,18000.0,0.993884695,0.00764413125,0.9938846950000001,0.0,0.0,0.0,0.0,0.0,0.0,0.0,0.0,0.0,0.0,0.0,0.0,0.0,
A0604A,0.1779949498851852,0.22249368735648148,0.0,0.1779949498851852,low,14522.345458759999,0.1000582705555555,1801.04887,16198.95113,18000.0,0.8999417294444445,0.12507283819444445,0.8999417294444444,0.0,0.0,0.0,0.0,0.0,0.0,0.0,0.0,0.0,0.0,0.0,0.0,0.0,
A0623N,0.16037236969592594,0.20046546211990743,0.0,0.16037236969592594,low,14332.021592716,0.3033957342777778,5461.123217,12538.876783,18000.0,0.6966042657222222,0.3792446678472222,0.6966042657222222,0.0,0.0,0.0,0.0,0.0,0.0,0.0,0.0,0.0,0.0,0.0,0.0,0.0,
A064,0.1842935484925926,0.23036693561574073,0.0,0.1842935484925926,low,14590.370323719999,0.0273821327777777,492.87839,17507.12161,18000.0,0.9726178672222223,0.034227665972222224,0.9726178672222221,0.0,0.0,0.0,0.0,0.0,0.0,0.0,0.0,0.0,0.0,0.0,0.0,0.0,
A0646E,0.16106210930444445,0.20132763663055556,0.0,0.16106210930444445,low,14339.470780487998,0.2954372003333333,5317.869606,12682.130394,18000.0,0.7045627996666667,0.3692965004166667,0.7045627996666667,0.0,0.0,0.0,0.0,0.0,0.0,0.0,0.0,0.0,0.0,0.0,0.0,0.0,
A0682K,0.15755673993333333,0.19694592491666665,0.0,0.15755673993333333,low,14301.612791279998,0.3358837699999999,6045.907859999999,11954.09214,18000.0,0.6641162300000001,0.41985471249999995,0.6641162300000001,0.0,0.0,0.0,0.0,0.0,0.0,0.0,0.0,0.0,0.0,0.0,0.0,0.0,
A0689J,0.1577827583666667,0.19722844795833336,0.0,0.1577827583666667,low,14304.05379036,0.333275865,5998.96557,12001.03443,18000.0,0.6667241349999999,0.41659483125,0.6667241349999999,0.0,0.0,0.0,0.0,0.0,0.0,0.0,0.0,0.0,0.0,0.0,0.0,0.0,
A0748J,0.16102105986888893,0.20127632483611113,0.0,0.16102105986888893,low,14339.027446584001,0.2959108476666667,5326.3952580000005,12673.604742,18000.0,0.7040891523333332,0.3698885595833334,0.7040891523333334,0.0,0.0,0.0,0.0,0.0,0.0,0.0,0.0,0.0,0.0,0.0,0.0,0.0,
A0772M,0.18120775211851856,0.22650969014814817,0.0,0.18120775211851856,low,14557.043722879998,0.0629874755555555,1133.7745599999998,16866.225440000002,18000.0,0.9370125244444445,0.07873434444444444,0.9370125244444446,0.0,0.0,0.0,0.0,0.0,0.0,0.0,0.0,0.0,0.0,0.0,0.0,0.0,
A0776D,0.16804977172740743,0.21006221465925926,0.0,0.16804977172740743,low,14414.937534656,0.2148103262222222,3866.585872,14133.414128,18000.0,0.7851896737777778,0.2685129077777778,0.7851896737777778,0.0,0.0,0.0,0.0,0.0,0.0,0.0,0.0,0.0,0.0,0.0,0.0,0.0,
A0802E,0.16237038684740743,0.20296298355925926,0.0,0.16237038684740743,low,14353.600177952,0.2803416902222222,5046.150424,12953.849576,18000.0,0.7196583097777778,0.3504271127777778,0.7196583097777778,0.0,0.0,0.0,0.0,0.0,0.0,0.0,0.0,0.0,0.0,0.0,0.0,0.0,
A0813B,0.1778203885814815,0.22227548572685185,0.0,0.1778203885814815,low,14520.460196679998,0.1020724394444444,1837.30391,16162.69609,18000.0,0.8979275605555556,0.12759054930555555,0.8979275605555556,0.0,0.0,0.0,0.0,0.0,0.0,0.0,0.0,0.0,0.0,0.0,0.0,0.0,
A0814M,0.18594979620740743,0.23243724525925927,0.0,0.18594979620740743,low,14608.25779904,0.0082715822222222,148.88848,17851.11152,18000.0,0.9917284177777778,0.010339477777777778,0.9917284177777776,0.0,0.0,0.0,0.0,0.0,0.0,0.0,0.0,0.0,0.0,0.0,0.0,0.0,
A0855A,0.1591488833962963,0.19893610424537037,0.0,0.1591488833962963,low,14318.80794068,0.3175128838888889,5715.23191,12284.76809,18000.0,0.6824871161111111,0.3968911048611111,0.6824871161111111,0.0,0.0,0.0,0.0,0.0,0.0,0.0,0.0,0.0,0.0,0.0,0.0,0.0,
A0858A,0.18647763371481485,0.23309704214351856,0.0,0.18647763371481485,low,14613.958444119999,0.0021811494444444,39.26069,17960.73931,18000.0,0.9978188505555556,0.0027264368055555555,0.9978188505555556,0.0,0.0,0.0,0.0,0.0,0.0,0.0,0.0,0.0,0.0,0.0,0.0,0.0,
A0921D,0.17348133360148152,0.21685166700185188,0.0,0.17348133360148152,low,14473.598402896001,0.1521384584444444,2738.492252,15261.507748,18000.0,0.8478615415555556,0.19017307305555556,0.8478615415555556,0.0,0.0,0.0,0.0,0.0,0.0,0.0,0.0,0.0,0.0,0.0,0.0,0.0,
A0945H,0.1860504681592593,0.2325630851990741,0.0,0.1860504681592593,low,14609.34505612,0.0071099827777777,127.97969,17872.02031,18000.0,0.9928900172222223,0.008887478472222222,0.9928900172222223,0.0,0.0,0.0,0.0,0.0,0.0,0.0,0.0,0.0,0.0,0.0,0.0,0.0,
A1016L,0.1849831650777778,0.2312289563472222,0.0,0.1849831650777778,low,14597.81818284,0.0194250183333333,349.65032999999994,17650.34967,18000.0,0.9805749816666667,0.024281272916666662,0.9805749816666667,0.0,0.0,0.0,0.0,0.0,0.0,0.0,0.0,0.0,0.0,0.0,0.0,0.0,
A1022C,0.18531626360111114,0.2316453295013889,0.0,0.18531626360111114,low,14601.415646892,0.0155815738333333,280.46832900000004,17719.531671,18000.0,0.9844184261666667,0.019476967291666668,0.9844184261666667,0.0,0.0,0.0,0.0,0.0,0.0,0.0,0.0,0.0,0.0,0.0,0.0,0.0,
A1024C,0.16799067363111114,0.20998834203888891,0.0,0.16799067363111114,low,14414.299275215999,0.2154922273333333,3878.860092,14121.139908,18000.0,0.7845077726666667,0.26936528416666666,0.7845077726666666,0.0,0.0,0.0,0.0,0.0,0.0,0.0,0.0,0.0,0.0,0.0,0.0,0.0,
A1113L,0.1813408354777778,0.22667604434722222,0.0,0.1813408354777778,low,14558.481023159999,0.0614518983333333,1106.13417,16893.86583,18000.0,0.9385481016666667,0.07681487291666667,0.9385481016666666,0.0,0.0,0.0,0.0,0.0,0.0,0.0,0.0,0.0,0.0,0.0,0.0,0.0,
A1118K,0.18586063108518522,0.2323257888564815,0.0,0.18586063108518522,low,14607.294815719999,0.0093004105555555,167.40739,17832.59261,18000.0,0.9906995894444445,0.011625513194444444,0.9906995894444445,0.0,0.0,0.0,0.0,0.0,0.0,0.0,0.0,0.0,0.0,0.0,0.0,0.0,
A1123C,0.18539454833962965,0.23174318542453706,0.0,0.18539454833962965,low,14602.261122068,0.0146782883888888,264.209191,17735.790809,18000.0,0.9853217116111112,0.01834786048611111,0.985321711611111,0.0,0.0,0.0,0.0,0.0,0.0,0.0,0.0,0.0,0.0,0.0,0.0,0.0,
A114JLB,0.16087493699444444,0.20109367124305555,0.0,0.16087493699444444,low,14337.44931954,0.2975968808333333,5356.743855,12643.256145,18000.0,0.7024031191666666,0.37199610104166664,0.7024031191666666,0.0,0.0,0.0,0.0,0.0,0.0,0.0,0.0,0.0,0.0,0.0,0.0,0.0,
A1155G,0.16294500652074076,0.20368125815092594,0.0,0.16294500652074076,low,14359.806070423998,0.2737114632222222,4926.806338,13073.193662,18000.0,0.7262885367777778,0.3421393290277778,0.7262885367777777,0.0,0.0,0.0,0.0,0.0,0.0,0.0,0.0,0.0,0.0,0.0,0.0,0.0,
A1178C,0.18600342642666667,0.23250428303333334,0.0,0.18600342642666667,low,14608.837005408,0.007652772,137.749896,17862.250104,18000.0,0.992347228,0.009565965000000001,0.992347228,0.0,0.0,0.0,0.0,0.0,0.0,0.0,0.0,0.0,0.0,0.0,0.0,0.0,
A1185K,0.18218312721666666,0.22772890902083331,0.0,0.18218312721666666,low,14567.57777394,0.0517331475,931.196655,17068.803345,18000.0,0.9482668525,0.064666434375,0.9482668525,0.0,0.0,0.0,0.0,0.0,0.0,0.0,0.0,0.0,0.0,0.0,0.0,0.0,
A1291M,0.18114635080740743,0.22643293850925927,0.0,0.18114635080740743,low,14556.38058872,0.0636959522222222,1146.52714,16853.47286,18000.0,0.9363040477777778,0.07961994027777777,0.9363040477777779,0.0,0.0,0.0,0.0,0.0,0.0,0.0,0.0,0.0,0.0,0.0,0.0,0.0,
A1297B,0.18523167813333336,0.23153959766666668,0.0,0.18523167813333336,low,14600.502123839999,0.01655756,298.03608,17701.96392,18000.0,0.98344244,0.020696950000000002,0.9834424399999999,0.0,0.0,0.0,0.0,0.0,0.0,0.0,0.0,0.0,0.0,0.0,0.0,0.0,
A1343H,0.16003576323333335,0.20004470404166666,0.0,0.16003576323333335,low,14328.38624292,0.307279655,5531.03379,12468.96621,18000.0,0.692720345,0.38409956875,0.692720345,0.0,0.0,0.0,0.0,0.0,0.0,0.0,0.0,0.0,0.0,0.0,0.0,0.0,
A1343HA,0.18588723101111113,0.2323590387638889,0.0,0.18588723101111113,low,14607.582094919999,0.0089934883333333,161.88279,17838.11721,18000.0,0.9910065116666666,0.011241860416666666,0.9910065116666666,0.0,0.0,0.0,0.0,0.0,0.0,0.0,0.0,0.0,0.0,0.0,0.0,0.0,
A13857,0.16094625030000004,0.20118281287500003,0.0,0.16094625030000004,low,14338.219503239998,0.2967740349999999,5341.932629999999,12658.06737,18000.0,0.7032259650000001,0.37096754374999996,0.703225965,0.0,0.0,0.0,0.0,0.0,0.0,0.0,0.0,0.0,0.0,0.0,0.0,0.0,
A145AA,0.15477869751851853,0.19347337189814814,0.0,0.15477869751851853,low,14271.6099332,0.3679381055555555,6622.8859,11377.1141,18000.0,0.6320618944444445,0.45992263194444444,0.6320618944444445,0.0,0.0,0.0,0.0,0.0,0.0,0.0,0.0,0.0,0.0,0.0,0.0,0.0,
A1506D,0.16445513013333335,0.2055689126666667,0.0,0.16445513013333335,low,14376.11540544,0.25628696,4613.16528,13386.83472,18000.0,0.74371304,0.3203587,0.74371304,0.0,0.0,0.0,0.0,0.0,0.0,0.0,0.0,0.0,0.0,0.0,0.0,0.0,
A154JMF,0.15895960907777779,0.19869951134722222,0.0,0.15895960907777779,low,14316.76377804,0.3196968183333333,5754.54273,12245.45727,18000.0,0.6803031816666667,0.3996210229166667,0.6803031816666667,0.0,0.0,0.0,0.0,0.0,0.0,0.0,0.0,0.0,0.0,0.0,0.0,0.0,
A1656L,0.18250823441851854,0.22813529302314817,0.0,0.18250823441851854,low,14571.08893172,0.0479819105555555,863.6743899999999,17136.32561,18000.0,0.9520180894444445,0.05997738819444444,0.9520180894444444,0.0,0.0,0.0,0.0,0.0,0.0,0.0,0.0,0.0,0.0,0.0,0.0,0.0,
A1669G,0.18552515602222225,0.2319064450277778,0.0,0.18552515602222225,low,14603.671685039999,0.0131712766666666,237.08298,17762.91702,18000.0,0.9868287233333334,0.016464095833333334,0.9868287233333334,0.0,0.0,0.0,0.0,0.0,0.0,0.0,0.0,0.0,0.0,0.0,0.0,0.0,
A1693J,0.18584098615925929,0.2323012326990741,0.0,0.18584098615925929,low,14607.08265052,0.0095270827777777,171.48748999999998,17828.51251,18000.0,0.9904729172222223,0.01190885347222222,0.9904729172222222,0.0,0.0,0.0,0.0,0.0,0.0,0.0,0.0,0.0,0.0,0.0,0.0,0.0,
A1724E,0.18597222355703708,0.23246527944629633,0.0,0.18597222355703708,low,14608.500014416,0.0080128051111111,144.230492,17855.769508,18000.0,0.9919871948888889,0.010016006388888889,0.991987194888889,0.0,0.0,0.0,0.0,0.0,0.0,0.0,0.0,0.0,0.0,0.0,0.0,0.0,
A1725K,0.18344101003333335,0.2293012625416667,0.0,0.18344101003333335,low,14581.16290836,0.037219115,669.94407,17330.05593,18000.0,0.962780885,0.04652389375,0.9627808849999999,0.0,0.0,0.0,0.0,0.0,0.0,0.0,0.0,0.0,0.0,0.0,0.0,0.0,
A1776H,0.1568685819337037,0.19608572741712962,0.0,0.1568685819337037,low,14294.180684883999,0.3438240546111111,6188.832982999999,11811.167017,18000.0,0.6561759453888889,0.4297800682638888,0.6561759453888889,0.0,0.0,0.0,0.0,0.0,0.0,0.0,0.0,0.0,0.0,0.0,0.0,0.0,
A177JMK,0.17763376303703707,0.22204220379629633,0.0,0.17763376303703707,low,14518.4446408,0.1042258111111111,1876.0646,16123.9354,18000.0,0.8957741888888889,0.1302822638888889,0.8957741888888889,0.0,0.0,0.0,0.0,0.0,0.0,0.0,0.0,0.0,0.0,0.0,0.0,0.0,
A1805G,0.1857316619225926,0.23216457740324073,0.0,0.1857316619225926,low,14605.901948764,0.0107885162777777,194.193293,17805.806707,18000.0,0.9892114837222223,0.013485645347222222,0.9892114837222222,0.0,0.0,0.0,0.0,0.0,0.0,0.0,0.0,0.0,0.0,0.0,0.0,0.0,
A1830K,0.18533614415444444,0.23167018019305555,0.0,0.18533614415444444,low,14601.630356868,0.0153521828333333,276.339291,17723.660709,18000.0,0.9846478171666667,0.019190228541666667,0.9846478171666666,0.0,0.0,0.0,0.0,0.0,0.0,0.0,0.0,0.0,0.0,0.0,0.0,0.0,
A1844K,0.17416457533333335,0.21770571916666667,0.0,0.17416457533333335,low,14480.9774136,0.1442549,2596.5882,15403.4118,18000.0,0.8557451,0.180318625,0.8557451,0.0,0.0,0.0,0.0,0.0,0.0,0.0,0.0,0.0,0.0,0.0,0.0,0.0,
A1861G,0.16402088890407407,0.2050261111300926,0.0,0.16402088890407407,low,14371.425600164,0.2612974357222222,4703.353843,13296.646157,18000.0,0.7387025642777778,0.32662179465277774,0.7387025642777777,0.0,0.0,0.0,0.0,0.0,0.0,0.0,0.0,0.0,0.0,0.0,0.0,0.0,
A1908B,0.16842405801111113,0.2105300725138889,0.0,0.16842405801111113,low,14418.979826519999,0.2104916383333333,3788.84949,14211.15051,18000.0,0.7895083616666667,0.26311454791666666,0.7895083616666666,0.0,0.0,0.0,0.0,0.0,0.0,0.0,0.0,0.0,0.0,0.0,0.0,0.0,
A191JMD,0.18327220310740744,0.22909025388425927,0.0,0.18327220310740744,low,14579.339793559999,0.0391668872222222,705.00397,17294.99603,18000.0,0.9608331127777778,0.04895860902777777,0.9608331127777777,0.0,0.0,0.0,0.0,0.0,0.0,0.0,0.0,0.0,0.0,0.0,0.0,0.0,
A1921M,0.18476193271000002,0.2309524158875,0.0,0.18476193271000002,low,14595.428873267998,0.0219776994999999,395.598591,17604.401409,18000.0,0.9780223005,0.027472124375,0.9780223004999999,0.0,0.0,0.0,0.0,0.0,0.0,0.0,0.0,0.0,0.0,0.0,0.0,0.0,
A1930N,0.18573052275185187,0.23216315343981483,0.0,0.18573052275185187,low,14605.889645719999,0.0108016605555555,194.42989,17805.57011,18000.0,0.9891983394444445,0.013502075694444445,0.9891983394444445,0.0,0.0,0.0,0.0,0.0,0.0,0.0,0.0,0.0,0.0,0.0,0.0,0.0,
A1939N,0.17715600384074073,0.2214450048009259,0.0,0.17715600384074073,low,14513.28484148,0.1097384172222222,1975.29151,16024.70849,18000.0,0.8902615827777778,0.13717302152777777,0.8902615827777778,0.0,0.0,0.0,0.0,0.0,0.0,0.0,0.0,0.0,0.0,0.0,0.0,0.0,
A19BNE,0.15953863793222223,0.19942329741527776,0.0,0.15953863793222223,low,14323.017289668,0.3130157161666667,5634.282891,12365.717109,18000.0,0.6869842838333333,0.3912696452083333,0.6869842838333333,0.0,0.0,0.0,0.0,0.0,0.0,0.0,0.0,0.0,0.0,0.0,0.0,0.0,
A2000N,0.1571880911862963,0.19648511398287039,0.0,0.1571880911862963,low,14297.631384811999,0.3401374093888888,6122.473368999999,11877.526631,18000.0,0.6598625906111112,0.42517176173611104,0.6598625906111112,0.0,0.0,0.0,0.0,0.0,0.0,0.0,0.0,0.0,0.0,0.0,0.0,0.0,
A2025H,0.18593175697407407,0.2324146962175926,0.0,0.18593175697407407,low,14608.06297532,0.0084797272222222,152.63509,17847.36491,18000.0,0.9915202727777778,0.010599659027777777,0.9915202727777778,0.0,0.0,0.0,0.0,0.0,0.0,0.0,0.0,0.0,0.0,0.0,0.0,0.0,
A2044N,0.1644607119962963,0.20557588999537035,0.0,0.1644607119962963,low,14376.17568956,0.2562225538888888,4612.00597,13387.99403,18000.0,0.7437774461111112,0.3202781923611111,0.7437774461111111,0.0,0.0,0.0,0.0,0.0,0.0,0.0,0.0,0.0,0.0,0.0,0.0,0.0,
A2059C,0.16035535229629633,0.2004441903703704,0.0,0.16035535229629633,low,14331.8378048,0.3035920888888889,5464.6576000000005,12535.3424,18000.0,0.6964079111111111,0.37949011111111114,0.6964079111111111,0.0,0.0,0.0,0.0,0.0,0.0,0.0,0.0,0.0,0.0,0.0,0.0,0.0,
A2082M,0.1849209535777778,0.23115119197222223,0.0,0.1849209535777778,low,14597.146298639998,0.0201428433333333,362.57118,17637.42882,18000.0,0.9798571566666667,0.02517855416666667,0.9798571566666667,0.0,0.0,0.0,0.0,0.0,0.0,0.0,0.0,0.0,0.0,0.0,0.0,0.0,
A2092L,0.16170906593222226,0.20213633241527781,0.0,0.16170906593222226,low,14346.457912068,0.2879723161666666,5183.501691,12816.498309,18000.0,0.7120276838333335,0.35996539520833337,0.7120276838333334,0.0,0.0,0.0,0.0,0.0,0.0,0.0,0.0,0.0,0.0,0.0,0.0,0.0,
A2101H,0.1856732750851852,0.23209159385648148,0.0,0.1856732750851852,low,14605.27137092,0.0114622105555555,206.31979,17793.68021,18000.0,0.9885377894444445,0.014327763194444445,0.9885377894444444,0.0,0.0,0.0,0.0,0.0,0.0,0.0,0.0,0.0,0.0,0.0,0.0,0.0,
A2118G,0.17847703682962968,0.22309629603703707,0.0,0.17847703682962968,low,14527.55199776,0.0944957288888888,1700.92312,16299.07688,18000.0,0.9055042711111112,0.11811966111111111,0.9055042711111111,0.0,0.0,0.0,0.0,0.0,0.0,0.0,0.0,0.0,0.0,0.0,0.0,0.0,
A2164D,0.18508717254074075,0.23135896567592593,0.0,0.18508717254074075,low,14598.941463439998,0.0182249322222222,328.04878,17671.95122,18000.0,0.9817750677777778,0.02278116527777778,0.9817750677777777,0.0,0.0,0.0,0.0,0.0,0.0,0.0,0.0,0.0,0.0,0.0,0.0,0.0,
A2175A,0.1808945858355556,0.22611823229444447,0.0,0.1808945858355556,low,14553.661527024,0.0666009326666666,1198.816788,16801.183212,18000.0,0.9333990673333334,0.08325116583333333,0.9333990673333333,0.0,0.0,0.0,0.0,0.0,0.0,0.0,0.0,0.0,0.0,0.0,0.0,0.0,
A2175D,0.16228096073333334,0.20285120091666667,0.0,0.16228096073333334,low,14352.634375919999,0.28137353,5064.72354,12935.27646,18000.0,0.71862647,0.3517169125,0.7186264699999999,0.0,0.0,0.0,0.0,0.0,0.0,0.0,0.0,0.0,0.0,0.0,0.0,0.0,
A2203E,0.15517509288777778,0.19396886610972222,0.0,0.15517509288777778,low,14275.891003188,0.3633643128333333,6540.557631,11459.442369,18000.0,0.6366356871666667,0.45420539104166663,0.6366356871666666,0.0,0.0,0.0,0.0,0.0,0.0,0.0,0.0,0.0,0.0,0.0,0.0,0.0,
A222JMG,0.1573376084666667,0.19667201058333336,0.0,0.1573376084666667,low,14299.24617144,0.33841221,6091.41978,11908.58022,18000.0,0.66158779,0.4230152625,0.66158779,0.0,0.0,0.0,0.0,0.0,0.0,0.0,0.0,0.0,0.0,0.0,0.0,0.0,
A2235C,0.1723843261651852,0.2154804077064815,0.0,0.1723843261651852,low,14461.750722583998,0.1647962365555555,2966.332258,15033.667742,18000.0,0.8352037634444445,0.20599529569444444,0.8352037634444445,0.0,0.0,0.0,0.0,0.0,0.0,0.0,0.0,0.0,0.0,0.0,0.0,0.0,
A22603,0.17868847712555555,0.22336059640694442,0.0,0.17868847712555555,low,14529.835552956,0.0920560331666666,1657.008597,16342.991403,18000.0,0.9079439668333333,0.11507004145833333,0.9079439668333333,0.0,0.0,0.0,0.0,0.0,0.0,0.0,0.0,0.0,0.0,0.0,0.0,0.0,
A23232E,0.0832376864488889,0.10404710806111112,0.0,0.0832376864488889,low,13498.967013648,0.9826552511666666,17687.794521,312.2054790000002,18000.0,0.017344748833333368,1.0,0.017344748833333343,0.0,0.0,0.0,0.0,0.0,0.0,0.0,0.0,0.0,0.0,0.0,0.0,0.0,
A23276E,0.1834706855666667,0.22933835695833338,0.0,0.1834706855666667,low,14581.483404120001,0.0368767049999999,663.7806899999999,17336.21931,18000.0,0.9631232950000002,0.04609588125,0.963123295,0.0,0.0,0.0,0.0,0.0,0.0,0.0,0.0,0.0,0.0,0.0,0.0,0.0,
A23350E,0.06653758802962967,0.08317198503703709,0.0,0.06653758802962967,low,13318.605950719999,1.126210112222222,20271.78202,0.0,18000.0,-0.1262101122222219,1.0,0.0,0.0,0.0,0.0,0.0,0.0,0.0,0.0,0.0,0.0,0.0,0.0,0.0,0.0,
A23443E,0.1379160644777778,0.17239508059722222,0.0,0.1379160644777778,low,14089.493496359999,0.5625069483333334,10125.12507,7874.87493,18000.0,0.43749305166666663,0.7031336854166667,0.4374930516666667,0.0,0.0,0.0,0.0,0.0,0.0,0.0,0.0,0.0,0.0,0.0,0.0,0.0,
A23685E,0.10572015527407407,0.13215019409259257,0.0,0.10572015527407407,low,13741.777676959999,0.8622134538888889,15519.84217,2480.15783,18000.0,0.13778654611111107,1.0,0.13778654611111113,0.0,0.0,0.0,0.0,0.0,0.0,0.0,0.0,0.0,0.0,0.0,0.0,0.0,
A23726E,0.12702568772222225,0.1587821096527778,0.0,0.12702568772222225,low,13971.877427399999,0.6881651416666666,12386.97255,5613.02745,18000.0,0.31183485833333335,0.8602064270833334,0.3118348583333333,0.0,0.0,0.0,0.0,0.0,0.0,0.0,0.0,0.0,0.0,0.0,0.0,0.0,
A23757E,0.06734141167407408,0.0841767645925926,0.0,0.06734141167407408,low,13327.287246079999,1.1186742655555555,20136.13678,0.0,18000.0,-0.11867426555555549,1.0,0.0,0.0,0.0,0.0,0.0,0.0,0.0,0.0,0.0,0.0,0.0,0.0,0.0,0.0,
A2381G,0.1858536919740741,0.23231711496759258,0.0,0.1858536919740741,low,14607.219873319998,0.0093804772222222,168.84859,17831.15141,18000.0,0.9906195227777778,0.011725596527777778,0.9906195227777777,0.0,0.0,0.0,0.0,0.0,0.0,0.0,0.0,0.0,0.0,0.0,0.0,0.0,
A24207E,0.1356538884577778,0.16956736057222221,0.0,0.1356538884577778,low,14065.061995343998,0.5886089793333333,10594.961628,7405.038372000001,18000.0,0.41139102066666666,0.7357612241666666,0.4113910206666667,0.0,0.0,0.0,0.0,0.0,0.0,0.0,0.0,0.0,0.0,0.0,0.0,0.0,
A24320E,0.0957450112088889,0.11968126401111112,0.0,0.0957450112088889,low,13634.046121055999,0.9156517256666666,16481.731062,1518.268938000001,18000.0,0.08434827433333336,1.0,0.08434827433333339,0.0,0.0,0.0,0.0,0.0,0.0,0.0,0.0,0.0,0.0,0.0,0.0,0.0,
A24333E,0.09828064860740741,0.12285081075925926,0.0,0.09828064860740741,low,13661.431004959999,0.9020679538888888,16237.22317,1762.7768300000007,18000.0,0.09793204611111117,1.0,0.09793204611111116,0.0,0.0,0.0,0.0,0.0,0.0,0.0,0.0,0.0,0.0,0.0,0.0,0.0,
A24346E,0.09657115288888889,0.1207139411111111,0.0,0.09657115288888889,low,13642.968451199999,0.9112259666666668,16402.0674,1597.9326,18000.0,0.08877403333333322,1.0,0.08877403333333334,0.0,0.0,0.0,0.0,0.0,0.0,0.0,0.0,0.0,0.0,0.0,0.0,0.0,
A24472E,0.13468231476666667,0.16835289345833335,0.0,0.13468231476666667,low,14054.56899948,0.599819445,10796.75001,7203.24999,18000.0,0.40018055500000005,0.74977430625,0.400180555,0.0,0.0,0.0,0.0,0.0,0.0,0.0,0.0,0.0,0.0,0.0,0.0,0.0,
A24473E,0.07622864598518521,0.09528580748148151,0.0,0.07622864598518521,low,13423.269376639999,1.0353564438888887,18636.41599,0.0,18000.0,-0.0353564438888887,1.0,0.0,0.0,0.0,0.0,0.0,0.0,0.0,0.0,0.0,0.0,0.0,0.0,0.0,0.0,
A24616E,0.0716617937777778,0.08957724222222224,0.0,0.0716617937777778,low,13373.9473728,1.078170683333333,19407.0723,0.0,18000.0,-0.0781706833333331,1.0,0.0,0.0,0.0,0.0,0.0,0.0,0.0,0.0,0.0,0.0,0.0,0.0,0.0,0.0,
A24630E,0.09307580768148146,0.11634475960185182,0.0,0.09307580768148146,low,13605.218722959999,0.9299510302777778,16739.118545,1260.8814549999988,18000.0,0.07004896972222219,1.0,0.07004896972222216,0.0,0.0,0.0,0.0,0.0,0.0,0.0,0.0,0.0,0.0,0.0,0.0,0.0,
A2464C,0.14934332049592597,0.18667915061990745,0.0,0.14934332049592597,low,14212.907861356,0.4306539942777777,7751.771897,10248.228103,18000.0,0.5693460057222224,0.5383174928472222,0.5693460057222222,0.0,0.0,0.0,0.0,0.0,0.0,0.0,0.0,0.0,0.0,0.0,0.0,0.0,
A24654E,0.1417027900177778,0.17712848752222224,0.0,0.1417027900177778,low,14130.390132191998,0.5188139613333332,9338.651304,8661.348696,18000.0,0.48118603866666676,0.6485174516666667,0.4811860386666666,0.0,0.0,0.0,0.0,0.0,0.0,0.0,0.0,0.0,0.0,0.0,0.0,0.0,
A2473G,0.18295915742592594,0.22869894678240743,0.0,0.18295915742592594,low,14575.9589002,0.0427789527777777,770.02115,17229.97885,18000.0,0.9572210472222223,0.053473690972222224,0.9572210472222222,0.0,0.0,0.0,0.0,0.0,0.0,0.0,0.0,0.0,0.0,0.0,0.0,0.0,
A24761E,0.07234534894222225,0.0904316861777778,0.0,0.07234534894222225,low,13381.329768576,1.0717623536666665,19291.722366,0.0,18000.0,-0.0717623536666665,1.0,0.0,0.0,0.0,0.0,0.0,0.0,0.0,0.0,0.0,0.0,0.0,0.0,0.0,0.0,
A24766E,0.17901630644074074,0.22377038305092592,0.0,0.17901630644074074,low,14533.376109559998,0.0882733872222222,1588.92097,16411.07903,18000.0,0.9117266127777778,0.11034173402777778,0.9117266127777778,0.0,0.0,0.0,0.0,0.0,0.0,0.0,0.0,0.0,0.0,0.0,0.0,0.0,
A24778E,0.09122267637037038,0.11402834546296296,0.0,0.09122267637037038,low,13585.204904799999,0.9398785194444444,16917.81335,1082.1866499999996,18000.0,0.06012148055555555,1.0,0.06012148055555554,0.0,0.0,0.0,0.0,0.0,0.0,0.0,0.0,0.0,0.0,0.0,0.0,0.0,
A2488M,0.16151368997222226,0.2018921124652778,0.0,0.16151368997222226,low,14344.3478517,0.2902266541666666,5224.079774999999,12775.920225000002,18000.0,0.7097733458333334,0.3627833177083333,0.7097733458333334,0.0,0.0,0.0,0.0,0.0,0.0,0.0,0.0,0.0,0.0,0.0,0.0,0.0,
A2490E,0.17895579506629633,0.22369474383287039,0.0,0.17895579506629633,low,14532.722586716,0.0889715953888888,1601.488717,16398.511283,18000.0,0.9110284046111112,0.11121449423611111,0.9110284046111111,0.0,0.0,0.0,0.0,0.0,0.0,0.0,0.0,0.0,0.0,0.0,0.0,0.0,
A25096E,0.1324021394377778,0.16550267429722224,0.0,0.1324021394377778,low,14029.943105928,0.6261291603333333,11270.324886,6729.675114,18000.0,0.3738708396666667,0.7826614504166667,0.3738708396666666,0.0,0.0,0.0,0.0,0.0,0.0,0.0,0.0,0.0,0.0,0.0,0.0,0.0,
A25097E,0.18522473223333336,0.2315309152916667,0.0,0.18522473223333336,low,14600.427108119999,0.016637705,299.47869,17700.52131,18000.0,0.983362295,0.020797131249999996,0.983362295,0.0,0.0,0.0,0.0,0.0,0.0,0.0,0.0,0.0,0.0,0.0,0.0,0.0,
A25250E,0.18398186675185188,0.22997733343981483,0.0,0.18398186675185188,low,14587.00416092,0.0309784605555555,557.61229,17442.38771,18000.0,0.9690215394444445,0.03872307569444445,0.9690215394444444,0.0,0.0,0.0,0.0,0.0,0.0,0.0,0.0,0.0,0.0,0.0,0.0,0.0,
A2525C,0.16357073740814818,0.2044634217601852,0.0,0.16357073740814818,low,14366.563964007999,0.2664914914444444,4796.846846,13203.153154,18000.0,0.7335085085555556,0.3331143643055556,0.7335085085555555,0.0,0.0,0.0,0.0,0.0,0.0,0.0,0.0,0.0,0.0,0.0,0.0,0.0,
A25271E,0.07569520428444444,0.09461900535555555,0.0,0.07569520428444444,low,13417.508206272,1.0403574598333334,18726.434277,0.0,18000.0,-0.04035745983333339,1.0,0.0,0.0,0.0,0.0,0.0,0.0,0.0,0.0,0.0,0.0,0.0,0.0,0.0,0.0,
A2539C,0.18522280533962965,0.23152850667453703,0.0,0.18522280533962965,low,14600.406297668,0.0166599383888888,299.878891,17700.121109,18000.0,0.9833400616111112,0.020824922986111112,0.9833400616111111,0.0,0.0,0.0,0.0,0.0,0.0,0.0,0.0,0.0,0.0,0.0,0.0,0.0,
A25907,0.18602485671481486,0.23253107089351857,0.0,0.18602485671481486,low,14609.06845252,0.0074054994444444,133.29899,17866.70101,18000.0,0.9925945005555556,0.009256874305555557,0.9925945005555556,0.0,0.0,0.0,0.0,0.0,0.0,0.0,0.0,0.0,0.0,0.0,0.0,0.0,
A2591J,0.16203526896666667,0.20254408620833333,0.0,0.16203526896666667,low,14349.98090484,0.284208435,5115.75183,12884.24817,18000.0,0.715791565,0.35526054375,0.7157915650000001,0.0,0.0,0.0,0.0,0.0,0.0,0.0,0.0,0.0,0.0,0.0,0.0,0.0,
A25924E,0.08295578241777776,0.1036947280222222,0.0,0.08295578241777776,low,13495.922450111999,0.9841654513333334,17714.978124,285.0218759999989,18000.0,0.01583454866666656,1.0,0.015834548666666604,0.0,0.0,0.0,0.0,0.0,0.0,0.0,0.0,0.0,0.0,0.0,0.0,0.0,
A25990E,0.08345200208888887,0.10431500261111108,0.0,0.08345200208888887,low,13501.281622559998,0.9815071316666668,17667.128370000002,332.8716299999978,18000.0,0.01849286833333319,1.0,0.01849286833333321,0.0,0.0,0.0,0.0,0.0,0.0,0.0,0.0,0.0,0.0,0.0,0.0,0.0,
A26052E,0.0824240832,0.103030104,0.0,0.0824240832,low,13490.18009856,0.98701384,17766.24912,233.7508799999996,18000.0,0.012986159999999969,1.0,0.012986159999999978,0.0,0.0,0.0,0.0,0.0,0.0,0.0,0.0,0.0,0.0,0.0,0.0,0.0,
A26057E,0.14461187830666666,0.18076484788333333,0.0,0.14461187830666666,low,14161.808285711999,0.4852475579999999,8734.456043999999,9265.543956,18000.0,0.514752442,0.6065594474999999,0.5147524419999999,0.0,0.0,0.0,0.0,0.0,0.0,0.0,0.0,0.0,0.0,0.0,0.0,0.0,
A26082E,0.11634411346222223,0.14543014182777778,0.0,0.11634411346222223,low,13856.516425392,0.8052993921666666,14495.389059,3504.610941000001,18000.0,0.19470060783333343,1.0,0.19470060783333337,0.0,0.0,0.0,0.0,0.0,0.0,0.0,0.0,0.0,0.0,0.0,0.0,0.0,
A26145,0.16440571642555557,0.20550714553194446,0.0,0.16440571642555557,low,14375.581737396,0.2568571181666667,4623.428127,13376.571873,18000.0,0.7431428818333333,0.3210713977083333,0.7431428818333333,0.0,0.0,0.0,0.0,0.0,0.0,0.0,0.0,0.0,0.0,0.0,0.0,0.0,
A26160E,0.18043544460370375,0.22554430575462966,0.0,0.18043544460370375,low,14548.70280172,0.0718987161111111,1294.17689,16705.82311,18000.0,0.9281012838888889,0.08987339513888888,0.9281012838888889,0.0,0.0,0.0,0.0,0.0,0.0,0.0,0.0,0.0,0.0,0.0,0.0,0.0,
A26364E,0.1843560004925926,0.23044500061574072,0.0,0.1843560004925926,low,14591.04480532,0.0266615327777777,479.90759,17520.09241,18000.0,0.9733384672222223,0.033326915972222225,0.9733384672222223,0.0,0.0,0.0,0.0,0.0,0.0,0.0,0.0,0.0,0.0,0.0,0.0,0.0,
A26374E,0.18585646761851854,0.23232058452314816,0.0,0.18585646761851854,low,14607.249850279999,0.0093484505555555,168.27211,17831.72789,18000.0,0.9906515494444444,0.011685563194444444,0.9906515494444443,0.0,0.0,0.0,0.0,0.0,0.0,0.0,0.0,0.0,0.0,0.0,0.0,0.0,
A2657C,0.1609504473692593,0.2011880592115741,0.0,0.1609504473692593,low,14338.264831588,0.2967256072777778,5341.060931,12658.939069,18000.0,0.7032743927222223,0.37090700909722224,0.7032743927222223,0.0,0.0,0.0,0.0,0.0,0.0,0.0,0.0,0.0,0.0,0.0,0.0,0.0,
A26614E,0.04144219146666667,0.05180273933333333,0.0,0.04144219146666667,low,13047.57566784,1.361479455,24506.63019,0.0,18000.0,-0.361479455,1.0,0.0,0.0,0.0,0.0,0.0,0.0,0.0,0.0,0.0,0.0,0.0,0.0,0.0,0.0,
A266JME,0.1560015439388889,0.19500192992361112,0.0,0.1560015439388889,low,14284.816674539998,0.3538283391666666,6368.910105,11631.089895,18000.0,0.6461716608333334,0.4422854239583333,0.6461716608333333,0.0,0.0,0.0,0.0,0.0,0.0,0.0,0.0,0.0,0.0,0.0,0.0,0.0,
A26706E,0.12597446157222222,0.15746807696527776,0.0,0.12597446157222222,low,13960.52418498,0.7002946741666667,12605.304135,5394.695865,18000.0,0.2997053258333333,0.8753683427083333,0.2997053258333333,0.0,0.0,0.0,0.0,0.0,0.0,0.0,0.0,0.0,0.0,0.0,0.0,0.0,
A2674M,0.17734410249703705,0.2216801281212963,0.0,0.17734410249703705,low,14515.316306968,0.1075680481111111,1936.224866,16063.775134,18000.0,0.8924319518888889,0.1344600601388889,0.8924319518888889,0.0,0.0,0.0,0.0,0.0,0.0,0.0,0.0,0.0,0.0,0.0,0.0,0.0,
A2705K,0.17432488223333334,0.21790610279166667,0.0,0.17432488223333334,low,14482.70872812,0.142405205,2563.29369,15436.70631,18000.0,0.857594795,0.17800650625,0.857594795,0.0,0.0,0.0,0.0,0.0,0.0,0.0,0.0,0.0,0.0,0.0,0.0,0.0,
A274JMF,0.15322660707,0.19153325883749997,0.0,0.15322660707,low,14254.847356356,0.3858468415,6945.243147,11054.756853,18000.0,0.6141531585,0.482308551875,0.6141531585000001,0.0,0.0,0.0,0.0,0.0,0.0,0.0,0.0,0.0,0.0,0.0,0.0,0.0,
A27513E,0.14303639132962964,0.17879548916203705,0.0,0.14303639132962964,low,14144.793026360001,0.5034262538888888,9061.67257,8938.32743,18000.0,0.49657374611111116,0.6292828173611111,0.4965737461111111,0.0,0.0,0.0,0.0,0.0,0.0,0.0,0.0,0.0,0.0,0.0,0.0,0.0,
A27549E,0.0495544704,0.061943088,0.0,0.0495544704,low,13135.18828032,1.28542684,23137.68312,0.0,18000.0,-0.28542683999999996,1.0,0.0,0.0,0.0,0.0,0.0,0.0,0.0,0.0,0.0,0.0,0.0,0.0,0.0,0.0,
A2757H,0.1857513400851852,0.2321891751064815,0.0,0.1857513400851852,low,14606.114472919999,0.0105614605555555,190.10629,17809.89371,18000.0,0.9894385394444445,0.013201825694444445,0.9894385394444445,0.0,0.0,0.0,0.0,0.0,0.0,0.0,0.0,0.0,0.0,0.0,0.0,0.0,
A2761B,0.17312729280518518,0.21640911600648147,0.0,0.17312729280518518,low,14469.774762296,0.1562235445555555,2812.023802,15187.976198,18000.0,0.8437764554444445,0.19527943069444445,0.8437764554444445,0.0,0.0,0.0,0.0,0.0,0.0,0.0,0.0,0.0,0.0,0.0,0.0,0.0,
A278JMF,0.18166117208888893,0.22707646511111115,0.0,0.18166117208888893,low,14561.940658559999,0.0577557066666666,1039.60272,16960.39728,18000.0,0.9422442933333334,0.07219463333333334,0.9422442933333334,0.0,0.0,0.0,0.0,0.0,0.0,0.0,0.0,0.0,0.0,0.0,0.0,0.0,
A27973E,0.09496800411555562,0.1187100051444445,0.0,0.09496800411555562,low,13625.654444447999,0.9198142636666664,16556.656745999997,1443.343254000003,18000.0,0.08018573633333359,1.0,0.08018573633333351,0.0,0.0,0.0,0.0,0.0,0.0,0.0,0.0,0.0,0.0,0.0,0.0,0.0,
A2797B,0.1858218877148148,0.2322773596435185,0.0,0.1858218877148148,low,14606.876387319999,0.0097474494444444,175.45409,17824.54591,18000.0,0.9902525505555556,0.012184311805555556,0.9902525505555556,0.0,0.0,0.0,0.0,0.0,0.0,0.0,0.0,0.0,0.0,0.0,0.0,0.0,
A2810C,0.18481702146666668,0.23102127683333332,0.0,0.18481702146666668,low,14596.023831839999,0.0213420599999999,384.1570799999999,17615.84292,18000.0,0.9786579400000001,0.02667757499999999,0.97865794,0.0,0.0,0.0,0.0,0.0,0.0,0.0,0.0,0.0,0.0,0.0,0.0,0.0,
A28124E,0.1136507625688889,0.1420634532111111,0.0,0.1136507625688889,low,13827.428235743999,0.8197280576666667,14755.105038,3244.8949620000003,18000.0,0.18027194233333332,1.0,0.18027194233333335,0.0,0.0,0.0,0.0,0.0,0.0,0.0,0.0,0.0,0.0,0.0,0.0,0.0,
A281JTS,0.18559112179222223,0.23198890224027777,0.0,0.18559112179222223,low,14604.384115355999,0.0124101331666666,223.382397,17776.617603,18000.0,0.9875898668333334,0.015512666458333333,0.9875898668333333,0.0,0.0,0.0,0.0,0.0,0.0,0.0,0.0,0.0,0.0,0.0,0.0,0.0,
A2835L,0.1640159752651852,0.20501996908148148,0.0,0.1640159752651852,low,14371.372532864,0.2613541315555555,4704.374368,13295.625632,18000.0,0.7386458684444446,0.32669266444444445,0.7386458684444444,0.0,0.0,0.0,0.0,0.0,0.0,0.0,0.0,0.0,0.0,0.0,0.0,0.0,
A2841C,0.14817619233555554,0.18522024041944443,0.0,0.14817619233555554,low,14200.302877223998,0.4441208576666667,7994.175438,10005.824562,18000.0,0.5558791423333334,0.5551510720833334,0.5558791423333334,0.0,0.0,0.0,0.0,0.0,0.0,0.0,0.0,0.0,0.0,0.0,0.0,0.0,
A28535E,0.07989869411555559,0.09987336764444447,0.0,0.07989869411555559,low,13462.905896448,1.0009497426666665,18017.095368,0.0,18000.0,-0.0009497426666664754,1.0,0.0,0.0,0.0,0.0,0.0,0.0,0.0,0.0,0.0,0.0,0.0,0.0,0.0,0.0,
A28624E,0.0979832156,0.1224790195,0.0,0.0979832156,low,13658.21872848,0.903661345,16265.90421,1734.0957899999994,18000.0,0.09633865500000005,1.0,0.09633865499999997,0.0,0.0,0.0,0.0,0.0,0.0,0.0,0.0,0.0,0.0,0.0,0.0,0.0,
A2862L,0.15416267309555556,0.19270334136944445,0.0,0.15416267309555556,low,14264.956869431999,0.3750460796666667,6750.829434,11249.170566,18000.0,0.6249539203333333,0.46880759958333335,0.6249539203333334,0.0,0.0,0.0,0.0,0.0,0.0,0.0,0.0,0.0,0.0,0.0,0.0,0.0,
A2889E,0.18385600862407409,0.2298200107800926,0.0,0.18385600862407409,low,14585.64489314,0.0324306697222222,583.7520549999999,17416.247945,18000.0,0.9675693302777778,0.04053833715277777,0.9675693302777777,0.0,0.0,0.0,0.0,0.0,0.0,0.0,0.0,0.0,0.0,0.0,0.0,0.0,
A29015E,0.08397620440000002,0.10497025550000001,0.0,0.08397620440000002,low,13506.943007519998,0.978698905,17616.580289999998,383.41971000000194,18000.0,0.021301094999999992,1.0,0.021301095000000107,0.0,0.0,0.0,0.0,0.0,0.0,0.0,0.0,0.0,0.0,0.0,0.0,0.0,
A2901C,0.1862028690851852,0.2327535863564815,0.0,0.1862028690851852,low,14610.99098612,0.0053515105555555,96.32719,17903.67281,18000.0,0.9946484894444445,0.006689388194444444,0.9946484894444444,0.0,0.0,0.0,0.0,0.0,0.0,0.0,0.0,0.0,0.0,0.0,0.0,0.0,
A29057E,0.12012071985925926,0.15015089982407406,0.0,0.12012071985925926,low,13897.303774479999,0.7678378477777777,13821.08126,4178.918739999999,18000.0,0.23216215222222225,0.9597973097222223,0.23216215222222217,0.0,0.0,0.0,0.0,0.0,0.0,0.0,0.0,0.0,0.0,0.0,0.0,0.0,
A29081,0.18201737613333335,0.2275217201666667,0.0,0.18201737613333335,low,14565.78766224,0.05364566,965.62188,17034.37812,18000.0,0.94635434,0.06705707500000001,0.9463543400000001,0.0,0.0,0.0,0.0,0.0,0.0,0.0,0.0,0.0,0.0,0.0,0.0,0.0,
A29124E,0.13795523082962963,0.17244403853703702,0.0,0.13795523082962963,low,14089.91649296,0.5620550288888888,10116.99052,7883.009480000001,18000.0,0.4379449711111112,0.7025687861111111,0.43794497111111114,0.0,0.0,0.0,0.0,0.0,0.0,0.0,0.0,0.0,0.0,0.0,0.0,0.0,
A2945E,0.18453272013333333,0.23066590016666666,0.0,0.18453272013333333,low,14592.953377439999,0.02462246,443.20428,17556.79572,18000.0,0.97537754,0.030778075,0.9753775399999999,0.0,0.0,0.0,0.0,0.0,0.0,0.0,0.0,0.0,0.0,0.0,0.0,0.0,
A29465E,0.12775805378666666,0.1596975672333333,0.0,0.12775805378666666,low,13979.786980895999,0.679714764,12234.865752,5765.134248,18000.0,0.32028523600000003,0.8496434549999999,0.32028523600000003,0.0,0.0,0.0,0.0,0.0,0.0,0.0,0.0,0.0,0.0,0.0,0.0,0.0,
A29517E,0.18073699602222226,0.2259212450277778,0.0,0.18073699602222226,low,14551.95955704,0.0684192766666666,1231.54698,16768.45302,18000.0,0.9315807233333334,0.08552409583333334,0.9315807233333334,0.0,0.0,0.0,0.0,0.0,0.0,0.0,0.0,0.0,0.0,0.0,0.0,0.0,
A2961J,0.15506172383111114,0.1938271547888889,0.0,0.15506172383111114,low,14274.666617376,0.3646724173333333,6564.103512,11435.896488,18000.0,0.6353275826666667,0.45584052166666666,0.6353275826666667,0.0,0.0,0.0,0.0,0.0,0.0,0.0,0.0,0.0,0.0,0.0,0.0,0.0,
A2967L,0.1859866916037037,0.2324833645046296,0.0,0.1859866916037037,low,14608.65626932,0.0078458661111111,141.22559,17858.774409999998,18000.0,0.9921541338888888,0.00980733263888889,0.9921541338888887,0.0,0.0,0.0,0.0,0.0,0.0,0.0,0.0,0.0,0.0,0.0,0.0,0.0,
A2988C,0.1810282269525926,0.22628528369074075,0.0,0.1810282269525926,low,14555.104851088,0.0650589197777777,1171.060556,16828.939444,18000.0,0.9349410802222223,0.08132364972222221,0.9349410802222222,0.0,0.0,0.0,0.0,0.0,0.0,0.0,0.0,0.0,0.0,0.0,0.0,0.0,
A29998E,0.10150360896444444,0.12687951120555555,0.0,0.10150360896444444,low,13696.238976816,0.8848020948333334,15926.437707,2073.562293000001,18000.0,0.11519790516666661,1.0,0.11519790516666671,0.0,0.0,0.0,0.0,0.0,0.0,0.0,0.0,0.0,0.0,0.0,0.0,0.0,
A3043J,0.1852037194666667,0.23150464933333337,0.0,0.1852037194666667,low,14600.20017024,0.0168801599999999,303.84288,17696.15712,18000.0,0.9831198400000001,0.0211002,0.98311984,0.0,0.0,0.0,0.0,0.0,0.0,0.0,0.0,0.0,0.0,0.0,0.0,0.0,
A30514E,0.09256601767555554,0.11570752209444442,0.0,0.09256601767555554,low,13599.712990895998,0.9326820481666668,16788.276867,1211.7231329999995,18000.0,0.06731795183333322,1.0,0.0673179518333333,0.0,0.0,0.0,0.0,0.0,0.0,0.0,0.0,0.0,0.0,0.0,0.0,0.0,
A3083D,0.18512835942962966,0.23141044928703705,0.0,0.18512835942962966,low,14599.38628184,0.0177496988888888,319.49458000000004,17680.50542,18000.0,0.9822503011111112,0.022187123611111113,0.9822503011111112,0.0,0.0,0.0,0.0,0.0,0.0,0.0,0.0,0.0,0.0,0.0,0.0,0.0,
A3086D,0.18093704592518522,0.2261713074064815,0.0,0.18093704592518522,low,14554.120095991999,0.0661110085555555,1189.998154,16810.001846,18000.0,0.9338889914444445,0.08263876069444445,0.9338889914444444,0.0,0.0,0.0,0.0,0.0,0.0,0.0,0.0,0.0,0.0,0.0,0.0,0.0,
A3151A,0.18585599344592593,0.2323199918074074,0.0,0.18585599344592593,low,14607.244729215998,0.0093539217777777,168.370592,17831.629408,18000.0,0.9906460782222223,0.01169240222222222,0.9906460782222223,0.0,0.0,0.0,0.0,0.0,0.0,0.0,0.0,0.0,0.0,0.0,0.0,0.0,
A3155K,0.15691285615888892,0.19614107019861113,0.0,0.15691285615888892,low,14294.658846516,0.3433131981666666,6179.637567,11820.362433,18000.0,0.6566868018333334,0.4291414977083333,0.6566868018333334,0.0,0.0,0.0,0.0,0.0,0.0,0.0,0.0,0.0,0.0,0.0,0.0,0.0,
A3187E,0.17065269866296298,0.21331587332870372,0.0,0.17065269866296298,low,14443.04914556,0.1847765538888889,3325.97797,14674.02203,18000.0,0.8152234461111111,0.23097069236111112,0.8152234461111111,0.0,0.0,0.0,0.0,0.0,0.0,0.0,0.0,0.0,0.0,0.0,0.0,0.0,
A32194E,0.07730112842666666,0.09662641053333332,0.0,0.07730112842666666,low,13434.852187008,1.025301921,18455.434578,0.0,18000.0,-0.02530192100000006,1.0,0.0,0.0,0.0,0.0,0.0,0.0,0.0,0.0,0.0,0.0,0.0,0.0,0.0,0.0,
A3315E,0.1858276857148148,0.2322846071435185,0.0,0.1858276857148148,low,14606.93900572,0.0096805494444444,174.24989,17825.75011,18000.0,0.9903194505555556,0.012100686805555556,0.9903194505555556,0.0,0.0,0.0,0.0,0.0,0.0,0.0,0.0,0.0,0.0,0.0,0.0,0.0,
A3315J,0.1846785979,0.23084824737499998,0.0,0.1846785979,low,14594.52885732,0.022939255,412.90659,17587.09341,18000.0,0.977060745,0.02867406875,0.9770607450000001,0.0,0.0,0.0,0.0,0.0,0.0,0.0,0.0,0.0,0.0,0.0,0.0,0.0,
A3319E,0.18082705771111113,0.2260338221388889,0.0,0.18082705771111113,low,14552.93222328,0.0673801033333333,1212.84186,16787.15814,18000.0,0.9326198966666667,0.08422512916666666,0.9326198966666667,0.0,0.0,0.0,0.0,0.0,0.0,0.0,0.0,0.0,0.0,0.0,0.0,0.0,
A3330M,0.16252354803740743,0.20315443504675926,0.0,0.16252354803740743,low,14355.254318804,0.2785744457222222,5014.340023,12985.659977,18000.0,0.7214255542777779,0.34821805715277776,0.7214255542777778,0.0,0.0,0.0,0.0,0.0,0.0,0.0,0.0,0.0,0.0,0.0,0.0,0.0,
A3358A,0.1804995336262963,0.22562441703287037,0.0,0.1804995336262963,low,14549.394963164,0.0711592273888889,1280.866093,16719.133907,18000.0,0.9288407726111111,0.08894903423611111,0.9288407726111111,0.0,0.0,0.0,0.0,0.0,0.0,0.0,0.0,0.0,0.0,0.0,0.0,0.0,
A3392G,0.18072664342407407,0.2259083042800926,0.0,0.18072664342407407,low,14551.84774898,0.0685387297222222,1233.697135,16766.302865,18000.0,0.9314612702777778,0.08567341215277777,0.9314612702777778,0.0,0.0,0.0,0.0,0.0,0.0,0.0,0.0,0.0,0.0,0.0,0.0,0.0,
A346JMC,0.16008530571333335,0.20010663214166668,0.0,0.16008530571333335,low,14328.921301704,0.306708011,5520.744198,12479.255802,18000.0,0.693291989,0.38338501375,0.693291989,0.0,0.0,0.0,0.0,0.0,0.0,0.0,0.0,0.0,0.0,0.0,0.0,0.0,
A3472C,0.18625647766666667,0.23282059708333333,0.0,0.18625647766666667,low,14611.569958799999,0.00473295,85.19309999999999,17914.8069,18000.0,0.99526705,0.005916187499999999,0.9952670499999999,0.0,0.0,0.0,0.0,0.0,0.0,0.0,0.0,0.0,0.0,0.0,0.0,0.0,
A3486H,0.18594332215925924,0.23242915269907405,0.0,0.18594332215925924,low,14608.187879319998,0.0083462827777777,150.23309,17849.76691,18000.0,0.9916537172222223,0.010432853472222222,0.9916537172222222,0.0,0.0,0.0,0.0,0.0,0.0,0.0,0.0,0.0,0.0,0.0,0.0,0.0,
A3487H,0.17801391609074074,0.22251739511342591,0.0,0.17801391609074074,low,14522.55029378,0.0998394297222222,1797.109735,16202.890265,18000.0,0.9001605702777777,0.12479928715277777,0.9001605702777777,0.0,0.0,0.0,0.0,0.0,0.0,0.0,0.0,0.0,0.0,0.0,0.0,0.0,
A3496J,0.14323701036296296,0.1790462629537037,0.0,0.14323701036296296,low,14146.95971192,0.5011114188888889,9020.00554,8979.99446,18000.0,0.4988885811111111,0.6263892736111111,0.4988885811111111,0.0,0.0,0.0,0.0,0.0,0.0,0.0,0.0,0.0,0.0,0.0,0.0,0.0,
A3512J,0.15507694737518518,0.19384618421898148,0.0,0.15507694737518518,low,14274.831031652,0.3644967610555555,6560.941699,11439.058301,18000.0,0.6355032389444445,0.45562095131944447,0.6355032389444444,0.0,0.0,0.0,0.0,0.0,0.0,0.0,0.0,0.0,0.0,0.0,0.0,0.0,
A3513J,0.16105149891148152,0.20131437363935187,0.0,0.16105149891148152,low,14339.356188244,0.2955596279444444,5320.073303,12679.926697,18000.0,0.7044403720555557,0.36944953493055555,0.7044403720555557,0.0,0.0,0.0,0.0,0.0,0.0,0.0,0.0,0.0,0.0,0.0,0.0,0.0,
A3524H,0.18232066668222224,0.22790083335277778,0.0,0.18232066668222224,low,14569.063200168,0.0501461536666666,902.630766,17097.369234,18000.0,0.9498538463333334,0.06268269208333334,0.9498538463333335,0.0,0.0,0.0,0.0,0.0,0.0,0.0,0.0,0.0,0.0,0.0,0.0,0.0,
A3606J,0.17531182699444448,0.21913978374305557,0.0,0.17531182699444448,low,14493.36773154,0.1310173808333333,2358.312855,15641.687145,18000.0,0.8689826191666667,0.16377172604166668,0.8689826191666666,0.0,0.0,0.0,0.0,0.0,0.0,0.0,0.0,0.0,0.0,0.0,0.0,0.0,
A3612C,0.1594897048488889,0.19936213106111111,0.0,0.1594897048488889,low,14322.488812368,0.3135803286666666,5644.445916,12355.554084,18000.0,0.6864196713333335,0.3919754108333333,0.6864196713333333,0.0,0.0,0.0,0.0,0.0,0.0,0.0,0.0,0.0,0.0,0.0,0.0,0.0,
A3625B,0.16224125655222224,0.2028015706902778,0.0,0.16224125655222224,low,14352.205570764,0.2818316551666667,5072.969793,12927.030207,18000.0,0.7181683448333334,0.35228956895833335,0.7181683448333334,0.0,0.0,0.0,0.0,0.0,0.0,0.0,0.0,0.0,0.0,0.0,0.0,0.0,
A3697K,0.18584733112222226,0.2323091639027778,0.0,0.18584733112222226,low,14607.15117612,0.0094538716666666,170.16969,17829.83031,18000.0,0.9905461283333334,0.011817339583333334,0.9905461283333334,0.0,0.0,0.0,0.0,0.0,0.0,0.0,0.0,0.0,0.0,0.0,0.0,0.0,
A3730M,0.1736801161825926,0.21710014522824075,0.0,0.1736801161825926,low,14475.745254771999,0.1498448132777777,2697.206639,15302.793361,18000.0,0.8501551867222223,0.18730601659722224,0.8501551867222222,0.0,0.0,0.0,0.0,0.0,0.0,0.0,0.0,0.0,0.0,0.0,0.0,0.0,
A3750L,0.16621445519000003,0.20776806898750003,0.0,0.16621445519000003,low,14395.116116051999,0.2359870554999999,4247.766999,13752.233001,18000.0,0.7640129445000001,0.294983819375,0.7640129445,0.0,0.0,0.0,0.0,0.0,0.0,0.0,0.0,0.0,0.0,0.0,0.0,0.0,
A3757E,0.1586434018348148,0.19830425229351847,0.0,0.1586434018348148,low,14313.348739816,0.3233453634444445,5820.216542,12179.783458,18000.0,0.6766546365555555,0.40418170430555556,0.6766546365555556,0.0,0.0,0.0,0.0,0.0,0.0,0.0,0.0,0.0,0.0,0.0,0.0,0.0,
A3816H,0.1551221688911111,0.19390271111388888,0.0,0.1551221688911111,low,14275.319424023999,0.3639749743333333,6551.549538,11448.450462,18000.0,0.6360250256666666,0.45496871791666665,0.6360250256666667,0.0,0.0,0.0,0.0,0.0,0.0,0.0,0.0,0.0,0.0,0.0,0.0,0.0,
A3820J,0.1785796336,0.223224542,0.0,0.1785796336,low,14528.66004288,0.0933119199999999,1679.61456,16320.38544,18000.0,0.9066880800000001,0.1166399,0.90668808,0.0,0.0,0.0,0.0,0.0,0.0,0.0,0.0,0.0,0.0,0.0,0.0,0.0,
A3859D,0.17583994746851855,0.21979993433564818,0.0,0.17583994746851855,low,14499.07143266,0.1249236830555555,2248.626295,15751.373705,18000.0,0.8750763169444445,0.15615460381944446,0.8750763169444444,0.0,0.0,0.0,0.0,0.0,0.0,0.0,0.0,0.0,0.0,0.0,0.0,0.0,
A3861B,0.18571664452962966,0.23214580566203705,0.0,0.18571664452962966,low,14605.73976092,0.0109617938888888,197.31229,17802.68771,18000.0,0.9890382061111112,0.01370224236111111,0.989038206111111,0.0,0.0,0.0,0.0,0.0,0.0,0.0,0.0,0.0,0.0,0.0,0.0,0.0,
A3864B,0.1592014180622222,0.19900177257777776,0.0,0.1592014180622222,low,14319.375315071999,0.3169067146666666,5704.320863999999,12295.679136,18000.0,0.6830932853333334,0.3961333933333333,0.6830932853333334,0.0,0.0,0.0,0.0,0.0,0.0,0.0,0.0,0.0,0.0,0.0,0.0,0.0,
A3873M,0.18423935351481482,0.23029919189351852,0.0,0.18423935351481482,low,14589.78501796,0.0280074594444444,504.13427,17495.86573,18000.0,0.9719925405555556,0.035009324305555554,0.9719925405555556,0.0,0.0,0.0,0.0,0.0,0.0,0.0,0.0,0.0,0.0,0.0,0.0,0.0,
A3889A,0.1713820255777778,0.21422753197222222,0.0,0.1713820255777778,low,14450.925876239999,0.1763612433333333,3174.50238,14825.49762,18000.0,0.8236387566666667,0.22045155416666665,0.8236387566666666,0.0,0.0,0.0,0.0,0.0,0.0,0.0,0.0,0.0,0.0,0.0,0.0,0.0,
A3917B,0.18379926404296298,0.22974908005370373,0.0,0.18379926404296298,low,14585.032051663999,0.0330854148888888,595.537468,17404.462532,18000.0,0.9669145851111112,0.04135676861111111,0.9669145851111112,0.0,0.0,0.0,0.0,0.0,0.0,0.0,0.0,0.0,0.0,0.0,0.0,0.0,
A3929L,0.17731987275518518,0.22164984094398146,0.0,0.17731987275518518,low,14515.054625756,0.1078476220555555,1941.257197,16058.742803,18000.0,0.8921523779444445,0.13480952756944445,0.8921523779444444,0.0,0.0,0.0,0.0,0.0,0.0,0.0,0.0,0.0,0.0,0.0,0.0,0.0,
A399JMB,0.1596437333940741,0.1995546667425926,0.0,0.1596437333940741,low,14324.152320656,0.3118030762222222,5612.455372,12387.544628,18000.0,0.6881969237777779,0.3897538452777778,0.6881969237777777,0.0,0.0,0.0,0.0,0.0,0.0,0.0,0.0,0.0,0.0,0.0,0.0,0.0,
A4056C,0.1615478464274074,0.20193480803425926,0.0,0.1615478464274074,low,14344.716741416,0.2898325412222222,5216.985742,12783.014258,18000.0,0.7101674587777778,0.36229067652777774,0.7101674587777778,0.0,0.0,0.0,0.0,0.0,0.0,0.0,0.0,0.0,0.0,0.0,0.0,0.0,
A40958,0.1861601693814815,0.23270021172685187,0.0,0.1861601693814815,low,14610.52982932,0.0058441994444444,105.19559,17894.80441,18000.0,0.9941558005555556,0.0073052493055555555,0.9941558005555556,0.0,0.0,0.0,0.0,0.0,0.0,0.0,0.0,0.0,0.0,0.0,0.0,0.0,
A4096M,0.17083929879481483,0.2135491234935185,0.0,0.17083929879481483,low,14445.064426984,0.1826234754444444,3287.222558,14712.777442,18000.0,0.8173765245555555,0.22827934430555555,0.8173765245555555,0.0,0.0,0.0,0.0,0.0,0.0,0.0,0.0,0.0,0.0,0.0,0.0,0.0,
A4114B,0.18573746186296303,0.23217182732870376,0.0,0.18573746186296303,low,14605.96458812,0.0107215938888888,192.98869,17807.01131,18000.0,0.9892784061111112,0.013401992361111111,0.9892784061111112,0.0,0.0,0.0,0.0,0.0,0.0,0.0,0.0,0.0,0.0,0.0,0.0,0.0,
A4147E,0.16000553179592594,0.20000691474490742,0.0,0.16000553179592594,low,14328.059743396,0.3076284792777777,5537.312626999999,12462.687373,18000.0,0.6923715207222223,0.3845355990972222,0.6923715207222223,0.0,0.0,0.0,0.0,0.0,0.0,0.0,0.0,0.0,0.0,0.0,0.0,0.0,
A4171D,0.18583865723333334,0.23229832154166666,0.0,0.18583865723333334,low,14607.057498119999,0.009553955,171.97119,17828.02881,18000.0,0.990446045,0.01194244375,0.990446045,0.0,0.0,0.0,0.0,0.0,0.0,0.0,0.0,0.0,0.0,0.0,0.0,0.0,
A4172C,0.17979643292592595,0.2247455411574074,0.0,0.17979643292592595,low,14541.8014756,0.0792719277777777,1426.8947,16573.1053,18000.0,0.9207280722222223,0.09908990972222223,0.9207280722222222,0.0,0.0,0.0,0.0,0.0,0.0,0.0,0.0,0.0,0.0,0.0,0.0,0.0,
A4174H,0.18582705735259264,0.23228382169074077,0.0,0.18582705735259264,low,14606.932219408,0.0096877997777777,174.380396,17825.619604,18000.0,0.9903122002222223,0.01210974972222222,0.9903122002222222,0.0,0.0,0.0,0.0,0.0,0.0,0.0,0.0,0.0,0.0,0.0,0.0,0.0,
A4177K,0.17271393055333334,0.21589241319166666,0.0,0.17271393055333334,low,14465.310449976,0.160993109,2897.875962,15102.124038,18000.0,0.839006891,0.20124138625000002,0.839006891,0.0,0.0,0.0,0.0,0.0,0.0,0.0,0.0,0.0,0.0,0.0,0.0,0.0,
A4193A,0.1711732353703704,0.213966544212963,0.0,0.1711732353703704,low,14448.670942,0.1787703611111111,3217.8665,14782.1335,18000.0,0.8212296388888889,0.2234629513888889,0.8212296388888889,0.0,0.0,0.0,0.0,0.0,0.0,0.0,0.0,0.0,0.0,0.0,0.0,0.0,
A4223B,0.16431542306222224,0.2053942788277778,0.0,0.16431542306222224,low,14374.606569071999,0.2578989646666667,4642.181364,13357.818636,18000.0,0.7421010353333333,0.32237370583333336,0.7421010353333334,0.0,0.0,0.0,0.0,0.0,0.0,0.0,0.0,0.0,0.0,0.0,0.0,0.0,
A4250B,0.16609572382111112,0.20761965477638888,0.0,0.16609572382111112,low,14393.833817268,0.2373570328333333,4272.426591,13727.573409,18000.0,0.7626429671666667,0.29669629104166667,0.7626429671666667,0.0,0.0,0.0,0.0,0.0,0.0,0.0,0.0,0.0,0.0,0.0,0.0,0.0,
A4267D,0.1670108540640741,0.2087635675800926,0.0,0.1670108540640741,low,14403.717223892,0.2267978377222222,4082.361079,13917.638921,18000.0,0.7732021622777778,0.28349729715277777,0.7732021622777777,0.0,0.0,0.0,0.0,0.0,0.0,0.0,0.0,0.0,0.0,0.0,0.0,0.0,
A4272L,0.18445563403333332,0.23056954254166664,0.0,0.18445563403333332,low,14592.120847559998,0.025511915,459.21447,17540.78553,18000.0,0.974488085,0.03188989375,0.9744880850000001,0.0,0.0,0.0,0.0,0.0,0.0,0.0,0.0,0.0,0.0,0.0,0.0,0.0,
A4307J,0.16596817846185186,0.20746022307731482,0.0,0.16596817846185186,low,14392.456327388,0.2388287100555555,4298.916781,13701.083219,18000.0,0.7611712899444445,0.29853588756944444,0.7611712899444445,0.0,0.0,0.0,0.0,0.0,0.0,0.0,0.0,0.0,0.0,0.0,0.0,0.0,
A4342L,0.1846528868514815,0.23081610856435186,0.0,0.1846528868514815,low,14594.251177995999,0.0232359209444444,418.246577,17581.753423,18000.0,0.9767640790555556,0.029044901180555555,0.9767640790555555,0.0,0.0,0.0,0.0,0.0,0.0,0.0,0.0,0.0,0.0,0.0,0.0,0.0,
A4385LA,0.18485791705925927,0.2310723963240741,0.0,0.18485791705925927,low,14596.465504239999,0.0208701877777777,375.66338,17624.33662,18000.0,0.9791298122222223,0.026087734722222224,0.9791298122222222,0.0,0.0,0.0,0.0,0.0,0.0,0.0,0.0,0.0,0.0,0.0,0.0,0.0,
A4404M,0.17006059576629629,0.21257574470787036,0.0,0.17006059576629629,low,14436.654434275999,0.1916085103888889,3448.953187,14551.046813,18000.0,0.8083914896111111,0.2395106379861111,0.8083914896111112,0.0,0.0,0.0,0.0,0.0,0.0,0.0,0.0,0.0,0.0,0.0,0.0,0.0,
A4434C,0.16178994755074072,0.2022374344384259,0.0,0.16178994755074072,low,14347.331433547999,0.2870390667222222,5166.703200999999,12833.296799,18000.0,0.7129609332777778,0.35879883340277774,0.7129609332777778,0.0,0.0,0.0,0.0,0.0,0.0,0.0,0.0,0.0,0.0,0.0,0.0,0.0,
A4488G,0.18243479775555554,0.22804349719444442,0.0,0.18243479775555554,low,14570.295815759999,0.0488292566666666,878.92662,17121.07338,18000.0,0.9511707433333334,0.06103657083333333,0.9511707433333334,0.0,0.0,0.0,0.0,0.0,0.0,0.0,0.0,0.0,0.0,0.0,0.0,0.0,
A4521C,0.1636762175592593,0.2045952719490741,0.0,0.1636762175592593,low,14367.70314964,0.2652744127777778,4774.93943,13225.06057,18000.0,0.7347255872222223,0.33159301597222224,0.7347255872222223,0.0,0.0,0.0,0.0,0.0,0.0,0.0,0.0,0.0,0.0,0.0,0.0,0.0,
A4531G,0.15808853401,0.1976106675125,0.0,0.15808853401,low,14307.356167308,0.3297476844999999,5935.458320999999,12064.541679000002,18000.0,0.6702523155000001,0.4121846056249999,0.6702523155000001,0.0,0.0,0.0,0.0,0.0,0.0,0.0,0.0,0.0,0.0,0.0,0.0,0.0,
A4533K,0.17753986490370374,0.22192483112962966,0.0,0.17753986490370374,low,14517.43054096,0.1053092511111111,1895.56652,16104.43348,18000.0,0.8946907488888889,0.1316365638888889,0.8946907488888889,0.0,0.0,0.0,0.0,0.0,0.0,0.0,0.0,0.0,0.0,0.0,0.0,0.0,
A4538J,0.16937844911592592,0.2117230613949074,0.0,0.16937844911592592,low,14429.287250452,0.1994794332777777,3590.629799,14409.370201,18000.0,0.8005205667222223,0.24934929159722222,0.8005205667222222,0.0,0.0,0.0,0.0,0.0,0.0,0.0,0.0,0.0,0.0,0.0,0.0,0.0,
A4584C,0.1668022525492593,0.2085028156865741,0.0,0.1668022525492593,low,14401.464327532,0.2292047782777777,4125.686009,13874.313991,18000.0,0.7707952217222223,0.28650597284722223,0.7707952217222223,0.0,0.0,0.0,0.0,0.0,0.0,0.0,0.0,0.0,0.0,0.0,0.0,0.0,
A4609G,0.18592189719629632,0.23240237149537038,0.0,0.18592189719629632,low,14607.95648972,0.0085934938888888,154.68289,17845.31711,18000.0,0.9914065061111113,0.01074186736111111,0.9914065061111111,0.0,0.0,0.0,0.0,0.0,0.0,0.0,0.0,0.0,0.0,0.0,0.0,0.0,
A4614H,0.18576062930740742,0.23220078663425925,0.0,0.18576062930740742,low,14606.21479652,0.0104542772222222,188.17699,17811.82301,18000.0,0.9895457227777777,0.013067846527777777,0.9895457227777777,0.0,0.0,0.0,0.0,0.0,0.0,0.0,0.0,0.0,0.0,0.0,0.0,0.0,
A4620M,0.18594216564074073,0.23242770705092589,0.0,0.18594216564074073,low,14608.175388919999,0.0083596272222222,150.47329,17849.52671,18000.0,0.9916403727777778,0.010449534027777777,0.9916403727777777,0.0,0.0,0.0,0.0,0.0,0.0,0.0,0.0,0.0,0.0,0.0,0.0,0.0,
A46353,0.18571443790000003,0.23214304737500002,0.0,0.18571443790000003,low,14605.71592932,0.010987255,197.77059,17802.22941,18000.0,0.989012745,0.01373406875,0.989012745,0.0,0.0,0.0,0.0,0.0,0.0,0.0,0.0,0.0,0.0,0.0,0.0,0.0,
A4649L,0.18441402864074075,0.23051753580092593,0.0,0.18441402864074075,low,14591.671509319998,0.0259919772222222,467.8555899999999,17532.14441,18000.0,0.9740080227777778,0.03248997152777777,0.9740080227777779,0.0,0.0,0.0,0.0,0.0,0.0,0.0,0.0,0.0,0.0,0.0,0.0,0.0,
A465JME,0.15562022425555558,0.19452528031944447,0.0,0.15562022425555558,low,14280.69842196,0.3582281816666666,6448.10727,11551.89273,18000.0,0.6417718183333334,0.44778522708333335,0.6417718183333333,0.0,0.0,0.0,0.0,0.0,0.0,0.0,0.0,0.0,0.0,0.0,0.0,0.0,
A4680C,0.18662803894814817,0.2332850486851852,0.0,0.18662803894814817,low,14615.58282064,0.0004457044444444,8.022680000000001,17991.97732,18000.0,0.9995542955555556,0.0005571305555555556,0.9995542955555556,0.0,0.0,0.0,0.0,0.0,0.0,0.0,0.0,0.0,0.0,0.0,0.0,0.0,
A4756A,0.15587257516148148,0.19484071895185184,0.0,0.15587257516148148,low,14283.423811743998,0.3553164404444444,6395.695928,11604.304072,18000.0,0.6446835595555556,0.44414555055555555,0.6446835595555556,0.0,0.0,0.0,0.0,0.0,0.0,0.0,0.0,0.0,0.0,0.0,0.0,0.0,
A4766C,0.16727237154444446,0.20909046443055557,0.0,0.16727237154444446,low,14406.54161268,0.2237803283333333,4028.04591,13971.95409,18000.0,0.7762196716666667,0.27972541041666665,0.7762196716666666,0.0,0.0,0.0,0.0,0.0,0.0,0.0,0.0,0.0,0.0,0.0,0.0,0.0,
A4777J,0.1782642011088889,0.22283025138611112,0.0,0.1782642011088889,low,14525.253371976001,0.0969515256666666,1745.127462,16254.872538,18000.0,0.9030484743333334,0.12118940708333333,0.9030484743333334,0.0,0.0,0.0,0.0,0.0,0.0,0.0,0.0,0.0,0.0,0.0,0.0,0.0,
A4792J,0.17908414633888892,0.22385518292361115,0.0,0.17908414633888892,low,14534.10878046,0.0874906191666666,1574.831145,16425.168855,18000.0,0.9125093808333334,0.10936327395833334,0.9125093808333333,0.0,0.0,0.0,0.0,0.0,0.0,0.0,0.0,0.0,0.0,0.0,0.0,0.0,
A4821E,0.18476701812222224,0.23095877265277778,0.0,0.18476701812222224,low,14595.483795719998,0.0219190216666666,394.5423899999999,17605.45761,18000.0,0.9780809783333334,0.027398777083333326,0.9780809783333334,0.0,0.0,0.0,0.0,0.0,0.0,0.0,0.0,0.0,0.0,0.0,0.0,0.0,
A4826H,0.16210487517000002,0.2026310939625,0.0,0.16210487517000002,low,14350.732651835999,0.2834052864999999,5101.295157,12898.704843,18000.0,0.7165947135000001,0.354256608125,0.7165947134999999,0.0,0.0,0.0,0.0,0.0,0.0,0.0,0.0,0.0,0.0,0.0,0.0,0.0,
A4863E,0.1743953691,0.217994211375,0.0,0.1743953691,low,14483.469986279999,0.141591895,2548.65411,15451.34589,18000.0,0.858408105,0.17698986875,0.858408105,0.0,0.0,0.0,0.0,0.0,0.0,0.0,0.0,0.0,0.0,0.0,0.0,0.0,
A4898K,0.1804299378518519,0.22553742231481486,0.0,0.1804299378518519,low,14548.643328799999,0.0719622555555555,1295.3206,16704.6794,18000.0,0.9280377444444445,0.08995281944444444,0.9280377444444445,0.0,0.0,0.0,0.0,0.0,0.0,0.0,0.0,0.0,0.0,0.0,0.0,0.0,
A4913C,0.1860283007518519,0.23253537593981485,0.0,0.1860283007518519,low,14609.10564812,0.0073657605555555,132.58369,17867.41631,18000.0,0.9926342394444445,0.009207200694444443,0.9926342394444445,0.0,0.0,0.0,0.0,0.0,0.0,0.0,0.0,0.0,0.0,0.0,0.0,0.0,
A4925J,0.18651633660703704,0.2331454207587963,0.0,0.18651633660703704,low,14614.376435355998,0.0017345776111111,31.222397,17968.777603,18000.0,0.9982654223888889,0.0021682220138888888,0.9982654223888888,0.0,0.0,0.0,0.0,0.0,0.0,0.0,0.0,0.0,0.0,0.0,0.0,0.0,
A4981E,0.17596167657,0.2199520957125,0.0,0.17596167657,low,14500.386106956,0.1235191165,2223.344097,15776.655903,18000.0,0.8764808835,0.154398895625,0.8764808835000001,0.0,0.0,0.0,0.0,0.0,0.0,0.0,0.0,0.0,0.0,0.0,0.0,0.0,
A5007M,0.15973429540000003,0.19966786925000002,0.0,0.15973429540000003,low,14325.13039032,0.31075813,5593.64634,12406.35366,18000.0,0.68924187,0.3884476625,0.68924187,0.0,0.0,0.0,0.0,0.0,0.0,0.0,0.0,0.0,0.0,0.0,0.0,0.0,
A5026G,0.1622360298540741,0.2027950373175926,0.0,0.1622360298540741,low,14352.149122424,0.2818919632222222,5074.055338,12925.944662,18000.0,0.7181080367777778,0.3523649540277778,0.7181080367777778,0.0,0.0,0.0,0.0,0.0,0.0,0.0,0.0,0.0,0.0,0.0,0.0,0.0,
A5037G,0.18569288385666669,0.23211610482083334,0.0,0.18569288385666669,low,14605.483145651999,0.0112359555,202.247199,17797.752801,18000.0,0.9887640445,0.014044944375,0.9887640444999999,0.0,0.0,0.0,0.0,0.0,0.0,0.0,0.0,0.0,0.0,0.0,0.0,0.0,
A5070M,0.1772709114666667,0.22158863933333336,0.0,0.1772709114666667,low,14514.52584384,0.1084125599999999,1951.42608,16048.57392,18000.0,0.8915874400000001,0.1355157,0.89158744,0.0,0.0,0.0,0.0,0.0,0.0,0.0,0.0,0.0,0.0,0.0,0.0,0.0,
A516JME,0.18607318975185186,0.23259148718981482,0.0,0.18607318975185186,low,14609.59044932,0.0068478105555555,123.26059,17876.73941,18000.0,0.9931521894444445,0.008559763194444445,0.9931521894444444,0.0,0.0,0.0,0.0,0.0,0.0,0.0,0.0,0.0,0.0,0.0,0.0,0.0,
A5176E,0.1617225975214815,0.20215324690185185,0.0,0.1617225975214815,low,14346.604053231998,0.2878161824444444,5180.691284,12819.308716,18000.0,0.7121838175555556,0.3597702280555556,0.7121838175555555,0.0,0.0,0.0,0.0,0.0,0.0,0.0,0.0,0.0,0.0,0.0,0.0,0.0,
A5208G,0.17037216463333335,0.21296520579166667,0.0,0.17037216463333335,low,14440.01937804,0.188013485,3384.24273,14615.75727,18000.0,0.811986515,0.23501685625,0.811986515,0.0,0.0,0.0,0.0,0.0,0.0,0.0,0.0,0.0,0.0,0.0,0.0,0.0,
A5213A,0.18598900464074075,0.23248625580092594,0.0,0.18598900464074075,low,14608.681250119998,0.0078191772222222,140.74518999999998,17859.25481,18000.0,0.9921808227777777,0.009773971527777776,0.9921808227777777,0.0,0.0,0.0,0.0,0.0,0.0,0.0,0.0,0.0,0.0,0.0,0.0,0.0,
A5253L,0.17894703834814818,0.2236837979351852,0.0,0.17894703834814818,low,14532.62801416,0.0890726344444444,1603.30742,16396.69258,18000.0,0.9109273655555556,0.11134079305555557,0.9109273655555555,0.0,0.0,0.0,0.0,0.0,0.0,0.0,0.0,0.0,0.0,0.0,0.0,0.0,
A5263L,0.1821888563888889,0.2277360704861111,0.0,0.1821888563888889,low,14567.639648999999,0.0516670416666666,930.00675,17069.99325,18000.0,0.9483329583333334,0.06458380208333334,0.9483329583333333,0.0,0.0,0.0,0.0,0.0,0.0,0.0,0.0,0.0,0.0,0.0,0.0,0.0,
A5272H,0.15877374438481484,0.19846718048101852,0.0,0.15877374438481484,low,14314.756439356,0.3218414109444444,5793.145397,12206.854603,18000.0,0.6781585890555556,0.4023017636805556,0.6781585890555556,0.0,0.0,0.0,0.0,0.0,0.0,0.0,0.0,0.0,0.0,0.0,0.0,0.0,
A52753,0.1807183334051852,0.2258979167564815,0.0,0.1807183334051852,low,14551.758000775999,0.0686346145555555,1235.423062,16764.576938,18000.0,0.9313653854444445,0.08579326819444445,0.9313653854444444,0.0,0.0,0.0,0.0,0.0,0.0,0.0,0.0,0.0,0.0,0.0,0.0,0.0,
A5282B,0.18511993201111113,0.2313999150138889,0.0,0.18511993201111113,low,14599.29526572,0.0178469383333333,321.24489,17678.75511,18000.0,0.9821530616666667,0.022308672916666668,0.9821530616666666,0.0,0.0,0.0,0.0,0.0,0.0,0.0,0.0,0.0,0.0,0.0,0.0,0.0,
A5301H,0.18625329993703701,0.23281662492129626,0.0,0.18625329993703701,low,14611.535639319998,0.0047696161111111,85.85309,17914.14691,18000.0,0.9952303838888888,0.005962020138888888,0.9952303838888888,0.0,0.0,0.0,0.0,0.0,0.0,0.0,0.0,0.0,0.0,0.0,0.0,0.0,
A5352E,0.1842348551777778,0.23029356897222222,0.0,0.1842348551777778,low,14589.73643592,0.0280593633333333,505.06854,17494.93146,18000.0,0.9719406366666667,0.035074204166666664,0.9719406366666666,0.0,0.0,0.0,0.0,0.0,0.0,0.0,0.0,0.0,0.0,0.0,0.0,0.0,
A5376K,0.16733107064185185,0.2091638383023148,0.0,0.16733107064185185,low,14407.175562932,0.2231030310555555,4015.854559,13984.145441,18000.0,0.7768969689444445,0.27887878881944445,0.7768969689444445,0.0,0.0,0.0,0.0,0.0,0.0,0.0,0.0,0.0,0.0,0.0,0.0,0.0,
A5387E,0.18038953284074077,0.22548691605092594,0.0,0.18038953284074077,low,14548.206954680001,0.0724284672222222,1303.71241,16696.28759,18000.0,0.9275715327777778,0.09053558402777778,0.9275715327777778,0.0,0.0,0.0,0.0,0.0,0.0,0.0,0.0,0.0,0.0,0.0,0.0,0.0,
A5425L,0.16900989694444446,0.21126237118055555,0.0,0.16900989694444446,low,14425.306886999999,0.2037319583333333,3667.17525,14332.82475,18000.0,0.7962680416666668,0.25466494791666666,0.7962680416666666,0.0,0.0,0.0,0.0,0.0,0.0,0.0,0.0,0.0,0.0,0.0,0.0,0.0,
A5460L,0.18561024482592597,0.23201280603240745,0.0,0.18561024482592597,low,14604.590644119999,0.0121894827777777,219.41069,17780.58931,18000.0,0.9878105172222224,0.015236853472222221,0.9878105172222222,0.0,0.0,0.0,0.0,0.0,0.0,0.0,0.0,0.0,0.0,0.0,0.0,0.0,
A546JMF,0.16132032007592595,0.20165040009490742,0.0,0.16132032007592595,low,14342.259456819998,0.2924578452777778,5264.241215,12735.758785,18000.0,0.7075421547222223,0.36557230659722223,0.7075421547222223,0.0,0.0,0.0,0.0,0.0,0.0,0.0,0.0,0.0,0.0,0.0,0.0,0.0,
A555JMA,0.14541243352774072,0.1817655419096759,0.0,0.14541243352774072,low,14170.4542820996,0.4760103823722222,8568.1868827,9431.8131173,18000.0,0.5239896176277778,0.5950129779652777,0.5239896176277777,0.0,0.0,0.0,0.0,0.0,0.0,0.0,0.0,0.0,0.0,0.0,0.0,0.0,
A559JMC,0.1857212706037037,0.2321515882546296,0.0,0.1857212706037037,low,14605.78972252,0.0109084161111111,196.35149,17803.64851,18000.0,0.9890915838888888,0.01363552013888889,0.9890915838888888,0.0,0.0,0.0,0.0,0.0,0.0,0.0,0.0,0.0,0.0,0.0,0.0,0.0,
A5616D,0.18594621345555556,0.23243276681944444,0.0,0.18594621345555556,low,14608.21910532,0.0083129216666666,149.63259,17850.36741,18000.0,0.9916870783333334,0.010391152083333332,0.9916870783333332,0.0,0.0,0.0,0.0,0.0,0.0,0.0,0.0,0.0,0.0,0.0,0.0,0.0,
A5651M,0.15914798413333334,0.19893498016666666,0.0,0.15914798413333334,low,14318.79822864,0.31752326,5715.41868,12284.58132,18000.0,0.68247674,0.39690407499999997,0.6824767399999999,0.0,0.0,0.0,0.0,0.0,0.0,0.0,0.0,0.0,0.0,0.0,0.0,0.0,
A5685J,0.1772586241555556,0.22157328019444447,0.0,0.1772586241555556,low,14514.393140879998,0.1085543366666666,1953.97806,16046.02194,18000.0,0.8914456633333334,0.1356929208333333,0.8914456633333334,0.0,0.0,0.0,0.0,0.0,0.0,0.0,0.0,0.0,0.0,0.0,0.0,0.0,
A5709B,0.16075848337962964,0.20094810422453704,0.0,0.16075848337962964,low,14336.191620499998,0.2989405763888889,5380.930375,12619.069625,18000.0,0.7010594236111112,0.3736757204861111,0.7010594236111111,0.0,0.0,0.0,0.0,0.0,0.0,0.0,0.0,0.0,0.0,0.0,0.0,0.0,
A5739D,0.18457132825555558,0.23071416031944447,0.0,0.18457132825555558,low,14593.37034516,0.0241769816666666,435.18567,17564.81433,18000.0,0.9758230183333334,0.030221227083333333,0.9758230183333334,0.0,0.0,0.0,0.0,0.0,0.0,0.0,0.0,0.0,0.0,0.0,0.0,0.0,
A5775E,0.18518101212592597,0.23147626515740746,0.0,0.18518101212592597,low,14599.95493096,0.0171421677777777,308.55902,17691.44098,18000.0,0.9828578322222223,0.02142770972222222,0.9828578322222222,0.0,0.0,0.0,0.0,0.0,0.0,0.0,0.0,0.0,0.0,0.0,0.0,0.0,
A579JMD,0.16265296972518517,0.20331621215648146,0.0,0.16265296972518517,low,14356.652073031999,0.2770811185555555,4987.460134,13012.539866,18000.0,0.7229188814444445,0.34635139819444444,0.7229188814444444,0.0,0.0,0.0,0.0,0.0,0.0,0.0,0.0,0.0,0.0,0.0,0.0,0.0,
A5818G,0.18574756623333333,0.23218445779166666,0.0,0.18574756623333333,low,14606.073715319999,0.010605005,190.89009,17809.10991,18000.0,0.989394995,0.013256256249999999,0.9893949949999999,0.0,0.0,0.0,0.0,0.0,0.0,0.0,0.0,0.0,0.0,0.0,0.0,0.0,
A5829B,0.1858047879,0.232255984875,0.0,0.1858047879,low,14606.691709319999,0.009944755,179.00558999999998,17820.99441,18000.0,0.990055245,0.01243094375,0.990055245,0.0,0.0,0.0,0.0,0.0,0.0,0.0,0.0,0.0,0.0,0.0,0.0,0.0,
A582JLA,0.15269628935037038,0.19087036168796298,0.0,0.15269628935037038,low,14249.119924984001,0.3919658921111111,7055.386058,10944.613942,18000.0,0.6080341078888889,0.4899573651388889,0.6080341078888889,0.0,0.0,0.0,0.0,0.0,0.0,0.0,0.0,0.0,0.0,0.0,0.0,0.0,
A5872H,0.18322325622962965,0.22902907028703703,0.0,0.18322325622962965,low,14578.81116728,0.0397316588888888,715.16986,17284.83014,18000.0,0.9602683411111113,0.04966457361111111,0.960268341111111,0.0,0.0,0.0,0.0,0.0,0.0,0.0,0.0,0.0,0.0,0.0,0.0,0.0,
A5947G,0.18559463182592595,0.23199328978240744,0.0,0.18559463182592595,low,14604.422023719999,0.0123696327777777,222.65339,17777.34661,18000.0,0.9876303672222223,0.015462040972222223,0.9876303672222223,0.0,0.0,0.0,0.0,0.0,0.0,0.0,0.0,0.0,0.0,0.0,0.0,0.0,
A5948A,0.13795991992962964,0.17244989991203705,0.0,0.13795991992962964,low,14089.967135239998,0.5620009238888889,10116.01663,7883.98337,18000.0,0.4379990761111111,0.7025011548611111,0.4379990761111111,0.0,0.0,0.0,0.0,0.0,0.0,0.0,0.0,0.0,0.0,0.0,0.0,0.0,
A5956L,0.18449547662592594,0.23061934578240742,0.0,0.18449547662592594,low,14592.551147559998,0.0250521927777777,450.93947,17549.06053,18000.0,0.9749478072222223,0.03131524097222222,0.9749478072222222,0.0,0.0,0.0,0.0,0.0,0.0,0.0,0.0,0.0,0.0,0.0,0.0,0.0,
A596JLA,0.15006701984555557,0.18758377480694444,0.0,0.15006701984555557,low,14220.723814332,0.4223036171666666,7601.465109,10398.534891,18000.0,0.5776963828333335,0.5278795214583333,0.5776963828333332,0.0,0.0,0.0,0.0,0.0,0.0,0.0,0.0,0.0,0.0,0.0,0.0,0.0,
A5993L,0.16441701543333337,0.2055212692916667,0.0,0.16441701543333337,low,14375.703766679999,0.256726745,4621.081410000001,13378.91859,18000.0,0.7432732550000001,0.32090843125000007,0.743273255,0.0,0.0,0.0,0.0,0.0,0.0,0.0,0.0,0.0,0.0,0.0,0.0,0.0,
A59BEB,0.1860763217888889,0.2325954022361111,0.0,0.1860763217888889,low,14609.624275319999,0.0068116716666666,122.61009,17877.38991,18000.0,0.9931883283333334,0.008514589583333333,0.9931883283333335,0.0,0.0,0.0,0.0,0.0,0.0,0.0,0.0,0.0,0.0,0.0,0.0,0.0,
A6041C,0.18511829072740743,0.23139786340925927,0.0,0.18511829072740743,low,14599.277539855999,0.0178658762222222,321.585772,17678.414228,18000.0,0.9821341237777778,0.02233234527777778,0.9821341237777779,0.0,0.0,0.0,0.0,0.0,0.0,0.0,0.0,0.0,0.0,0.0,0.0,0.0,
A6058C,0.16379131604444447,0.20473914505555557,0.0,0.16379131604444447,low,14368.94621328,0.2639463533333334,4751.034360000001,13248.96564,18000.0,0.7360536466666666,0.3299329416666667,0.7360536466666667,0.0,0.0,0.0,0.0,0.0,0.0,0.0,0.0,0.0,0.0,0.0,0.0,0.0,
A6060E,0.18592344756666668,0.23240430945833335,0.0,0.18592344756666668,low,14607.97323372,0.008575605,154.36089,17845.63911,18000.0,0.991424395,0.01071950625,0.991424395,0.0,0.0,0.0,0.0,0.0,0.0,0.0,0.0,0.0,0.0,0.0,0.0,0.0,
A6069L,0.15918212711185187,0.1989776588898148,0.0,0.15918212711185187,low,14319.166972808,0.3171293025555555,5708.327445999999,12291.672554,18000.0,0.6828706974444445,0.3964116281944444,0.6828706974444445,0.0,0.0,0.0,0.0,0.0,0.0,0.0,0.0,0.0,0.0,0.0,0.0,0.0,
A6076H,0.18232012890111113,0.2279001611263889,0.0,0.18232012890111113,low,14569.057392132,0.0501523588333333,902.742459,17097.257541,18000.0,0.9498476411666668,0.06269044854166667,0.9498476411666666,0.0,0.0,0.0,0.0,0.0,0.0,0.0,0.0,0.0,0.0,0.0,0.0,0.0,
A6086J,0.15687532023333337,0.19609415029166669,0.0,0.15687532023333337,low,14294.25345852,0.343746305,6187.43349,11812.56651,18000.0,0.656253695,0.42968288125000004,0.6562536950000001,0.0,0.0,0.0,0.0,0.0,0.0,0.0,0.0,0.0,0.0,0.0,0.0,0.0,
A6086L,0.17783612734444443,0.22229515918055553,0.0,0.17783612734444443,low,14520.630175319999,0.1018908383333333,1834.03509,16165.96491,18000.0,0.8981091616666667,0.12736354791666668,0.8981091616666667,0.0,0.0,0.0,0.0,0.0,0.0,0.0,0.0,0.0,0.0,0.0,0.0,0.0,
A6090C,0.18496149576296297,0.2312018697037037,0.0,0.18496149576296297,low,14597.58415424,0.0196750488888888,354.15088,17645.84912,18000.0,0.9803249511111112,0.02459381111111111,0.9803249511111111,0.0,0.0,0.0,0.0,0.0,0.0,0.0,0.0,0.0,0.0,0.0,0.0,0.0,
A6107K,0.18415910788518522,0.23019888485648152,0.0,0.18415910788518522,low,14588.91836516,0.0289333705555555,520.80067,17479.19933,18000.0,0.9710666294444446,0.03616671319444444,0.9710666294444444,0.0,0.0,0.0,0.0,0.0,0.0,0.0,0.0,0.0,0.0,0.0,0.0,0.0,
A6140E,0.1732259236125926,0.21653240451574074,0.0,0.1732259236125926,low,14470.839975015999,0.1550854967777777,2791.538942,15208.461058,18000.0,0.8449145032222223,0.19385687097222223,0.8449145032222223,0.0,0.0,0.0,0.0,0.0,0.0,0.0,0.0,0.0,0.0,0.0,0.0,0.0,
A6164B,0.1623750122714815,0.20296876533935185,0.0,0.1623750122714815,low,14353.650132531999,0.2802883199444444,5045.189759,12954.810241,18000.0,0.7197116800555556,0.35036039993055557,0.7197116800555555,0.0,0.0,0.0,0.0,0.0,0.0,0.0,0.0,0.0,0.0,0.0,0.0,0.0,
A6175M,0.1561537885037037,0.19519223562962962,0.0,0.1561537885037037,low,14286.46091584,0.3520716711111111,6337.29008,11662.70992,18000.0,0.6479283288888888,0.4400895888888889,0.6479283288888888,0.0,0.0,0.0,0.0,0.0,0.0,0.0,0.0,0.0,0.0,0.0,0.0,0.0,
A6181H,0.16464165843296297,0.20580207304120368,0.0,0.16464165843296297,low,14378.129911076,0.2541347103888889,4574.424787,13425.575213,18000.0,0.7458652896111111,0.3176683879861111,0.7458652896111111,0.0,0.0,0.0,0.0,0.0,0.0,0.0,0.0,0.0,0.0,0.0,0.0,0.0,
A6187A,0.1627918237362963,0.20348977967037038,0.0,0.1627918237362963,low,14358.151696351999,0.2754789568888889,4958.621224,13041.378776,18000.0,0.7245210431111111,0.34434869611111113,0.7245210431111111,0.0,0.0,0.0,0.0,0.0,0.0,0.0,0.0,0.0,0.0,0.0,0.0,0.0,
A6251M,0.18269784206666673,0.22837230258333338,0.0,0.18269784206666673,low,14573.136694320001,0.0457941299999999,824.2943399999999,17175.70566,18000.0,0.9542058700000001,0.05724266249999999,0.95420587,0.0,0.0,0.0,0.0,0.0,0.0,0.0,0.0,0.0,0.0,0.0,0.0,0.0,
A6274A,0.15947128821592593,0.1993391102699074,0.0,0.15947128821592593,low,14322.289912731998,0.3137928282777777,5648.270909,12351.729091,18000.0,0.6862071717222222,0.3922410353472222,0.6862071717222222,0.0,0.0,0.0,0.0,0.0,0.0,0.0,0.0,0.0,0.0,0.0,0.0,0.0,
A6274J,0.18289265192962967,0.22861581491203706,0.0,0.18289265192962967,low,14575.240640839998,0.0435463238888888,783.83383,17216.16617,18000.0,0.9564536761111112,0.05443290486111111,0.9564536761111111,0.0,0.0,0.0,0.0,0.0,0.0,0.0,0.0,0.0,0.0,0.0,0.0,0.0,
A6275M,0.185943241202963,0.23242905150370372,0.0,0.185943241202963,low,14608.187004992,0.0083472168888888,150.24990400000002,17849.750096,18000.0,0.9916527831111112,0.010434021111111112,0.991652783111111,0.0,0.0,0.0,0.0,0.0,0.0,0.0,0.0,0.0,0.0,0.0,0.0,0.0,
A6277E,0.18335159314444446,0.22918949143055556,0.0,0.18335159314444446,low,14580.19720596,0.0382508483333333,688.51527,17311.48473,18000.0,0.9617491516666667,0.047813560416666664,0.9617491516666666,0.0,0.0,0.0,0.0,0.0,0.0,0.0,0.0,0.0,0.0,0.0,0.0,0.0,
A6293D,0.15771066455555557,0.19713833069444445,0.0,0.15771066455555557,low,14303.2751772,0.3341077166666666,6013.9389,11986.0611,18000.0,0.6658922833333334,0.4176346458333333,0.6658922833333334,0.0,0.0,0.0,0.0,0.0,0.0,0.0,0.0,0.0,0.0,0.0,0.0,0.0,
A6316G,0.18494240164222228,0.23117800205277783,0.0,0.18494240164222228,low,14597.377937735999,0.0198953656666666,358.116582,17641.883418,18000.0,0.9801046343333334,0.024869207083333334,0.9801046343333334,0.0,0.0,0.0,0.0,0.0,0.0,0.0,0.0,0.0,0.0,0.0,0.0,0.0,
A6317D,0.16487337626851853,0.20609172033564815,0.0,0.16487337626851853,low,14380.6324637,0.2514610430555555,4526.298774999999,13473.701225,18000.0,0.7485389569444445,0.3143263038194444,0.7485389569444445,0.0,0.0,0.0,0.0,0.0,0.0,0.0,0.0,0.0,0.0,0.0,0.0,0.0,
A6323E,0.17510367366666668,0.21887959208333332,0.0,0.17510367366666668,low,14491.119675599999,0.13341915,2401.5447,15598.4553,18000.0,0.8665808500000001,0.1667739375,0.86658085,0.0,0.0,0.0,0.0,0.0,0.0,0.0,0.0,0.0,0.0,0.0,0.0,0.0,
A6354C,0.1860343967888889,0.23254299598611108,0.0,0.1860343967888889,low,14609.17148532,0.0072954216666666,131.31759,17868.68241,18000.0,0.9927045783333334,0.009119277083333334,0.9927045783333334,0.0,0.0,0.0,0.0,0.0,0.0,0.0,0.0,0.0,0.0,0.0,0.0,0.0,
A6360C,0.15180653946,0.189758174325,0.0,0.15180653946,low,14239.510626168,0.402232237,7240.180265999999,10759.819734,18000.0,0.597767763,0.5027902962499999,0.597767763,0.0,0.0,0.0,0.0,0.0,0.0,0.0,0.0,0.0,0.0,0.0,0.0,0.0,
A6397J,0.16213385082185186,0.20266731352731482,0.0,0.16213385082185186,low,14351.045588876,0.2830709520555555,5095.277137,12904.722863,18000.0,0.7169290479444446,0.35383869006944446,0.7169290479444445,0.0,0.0,0.0,0.0,0.0,0.0,0.0,0.0,0.0,0.0,0.0,0.0,0.0,
A6505B,0.15006889599592593,0.1875861199949074,0.0,0.15006889599592593,low,14220.744076755998,0.4222819692777777,7601.075446999999,10398.924553,18000.0,0.5777180307222223,0.5278524615972222,0.5777180307222223,0.0,0.0,0.0,0.0,0.0,0.0,0.0,0.0,0.0,0.0,0.0,0.0,0.0,
A6506B,0.1793416962,0.22417712025,0.0,0.1793416962,low,14536.890318959999,0.08451889,1521.34002,16478.65998,18000.0,0.91548111,0.1056486125,0.91548111,0.0,0.0,0.0,0.0,0.0,0.0,0.0,0.0,0.0,0.0,0.0,0.0,0.0,
A6525L,0.15930497668814816,0.1991312208601852,0.0,0.15930497668814816,low,14320.493748232,0.3157118074444444,5682.812534,12317.187466,18000.0,0.6842881925555556,0.39463975930555556,0.6842881925555555,0.0,0.0,0.0,0.0,0.0,0.0,0.0,0.0,0.0,0.0,0.0,0.0,0.0,
A6617J,0.15921507733555557,0.19901884666944444,0.0,0.15921507733555557,low,14319.522835224,0.3167491076666666,5701.483937999999,12298.516062,18000.0,0.6832508923333334,0.3959363845833333,0.6832508923333334,0.0,0.0,0.0,0.0,0.0,0.0,0.0,0.0,0.0,0.0,0.0,0.0,0.0,
A67282,0.1637696275666667,0.20471203445833333,0.0,0.1637696275666667,low,14368.711977719999,0.264196605,4755.53889,13244.46111,18000.0,0.735803395,0.33024575624999997,0.735803395,0.0,0.0,0.0,0.0,0.0,0.0,0.0,0.0,0.0,0.0,0.0,0.0,0.0,
A6741B,0.18582069071814813,0.23227586339768516,0.0,0.18582069071814813,low,14606.863459756,0.0097612609444444,175.702697,17824.297303,18000.0,0.9902387390555556,0.012201576180555555,0.9902387390555555,0.0,0.0,0.0,0.0,0.0,0.0,0.0,0.0,0.0,0.0,0.0,0.0,0.0,
A674JMD,0.15754618838222223,0.1969327354777778,0.0,0.15754618838222223,low,14301.498834528,0.3360055186666666,6048.099335999999,11951.900664,18000.0,0.6639944813333334,0.42000689833333327,0.6639944813333334,0.0,0.0,0.0,0.0,0.0,0.0,0.0,0.0,0.0,0.0,0.0,0.0,0.0,
A6784G,0.17733623956259262,0.22167029945324077,0.0,0.17733623956259262,low,14515.231387275999,0.1076587742777777,1937.857937,16062.142063,18000.0,0.8923412257222223,0.1345734678472222,0.8923412257222222,0.0,0.0,0.0,0.0,0.0,0.0,0.0,0.0,0.0,0.0,0.0,0.0,0.0,
A6814G,0.1860045887277778,0.23250573590972223,0.0,0.1860045887277778,low,14608.849558259999,0.0076393608333333,137.508495,17862.491505,18000.0,0.9923606391666667,0.009549201041666667,0.9923606391666667,0.0,0.0,0.0,0.0,0.0,0.0,0.0,0.0,0.0,0.0,0.0,0.0,0.0,
A6814L,0.16340747457777777,0.2042593432222222,0.0,0.16340747457777777,low,14364.800725439998,0.2683752933333334,4830.75528,13169.24472,18000.0,0.7316247066666666,0.3354691166666667,0.7316247066666667,0.0,0.0,0.0,0.0,0.0,0.0,0.0,0.0,0.0,0.0,0.0,0.0,0.0,
A6839B,0.16432688297148149,0.20540860371435185,0.0,0.16432688297148149,low,14374.730336092,0.2577667349444444,4639.801229000001,13360.198771,18000.0,0.7422332650555556,0.3222084186805556,0.7422332650555555,0.0,0.0,0.0,0.0,0.0,0.0,0.0,0.0,0.0,0.0,0.0,0.0,0.0,
A6859J,0.16020954548074073,0.2002619318509259,0.0,0.16020954548074073,low,14330.263091192,0.3052744752222223,5494.940554000001,12505.059446,18000.0,0.6947255247777777,0.3815930940277778,0.6947255247777777,0.0,0.0,0.0,0.0,0.0,0.0,0.0,0.0,0.0,0.0,0.0,0.0,0.0,
A6867C,0.15790667919592594,0.19738334899490742,0.0,0.15790667919592594,low,14305.392135315999,0.3318460092777778,5973.228167,12026.771833,18000.0,0.6681539907222223,0.41480751159722223,0.6681539907222223,0.0,0.0,0.0,0.0,0.0,0.0,0.0,0.0,0.0,0.0,0.0,0.0,0.0,
A6869D,0.18520552117037037,0.23150690146296293,0.0,0.18520552117037037,low,14600.21962864,0.0168593711111111,303.46868,17696.53132,18000.0,0.9831406288888889,0.02107421388888889,0.9831406288888888,0.0,0.0,0.0,0.0,0.0,0.0,0.0,0.0,0.0,0.0,0.0,0.0,0.0,
A6899H,0.18518591620740743,0.23148239525925926,0.0,0.18518591620740743,low,14600.00789504,0.0170855822222222,307.54048,17692.45952,18000.0,0.9829144177777778,0.02135697777777778,0.9829144177777778,0.0,0.0,0.0,0.0,0.0,0.0,0.0,0.0,0.0,0.0,0.0,0.0,0.0,
A6907D,0.1841017484666667,0.23012718558333334,0.0,0.1841017484666667,low,14588.298883439998,0.02959521,532.71378,17467.28622,18000.0,0.97040479,0.036994012500000006,0.9704047900000001,0.0,0.0,0.0,0.0,0.0,0.0,0.0,0.0,0.0,0.0,0.0,0.0,0.0,
A6918G,0.18353406586296303,0.22941758232870377,0.0,0.18353406586296303,low,14582.16791132,0.0361453938888888,650.61709,17349.38291,18000.0,0.9638546061111112,0.04518174236111111,0.9638546061111112,0.0,0.0,0.0,0.0,0.0,0.0,0.0,0.0,0.0,0.0,0.0,0.0,0.0,
A6932H,0.17936995154592594,0.22421243943240743,0.0,0.17936995154592594,low,14537.195476695999,0.0841928667777777,1515.471602,16484.528398,18000.0,0.9158071332222223,0.10524108347222223,0.9158071332222222,0.0,0.0,0.0,0.0,0.0,0.0,0.0,0.0,0.0,0.0,0.0,0.0,0.0,
A6934H,0.1857952877888889,0.23224410973611112,0.0,0.1857952877888889,low,14606.589108119999,0.0100543716666666,180.97869,17819.02131,18000.0,0.9899456283333334,0.012567964583333334,0.9899456283333333,0.0,0.0,0.0,0.0,0.0,0.0,0.0,0.0,0.0,0.0,0.0,0.0,0.0,
A6954H,0.17852348143370372,0.22315435179212964,0.0,0.17852348143370372,low,14528.053599484,0.0939598296111111,1691.276933,16308.723067,18000.0,0.906040170388889,0.11744978701388889,0.906040170388889,0.0,0.0,0.0,0.0,0.0,0.0,0.0,0.0,0.0,0.0,0.0,0.0,0.0,
A696JMA,0.18062528100370373,0.22578160125462965,0.0,0.18062528100370373,low,14550.75303484,0.0697082961111111,1254.74933,16745.25067,18000.0,0.9302917038888889,0.08713537013888889,0.9302917038888889,0.0,0.0,0.0,0.0,0.0,0.0,0.0,0.0,0.0,0.0,0.0,0.0,0.0,
A7010H,0.18533098608185183,0.2316637326023148,0.0,0.18533098608185183,low,14601.574649683998,0.0154116990555555,277.410583,17722.589417,18000.0,0.9845883009444445,0.01926462381944444,0.9845883009444444,0.0,0.0,0.0,0.0,0.0,0.0,0.0,0.0,0.0,0.0,0.0,0.0,0.0,
A7049M,0.1849048263555556,0.23113103294444448,0.0,0.1849048263555556,low,14596.97212464,0.0203289266666666,365.92068,17634.07932,18000.0,0.9796710733333334,0.025411158333333333,0.9796710733333334,0.0,0.0,0.0,0.0,0.0,0.0,0.0,0.0,0.0,0.0,0.0,0.0,0.0,
A7077E,0.18106866906185187,0.22633583632731483,0.0,0.18106866906185187,low,14555.541625867998,0.0645922800555555,1162.661041,16837.338959,18000.0,0.9354077199444445,0.08074035006944445,0.9354077199444445,0.0,0.0,0.0,0.0,0.0,0.0,0.0,0.0,0.0,0.0,0.0,0.0,0.0,
A7138G,0.16039296956333335,0.20049121195416666,0.0,0.16039296956333335,low,14332.244071283998,0.3031580435,5456.8447830000005,12543.155217,18000.0,0.6968419565,0.37894755437500005,0.6968419565,0.0,0.0,0.0,0.0,0.0,0.0,0.0,0.0,0.0,0.0,0.0,0.0,0.0,
A7145D,0.18211848411481482,0.22764810514351852,0.0,0.18211848411481482,low,14566.87962844,0.0524790294444444,944.62253,17055.37747,18000.0,0.9475209705555556,0.06559878680555556,0.9475209705555555,0.0,0.0,0.0,0.0,0.0,0.0,0.0,0.0,0.0,0.0,0.0,0.0,0.0,
A7145G,0.17996647753370373,0.22495809691712965,0.0,0.17996647753370373,low,14543.637957364,0.0773098746111111,1391.5777429999998,16608.422257,18000.0,0.9226901253888888,0.09663734326388888,0.9226901253888888,0.0,0.0,0.0,0.0,0.0,0.0,0.0,0.0,0.0,0.0,0.0,0.0,0.0,
A7164E,0.16806624887592594,0.21008281109490742,0.0,0.16806624887592594,low,14415.11548786,0.2146202052777777,3863.163695,14136.836305,18000.0,0.7853797947222223,0.26827525659722223,0.7853797947222223,0.0,0.0,0.0,0.0,0.0,0.0,0.0,0.0,0.0,0.0,0.0,0.0,0.0,
A7212G,0.162999742,0.20374967749999998,0.0,0.162999742,low,14360.3972136,0.2730799,4915.4382,13084.5618,18000.0,0.7269201000000001,0.34134987499999997,0.7269201,0.0,0.0,0.0,0.0,0.0,0.0,0.0,0.0,0.0,0.0,0.0,0.0,0.0,
A7276E,0.1858353888888889,0.2322942361111111,0.0,0.1858353888888889,low,14607.0222,0.0095916666666666,172.65,17827.35,18000.0,0.9904083333333334,0.011989583333333333,0.9904083333333332,0.0,0.0,0.0,0.0,0.0,0.0,0.0,0.0,0.0,0.0,0.0,0.0,0.0,
A7279E,0.18489177777407406,0.23111472221759258,0.0,0.18489177777407406,low,14596.83119996,0.0204794872222222,368.63077,17631.36923,18000.0,0.9795205127777779,0.025599359027777775,0.9795205127777777,0.0,0.0,0.0,0.0,0.0,0.0,0.0,0.0,0.0,0.0,0.0,0.0,0.0,
A7284B,0.16099612350000003,0.201245154375,0.0,0.16099612350000003,low,14338.758133799998,0.296198575,5331.57435,12668.42565,18000.0,0.703801425,0.37024821874999997,0.703801425,0.0,0.0,0.0,0.0,0.0,0.0,0.0,0.0,0.0,0.0,0.0,0.0,0.0,
A728JMF,0.15561964187000002,0.19452455233750002,0.0,0.15561964187000002,low,14280.692132195998,0.3582349015,6448.228227,11551.771773,18000.0,0.6417650985000001,0.44779362687499996,0.6417650985000001,0.0,0.0,0.0,0.0,0.0,0.0,0.0,0.0,0.0,0.0,0.0,0.0,0.0,
A7315E,0.18594412002222227,0.2324301500277778,0.0,0.18594412002222227,low,14608.19649624,0.0083370766666666,150.06738,17849.93262,18000.0,0.9916629233333334,0.010421345833333335,0.9916629233333333,0.0,0.0,0.0,0.0,0.0,0.0,0.0,0.0,0.0,0.0,0.0,0.0,0.0,
A7360E,0.15634416880444446,0.19543021100555558,0.0,0.15634416880444446,low,14288.517023088,0.3498749753333333,6297.749556,11702.250444,18000.0,0.6501250246666668,0.43734371916666664,0.6501250246666667,0.0,0.0,0.0,0.0,0.0,0.0,0.0,0.0,0.0,0.0,0.0,0.0,0.0,
A7371K,0.1650866171318519,0.20635827141481486,0.0,0.1650866171318519,low,14382.935465024,0.2490005715555555,4482.010288,13517.989712,18000.0,0.7509994284444446,0.31125071444444447,0.7509994284444445,0.0,0.0,0.0,0.0,0.0,0.0,0.0,0.0,0.0,0.0,0.0,0.0,0.0,
A7515C,0.1759873378814815,0.21998417235185186,0.0,0.1759873378814815,low,14500.66324912,0.1232230244444444,2218.01444,15781.98556,18000.0,0.8767769755555556,0.15402878055555555,0.8767769755555556,0.0,0.0,0.0,0.0,0.0,0.0,0.0,0.0,0.0,0.0,0.0,0.0,0.0,
A7563G,0.1838102488888889,0.2297628111111111,0.0,0.1838102488888889,low,14585.150688,0.0329586666666666,593.256,17406.744,18000.0,0.9670413333333334,0.04119833333333333,0.9670413333333333,0.0,0.0,0.0,0.0,0.0,0.0,0.0,0.0,0.0,0.0,0.0,0.0,0.0,
A7606J,0.18277922049222228,0.22847402561527783,0.0,0.18277922049222228,low,14574.015581316,0.0448551481666666,807.392667,17192.607333,18000.0,0.9551448518333334,0.05606893520833333,0.9551448518333333,0.0,0.0,0.0,0.0,0.0,0.0,0.0,0.0,0.0,0.0,0.0,0.0,0.0,
A7642C,0.1836200325855556,0.22952504073194446,0.0,0.1836200325855556,low,14583.096351924,0.0351534701666666,632.762463,17367.237537,18000.0,0.9648465298333334,0.043941837708333334,0.9648465298333334,0.0,0.0,0.0,0.0,0.0,0.0,0.0,0.0,0.0,0.0,0.0,0.0,0.0,
A7653C,0.18236381645555558,0.22795477056944446,0.0,0.18236381645555558,low,14569.529217719999,0.0496482716666666,893.6688899999999,17106.33111,18000.0,0.9503517283333334,0.062060339583333325,0.9503517283333333,0.0,0.0,0.0,0.0,0.0,0.0,0.0,0.0,0.0,0.0,0.0,0.0,0.0,
A77157D,0.10244755087555557,0.12805943859444446,0.0,0.10244755087555557,low,13706.433549455998,0.8797452631666666,15835.414737,2164.585263000001,18000.0,0.12025473683333343,1.0,0.12025473683333338,0.0,0.0,0.0,0.0,0.0,0.0,0.0,0.0,0.0,0.0,0.0,0.0,0.0,
A77254D,0.11402383537777779,0.14252979422222223,0.0,0.11402383537777779,low,13831.45742208,0.8177294533333332,14719.13016,3280.8698399999994,18000.0,0.18227054666666676,1.0,0.18227054666666664,0.0,0.0,0.0,0.0,0.0,0.0,0.0,0.0,0.0,0.0,0.0,0.0,0.0,
A77281D,0.07820694199111111,0.09775867748888888,0.0,0.07820694199111111,low,13444.634973504,1.0168099188333335,18302.578539,0.0,18000.0,-0.016809918833333493,1.0,0.0,0.0,0.0,0.0,0.0,0.0,0.0,0.0,0.0,0.0,0.0,0.0,0.0,0.0,
A7734B,0.16518022954444447,0.20647528693055558,0.0,0.16518022954444447,low,14383.94647908,0.2479204283333333,4462.56771,13537.43229,18000.0,0.7520795716666667,0.3099005354166667,0.7520795716666667,0.0,0.0,0.0,0.0,0.0,0.0,0.0,0.0,0.0,0.0,0.0,0.0,0.0,
A77364D,0.07085740807111113,0.08857176008888891,0.0,0.07085740807111113,low,13365.260007167999,1.0857117993333332,19542.812388,0.0,18000.0,-0.08571179933333317,1.0,0.0,0.0,0.0,0.0,0.0,0.0,0.0,0.0,0.0,0.0,0.0,0.0,0.0,0.0,
A7738C,0.1532598492977778,0.19157481162222223,0.0,0.1532598492977778,low,14255.206372416,0.3854632773333333,6938.338991999999,11061.661008,18000.0,0.6145367226666667,0.4818290966666666,0.6145367226666666,0.0,0.0,0.0,0.0,0.0,0.0,0.0,0.0,0.0,0.0,0.0,0.0,0.0,
A7739H,0.18216982670000004,0.22771228337500002,0.0,0.18216982670000004,low,14567.43412836,0.051886615,933.95907,17066.04093,18000.0,0.948113385,0.06485826875,0.948113385,0.0,0.0,0.0,0.0,0.0,0.0,0.0,0.0,0.0,0.0,0.0,0.0,0.0,
A77404D,0.10147645447111114,0.12684556808888892,0.0,0.10147645447111114,low,13695.945708287998,0.8849475653333332,15929.056175999998,2070.9438240000018,18000.0,0.11505243466666681,1.0,0.11505243466666676,0.0,0.0,0.0,0.0,0.0,0.0,0.0,0.0,0.0,0.0,0.0,0.0,0.0,
A77407D,0.12303074203444447,0.15378842754305558,0.0,0.12303074203444447,low,13928.732013972,0.7342606688333333,13216.692039,4783.307961,18000.0,0.2657393311666667,0.9178258360416667,0.2657393311666667,0.0,0.0,0.0,0.0,0.0,0.0,0.0,0.0,0.0,0.0,0.0,0.0,0.0,
A7742G,0.15772050317222222,0.19715062896527777,0.0,0.15772050317222222,low,14303.381434259998,0.3339941941666666,6011.895495,11988.104505,18000.0,0.6660058058333334,0.4174927427083333,0.6660058058333332,0.0,0.0,0.0,0.0,0.0,0.0,0.0,0.0,0.0,0.0,0.0,0.0,0.0,
A77506D,0.05199916840296296,0.0649989605037037,0.0,0.05199916840296296,low,13161.591018752,1.2625077962222222,22725.140332,0.0,18000.0,-0.2625077962222222,1.0,0.0,0.0,0.0,0.0,0.0,0.0,0.0,0.0,0.0,0.0,0.0,0.0,0.0,0.0,
A77507D,0.055376486755555565,0.06922060844444446,0.0,0.055376486755555565,low,13198.06605696,1.2308454366666666,22155.21786,0.0,18000.0,-0.23084543666666657,1.0,0.0,0.0,0.0,0.0,0.0,0.0,0.0,0.0,0.0,0.0,0.0,0.0,0.0,0.0,
A77510D,0.14959123080407408,0.1869890385050926,0.0,0.14959123080407408,low,14215.585292683998,0.4277934907222221,7700.282832999999,10299.717167,18000.0,0.5722065092777779,0.5347418634027777,0.5722065092777778,0.0,0.0,0.0,0.0,0.0,0.0,0.0,0.0,0.0,0.0,0.0,0.0,0.0,
A77524D,0.05726174707555555,0.07157718384444443,0.0,0.05726174707555555,low,13218.426868416,1.2131711211666667,21837.080181,0.0,18000.0,-0.2131711211666667,1.0,0.0,0.0,0.0,0.0,0.0,0.0,0.0,0.0,0.0,0.0,0.0,0.0,0.0,0.0,
A77525D,0.03827444032,0.047843050399999996,0.0,0.03827444032,low,13013.363955456,1.391177122,25041.188196,0.0,18000.0,-0.391177122,1.0,0.0,0.0,0.0,0.0,0.0,0.0,0.0,0.0,0.0,0.0,0.0,0.0,0.0,0.0,
A77526D,0.17045499634814817,0.2130687454351852,0.0,0.17045499634814817,low,14440.91396056,0.1870577344444444,3367.03922,14632.96078,18000.0,0.8129422655555556,0.23382216805555556,0.8129422655555555,0.0,0.0,0.0,0.0,0.0,0.0,0.0,0.0,0.0,0.0,0.0,0.0,0.0,
A77634D,0.10592679842666669,0.13240849803333335,0.0,0.10592679842666669,low,13744.009423008,0.861106437,15499.915866,2500.0841340000006,18000.0,0.138893563,1.0,0.13889356300000003,0.0,0.0,0.0,0.0,0.0,0.0,0.0,0.0,0.0,0.0,0.0,0.0,0.0,
A77636D,0.09986557844444445,0.12483197305555556,0.0,0.09986557844444445,low,13678.5482472,0.8935772583333333,16084.39065,1915.6093500000009,18000.0,0.10642274166666665,1.0,0.10642274166666671,0.0,0.0,0.0,0.0,0.0,0.0,0.0,0.0,0.0,0.0,0.0,0.0,0.0,
A77637D,0.17508666069666667,0.21885832587083334,0.0,0.17508666069666667,low,14490.935935524,0.1336154535,2405.078163,15594.921837,18000.0,0.8663845465,0.16701931687500002,0.8663845465,0.0,0.0,0.0,0.0,0.0,0.0,0.0,0.0,0.0,0.0,0.0,0.0,0.0,
A77638D,0.0696016494222222,0.08700206177777775,0.0,0.0696016494222222,low,13351.697813759998,1.0974845366666668,19754.721660000003,0.0,18000.0,-0.09748453666666679,1.0,0.0,0.0,0.0,0.0,0.0,0.0,0.0,0.0,0.0,0.0,0.0,0.0,0.0,0.0,
A77639D,0.10851118265333336,0.1356389783166667,0.0,0.10851118265333336,low,13771.920772656,0.8472615215,15250.707387,2749.292613,18000.0,0.1527384785,1.0,0.1527384785,0.0,0.0,0.0,0.0,0.0,0.0,0.0,0.0,0.0,0.0,0.0,0.0,0.0,
A77647D,0.07679122215111107,0.09598902768888884,0.0,0.07679122215111107,low,13429.345199231999,1.0300822923333337,18541.481262,0.0,18000.0,-0.030082292333333704,1.0,0.0,0.0,0.0,0.0,0.0,0.0,0.0,0.0,0.0,0.0,0.0,0.0,0.0,0.0,
A7764J,0.18564215790000002,0.232052697375,0.0,0.18564215790000002,low,14604.93530532,0.011821255,212.78259,17787.21741,18000.0,0.988178745,0.01477656875,0.988178745,0.0,0.0,0.0,0.0,0.0,0.0,0.0,0.0,0.0,0.0,0.0,0.0,0.0,
A7778M,0.17530229101296294,0.21912786376620366,0.0,0.17530229101296294,low,14493.264742939999,0.1311274113888889,2360.293405,15639.706595,18000.0,0.868872588611111,0.1639092642361111,0.868872588611111,0.0,0.0,0.0,0.0,0.0,0.0,0.0,0.0,0.0,0.0,0.0,0.0,0.0,
A7831H,0.16440371988074076,0.20550464985092595,0.0,0.16440371988074076,low,14375.560174712,0.2568801552222222,4623.842793999999,13376.157206,18000.0,0.7431198447777778,0.32110019402777773,0.7431198447777778,0.0,0.0,0.0,0.0,0.0,0.0,0.0,0.0,0.0,0.0,0.0,0.0,0.0,
A7833A,0.1701436699551852,0.2126795874439815,0.0,0.1701436699551852,low,14437.551635516,0.1906499620555555,3431.699317,14568.300683,18000.0,0.8093500379444445,0.23831245256944444,0.8093500379444444,0.0,0.0,0.0,0.0,0.0,0.0,0.0,0.0,0.0,0.0,0.0,0.0,0.0,
A7861A,0.16890290131592592,0.2111286266449074,0.0,0.16890290131592592,low,14424.151334212,0.2049665232777777,3689.397419,14310.602581,18000.0,0.7950334767222222,0.2562081540972222,0.7950334767222221,0.0,0.0,0.0,0.0,0.0,0.0,0.0,0.0,0.0,0.0,0.0,0.0,0.0,
A7861D,0.18604337213333333,0.23255421516666663,0.0,0.18604337213333333,low,14609.26841904,0.00719186,129.45348,17870.54652,18000.0,0.99280814,0.008989825000000002,0.99280814,0.0,0.0,0.0,0.0,0.0,0.0,0.0,0.0,0.0,0.0,0.0,0.0,0.0,
A7874H,0.16268576441592594,0.2033572055199074,0.0,0.16268576441592594,low,14357.006255691998,0.2767027182777777,4980.648929,13019.351071,18000.0,0.7232972817222223,0.34587839784722224,0.7232972817222222,0.0,0.0,0.0,0.0,0.0,0.0,0.0,0.0,0.0,0.0,0.0,0.0,0.0,
A7876M,0.161460274902963,0.20182534362870372,0.0,0.161460274902963,low,14343.770968951998,0.2908429818888889,5235.173674000001,12764.826326,18000.0,0.7091570181111111,0.36355372736111113,0.7091570181111111,0.0,0.0,0.0,0.0,0.0,0.0,0.0,0.0,0.0,0.0,0.0,0.0,0.0,
A7878L,0.1857484487888889,0.23218556098611112,0.0,0.1857484487888889,low,14606.08324692,0.0105948216666666,190.70679,17809.29321,18000.0,0.9894051783333334,0.013243527083333335,0.9894051783333333,0.0,0.0,0.0,0.0,0.0,0.0,0.0,0.0,0.0,0.0,0.0,0.0,0.0,
A7886M,0.15736867714259262,0.19671084642824074,0.0,0.15736867714259262,low,14299.58171314,0.3380537252777778,6084.967055,11915.032945,18000.0,0.6619462747222222,0.4225671565972222,0.6619462747222222,0.0,0.0,0.0,0.0,0.0,0.0,0.0,0.0,0.0,0.0,0.0,0.0,0.0,
A8046M,0.16451016212333336,0.20563770265416667,0.0,0.16451016212333336,low,14376.709750932,0.2556519754999999,4601.735559,13398.264441,18000.0,0.7443480245,0.319564969375,0.7443480244999999,0.0,0.0,0.0,0.0,0.0,0.0,0.0,0.0,0.0,0.0,0.0,0.0,0.0,
A8077A,0.18582420075185188,0.23228025093981483,0.0,0.18582420075185188,low,14606.90136812,0.0097207605555555,174.97369,17825.02631,18000.0,0.9902792394444445,0.012150950694444445,0.9902792394444445,0.0,0.0,0.0,0.0,0.0,0.0,0.0,0.0,0.0,0.0,0.0,0.0,0.0,
A8143L,0.1593177410751852,0.1991471763439815,0.0,0.1593177410751852,low,14320.631603611999,0.3155645260555555,5680.161469,12319.838531,18000.0,0.6844354739444445,0.3944556575694444,0.6844354739444444,0.0,0.0,0.0,0.0,0.0,0.0,0.0,0.0,0.0,0.0,0.0,0.0,0.0,
A8204H,0.1762463448740741,0.2203079310925926,0.0,0.1762463448740741,low,14503.460524639999,0.1202344822222222,2164.22068,15835.77932,18000.0,0.8797655177777778,0.15029310277777777,0.8797655177777778,0.0,0.0,0.0,0.0,0.0,0.0,0.0,0.0,0.0,0.0,0.0,0.0,0.0,
A83112D,0.12236279942962963,0.15295349928703703,0.0,0.12236279942962963,low,13921.518233839999,0.7419676988888889,13355.41858,4644.58142,18000.0,0.2580323011111111,0.9274596236111111,0.25803230111111114,0.0,0.0,0.0,0.0,0.0,0.0,0.0,0.0,0.0,0.0,0.0,0.0,0.0,
A83155D,0.1595249984814815,0.19940624810185184,0.0,0.1595249984814815,low,14322.8699836,0.3131730944444444,5637.1157,12362.8843,18000.0,0.6868269055555556,0.39146636805555557,0.6868269055555556,0.0,0.0,0.0,0.0,0.0,0.0,0.0,0.0,0.0,0.0,0.0,0.0,0.0,
A831JMD,0.1590640475003704,0.19883005937546297,0.0,0.1590640475003704,low,14317.891713003999,0.3184917596111111,5732.851673,12267.148327,18000.0,0.6815082403888889,0.3981146995138889,0.6815082403888889,0.0,0.0,0.0,0.0,0.0,0.0,0.0,0.0,0.0,0.0,0.0,0.0,0.0,
A8322M,0.1850605580740741,0.2313256975925926,0.0,0.1850605580740741,low,14598.654027199998,0.0185320222222222,333.5764,17666.4236,18000.0,0.9814679777777778,0.023165027777777777,0.9814679777777777,0.0,0.0,0.0,0.0,0.0,0.0,0.0,0.0,0.0,0.0,0.0,0.0,0.0,
A83338D,0.08580483941333333,0.10725604926666667,0.0,0.08580483941333333,low,13526.692265664,0.968902646,17440.247628,559.752371999999,18000.0,0.03109735400000002,1.0,0.031097353999999945,0.0,0.0,0.0,0.0,0.0,0.0,0.0,0.0,0.0,0.0,0.0,0.0,0.0,
A8340B,0.17187283980740742,0.21484104975925924,0.0,0.17187283980740742,low,14456.226669919999,0.1706980022222222,3072.56404,14927.43596,18000.0,0.8293019977777778,0.21337250277777778,0.8293019977777778,0.0,0.0,0.0,0.0,0.0,0.0,0.0,0.0,0.0,0.0,0.0,0.0,0.0,
A83496D,0.08584259999555555,0.10730324999444442,0.0,0.08584259999555555,low,13527.100079951999,0.9687003571666668,17436.606429,563.3935710000005,18000.0,0.0312996428333332,1.0,0.03129964283333336,0.0,0.0,0.0,0.0,0.0,0.0,0.0,0.0,0.0,0.0,0.0,0.0,0.0,
A83527D,0.1243025032851852,0.1553781291064815,0.0,0.1243025032851852,low,13942.46703548,0.7195865005555556,12952.55701,5047.44299,18000.0,0.2804134994444444,0.8994831256944444,0.28041349944444444,0.0,0.0,0.0,0.0,0.0,0.0,0.0,0.0,0.0,0.0,0.0,0.0,0.0,
A835JMF,0.16091839309592595,0.20114799136990744,0.0,0.16091839309592595,low,14337.918645435999,0.2970954642777778,5347.718357,12652.281643,18000.0,0.7029045357222222,0.3713693303472222,0.7029045357222222,0.0,0.0,0.0,0.0,0.0,0.0,0.0,0.0,0.0,0.0,0.0,0.0,0.0,
A83828D,0.07483860967111113,0.0935482620888889,0.0,0.07483860967111113,low,13408.256984447999,1.0483880343333332,18870.984618,0.0,18000.0,-0.04838803433333316,1.0,0.0,0.0,0.0,0.0,0.0,0.0,0.0,0.0,0.0,0.0,0.0,0.0,0.0,0.0,
A8395L,0.18259363974814818,0.22824204968518522,0.0,0.18259363974814818,low,14572.011309279998,0.0469964644444444,845.9363599999999,17154.06364,18000.0,0.9530035355555556,0.05874558055555555,0.9530035355555556,0.0,0.0,0.0,0.0,0.0,0.0,0.0,0.0,0.0,0.0,0.0,0.0,0.0,
A8402L,0.17584471797740742,0.21980589747175927,0.0,0.17584471797740742,low,14499.122954155999,0.1248686387222222,2247.635497,15752.364503,18000.0,0.8751313612777778,0.15608579840277778,0.8751313612777778,0.0,0.0,0.0,0.0,0.0,0.0,0.0,0.0,0.0,0.0,0.0,0.0,0.0,
A84113D,0.03481073660444447,0.04351342075555558,0.0,0.03481073660444447,low,12975.955955328,1.4236493443333331,25625.688198,0.0,18000.0,-0.4236493443333331,1.0,0.0,0.0,0.0,0.0,0.0,0.0,0.0,0.0,0.0,0.0,0.0,0.0,0.0,0.0,
A84130D,0.11448119027111113,0.1431014878388889,0.0,0.11448119027111113,low,13836.396854927998,0.8152793378333333,14675.028081,3324.971919,18000.0,0.18472066216666672,1.0,0.18472066216666666,0.0,0.0,0.0,0.0,0.0,0.0,0.0,0.0,0.0,0.0,0.0,0.0,0.0,
A84209D,0.09299588391111113,0.1162448548888889,0.0,0.09299588391111113,low,13604.35554624,0.9303791933333332,16746.82548,1253.1745200000005,18000.0,0.06962080666666681,1.0,0.06962080666666669,0.0,0.0,0.0,0.0,0.0,0.0,0.0,0.0,0.0,0.0,0.0,0.0,0.0,
A84390D,0.09457117234222223,0.11821396542777779,0.0,0.09457117234222223,low,13621.368661296001,0.9219401481666666,16594.922667,1405.077333000001,18000.0,0.07805985183333342,1.0,0.07805985183333339,0.0,0.0,0.0,0.0,0.0,0.0,0.0,0.0,0.0,0.0,0.0,0.0,0.0,
A8446C,0.1684822749577778,0.21060284369722224,0.0,0.1684822749577778,low,14419.608569544,0.2098199043333333,3776.758278,14223.241722,18000.0,0.7901800956666667,0.26227488041666663,0.7901800956666667,0.0,0.0,0.0,0.0,0.0,0.0,0.0,0.0,0.0,0.0,0.0,0.0,0.0,
A84663D,0.0539825603911111,0.06747820048888888,0.0,0.0539825603911111,low,13183.011652223999,1.2439134963333334,22390.442934,0.0,18000.0,-0.24391349633333337,1.0,0.0,0.0,0.0,0.0,0.0,0.0,0.0,0.0,0.0,0.0,0.0,0.0,0.0,0.0,
A84780D,0.1439684148655556,0.17996051858194448,0.0,0.1439684148655556,low,14154.858880547998,0.4926721361666666,8868.098451,9131.901549,18000.0,0.5073278638333334,0.6158401702083334,0.5073278638333334,0.0,0.0,0.0,0.0,0.0,0.0,0.0,0.0,0.0,0.0,0.0,0.0,0.0,
A84782D,0.10542982325333335,0.13178727906666668,0.0,0.10542982325333335,low,13738.642091135998,0.8637688039999999,15547.838471999998,2452.1615280000024,18000.0,0.1362311960000001,1.0,0.13623119600000014,0.0,0.0,0.0,0.0,0.0,0.0,0.0,0.0,0.0,0.0,0.0,0.0,0.0,
A84826D,0.05054197822222221,0.06317747277777776,0.0,0.05054197822222221,low,13145.8533648,1.2761689541666668,22971.041175,0.0,18000.0,-0.27616895416666676,1.0,0.0,0.0,0.0,0.0,0.0,0.0,0.0,0.0,0.0,0.0,0.0,0.0,0.0,0.0,
A8482M,0.18192007200000004,0.22740009000000003,0.0,0.18192007200000004,low,14564.7367776,0.0547683999999999,985.8312,17014.1688,18000.0,0.9452316000000001,0.0684605,0.9452316,0.0,0.0,0.0,0.0,0.0,0.0,0.0,0.0,0.0,0.0,0.0,0.0,0.0,
A84873D,0.1218188453888889,0.15227355673611112,0.0,0.1218188453888889,low,13915.643530199999,0.7482440916666666,13468.39365,4531.60635,18000.0,0.2517559083333334,0.9353051145833333,0.25175590833333333,0.0,0.0,0.0,0.0,0.0,0.0,0.0,0.0,0.0,0.0,0.0,0.0,0.0,
A85090D,0.05385957747555558,0.06732447184444447,0.0,0.05385957747555558,low,13181.683436735999,1.2450664611666664,22411.196301,0.0,18000.0,-0.24506646116666642,1.0,0.0,0.0,0.0,0.0,0.0,0.0,0.0,0.0,0.0,0.0,0.0,0.0,0.0,0.0,
A85212D,0.17458757417222226,0.2182344677152778,0.0,0.17458757417222226,low,14485.54580106,0.1393741441666666,2508.734595,15491.265405,18000.0,0.8606258558333334,0.17421768020833334,0.8606258558333333,0.0,0.0,0.0,0.0,0.0,0.0,0.0,0.0,0.0,0.0,0.0,0.0,0.0,
A8523D,0.1600811953925926,0.20010149424074075,0.0,0.1600811953925926,low,14328.876910239998,0.3067554377777778,5521.59788,12478.40212,18000.0,0.6932445622222222,0.38344429722222223,0.6932445622222223,0.0,0.0,0.0,0.0,0.0,0.0,0.0,0.0,0.0,0.0,0.0,0.0,0.0,
A85266D,0.11548393377925925,0.14435491722407406,0.0,0.11548393377925925,low,13847.226484816,0.8099074976111111,14578.334957,3421.665043000001,18000.0,0.19009250238888886,1.0,0.19009250238888895,0.0,0.0,0.0,0.0,0.0,0.0,0.0,0.0,0.0,0.0,0.0,0.0,0.0,
A8527J,0.1581301779259259,0.19766272240740737,0.0,0.1581301779259259,low,14307.805921599998,0.3292671777777778,5926.809200000001,12073.1908,18000.0,0.6707328222222222,0.41158397222222226,0.6707328222222222,0.0,0.0,0.0,0.0,0.0,0.0,0.0,0.0,0.0,0.0,0.0,0.0,0.0,
A85421D,0.1307005266051852,0.16337565825648148,0.0,0.1307005266051852,low,14011.565687336,0.6457631545555556,11623.736782,6376.263218,18000.0,0.35423684544444445,0.8072039431944444,0.35423684544444445,0.0,0.0,0.0,0.0,0.0,0.0,0.0,0.0,0.0,0.0,0.0,0.0,0.0,
A85424D,0.07376146416000001,0.09220183020000002,0.0,0.07376146416000001,low,13396.623812928,1.0584862734999998,19052.752923,0.0,18000.0,-0.0584862734999998,1.0,0.0,0.0,0.0,0.0,0.0,0.0,0.0,0.0,0.0,0.0,0.0,0.0,0.0,0.0,
A85439D,0.10914771774962964,0.13643464718703704,0.0,0.10914771774962964,low,13778.795351695999,0.8438515120555555,15189.327217,2810.672783,18000.0,0.15614848794444447,1.0,0.15614848794444444,0.0,0.0,0.0,0.0,0.0,0.0,0.0,0.0,0.0,0.0,0.0,0.0,0.0,
A85444D,0.09117988903111113,0.1139748612888889,0.0,0.09117988903111113,low,13584.742801535998,0.9401077373333332,16921.939272,1078.0607280000004,18000.0,0.05989226266666681,1.0,0.05989226266666669,0.0,0.0,0.0,0.0,0.0,0.0,0.0,0.0,0.0,0.0,0.0,0.0,0.0,
A85470D,0.06628720078222222,0.08285900097777778,0.0,0.06628720078222222,low,13315.901768447999,1.1285574926666666,20314.034868,0.0,18000.0,-0.1285574926666666,1.0,0.0,0.0,0.0,0.0,0.0,0.0,0.0,0.0,0.0,0.0,0.0,0.0,0.0,0.0,
A85593D,0.11167391836000001,0.13959239795,0.0,0.11167391836000001,low,13806.078318287999,0.8303182944999999,14945.729301,3054.2706990000006,18000.0,0.16968170550000006,1.0,0.16968170550000003,0.0,0.0,0.0,0.0,0.0,0.0,0.0,0.0,0.0,0.0,0.0,0.0,0.0,
A85595D,0.06634427025777777,0.08293033782222221,0.0,0.06634427025777777,low,13316.518118783999,1.1280224663333334,20304.404394,0.0,18000.0,-0.12802246633333336,1.0,0.0,0.0,0.0,0.0,0.0,0.0,0.0,0.0,0.0,0.0,0.0,0.0,0.0,0.0,
A85596D,0.12752743825962962,0.15940929782453703,0.0,0.12752743825962962,low,13977.296333203998,0.6823757123888888,12282.762823,5717.237177000001,18000.0,0.31762428761111117,0.852969640486111,0.31762428761111117,0.0,0.0,0.0,0.0,0.0,0.0,0.0,0.0,0.0,0.0,0.0,0.0,0.0,
A85597D,0.06946621299555554,0.08683276624444443,0.0,0.06946621299555554,low,13350.235100351998,1.0987542531666668,19777.576557,0.0,18000.0,-0.09875425316666675,1.0,0.0,0.0,0.0,0.0,0.0,0.0,0.0,0.0,0.0,0.0,0.0,0.0,0.0,0.0,
A8570D,0.1857773617518519,0.23222170218981483,0.0,0.1857773617518519,low,14606.39550692,0.0102612105555555,184.70179,17815.29821,18000.0,0.9897387894444445,0.012826513194444444,0.9897387894444445,0.0,0.0,0.0,0.0,0.0,0.0,0.0,0.0,0.0,0.0,0.0,0.0,0.0,
A8584C,0.16653870615888888,0.2081733826986111,0.0,0.16653870615888888,low,14398.618026516,0.2322456981666666,4180.422567,13819.577433,18000.0,0.7677543018333334,0.2903071227083333,0.7677543018333334,0.0,0.0,0.0,0.0,0.0,0.0,0.0,0.0,0.0,0.0,0.0,0.0,0.0,
A85853D,0.15514535534925927,0.19393169418657408,0.0,0.15514535534925927,low,14275.569837772,0.3637074382777778,6546.733889,11453.266111,18000.0,0.6362925617222221,0.4546342978472222,0.6362925617222223,0.0,0.0,0.0,0.0,0.0,0.0,0.0,0.0,0.0,0.0,0.0,0.0,0.0,
A8601E,0.18612583156666668,0.23265728945833333,0.0,0.18612583156666668,low,14610.158980919998,0.0062404049999999,112.32729,17887.67271,18000.0,0.9937595950000001,0.00780050625,0.9937595949999999,0.0,0.0,0.0,0.0,0.0,0.0,0.0,0.0,0.0,0.0,0.0,0.0,0.0,
A8610B,0.18618070167777778,0.23272587709722223,0.0,0.18618070167777778,low,14610.75157812,0.0056072883333333,100.93119,17899.06881,18000.0,0.9943927116666667,0.007009110416666667,0.9943927116666667,0.0,0.0,0.0,0.0,0.0,0.0,0.0,0.0,0.0,0.0,0.0,0.0,0.0,
A8624L,0.1782309049407408,0.22278863117592596,0.0,0.1782309049407408,low,14524.89377336,0.0973357122222222,1752.04282,16247.95718,18000.0,0.9026642877777777,0.12166964027777777,0.9026642877777777,0.0,0.0,0.0,0.0,0.0,0.0,0.0,0.0,0.0,0.0,0.0,0.0,0.0,
A8675A,0.18563432756666673,0.2320429094583334,0.0,0.18563432756666673,low,14604.850737719999,0.0119116049999999,214.40889,17785.59111,18000.0,0.9880883950000001,0.01488950625,0.9880883950000001,0.0,0.0,0.0,0.0,0.0,0.0,0.0,0.0,0.0,0.0,0.0,0.0,0.0,
A8691L,0.17540373759629632,0.21925467199537038,0.0,0.17540373759629632,low,14494.36036604,0.1299568738888889,2339.22373,15660.77627,18000.0,0.8700431261111111,0.16244609236111113,0.8700431261111111,0.0,0.0,0.0,0.0,0.0,0.0,0.0,0.0,0.0,0.0,0.0,0.0,0.0,
A8695B,0.18470827603333334,0.23088534504166666,0.0,0.18470827603333334,low,14594.849381159998,0.022596815,406.74267,17593.25733,18000.0,0.977403185,0.028246018749999997,0.977403185,0.0,0.0,0.0,0.0,0.0,0.0,0.0,0.0,0.0,0.0,0.0,0.0,0.0,
A8731E,0.17645616256296298,0.2205702032037037,0.0,0.17645616256296298,low,14505.72655568,0.1178135088888888,2120.64316,15879.35684,18000.0,0.8821864911111112,0.1472668861111111,0.8821864911111111,0.0,0.0,0.0,0.0,0.0,0.0,0.0,0.0,0.0,0.0,0.0,0.0,0.0,
A8801K,0.18154147092962963,0.22692683866203703,0.0,0.18154147092962963,low,14560.647886039998,0.0591368738888888,1064.46373,16935.53627,18000.0,0.9408631261111112,0.07392109236111111,0.9408631261111111,0.0,0.0,0.0,0.0,0.0,0.0,0.0,0.0,0.0,0.0,0.0,0.0,0.0,
A88211,0.18572936623333336,0.23216170779166667,0.0,0.18572936623333336,low,14605.877155319999,0.0108150049999999,194.67009,17805.32991,18000.0,0.9891849950000001,0.01351875625,0.989184995,0.0,0.0,0.0,0.0,0.0,0.0,0.0,0.0,0.0,0.0,0.0,0.0,0.0,
A8912B,0.1623327404988889,0.20291592562361113,0.0,0.1623327404988889,low,14353.193597387999,0.2807760711666667,5053.969281000001,12946.030718999998,18000.0,0.7192239288333333,0.35097008895833337,0.7192239288333333,0.0,0.0,0.0,0.0,0.0,0.0,0.0,0.0,0.0,0.0,0.0,0.0,0.0,
A8944C,0.1726449570937037,0.2158061963671296,0.0,0.1726449570937037,low,14464.565536611999,0.1617889566111111,2912.201219,15087.798781,18000.0,0.838211043388889,0.2022361957638889,0.8382110433888889,0.0,0.0,0.0,0.0,0.0,0.0,0.0,0.0,0.0,0.0,0.0,0.0,0.0,
A9007G,0.18610465649259259,0.23263082061574072,0.0,0.18610465649259259,low,14609.930290119999,0.0064847327777777,116.72519,17883.27481,18000.0,0.9935152672222223,0.008105915972222223,0.9935152672222222,0.0,0.0,0.0,0.0,0.0,0.0,0.0,0.0,0.0,0.0,0.0,0.0,0.0,
A9053B,0.18465318679999998,0.23081648349999997,0.0,0.18465318679999998,low,14594.254417439999,0.02323246,418.18428000000006,17581.81572,18000.0,0.97676754,0.029040575000000002,0.9767675399999999,0.0,0.0,0.0,0.0,0.0,0.0,0.0,0.0,0.0,0.0,0.0,0.0,0.0,
A9054A,0.16669317565925929,0.2083664695740741,0.0,0.16669317565925929,low,14400.28629712,0.2304633577777777,4148.34044,13851.65956,18000.0,0.7695366422222223,0.2880791972222222,0.7695366422222222,0.0,0.0,0.0,0.0,0.0,0.0,0.0,0.0,0.0,0.0,0.0,0.0,0.0,
A9088G,0.17144549032592593,0.2143068629074074,0.0,0.17144549032592593,low,14451.611295519999,0.1756289577777778,3161.32124,14838.67876,18000.0,0.8243710422222222,0.21953619722222223,0.8243710422222222,0.0,0.0,0.0,0.0,0.0,0.0,0.0,0.0,0.0,0.0,0.0,0.0,0.0,
A9094E,0.1857794899,0.232224362375,0.0,0.1857794899,low,14606.41849092,0.0102366549999999,184.25979,17815.74021,18000.0,0.9897633450000001,0.01279581875,0.989763345,0.0,0.0,0.0,0.0,0.0,0.0,0.0,0.0,0.0,0.0,0.0,0.0,0.0,
A9119G,0.18086614678518523,0.22608268348148153,0.0,0.18086614678518523,low,14553.35438528,0.0669290755555555,1204.72336,16795.27664,18000.0,0.9330709244444445,0.08366134444444444,0.9330709244444444,0.0,0.0,0.0,0.0,0.0,0.0,0.0,0.0,0.0,0.0,0.0,0.0,0.0,
A9130A,0.16707693503814813,0.20884616879768517,0.0,0.16707693503814813,low,14404.430898411998,0.2260353649444444,4068.636569,13931.363431,18000.0,0.7739646350555556,0.28254420618055553,0.7739646350555556,0.0,0.0,0.0,0.0,0.0,0.0,0.0,0.0,0.0,0.0,0.0,0.0,0.0,
A9254H,0.18594351041851853,0.23242938802314814,0.0,0.18594351041851853,low,14608.189912519998,0.0083441105555555,150.19399,17849.80601,18000.0,0.9916558894444445,0.010430138194444445,0.9916558894444445,0.0,0.0,0.0,0.0,0.0,0.0,0.0,0.0,0.0,0.0,0.0,0.0,0.0,
A9255J,0.1581238582311111,0.19765482278888888,0.0,0.1581238582311111,low,14307.737668895998,0.3293400973333333,5928.121752,12071.878248,18000.0,0.6706599026666666,0.41167512166666664,0.6706599026666668,0.0,0.0,0.0,0.0,0.0,0.0,0.0,0.0,0.0,0.0,0.0,0.0,0.0,
A9293J,0.18518470383703706,0.2314808797962963,0.0,0.18518470383703706,low,14599.99480144,0.0170995711111111,307.79228,17692.20772,18000.0,0.982900428888889,0.02137446388888889,0.9829004288888888,0.0,0.0,0.0,0.0,0.0,0.0,0.0,0.0,0.0,0.0,0.0,0.0,0.0,
A929JMF,0.14966925516222224,0.18708656895277778,0.0,0.14966925516222224,low,14216.427955751999,0.4268932096666666,7684.077774,10315.922226,18000.0,0.5731067903333333,0.5336165120833334,0.5731067903333333,0.0,0.0,0.0,0.0,0.0,0.0,0.0,0.0,0.0,0.0,0.0,0.0,0.0,
A931JMD,0.17038668086666667,0.21298335108333333,0.0,0.17038668086666667,low,14440.17615336,0.18784599,3381.22782,14618.77218,18000.0,0.81215401,0.2348074875,0.81215401,0.0,0.0,0.0,0.0,0.0,0.0,0.0,0.0,0.0,0.0,0.0,0.0,0.0,
A9341M,0.1801564071437037,0.2251955089296296,0.0,0.1801564071437037,low,14545.689197152,0.0751183791111111,1352.1308239999998,16647.869176,18000.0,0.9248816208888889,0.09389797388888887,0.9248816208888889,0.0,0.0,0.0,0.0,0.0,0.0,0.0,0.0,0.0,0.0,0.0,0.0,0.0,
A9358L,0.18572405308518522,0.2321550663564815,0.0,0.18572405308518522,low,14605.81977332,0.0108763105555555,195.77359,17804.22641,18000.0,0.9891236894444445,0.013595388194444445,0.9891236894444444,0.0,0.0,0.0,0.0,0.0,0.0,0.0,0.0,0.0,0.0,0.0,0.0,0.0,
A93980,0.1598188702414815,0.19977358780185187,0.0,0.1598188702414815,low,14326.043798608,0.3097822664444444,5576.080796,12423.919204,18000.0,0.6902177335555556,0.3872278330555556,0.6902177335555555,0.0,0.0,0.0,0.0,0.0,0.0,0.0,0.0,0.0,0.0,0.0,0.0,0.0,
A9412C,0.16801349004666666,0.21001686255833332,0.0,0.16801349004666666,low,14414.545692503998,0.2152289609999999,3874.121298,14125.878702,18000.0,0.7847710390000001,0.26903620125,0.784771039,0.0,0.0,0.0,0.0,0.0,0.0,0.0,0.0,0.0,0.0,0.0,0.0,0.0,
A9417K,0.18465727120740744,0.23082158900925928,0.0,0.18465727120740744,low,14594.29852904,0.0231853322222222,417.3359799999999,17582.66402,18000.0,0.9768146677777778,0.02898166527777777,0.9768146677777778,0.0,0.0,0.0,0.0,0.0,0.0,0.0,0.0,0.0,0.0,0.0,0.0,0.0,
A9423D,0.16133733909333337,0.2016716738666667,0.0,0.16133733909333337,low,14342.443262207998,0.2922614719999999,5260.706496,12739.293504,18000.0,0.7077385280000001,0.36532684,0.7077385279999999,0.0,0.0,0.0,0.0,0.0,0.0,0.0,0.0,0.0,0.0,0.0,0.0,0.0,
A9425H,0.15857590343222222,0.19821987929027776,0.0,0.15857590343222222,low,14312.619757068,0.3241241911666666,5834.235441,12165.764559,18000.0,0.6758758088333334,0.40515523895833333,0.6758758088333333,0.0,0.0,0.0,0.0,0.0,0.0,0.0,0.0,0.0,0.0,0.0,0.0,0.0,
A9448K,0.1856877315666667,0.23210966445833336,0.0,0.1856877315666667,low,14605.42750092,0.011295405,203.31729,17796.68271,18000.0,0.988704595,0.014119256250000002,0.9887045950000001,0.0,0.0,0.0,0.0,0.0,0.0,0.0,0.0,0.0,0.0,0.0,0.0,0.0,
A9502L,0.18461575214444448,0.23076969018055557,0.0,0.18461575214444448,low,14593.85012316,0.0236643983333333,425.95917,17574.04083,18000.0,0.9763356016666667,0.029580497916666663,0.9763356016666668,0.0,0.0,0.0,0.0,0.0,0.0,0.0,0.0,0.0,0.0,0.0,0.0,0.0,
A9514J,0.17394241322962964,0.21742801653703703,0.0,0.17394241322962964,low,14478.57806288,0.1468183088888889,2642.72956,15357.27044,18000.0,0.8531816911111111,0.18352288611111112,0.8531816911111111,0.0,0.0,0.0,0.0,0.0,0.0,0.0,0.0,0.0,0.0,0.0,0.0,0.0,
A95229,0.18066694350481483,0.2258336793810185,0.0,0.18066694350481483,low,14551.202989852,0.0692275749444444,1246.096349,16753.903651,18000.0,0.9307724250555556,0.08653446868055555,0.9307724250555556,0.0,0.0,0.0,0.0,0.0,0.0,0.0,0.0,0.0,0.0,0.0,0.0,0.0,
A952JMF,0.1629016162811111,0.20362702035138888,0.0,0.1629016162811111,low,14359.337455836,0.2742121198333333,4935.818157,13064.181843,18000.0,0.7257878801666666,0.34276514979166667,0.7257878801666667,0.0,0.0,0.0,0.0,0.0,0.0,0.0,0.0,0.0,0.0,0.0,0.0,0.0,
A954AA,0.13757006355555554,0.1719625794444444,0.0,0.13757006355555554,low,14085.756686399998,0.5664992666666667,10196.9868,7803.013199999999,18000.0,0.4335007333333333,0.7081240833333333,0.4335007333333333,0.0,0.0,0.0,0.0,0.0,0.0,0.0,0.0,0.0,0.0,0.0,0.0,0.0,
A9560B,0.17568597693703705,0.2196074711712963,0.0,0.17568597693703705,low,14497.40855092,0.1267002661111111,2280.60479,15719.39521,18000.0,0.8732997338888889,0.15837533263888887,0.8732997338888889,0.0,0.0,0.0,0.0,0.0,0.0,0.0,0.0,0.0,0.0,0.0,0.0,0.0,
A9588H,0.15535373185333334,0.19419216481666668,0.0,0.15535373185333334,low,14277.820304016,0.361303094,6503.455692,11496.544308,18000.0,0.6386969060000001,0.45162886750000003,0.6386969060000001,0.0,0.0,0.0,0.0,0.0,0.0,0.0,0.0,0.0,0.0,0.0,0.0,0.0,
A9592J,0.15794753319333335,0.19743441649166668,0.0,0.15794753319333335,low,14305.833358487998,0.331374617,5964.743106,12035.256894,18000.0,0.668625383,0.41421827125,0.668625383,0.0,0.0,0.0,0.0,0.0,0.0,0.0,0.0,0.0,0.0,0.0,0.0,0.0,
A9636H,0.17879061840000005,0.22348827300000004,0.0,0.17879061840000005,low,14530.93867872,0.09087748,1635.7946399999998,16364.20536,18000.0,0.90912252,0.11359684999999999,0.90912252,0.0,0.0,0.0,0.0,0.0,0.0,0.0,0.0,0.0,0.0,0.0,0.0,0.0,
A9675D,0.18553165939259264,0.23191457424074077,0.0,0.18553165939259264,low,14603.74192144,0.0130962377777777,235.73227999999995,17764.26772,18000.0,0.9869037622222223,0.01637029722222222,0.9869037622222222,0.0,0.0,0.0,0.0,0.0,0.0,0.0,0.0,0.0,0.0,0.0,0.0,0.0,
A96BCJ,0.182366040562963,0.22795755070370372,0.0,0.182366040562963,low,14569.553238079998,0.0496226088888888,893.20696,17106.79304,18000.0,0.9503773911111112,0.06202826111111111,0.9503773911111112,0.0,0.0,0.0,0.0,0.0,0.0,0.0,0.0,0.0,0.0,0.0,0.0,0.0,
A970JMF,0.16285203695814818,0.2035650461976852,0.0,0.16285203695814818,low,14358.801999148,0.2747841889444444,4946.115401,13053.884599,18000.0,0.7252158110555555,0.34348023618055556,0.7252158110555557,0.0,0.0,0.0,0.0,0.0,0.0,0.0,0.0,0.0,0.0,0.0,0.0,0.0,
A9793C,0.1851078453814815,0.23138480672685188,0.0,0.1851078453814815,low,14599.164730120001,0.0179863994444444,323.75519,17676.24481,18000.0,0.9820136005555556,0.022482999305555557,0.9820136005555555,0.0,0.0,0.0,0.0,0.0,0.0,0.0,0.0,0.0,0.0,0.0,0.0,0.0,
A9822K,0.18523958642333335,0.23154948302916667,0.0,0.18523958642333335,low,14600.587533372,0.0164663105,296.393589,17703.606411,18000.0,0.9835336895,0.020582888125,0.9835336895000001,0.0,0.0,0.0,0.0,0.0,0.0,0.0,0.0,0.0,0.0,0.0,0.0,0.0,
A9862H,0.1669096352937037,0.2086370441171296,0.0,0.1669096352937037,low,14402.624061171999,0.2279657466111111,4103.383439,13896.616561,18000.0,0.7720342533888889,0.2849571832638889,0.772034253388889,0.0,0.0,0.0,0.0,0.0,0.0,0.0,0.0,0.0,0.0,0.0,0.0,0.0,
A988JMJ,0.15185070098000003,0.18981337622500002,0.0,0.15185070098000003,low,14239.987570583999,0.4017226809999999,7231.008258,10768.991742,18000.0,0.5982773190000001,0.5021533512499999,0.598277319,0.0,0.0,0.0,0.0,0.0,0.0,0.0,0.0,0.0,0.0,0.0,0.0,0.0,
A9895M,0.1550129403488889,0.1937661754361111,0.0,0.1550129403488889,low,14274.139755768,0.3652353036666666,6574.235465999999,11425.764534000002,18000.0,0.6347646963333333,0.4565441295833333,0.6347646963333334,0.0,0.0,0.0,0.0,0.0,0.0,0.0,0.0,0.0,0.0,0.0,0.0,0.0,
A9913D,0.18579720552962967,0.23224650691203708,0.0,0.18579720552962967,low,14606.60981972,0.0100322438888888,180.58039,17819.41961,18000.0,0.9899677561111112,0.01254030486111111,0.9899677561111112,0.0,0.0,0.0,0.0,0.0,0.0,0.0,0.0,0.0,0.0,0.0,0.0,0.0,
A9914E,0.18588550056666667,0.23235687570833333,0.0,0.18588550056666667,low,14607.56340612,0.009013455,162.24219,17837.75781,18000.0,0.990986545,0.01126681875,0.9909865449999999,0.0,0.0,0.0,0.0,0.0,0.0,0.0,0.0,0.0,0.0,0.0,0.0,0.0,
A9926G,0.1617020878788889,0.2021276098486111,0.0,0.1617020878788889,low,14346.382549091999,0.2880528321666666,5184.950979,12815.049021,18000.0,0.7119471678333333,0.3600660402083333,0.7119471678333333,0.0,0.0,0.0,0.0,0.0,0.0,0.0,0.0,0.0,0.0,0.0,0.0,0.0,
A9933E,0.18583458050555557,0.23229322563194443,0.0,0.18583458050555557,low,14607.01346946,0.0096009941666666,172.817895,17827.182105,18000.0,0.9903990058333334,0.012001242708333333,0.9903990058333333,0.0,0.0,0.0,0.0,0.0,0.0,0.0,0.0,0.0,0.0,0.0,0.0,0.0,
A9933G,0.18510194337185187,0.23137742921481483,0.0,0.18510194337185187,low,14599.100988416,0.0180544995555555,324.980992,17675.019008,18000.0,0.9819455004444445,0.022568124444444445,0.9819455004444444,0.0,0.0,0.0,0.0,0.0,0.0,0.0,0.0,0.0,0.0,0.0,0.0,0.0,
A9939H,0.18571433149259262,0.23214291436574075,0.0,0.18571433149259262,low,14605.714780119999,0.0109884827777777,197.79269,17802.20731,18000.0,0.9890115172222222,0.013735603472222222,0.9890115172222224,0.0,0.0,0.0,0.0,0.0,0.0,0.0,0.0,0.0,0.0,0.0,0.0,0.0,
A996JMF,0.15941959652777782,0.19927449565972224,0.0,0.15941959652777782,low,14321.731642499999,0.3143892708333333,5659.006874999999,12340.993125,18000.0,0.6856107291666667,0.3929865885416666,0.6856107291666668,0.0,0.0,0.0,0.0,0.0,0.0,0.0,0.0,0.0,0.0,0.0,0.0,0.0,
A9976D,0.17394393944407407,0.2174299243050926,0.0,0.17394393944407407,low,14478.594545996,0.1468006987222222,2642.412577,15357.587423,18000.0,0.8531993012777778,0.1835008734027778,0.8531993012777779,0.0,0.0,0.0,0.0,0.0,0.0,0.0,0.0,0.0,0.0,0.0,0.0,0.0,
AA2539C,0.1843720526662963,0.23046506583287038,0.0,0.1843720526662963,low,14591.218168796,0.0264763153888888,476.573677,17523.426323,18000.0,0.9735236846111112,0.03309539423611111,0.973523684611111,0.0,0.0,0.0,0.0,0.0,0.0,0.0,0.0,0.0,0.0,0.0,0.0,0.0,
AEW266B,0.15719229516000002,0.19649036895000002,0.0,0.15719229516000002,low,14297.676787728,0.340088902,6121.600236,11878.399764,18000.0,0.659911098,0.4251111275,0.659911098,0.0,0.0,0.0,0.0,0.0,0.0,0.0,0.0,0.0,0.0,0.0,0.0,0.0,
B01923,0.18561602741851857,0.23202003427314818,0.0,0.18561602741851857,low,14604.653096119999,0.0121227605555555,218.20969,17781.79031,18000.0,0.9878772394444445,0.015153450694444444,0.9878772394444445,0.0,0.0,0.0,0.0,0.0,0.0,0.0,0.0,0.0,0.0,0.0,0.0,0.0,
B05479,0.18495768483703703,0.23119710604629629,0.0,0.18495768483703703,low,14597.54299624,0.0197190211111111,354.94238,17645.05762,18000.0,0.9802809788888889,0.02464877638888889,0.9802809788888889,0.0,0.0,0.0,0.0,0.0,0.0,0.0,0.0,0.0,0.0,0.0,0.0,0.0,
B05BJN,0.15964237361814815,0.19955296702268518,0.0,0.15964237361814815,low,14324.137635075998,0.3118187659444444,5612.737787,12387.262213,18000.0,0.6881812340555555,0.3897734574305556,0.6881812340555555,0.0,0.0,0.0,0.0,0.0,0.0,0.0,0.0,0.0,0.0,0.0,0.0,0.0,
B07991,0.18526074473703702,0.23157593092129627,0.0,0.18526074473703702,low,14600.816043159999,0.0162221761111111,291.99917,17708.00083,18000.0,0.9837778238888889,0.02027772013888889,0.9837778238888889,0.0,0.0,0.0,0.0,0.0,0.0,0.0,0.0,0.0,0.0,0.0,0.0,0.0,
B07BGL,0.1838615258481482,0.2298269073101852,0.0,0.1838615258481482,low,14585.70447916,0.0323670094444444,582.60617,17417.39383,18000.0,0.9676329905555556,0.040458761805555556,0.9676329905555556,0.0,0.0,0.0,0.0,0.0,0.0,0.0,0.0,0.0,0.0,0.0,0.0,0.0,
B16790,0.17034898033703705,0.2129362254212963,0.0,0.17034898033703705,low,14439.76898764,0.1882809961111111,3389.05793,14610.94207,18000.0,0.8117190038888888,0.2353512451388889,0.8117190038888888,0.0,0.0,0.0,0.0,0.0,0.0,0.0,0.0,0.0,0.0,0.0,0.0,0.0,
B27ALF,0.18392646951481484,0.22990808689351852,0.0,0.18392646951481484,low,14586.40587076,0.0316176594444444,569.11787,17430.882129999998,18000.0,0.9683823405555556,0.03952207430555556,0.9683823405555555,0.0,0.0,0.0,0.0,0.0,0.0,0.0,0.0,0.0,0.0,0.0,0.0,0.0,
B34116,0.18310953165185187,0.22888691456481483,0.0,0.18310953165185187,low,14577.582941839999,0.0410438655555555,738.78958,17261.21042,18000.0,0.9589561344444445,0.05130483194444444,0.9589561344444444,0.0,0.0,0.0,0.0,0.0,0.0,0.0,0.0,0.0,0.0,0.0,0.0,0.0,
B36AYC,0.1822595089814815,0.22782438622685186,0.0,0.1822595089814815,low,14568.402697,0.0508518194444444,915.33275,17084.66725,18000.0,0.9491481805555556,0.06356477430555556,0.9491481805555555,0.0,0.0,0.0,0.0,0.0,0.0,0.0,0.0,0.0,0.0,0.0,0.0,0.0,
B49AGZ,0.18579875734444448,0.23224844668055558,0.0,0.18579875734444448,low,14606.62657932,0.0100143383333333,180.25809,17819.74191,18000.0,0.9899856616666667,0.012517922916666667,0.9899856616666667,0.0,0.0,0.0,0.0,0.0,0.0,0.0,0.0,0.0,0.0,0.0,0.0,0.0,
B49BEB,0.18137142085222221,0.22671427606527775,0.0,0.18137142085222221,low,14558.811345203998,0.0610989901666666,1099.781823,16900.218177,18000.0,0.9389010098333334,0.07637373770833333,0.9389010098333332,0.0,0.0,0.0,0.0,0.0,0.0,0.0,0.0,0.0,0.0,0.0,0.0,0.0,
B73AVH,0.16337818904925927,0.20422273631157406,0.0,0.16337818904925927,low,14364.484441732,0.2687132032777777,4836.837659,13163.162341,18000.0,0.7312867967222223,0.3358915040972222,0.7312867967222222,0.0,0.0,0.0,0.0,0.0,0.0,0.0,0.0,0.0,0.0,0.0,0.0,0.0,
C30BCE,0.1842589685888889,0.23032371073611113,0.0,0.1842589685888889,low,14589.996860759999,0.0277811316666666,500.06037,17499.93963,18000.0,0.9722188683333334,0.03472641458333333,0.9722188683333334,0.0,0.0,0.0,0.0,0.0,0.0,0.0,0.0,0.0,0.0,0.0,0.0,0.0,
C89BFD,0.1610470057888889,0.2013087572361111,0.0,0.1610470057888889,low,14339.30766252,0.2956114716666667,5321.00649,12678.99351,18000.0,0.7043885283333333,0.3695143395833333,0.7043885283333333,0.0,0.0,0.0,0.0,0.0,0.0,0.0,0.0,0.0,0.0,0.0,0.0,0.0,
C96ATD,0.18638800352962964,0.23298500441203704,0.0,0.18638800352962964,low,14612.99043812,0.0032153438888888,57.87619,17942.12381,18000.0,0.9967846561111112,0.0040191798611111116,0.9967846561111111,0.0,0.0,0.0,0.0,0.0,0.0,0.0,0.0,0.0,0.0,0.0,0.0,0.0,
CR5643,-0.4883662129066667,-0.6104577661333334,0.0,-0.4883662129066667,low,7325.644900607998,6.328433246,113911.798428,0.0,18000.0,-5.328433246,1.0,0.0,0.0,0.0,0.0,0.0,0.0,0.0,0.0,0.0,0.0,0.0,0.0,0.0,0.0,
CR5657,-0.5488275295288889,-0.6860344119111111,0.0,-0.5488275295288889,low,6672.662681088,6.895258089333333,124114.645608,0.0,18000.0,-5.895258089333333,1.0,0.0,0.0,0.0,0.0,0.0,0.0,0.0,0.0,0.0,0.0,0.0,0.0,0.0,0.0,
CR5662,0.18665747234444446,0.23332184043055557,0.0,0.18665747234444446,low,14615.900701319999,0.0001060883333333,1.90959,17998.09041,18000.0,0.9998939116666667,0.00013261041666666666,0.9998939116666667,0.0,0.0,0.0,0.0,0.0,0.0,0.0,0.0,0.0,0.0,0.0,0.0,0.0,
CR5666,0.17991496938148152,0.22489371172685188,0.0,0.17991496938148152,low,14543.08166932,0.0779041994444444,1402.27559,16597.72441,18000.0,0.9220958005555556,0.09738024930555556,0.9220958005555555,0.0,0.0,0.0,0.0,0.0,0.0,0.0,0.0,0.0,0.0,0.0,0.0,0.0,
CR5673,0.12047165089185184,0.1505895636148148,0.0,0.12047165089185184,low,13901.093829632,0.7637886435555556,13748.195584,4251.804416000001,18000.0,0.23621135644444435,0.9547358044444444,0.2362113564444445,0.0,0.0,0.0,0.0,0.0,0.0,0.0,0.0,0.0,0.0,0.0,0.0,0.0,
CR5674,0.06385467115259261,0.07981833894074075,0.0,0.06385467115259261,low,13289.630448447999,1.1513624579444444,20724.524243,0.0,18000.0,-0.15136245794444436,1.0,0.0,0.0,0.0,0.0,0.0,0.0,0.0,0.0,0.0,0.0,0.0,0.0,0.0,0.0,
CR5727,-0.5090245294933334,-0.6362806618666668,0.0,-0.5090245294933334,low,7102.535081471999,6.522104964,117397.889352,0.0,18000.0,-5.522104964,1.0,0.0,0.0,0.0,0.0,0.0,0.0,0.0,0.0,0.0,0.0,0.0,0.0,0.0,0.0,
CR5729,-0.17039487552000002,-0.2129935944,0.0,-0.17039487552000002,low,10759.735344383998,3.347451958,60254.135244,0.0,18000.0,-2.347451958,1.0,0.0,0.0,0.0,0.0,0.0,0.0,0.0,0.0,0.0,0.0,0.0,0.0,0.0,0.0,
CR5733,-0.3234515869037037,-0.4043144836296296,0.0,-0.3234515869037037,low,9106.722861440001,4.782358627222222,86082.45529,0.0,18000.0,-3.782358627222222,1.0,0.0,0.0,0.0,0.0,0.0,0.0,0.0,0.0,0.0,0.0,0.0,0.0,0.0,0.0,
CR5734,-0.4627472431644445,-0.5784340539555556,0.0,-0.4627472431644445,low,7602.329773823999,6.088255404666667,109588.597284,0.0,18000.0,-5.088255404666667,1.0,0.0,0.0,0.0,0.0,0.0,0.0,0.0,0.0,0.0,0.0,0.0,0.0,0.0,0.0,
CR5743,0.0070378650666666894,0.008797331333333361,0.0,0.0070378650666666894,low,12676.00894272,1.6840200149999998,30312.36027,0.0,18000.0,-0.6840200149999998,1.0,0.0,0.0,0.0,0.0,0.0,0.0,0.0,0.0,0.0,0.0,0.0,0.0,0.0,0.0,
CR5759,-0.20695249695999998,-0.25869062119999997,0.0,-0.20695249695999998,low,10364.913032831999,3.690179659,66423.233862,0.0,18000.0,-2.690179659,1.0,0.0,0.0,0.0,0.0,0.0,0.0,0.0,0.0,0.0,0.0,0.0,0.0,0.0,0.0,
CR5763,-0.03307821724444448,-0.0413477715555556,0.0,-0.03307821724444448,low,12242.755253759999,2.060108286666667,37081.94916,0.0,18000.0,-1.060108286666667,1.0,0.0,0.0,0.0,0.0,0.0,0.0,0.0,0.0,0.0,0.0,0.0,0.0,0.0,0.0,
CR5768,0.1704697196088889,0.2130871495111111,0.0,0.1704697196088889,low,14441.072971775999,0.1868878506666666,3363.981312,14636.018688,18000.0,0.8131121493333334,0.23360981333333333,0.8131121493333333,0.0,0.0,0.0,0.0,0.0,0.0,0.0,0.0,0.0,0.0,0.0,0.0,0.0,
CR5769,-0.4508810581333334,-0.5636013226666667,0.0,-0.4508810581333334,low,7730.4845721599995,5.97700992,107586.17856,0.0,18000.0,-4.97700992,1.0,0.0,0.0,0.0,0.0,0.0,0.0,0.0,0.0,0.0,0.0,0.0,0.0,0.0,0.0,
CR5770,-0.0879552735762963,-0.10994409197037038,0.0,-0.0879552735762963,low,11650.083045375999,2.5745806897777777,46342.452416,0.0,18000.0,-1.5745806897777777,1.0,0.0,0.0,0.0,0.0,0.0,0.0,0.0,0.0,0.0,0.0,0.0,0.0,0.0,0.0,
CR5774,-0.38598546296888897,-0.48248182871111117,0.0,-0.38598546296888897,low,8431.356999935999,5.368613715333334,96635.046876,0.0,18000.0,-4.368613715333334,1.0,0.0,0.0,0.0,0.0,0.0,0.0,0.0,0.0,0.0,0.0,0.0,0.0,0.0,0.0,
CR5775,-0.4875763406933333,-0.6094704258666666,0.0,-0.4875763406933333,low,7334.175520512,6.321028193999999,113778.507492,0.0,18000.0,-5.321028193999999,1.0,0.0,0.0,0.0,0.0,0.0,0.0,0.0,0.0,0.0,0.0,0.0,0.0,0.0,0.0,
CR5776,0.12351649555185187,0.15439561943981484,0.0,0.12351649555185187,low,13933.97815196,0.7286558205555554,13115.80477,4884.195229999999,18000.0,0.27134417944444456,0.9108197756944445,0.2713441794444444,0.0,0.0,0.0,0.0,0.0,0.0,0.0,0.0,0.0,0.0,0.0,0.0,0.0,
CR5777,-0.5339410746607409,-0.6674263433259261,0.0,-0.5339410746607409,low,6833.4363936639975,6.755697574944445,121602.556349,0.0,18000.0,-5.755697574944445,1.0,0.0,0.0,0.0,0.0,0.0,0.0,0.0,0.0,0.0,0.0,0.0,0.0,0.0,0.0,
CR5778,0.1674197777066667,0.20927472213333334,0.0,0.1674197777066667,low,14408.133599231998,0.222079488,3997.430784,14002.569216,18000.0,0.777920512,0.27759936,0.777920512,0.0,0.0,0.0,0.0,0.0,0.0,0.0,0.0,0.0,0.0,0.0,0.0,0.0,
CR5779,-0.10013170127407407,-0.1251646265925926,0.0,-0.10013170127407407,low,11518.577626239998,2.6887346994444443,48397.22459,0.0,18000.0,-1.6887346994444443,1.0,0.0,0.0,0.0,0.0,0.0,0.0,0.0,0.0,0.0,0.0,0.0,0.0,0.0,0.0,
CR5780,-0.49137452835555556,-0.6142181604444444,0.0,-0.49137452835555556,low,7293.155093759999,6.356636203333333,114419.45166,0.0,18000.0,-5.356636203333333,1.0,0.0,0.0,0.0,0.0,0.0,0.0,0.0,0.0,0.0,0.0,0.0,0.0,0.0,0.0,
CR5782,0.11998493148888889,0.1499811643611111,0.0,0.11998493148888889,low,13895.837260079998,0.7694046366666666,13849.28346,4150.716539999999,18000.0,0.23059536333333341,0.9617557958333334,0.2305953633333333,0.0,0.0,0.0,0.0,0.0,0.0,0.0,0.0,0.0,0.0,0.0,0.0,0.0,
CR5783,-0.49072384497777777,-0.6134048062222222,0.0,-0.49072384497777777,low,7300.1824742399995,6.350536046666666,114309.64884,0.0,18000.0,-5.350536046666666,1.0,0.0,0.0,0.0,0.0,0.0,0.0,0.0,0.0,0.0,0.0,0.0,0.0,0.0,0.0,
CR5814,-0.4676779704296296,-0.584597463037037,0.0,-0.4676779704296296,low,7549.07791936,6.134480972777777,110420.65751,0.0,18000.0,-5.134480972777777,1.0,0.0,0.0,0.0,0.0,0.0,0.0,0.0,0.0,0.0,0.0,0.0,0.0,0.0,0.0,
CR5815,-0.5256128400118518,-0.6570160500148148,0.0,-0.5256128400118518,low,6923.381327872,6.67762037511111,120197.166752,0.0,18000.0,-5.67762037511111,1.0,0.0,0.0,0.0,0.0,0.0,0.0,0.0,0.0,0.0,0.0,0.0,0.0,0.0,0.0,
CR5816,-0.4207778850607408,-0.525972356325926,0.0,-0.4207778850607408,low,8055.598841343999,5.694792672444445,102506.268104,0.0,18000.0,-4.694792672444445,1.0,0.0,0.0,0.0,0.0,0.0,0.0,0.0,0.0,0.0,0.0,0.0,0.0,0.0,0.0,
CR5817,0.0870719647288889,0.1088399559111111,0.0,0.0870719647288889,low,13540.377219072,0.9621144746666668,17318.060544,681.9394560000001,18000.0,0.037885525333333225,1.0,0.037885525333333336,0.0,0.0,0.0,0.0,0.0,0.0,0.0,0.0,0.0,0.0,0.0,0.0,0.0,
CR5818,-0.3449197240770371,-0.4311496550962963,0.0,-0.3449197240770371,low,8874.866979968,4.983622413222222,89705.203438,0.0,18000.0,-3.983622413222222,1.0,0.0,0.0,0.0,0.0,0.0,0.0,0.0,0.0,0.0,0.0,0.0,0.0,0.0,0.0,
CR5819,-0.3271897760237037,-0.4089872200296296,0.0,-0.3271897760237037,low,9066.350418944,4.817404150222222,86713.274704,0.0,18000.0,-3.817404150222222,1.0,0.0,0.0,0.0,0.0,0.0,0.0,0.0,0.0,0.0,0.0,0.0,0.0,0.0,0.0,
CR5820,-0.20482370279111103,-0.25602962848888877,0.0,-0.20482370279111103,low,10387.904009856002,3.670222213666666,66063.99984599999,0.0,18000.0,-2.670222213666666,1.0,0.0,0.0,0.0,0.0,0.0,0.0,0.0,0.0,0.0,0.0,0.0,0.0,0.0,0.0,
CR5822,0.17325042631111115,0.21656303288888892,0.0,0.17325042631111115,low,14471.10460416,0.1548027733333333,2786.44992,15213.55008,18000.0,0.8451972266666667,0.19350346666666668,0.8451972266666667,0.0,0.0,0.0,0.0,0.0,0.0,0.0,0.0,0.0,0.0,0.0,0.0,0.0,
CR5823,0.16735618332444446,0.20919522915555555,0.0,0.16735618332444446,low,14407.446779904,0.2228132693333333,4010.638848,13989.361152,18000.0,0.7771867306666667,0.2785165866666667,0.7771867306666667,0.0,0.0,0.0,0.0,0.0,0.0,0.0,0.0,0.0,0.0,0.0,0.0,0.0,
CR5831,-0.48091910641777774,-0.6011488830222221,0.0,-0.48091910641777774,low,7406.073650687999,6.258616622666667,112655.099208,0.0,18000.0,-5.258616622666667,1.0,0.0,0.0,0.0,0.0,0.0,0.0,0.0,0.0,0.0,0.0,0.0,0.0,0.0,0.0,
CR5835,0.14298631907555556,0.17873289884444443,0.0,0.14298631907555556,low,14144.252246016,0.5040040106666667,9072.072192,8927.927808,18000.0,0.49599598933333333,0.6300050133333333,0.49599598933333333,0.0,0.0,0.0,0.0,0.0,0.0,0.0,0.0,0.0,0.0,0.0,0.0,0.0,
CR5836,-0.385062175525926,-0.48132771940740743,0.0,-0.385062175525926,low,8441.32850432,5.359957895555556,96479.24212,0.0,18000.0,-4.359957895555556,1.0,0.0,0.0,0.0,0.0,0.0,0.0,0.0,0.0,0.0,0.0,0.0,0.0,0.0,0.0,
CR5837,0.1283644838051852,0.1604556047564815,0.0,0.1283644838051852,low,13986.336425096,0.6727174945555555,12108.914902,5891.085098,18000.0,0.3272825054444445,0.8408968681944444,0.3272825054444444,0.0,0.0,0.0,0.0,0.0,0.0,0.0,0.0,0.0,0.0,0.0,0.0,0.0,
CR5838,-0.33789402311111116,-0.4223675288888889,0.0,-0.33789402311111116,low,8950.744550399999,4.917756466666667,88519.6164,0.0,18000.0,-3.917756466666667,1.0,0.0,0.0,0.0,0.0,0.0,0.0,0.0,0.0,0.0,0.0,0.0,0.0,0.0,0.0,
CR5842,0.15740281598518518,0.19675351998148147,0.0,0.15740281598518518,low,14299.950412639999,0.3376598155555556,6077.87668,11922.12332,18000.0,0.6623401844444444,0.42207476944444444,0.6623401844444444,0.0,0.0,0.0,0.0,0.0,0.0,0.0,0.0,0.0,0.0,0.0,0.0,0.0,
CR5843,0.15408194431851854,0.19260243039814817,0.0,0.15408194431851854,low,14264.084998639999,0.3759775655555555,6767.5961800000005,11232.40382,18000.0,0.6240224344444445,0.4699719569444445,0.6240224344444444,0.0,0.0,0.0,0.0,0.0,0.0,0.0,0.0,0.0,0.0,0.0,0.0,0.0,
CR5846,0.04326916479999998,0.05408645599999998,0.0,0.04326916479999998,low,13067.30697984,1.34435158,24198.32844,0.0,18000.0,-0.3443515800000001,1.0,0.0,0.0,0.0,0.0,0.0,0.0,0.0,0.0,0.0,0.0,0.0,0.0,0.0,0.0,
CR5847,-0.4458314729244445,-0.5572893411555556,0.0,-0.4458314729244445,low,7785.020092415999,5.929670058666667,106734.061056,0.0,18000.0,-4.929670058666667,1.0,0.0,0.0,0.0,0.0,0.0,0.0,0.0,0.0,0.0,0.0,0.0,0.0,0.0,0.0,
CR5849,0.046302413866666656,0.057878017333333316,0.0,0.046302413866666656,low,13100.066069759998,1.31591487,23686.46766,0.0,18000.0,-0.31591487000000007,1.0,0.0,0.0,0.0,0.0,0.0,0.0,0.0,0.0,0.0,0.0,0.0,0.0,0.0,0.0,
CR5850,0.12282097456888891,0.15352621821111112,0.0,0.12282097456888891,low,13926.466525344,0.7366810626666666,13260.259127999998,4739.740872000002,18000.0,0.26331893733333345,0.9208513283333332,0.26331893733333345,0.0,0.0,0.0,0.0,0.0,0.0,0.0,0.0,0.0,0.0,0.0,0.0,0.0,
CR5851,-0.12708600362666672,-0.1588575045333334,0.0,-0.12708600362666672,low,11227.471160832,2.941431284,52945.763112,0.0,18000.0,-1.941431284,1.0,0.0,0.0,0.0,0.0,0.0,0.0,0.0,0.0,0.0,0.0,0.0,0.0,0.0,0.0,
CR5852,-0.5239246399881482,-0.6549057999851852,0.0,-0.5239246399881482,low,6941.6138881279985,6.661793499888889,119912.282998,0.0,18000.0,-5.661793499888889,1.0,0.0,0.0,0.0,0.0,0.0,0.0,0.0,0.0,0.0,0.0,0.0,0.0,0.0,0.0,
CR5853,0.12736991573333334,0.15921239466666667,0.0,0.12736991573333334,low,13975.59508992,0.6841932799999999,12315.479039999998,5684.520960000002,18000.0,0.3158067200000001,0.8552415999999999,0.3158067200000001,0.0,0.0,0.0,0.0,0.0,0.0,0.0,0.0,0.0,0.0,0.0,0.0,0.0,
CR5854,-0.4870123019377777,-0.6087653774222221,0.0,-0.4870123019377777,low,7340.267139072,6.3157403306666655,113683.32595199998,0.0,18000.0,-5.3157403306666655,1.0,0.0,0.0,0.0,0.0,0.0,0.0,0.0,0.0,0.0,0.0,0.0,0.0,0.0,0.0,
CR5855,-0.069988692005926,-0.0874858650074075,0.0,-0.069988692005926,low,11844.122126335998,2.406143987555556,43310.591776,0.0,18000.0,-1.4061439875555561,1.0,0.0,0.0,0.0,0.0,0.0,0.0,0.0,0.0,0.0,0.0,0.0,0.0,0.0,0.0,
CR5857,0.10644948197629629,0.13306185247037036,0.0,0.10644948197629629,low,13749.654405344,0.8583063465555555,15449.514238,2550.485762,18000.0,0.1416936534444445,1.0,0.14169365344444443,0.0,0.0,0.0,0.0,0.0,0.0,0.0,0.0,0.0,0.0,0.0,0.0,0.0,
CR5858,-0.5031314911288889,-0.6289143639111111,0.0,-0.5031314911288889,low,7166.179895808,6.466857729333333,116403.439128,0.0,18000.0,-5.466857729333333,1.0,0.0,0.0,0.0,0.0,0.0,0.0,0.0,0.0,0.0,0.0,0.0,0.0,0.0,0.0,
CR5859,-0.5369581282844444,-0.6711976603555555,0.0,-0.5369581282844444,low,6800.852214527999,6.783982452666666,122111.684148,0.0,18000.0,-5.783982452666666,1.0,0.0,0.0,0.0,0.0,0.0,0.0,0.0,0.0,0.0,0.0,0.0,0.0,0.0,0.0,
CR5860,0.10048877226666669,0.12561096533333335,0.0,0.10048877226666669,low,13685.278740479998,0.8902387199999999,16024.29696,1975.7030400000003,18000.0,0.10976128000000007,1.0,0.10976128000000002,0.0,0.0,0.0,0.0,0.0,0.0,0.0,0.0,0.0,0.0,0.0,0.0,0.0,
CR5896,0.000623818192592592,0.0007797727407407399,0.0,0.000623818192592592,low,12606.73723648,1.7441517044444443,31394.73068,0.0,18000.0,-0.7441517044444443,1.0,0.0,0.0,0.0,0.0,0.0,0.0,0.0,0.0,0.0,0.0,0.0,0.0,0.0,0.0,
CR5898,0.16529135160888891,0.20661418951111113,0.0,0.16529135160888891,low,14385.146597375999,0.2466382506666666,4439.488512,13560.511488,18000.0,0.7533617493333334,0.30829781333333334,0.7533617493333333,0.0,0.0,0.0,0.0,0.0,0.0,0.0,0.0,0.0,0.0,0.0,0.0,0.0,
CR5899,0.07542993607111112,0.09428742008888889,0.0,0.07542993607111112,low,13414.643309568,1.0428443493333333,18771.198288,0.0,18000.0,-0.042844349333333254,1.0,0.0,0.0,0.0,0.0,0.0,0.0,0.0,0.0,0.0,0.0,0.0,0.0,0.0,0.0,
CR5901,-0.18482454072888893,-0.23103067591111115,0.0,-0.18482454072888893,low,10603.894960127998,3.4827300693333334,62689.141248,0.0,18000.0,-2.4827300693333334,1.0,0.0,0.0,0.0,0.0,0.0,0.0,0.0,0.0,0.0,0.0,0.0,0.0,0.0,0.0,
CR5902,0.16738277034666668,0.20922846293333333,0.0,0.16738277034666668,low,14407.733919744,0.222506496,4005.116928,13994.883072,18000.0,0.777493504,0.27813312,0.7774935040000001,0.0,0.0,0.0,0.0,0.0,0.0,0.0,0.0,0.0,0.0,0.0,0.0,0.0,
CR5903,0.14527820174222222,0.18159775217777777,0.0,0.14527820174222222,low,14169.004578815999,0.4775592106666666,8596.065792,9403.934208,18000.0,0.5224407893333334,0.5969490133333333,0.5224407893333334,0.0,0.0,0.0,0.0,0.0,0.0,0.0,0.0,0.0,0.0,0.0,0.0,0.0,
CR5904,0.07832768971851853,0.09790961214814815,0.0,0.07832768971851853,low,13445.93904896,1.0156779088888888,18282.20236,0.0,18000.0,-0.01567790888888876,1.0,0.0,0.0,0.0,0.0,0.0,0.0,0.0,0.0,0.0,0.0,0.0,0.0,0.0,0.0,
CR5986,0.16847873601111116,0.21059842001388893,0.0,0.16847873601111116,low,14419.57034892,0.2098607383333333,3777.49329,14222.50671,18000.0,0.7901392616666667,0.2623259229166667,0.7901392616666666,0.0,0.0,0.0,0.0,0.0,0.0,0.0,0.0,0.0,0.0,0.0,0.0,0.0,
CR6078,0.17167359528814816,0.21459199411018517,0.0,0.17167359528814816,low,14454.074829112,0.1729969774444444,3113.9455940000003,14886.054406,18000.0,0.8270030225555556,0.21624622180555558,0.8270030225555555,0.0,0.0,0.0,0.0,0.0,0.0,0.0,0.0,0.0,0.0,0.0,0.0,0.0,
CR6088,0.16949577951814815,0.21186972439768517,0.0,0.16949577951814815,low,14430.554418795999,0.1981256209444444,3566.261177,14433.738823,18000.0,0.8018743790555556,0.24765702618055555,0.8018743790555556,0.0,0.0,0.0,0.0,0.0,0.0,0.0,0.0,0.0,0.0,0.0,0.0,0.0,
CR6091,-0.04103641031703703,-0.05129551289629628,0.0,-0.04103641031703703,low,12156.806768576,2.134716346722222,38424.894241,0.0,18000.0,-1.134716346722222,1.0,0.0,0.0,0.0,0.0,0.0,0.0,0.0,0.0,0.0,0.0,0.0,0.0,0.0,0.0,
CR6097,0.012793885801481478,0.015992357251851847,0.0,0.012793885801481478,low,12738.173966655999,1.630057320611111,29341.031771,0.0,18000.0,-0.6300573206111111,1.0,0.0,0.0,0.0,0.0,0.0,0.0,0.0,0.0,0.0,0.0,0.0,0.0,0.0,0.0,
CR6101,-0.47878651761777774,-0.5984831470222222,0.0,-0.47878651761777774,low,7429.105609728,6.238623602666666,112295.224848,0.0,18000.0,-5.238623602666666,1.0,0.0,0.0,0.0,0.0,0.0,0.0,0.0,0.0,0.0,0.0,0.0,0.0,0.0,0.0,
CR6104,-0.1710252151466667,-0.21378151893333333,0.0,-0.1710252151466667,low,10752.927676416,3.353361392,60360.505056,0.0,18000.0,-2.353361392,1.0,0.0,0.0,0.0,0.0,0.0,0.0,0.0,0.0,0.0,0.0,0.0,0.0,0.0,0.0,
CR6105,-0.23734467695999997,-0.29668084619999996,0.0,-0.23734467695999997,low,10036.677488832,3.9751063465,71551.914237,0.0,18000.0,-2.9751063465,1.0,0.0,0.0,0.0,0.0,0.0,0.0,0.0,0.0,0.0,0.0,0.0,0.0,0.0,0.0,
D15ALS,0.1609072961803704,0.20113412022546298,0.0,0.1609072961803704,low,14337.798798748,0.2972235056111111,5350.023101000001,12649.976899,18000.0,0.7027764943888889,0.3715293820138889,0.7027764943888889,0.0,0.0,0.0,0.0,0.0,0.0,0.0,0.0,0.0,0.0,0.0,0.0,0.0,
D41AKT,0.1690188147903704,0.21127351848796297,0.0,0.1690188147903704,low,14425.403199736,0.2036290601111111,3665.323082,14334.676918,18000.0,0.796370939888889,0.2545363251388889,0.7963709398888889,0.0,0.0,0.0,0.0,0.0,0.0,0.0,0.0,0.0,0.0,0.0,0.0,0.0,
D43AFF,0.15869534308444447,0.19836917885555558,0.0,0.15869534308444447,low,14313.909705311999,0.3227460413333333,5809.428744,12190.571256,18000.0,0.6772539586666667,0.40343255166666664,0.6772539586666666,0.0,0.0,0.0,0.0,0.0,0.0,0.0,0.0,0.0,0.0,0.0,0.0,0.0,
D45BME,0.1843988668514815,0.23049858356435185,0.0,0.1843988668514815,low,14591.507761995997,0.0261669209444444,471.004577,17528.995423,18000.0,0.9738330790555556,0.032708651180555555,0.9738330790555556,0.0,0.0,0.0,0.0,0.0,0.0,0.0,0.0,0.0,0.0,0.0,0.0,0.0,
DV7041B,0.1761940445259259,0.22024255565740739,0.0,0.1761940445259259,low,14502.89568088,0.1208379477777777,2175.08306,15824.91694,18000.0,0.8791620522222223,0.1510474347222222,0.8791620522222222,0.0,0.0,0.0,0.0,0.0,0.0,0.0,0.0,0.0,0.0,0.0,0.0,0.0,
E44BFC,0.18494279348148152,0.23117849185185188,0.0,0.18494279348148152,low,14597.382169599998,0.0198908444444444,358.0352,17641.9648,18000.0,0.9801091555555556,0.024863555555555555,0.9801091555555557,0.0,0.0,0.0,0.0,0.0,0.0,0.0,0.0,0.0,0.0,0.0,0.0,0.0,
E65BCF,0.1851855170592593,0.23148189632407412,0.0,0.1851855170592593,low,14600.00358424,0.0170901877777777,307.62338,17692.37662,18000.0,0.9829098122222223,0.02136273472222222,0.9829098122222222,0.0,0.0,0.0,0.0,0.0,0.0,0.0,0.0,0.0,0.0,0.0,0.0,0.0,
E9003344,0.09884512062222224,0.1235564007777778,0.0,0.09884512062222224,low,13667.527302719998,0.8990439966666666,16182.79194,1817.2080600000008,18000.0,0.10095600333333343,1.0,0.10095600333333338,0.0,0.0,0.0,0.0,0.0,0.0,0.0,0.0,0.0,0.0,0.0,0.0,0.0,
ECA102,0.11518430246074074,0.14398037807592592,0.0,0.11518430246074074,low,13843.990466575999,0.8115126653888889,14607.227977,3392.7720229999995,18000.0,0.1884873346111111,1.0,0.18848733461111108,0.0,0.0,0.0,0.0,0.0,0.0,0.0,0.0,0.0,0.0,0.0,0.0,0.0,
ECA275,-0.025310419982222207,-0.031638024977777755,0.0,-0.025310419982222207,low,12326.647464192,1.987285187333333,35771.133372,0.0,18000.0,-0.987285187333333,1.0,0.0,0.0,0.0,0.0,0.0,0.0,0.0,0.0,0.0,0.0,0.0,0.0,0.0,0.0,
ECA29,0.11754279670000001,0.146928495875,0.0,0.11754279670000001,low,13869.46220436,0.797583115,14356.49607,3643.5039300000008,18000.0,0.202416885,0.9969788937499999,0.20241688500000005,0.0,0.0,0.0,0.0,0.0,0.0,0.0,0.0,0.0,0.0,0.0,0.0,0.0,
ECA312,0.11843342527962963,0.14804178159953704,0.0,0.11843342527962963,low,13879.08099302,0.7873066313888889,14171.519365,3828.480635,18000.0,0.2126933686111111,0.9841332892361111,0.2126933686111111,0.0,0.0,0.0,0.0,0.0,0.0,0.0,0.0,0.0,0.0,0.0,0.0,0.0,
ECA417,0.1810465693940741,0.2263082117425926,0.0,0.1810465693940741,low,14555.302949455998,0.0648472762222222,1167.250972,16832.749028,18000.0,0.9351527237777778,0.08105909527777778,0.9351527237777777,0.0,0.0,0.0,0.0,0.0,0.0,0.0,0.0,0.0,0.0,0.0,0.0,0.0,
ECA530,0.1840456734,0.23005709175,0.0,0.1840456734,low,14587.693272719998,0.03024223,544.36014,17455.63986,18000.0,0.96975777,0.0378027875,0.96975777,0.0,0.0,0.0,0.0,0.0,0.0,0.0,0.0,0.0,0.0,0.0,0.0,0.0,
ECA557,0.1513641259925926,0.18920515749074074,0.0,0.1513641259925926,low,14234.73256072,0.4073370077777777,7332.06614,10667.93386,18000.0,0.5926629922222223,0.5091712597222222,0.5926629922222222,0.0,0.0,0.0,0.0,0.0,0.0,0.0,0.0,0.0,0.0,0.0,0.0,0.0,
ECO01,0.18299732441481487,0.22874665551851855,0.0,0.18299732441481487,low,14576.371103680001,0.0423385644444444,762.09416,17237.90584,18000.0,0.9576614355555556,0.052923205555555554,0.9576614355555555,0.0,0.0,0.0,0.0,0.0,0.0,0.0,0.0,0.0,0.0,0.0,0.0,0.0,
ECO010,0.18444056019629632,0.2305507002453704,0.0,0.18444056019629632,low,14591.95805012,0.0256858438888888,462.34519,17537.65481,18000.0,0.9743141561111112,0.03210730486111111,0.9743141561111112,0.0,0.0,0.0,0.0,0.0,0.0,0.0,0.0,0.0,0.0,0.0,0.0,0.0,
ECO010R,0.18338461574444445,0.22923076968055556,0.0,0.18338461574444445,low,14580.55385004,0.0378698183333333,681.6567299999999,17318.34327,18000.0,0.9621301816666668,0.04733727291666666,0.9621301816666668,0.0,0.0,0.0,0.0,0.0,0.0,0.0,0.0,0.0,0.0,0.0,0.0,0.0,
ECO026R,0.18444815253333335,0.2305601906666667,0.0,0.18444815253333335,low,14592.04004736,0.0255982399999999,460.76832,17539.23168,18000.0,0.9744017600000001,0.0319978,0.97440176,0.0,0.0,0.0,0.0,0.0,0.0,0.0,0.0,0.0,0.0,0.0,0.0,0.0,
ECO028,0.18440330966407406,0.23050413708009257,0.0,0.18440330966407406,low,14591.555744371999,0.0261156577222222,470.081839,17529.918161,18000.0,0.9738843422777778,0.03264457215277778,0.9738843422777779,0.0,0.0,0.0,0.0,0.0,0.0,0.0,0.0,0.0,0.0,0.0,0.0,0.0,
ECO035,0.153333712562963,0.19166714070370372,0.0,0.153333712562963,low,14256.00409568,0.3846110088888889,6922.99816,11077.00184,18000.0,0.6153889911111111,0.48076376111111113,0.6153889911111111,0.0,0.0,0.0,0.0,0.0,0.0,0.0,0.0,0.0,0.0,0.0,0.0,0.0,
ECO049,0.16542724235185188,0.20678405293981483,0.0,0.16542724235185188,low,14386.6142174,0.2450702805555555,4411.26505,13588.73495,18000.0,0.7549297194444445,0.30633785069444447,0.7549297194444444,0.0,0.0,0.0,0.0,0.0,0.0,0.0,0.0,0.0,0.0,0.0,0.0,0.0,
ECO057,0.1842621679851852,0.23032770998148147,0.0,0.1842621679851852,low,14590.03141424,0.0277442155555555,499.39588,17500.60412,18000.0,0.9722557844444445,0.034680269444444446,0.9722557844444445,0.0,0.0,0.0,0.0,0.0,0.0,0.0,0.0,0.0,0.0,0.0,0.0,0.0,
ECO065,0.1763689638111111,0.2204612047638889,0.0,0.1763689638111111,low,14504.78480916,0.1188196483333333,2138.75367,15861.24633,18000.0,0.8811803516666668,0.14852456041666667,0.8811803516666666,0.0,0.0,0.0,0.0,0.0,0.0,0.0,0.0,0.0,0.0,0.0,0.0,0.0,
ECO15,0.180350174762963,0.22543771845370372,0.0,0.180350174762963,low,14547.78188744,0.0728825988888888,1311.88678,16688.11322,18000.0,0.9271174011111112,0.09110324861111112,0.9271174011111111,0.0,0.0,0.0,0.0,0.0,0.0,0.0,0.0,0.0,0.0,0.0,0.0,0.0,
ECO507,0.18561083656666666,0.23201354570833332,0.0,0.18561083656666666,low,14604.597034919998,0.012182655,219.28779,17780.71221,18000.0,0.987817345,0.01522831875,0.9878173450000001,0.0,0.0,0.0,0.0,0.0,0.0,0.0,0.0,0.0,0.0,0.0,0.0,0.0,
ECO508,0.18471333582592595,0.2308916697824074,0.0,0.18471333582592595,low,14594.90402692,0.0225384327777777,405.69179,17594.30821,18000.0,0.9774615672222223,0.028173040972222223,0.9774615672222222,0.0,0.0,0.0,0.0,0.0,0.0,0.0,0.0,0.0,0.0,0.0,0.0,0.0,
ECO516,0.09917719968888888,0.1239714996111111,0.0,0.09917719968888888,low,13671.11375664,0.8972650016666667,16150.77003,1849.2299700000003,18000.0,0.10273499833333333,1.0,0.10273499833333335,0.0,0.0,0.0,0.0,0.0,0.0,0.0,0.0,0.0,0.0,0.0,0.0,0.0,
ECO517,0.14328131946666664,0.1791016493333333,0.0,0.14328131946666664,low,14147.438250239999,0.5006001600000001,9010.80288,8989.19712,18000.0,0.49939983999999993,0.6257501999999999,0.49939984000000004,0.0,0.0,0.0,0.0,0.0,0.0,0.0,0.0,0.0,0.0,0.0,0.0,0.0,
ECO518,0.18660195945555558,0.23325244931944447,0.0,0.18660195945555558,low,14615.301162119998,0.0007466216666666,13.43919,17986.56081,18000.0,0.9992533783333334,0.0009332770833333333,0.9992533783333333,0.0,0.0,0.0,0.0,0.0,0.0,0.0,0.0,0.0,0.0,0.0,0.0,0.0,
ECO533,0.18399388693703705,0.2299923586712963,0.0,0.18399388693703705,low,14587.13397892,0.0308397661111111,555.11579,17444.88421,18000.0,0.969160233888889,0.03854970763888888,0.969160233888889,0.0,0.0,0.0,0.0,0.0,0.0,0.0,0.0,0.0,0.0,0.0,0.0,0.0,
ECO534,0.17984721694444447,0.22480902118055557,0.0,0.17984721694444447,low,14542.349943,0.0786859583333333,1416.34725,16583.65275,18000.0,0.9213140416666667,0.09835744791666667,0.9213140416666667,0.0,0.0,0.0,0.0,0.0,0.0,0.0,0.0,0.0,0.0,0.0,0.0,0.0,
ECO772,-0.4723177120000001,-0.5903971400000001,0.0,-0.4723177120000001,low,7498.968710399998,6.177978550000001,111203.6139,0.0,18000.0,-5.177978550000001,1.0,0.0,0.0,0.0,0.0,0.0,0.0,0.0,0.0,0.0,0.0,0.0,0.0,0.0,0.0,
F15BEA,0.16557771542592595,0.20697214428240743,0.0,0.16557771542592595,low,14388.2393266,0.2433340527777777,4380.01295,13619.98705,18000.0,0.7566659472222224,0.3041675659722222,0.7566659472222222,0.0,0.0,0.0,0.0,0.0,0.0,0.0,0.0,0.0,0.0,0.0,0.0,0.0,
F42BCG,0.15847238944444444,0.19809048680555555,0.0,0.15847238944444444,low,14311.501805999998,0.3253185833333333,5855.7345,12144.2655,18000.0,0.6746814166666667,0.40664822916666665,0.6746814166666666,0.0,0.0,0.0,0.0,0.0,0.0,0.0,0.0,0.0,0.0,0.0,0.0,0.0,
F52BEF,0.1850751410551852,0.23134392631898149,0.0,0.1850751410551852,low,14598.811523396,0.0183637570555555,330.547627,17669.452373,18000.0,0.9816362429444445,0.022954696319444443,0.9816362429444444,0.0,0.0,0.0,0.0,0.0,0.0,0.0,0.0,0.0,0.0,0.0,0.0,0.0,
F62ALD,0.18397097234740745,0.2299637154342593,0.0,0.18397097234740745,low,14586.886501351999,0.0311041652222222,559.8749740000001,17440.125026,18000.0,0.9688958347777779,0.03888020652777778,0.9688958347777779,0.0,0.0,0.0,0.0,0.0,0.0,0.0,0.0,0.0,0.0,0.0,0.0,0.0,
F66BAM,0.16641797364703706,0.20802246705879632,0.0,0.16641797364703706,low,14397.314115387999,0.2336387656111111,4205.497781,13794.502219,18000.0,0.7663612343888889,0.2920484570138889,0.7663612343888889,0.0,0.0,0.0,0.0,0.0,0.0,0.0,0.0,0.0,0.0,0.0,0.0,0.0,
F73AGY,0.16700101675703705,0.2087512709462963,0.0,0.16700101675703705,low,14403.610980975998,0.2269113451111111,4084.404212,13915.595788,18000.0,0.7730886548888889,0.2836391813888889,0.7730886548888889,0.0,0.0,0.0,0.0,0.0,0.0,0.0,0.0,0.0,0.0,0.0,0.0,0.0,
F87AEX,0.17894199396296298,0.22367749245370372,0.0,0.17894199396296298,low,14532.573534799998,0.0891308388888888,1604.3551,16395.6449,18000.0,0.9108691611111112,0.11141354861111111,0.910869161111111,0.0,0.0,0.0,0.0,0.0,0.0,0.0,0.0,0.0,0.0,0.0,0.0,0.0,
FVV484A,0.1861595448614815,0.23269943107685187,0.0,0.1861595448614815,low,14610.523084503999,0.0058514054444444,105.325298,17894.674702,18000.0,0.9941485945555556,0.007314256805555556,0.9941485945555556,0.0,0.0,0.0,0.0,0.0,0.0,0.0,0.0,0.0,0.0,0.0,0.0,0.0,
G01BFL,0.18098295640740744,0.22622869550925928,0.0,0.18098295640740744,low,14554.6159292,0.0655812722222222,1180.4629,16819.5371,18000.0,0.9344187277777778,0.08197659027777777,0.9344187277777779,0.0,0.0,0.0,0.0,0.0,0.0,0.0,0.0,0.0,0.0,0.0,0.0,0.0,
G07BJK,0.1613691426303704,0.20171142828796296,0.0,0.1613691426303704,low,14342.786740407999,0.2918945081111111,5254.101146,12745.898854,18000.0,0.7081054918888889,0.3648681351388889,0.7081054918888888,0.0,0.0,0.0,0.0,0.0,0.0,0.0,0.0,0.0,0.0,0.0,0.0,0.0,
G18AMC,0.18564147082592597,0.23205183853240743,0.0,0.18564147082592597,low,14604.92788492,0.0118291827777777,212.92529,17787.07471,18000.0,0.9881708172222223,0.014786478472222222,0.9881708172222222,0.0,0.0,0.0,0.0,0.0,0.0,0.0,0.0,0.0,0.0,0.0,0.0,0.0,
G42ASF,0.18578069081111112,0.23222586351388888,0.0,0.18578069081111112,low,14606.431460759999,0.0102227983333333,184.01037,17815.98963,18000.0,0.9897772016666667,0.012778497916666666,0.9897772016666667,0.0,0.0,0.0,0.0,0.0,0.0,0.0,0.0,0.0,0.0,0.0,0.0,0.0,
G60APY,0.15783516952777782,0.19729396190972226,0.0,0.15783516952777782,low,14304.6198309,0.3326711208333333,5988.080175,12011.919825,18000.0,0.6673288791666667,0.41583890104166665,0.6673288791666667,0.0,0.0,0.0,0.0,0.0,0.0,0.0,0.0,0.0,0.0,0.0,0.0,0.0,
G69AWY,0.18581610512222224,0.23227013140277777,0.0,0.18581610512222224,low,14606.813935319999,0.0098141716666666,176.65509,17823.34491,18000.0,0.9901858283333334,0.012267714583333334,0.9901858283333334,0.0,0.0,0.0,0.0,0.0,0.0,0.0,0.0,0.0,0.0,0.0,0.0,0.0,
GENCEC,0.15607652054814816,0.1950956506851852,0.0,0.15607652054814816,low,14285.626421919998,0.3529632244444444,6353.33804,11646.66196,18000.0,0.6470367755555556,0.4412040305555555,0.6470367755555555,0.0,0.0,0.0,0.0,0.0,0.0,0.0,0.0,0.0,0.0,0.0,0.0,0.0,
GENTPL,0.15905749325185187,0.19882186656481482,0.0,0.15905749325185187,low,14317.82092712,0.3185673855555555,5734.212939999999,12265.78706,18000.0,0.6814326144444445,0.3982092319444444,0.6814326144444445,0.0,0.0,0.0,0.0,0.0,0.0,0.0,0.0,0.0,0.0,0.0,0.0,0.0,
GKZ425B,0.185964292362963,0.23245536545370374,0.0,0.185964292362963,low,14608.41435752,0.0081043188888888,145.87774,17854.12226,18000.0,0.9918956811111111,0.01013039861111111,0.9918956811111111,0.0,0.0,0.0,0.0,0.0,0.0,0.0,0.0,0.0,0.0,0.0,0.0,0.0,
GMRP149,-0.7995571113481483,-0.9994463891851854,0.0,-0.7995571113481483,low,3964.783197439998,9.24584791888889,166425.26254000005,0.0,18000.0,-8.24584791888889,1.0,0.0,0.0,0.0,0.0,0.0,0.0,0.0,0.0,0.0,0.0,0.0,0.0,0.0,0.0,
GOLDEN01,-0.3720180521422222,-0.46502256517777774,0.0,-0.3720180521422222,low,8582.205036864,5.237669238833333,94278.046299,0.0,18000.0,-4.237669238833333,1.0,0.0,0.0,0.0,0.0,0.0,0.0,0.0,0.0,0.0,0.0,0.0,0.0,0.0,0.0,
GOLDEN02,-0.21402376671999998,-0.26752970839999995,0.0,-0.21402376671999998,low,10288.543319424,3.756472813,67616.51063399999,0.0,18000.0,-2.756472813,1.0,0.0,0.0,0.0,0.0,0.0,0.0,0.0,0.0,0.0,0.0,0.0,0.0,0.0,0.0,
GOLDEN03,-0.7060619701688893,-0.8825774627111115,0.0,-0.7060619701688893,low,4974.530722175995,8.369330970333335,150647.95746600002,0.0,18000.0,-7.369330970333335,1.0,0.0,0.0,0.0,0.0,0.0,0.0,0.0,0.0,0.0,0.0,0.0,0.0,0.0,0.0,
GOLDEN04,-0.3778489102577778,-0.4723111378222222,0.0,-0.3778489102577778,low,8519.231769216,5.292333533666667,95262.003606,0.0,18000.0,-4.292333533666667,1.0,0.0,0.0,0.0,0.0,0.0,0.0,0.0,0.0,0.0,0.0,0.0,0.0,0.0,0.0,
GOLDEN05,-0.07199805797333338,-0.08999757246666672,0.0,-0.07199805797333338,low,11822.420973888,2.4249817935,43649.672283,0.0,18000.0,-1.4249817935000002,1.0,0.0,0.0,0.0,0.0,0.0,0.0,0.0,0.0,0.0,0.0,0.0,0.0,0.0,0.0,
GYM770,-0.25686807520000005,-0.32108509400000007,0.0,-0.25686807520000005,low,9825.82478784,4.158138205,74846.48769000001,0.0,18000.0,-3.158138205,1.0,0.0,0.0,0.0,0.0,0.0,0.0,0.0,0.0,0.0,0.0,0.0,0.0,0.0,0.0,
H02BNA,0.18422525196703704,0.2302815649587963,0.0,0.18422525196703704,low,14589.632721243997,0.0281701696111111,507.063053,17492.936947,18000.0,0.9718298303888889,0.03521271201388889,0.9718298303888888,0.0,0.0,0.0,0.0,0.0,0.0,0.0,0.0,0.0,0.0,0.0,0.0,0.0,
H27AKN,0.16212247510444444,0.20265309388055555,0.0,0.16212247510444444,low,14350.922731128,0.2832022103333333,5097.639786000001,12902.360214,18000.0,0.7167977896666666,0.3540027629166667,0.7167977896666666,0.0,0.0,0.0,0.0,0.0,0.0,0.0,0.0,0.0,0.0,0.0,0.0,0.0,
H34AEZ,0.1538806763877778,0.19235084548472225,0.0,0.1538806763877778,low,14261.911304988,0.3782998878333333,6809.397980999999,11190.602019000002,18000.0,0.6217001121666668,0.4728748597916666,0.6217001121666668,0.0,0.0,0.0,0.0,0.0,0.0,0.0,0.0,0.0,0.0,0.0,0.0,0.0,
H42ASY,0.18574093141851852,0.23217616427314813,0.0,0.18574093141851852,low,14606.00205932,0.0106815605555555,192.26809,17807.73191,18000.0,0.9893184394444445,0.013351950694444444,0.9893184394444444,0.0,0.0,0.0,0.0,0.0,0.0,0.0,0.0,0.0,0.0,0.0,0.0,0.0,
HCF283E,0.16477937090444447,0.20597421363055557,0.0,0.16477937090444447,low,14379.617205768,0.2525457203333333,4545.822966,13454.177034,18000.0,0.7474542796666668,0.31568215041666664,0.7474542796666667,0.0,0.0,0.0,0.0,0.0,0.0,0.0,0.0,0.0,0.0,0.0,0.0,0.0,
HEC477G,0.16049074570740743,0.20061343213425928,0.0,0.16049074570740743,low,14333.30005364,0.3020298572222222,5436.53743,12563.46257,18000.0,0.6979701427777778,0.3775373215277778,0.6979701427777778,0.0,0.0,0.0,0.0,0.0,0.0,0.0,0.0,0.0,0.0,0.0,0.0,0.0,
HKU340C,0.1354786252214815,0.16934828152685186,0.0,0.1354786252214815,low,14063.169152391998,0.5906312474444444,10631.362454,7368.637546,18000.0,0.4093687525555556,0.7382890593055556,0.40936875255555555,0.0,0.0,0.0,0.0,0.0,0.0,0.0,0.0,0.0,0.0,0.0,0.0,0.0,
HN4160F,0.028296856823703694,0.035371071029629615,0.0,0.028296856823703694,low,12905.606053696,1.4847169672777778,26724.905411,0.0,18000.0,-0.4847169672777778,1.0,0.0,0.0,0.0,0.0,0.0,0.0,0.0,0.0,0.0,0.0,0.0,0.0,0.0,0.0,
J0074334,0.12694782845925925,0.15868478557407406,0.0,0.12694782845925925,low,13971.036547359998,0.6890635177777777,12403.14332,5596.856680000001,18000.0,0.31093648222222225,0.8613293972222221,0.31093648222222225,0.0,0.0,0.0,0.0,0.0,0.0,0.0,0.0,0.0,0.0,0.0,0.0,0.0,
J32BGP,0.18591635534444448,0.23239544418055558,0.0,0.18591635534444448,low,14607.89663772,0.0086574383333333,155.83389,17844.16611,18000.0,0.9913425616666667,0.010821797916666667,0.9913425616666666,0.0,0.0,0.0,0.0,0.0,0.0,0.0,0.0,0.0,0.0,0.0,0.0,0.0,
J45ADU,0.16323358640444446,0.20404198300555557,0.0,0.16323358640444446,low,14362.922733168,0.2703816953333333,4866.870516,13133.129484,18000.0,0.7296183046666667,0.3379771191666667,0.7296183046666667,0.0,0.0,0.0,0.0,0.0,0.0,0.0,0.0,0.0,0.0,0.0,0.0,0.0,
J50AXL,0.16635643297111113,0.2079455412138889,0.0,0.16635643297111113,low,14396.649476088,0.2343488503333333,4218.279305999999,13781.720694,18000.0,0.7656511496666667,0.29293606291666663,0.7656511496666667,0.0,0.0,0.0,0.0,0.0,0.0,0.0,0.0,0.0,0.0,0.0,0.0,0.0,
J55BFW,0.18004959184444447,0.22506198980555556,0.0,0.18004959184444447,low,14544.53559192,0.0763508633333333,1374.31554,16625.68446,18000.0,0.9236491366666667,0.09543857916666668,0.9236491366666667,0.0,0.0,0.0,0.0,0.0,0.0,0.0,0.0,0.0,0.0,0.0,0.0,0.0,
J68BGU,0.18126797293333338,0.2265849661666667,0.0,0.18126797293333338,low,14557.69410768,0.0622926199999999,1121.26716,16878.73284,18000.0,0.9377073800000001,0.07786577500000001,0.93770738,0.0,0.0,0.0,0.0,0.0,0.0,0.0,0.0,0.0,0.0,0.0,0.0,0.0,
J75AUP,0.18495282187407414,0.23119102734259264,0.0,0.18495282187407414,low,14597.490476239998,0.0197751322222222,355.95237999999995,17644.04762,18000.0,0.9802248677777778,0.024718915277777774,0.9802248677777778,0.0,0.0,0.0,0.0,0.0,0.0,0.0,0.0,0.0,0.0,0.0,0.0,0.0,
J75BNH,0.16278380173962967,0.20347975217453707,0.0,0.16278380173962967,low,14358.065058788,0.2755715183888889,4960.287331,13039.712669,18000.0,0.7244284816111111,0.3444643979861111,0.7244284816111112,0.0,0.0,0.0,0.0,0.0,0.0,0.0,0.0,0.0,0.0,0.0,0.0,0.0,
JPL2583,0.17939966520777778,0.2242495815097222,0.0,0.17939966520777778,low,14537.516384244,0.0838500168333333,1509.300303,16490.699697,18000.0,0.9161499831666667,0.10481252104166666,0.9161499831666666,0.0,0.0,0.0,0.0,0.0,0.0,0.0,0.0,0.0,0.0,0.0,0.0,0.0,
K00882,0.12922083055185185,0.1615260381898148,0.0,0.12922083055185185,low,13995.584969959998,0.6628365705555556,11931.05827,6068.9417300000005,18000.0,0.33716342944444444,0.8285457131944444,0.3371634294444445,0.0,0.0,0.0,0.0,0.0,0.0,0.0,0.0,0.0,0.0,0.0,0.0,0.0,
K0088219,0.1847375937777778,0.23092199222222223,0.0,0.1847375937777778,low,14595.166012799998,0.0222585333333333,400.6536,17599.3464,18000.0,0.9777414666666667,0.027823166666666666,0.9777414666666666,0.0,0.0,0.0,0.0,0.0,0.0,0.0,0.0,0.0,0.0,0.0,0.0,0.0,
K0088228,0.1836352434666667,0.22954405433333336,0.0,0.1836352434666667,low,14583.260629440001,0.03497796,629.60328,17370.39672,18000.0,0.96502204,0.04372245,0.96502204,0.0,0.0,0.0,0.0,0.0,0.0,0.0,0.0,0.0,0.0,0.0,0.0,0.0,
K0088237,0.08744830373777776,0.1093103796722222,0.0,0.08744830373777776,low,13544.441680367998,0.9600983728333334,17281.770711,718.229288999999,18000.0,0.039901627166666565,1.0,0.039901627166666606,0.0,0.0,0.0,0.0,0.0,0.0,0.0,0.0,0.0,0.0,0.0,0.0,0.0,
K008854,0.04520687059555553,0.05650858824444441,0.0,0.04520687059555553,low,13088.234202431999,1.3261855881666669,23871.340587,0.0,18000.0,-0.3261855881666669,1.0,0.0,0.0,0.0,0.0,0.0,0.0,0.0,0.0,0.0,0.0,0.0,0.0,0.0,0.0,
K0088915,0.17883693566666667,0.22354616958333332,0.0,0.17883693566666667,low,14531.4389052,0.09034305,1626.1749,16373.8251,18000.0,0.90965695,0.1129288125,0.90965695,0.0,0.0,0.0,0.0,0.0,0.0,0.0,0.0,0.0,0.0,0.0,0.0,0.0,
K009100,0.11681556137777778,0.14601945172222222,0.0,0.11681556137777778,low,13861.60806288,0.8027737783333333,14449.92801,3550.0719900000004,18000.0,0.1972262216666667,1.0,0.19722622166666667,0.0,0.0,0.0,0.0,0.0,0.0,0.0,0.0,0.0,0.0,0.0,0.0,0.0,
K52BEM,0.18551142031851853,0.23188927539814816,0.0,0.18551142031851853,low,14603.52333944,0.0133297655555555,239.93578,17760.06422,18000.0,0.9866702344444445,0.016662206944444445,0.9866702344444445,0.0,0.0,0.0,0.0,0.0,0.0,0.0,0.0,0.0,0.0,0.0,0.0,0.0,
K56BHK,0.15935724617333336,0.19919655771666667,0.0,0.15935724617333336,low,14321.058258672,0.315108698,5671.956564,12328.043436,18000.0,0.684891302,0.3938858725,0.684891302,0.0,0.0,0.0,0.0,0.0,0.0,0.0,0.0,0.0,0.0,0.0,0.0,0.0,
K72ADJ,0.18340384144444447,0.22925480180555557,0.0,0.18340384144444447,low,14580.761487599999,0.0376479833333333,677.6637000000001,17322.3363,18000.0,0.9623520166666667,0.04705997916666667,0.9623520166666666,0.0,0.0,0.0,0.0,0.0,0.0,0.0,0.0,0.0,0.0,0.0,0.0,0.0,
K74BDK,0.18355752275962967,0.22944690344953708,0.0,0.18355752275962967,low,14582.421245803998,0.0358747373888888,645.745273,17354.254727,18000.0,0.9641252626111112,0.04484342173611111,0.9641252626111111,0.0,0.0,0.0,0.0,0.0,0.0,0.0,0.0,0.0,0.0,0.0,0.0,0.0,
K76BKB,0.18564667515925928,0.2320583439490741,0.0,0.18564667515925928,low,14604.98409172,0.0117691327777777,211.84439,17788.15561,18000.0,0.9882308672222223,0.014711415972222223,0.9882308672222223,0.0,0.0,0.0,0.0,0.0,0.0,0.0,0.0,0.0,0.0,0.0,0.0,0.0,
K95AVE,0.16205430739444443,0.20256788424305552,0.0,0.16205430739444443,low,14350.186519859999,0.2839887608333333,5111.797695,12888.202305,18000.0,0.7160112391666666,0.3549859510416667,0.7160112391666668,0.0,0.0,0.0,0.0,0.0,0.0,0.0,0.0,0.0,0.0,0.0,0.0,0.0,
L0093988,0.17487043792222223,0.2185880474027778,0.0,0.17487043792222223,low,14488.60072956,0.1361103316666666,2449.98597,15550.01403,18000.0,0.8638896683333334,0.17013791458333336,0.8638896683333334,0.0,0.0,0.0,0.0,0.0,0.0,0.0,0.0,0.0,0.0,0.0,0.0,0.0,
L37AZX,0.18571664452962966,0.23214580566203705,0.0,0.18571664452962966,low,14605.73976092,0.0109617938888888,197.31229,17802.68771,18000.0,0.9890382061111112,0.01370224236111111,0.989038206111111,0.0,0.0,0.0,0.0,0.0,0.0,0.0,0.0,0.0,0.0,0.0,0.0,0.0,
L48BKG,0.15609719311444445,0.19512149139305554,0.0,0.15609719311444445,low,14285.849685636,0.3527246948333333,6349.044507,11650.955493,18000.0,0.6472753051666666,0.44090586854166663,0.6472753051666666,0.0,0.0,0.0,0.0,0.0,0.0,0.0,0.0,0.0,0.0,0.0,0.0,0.0,
L57AZT,0.08697385826666669,0.10871732283333335,0.0,0.08697385826666669,low,13539.317669279999,0.962640045,17327.520809999998,672.4791900000018,18000.0,0.037359955,1.0,0.037359955000000104,0.0,0.0,0.0,0.0,0.0,0.0,0.0,0.0,0.0,0.0,0.0,0.0,0.0,
L59AZH,0.1637341107240741,0.2046676384050926,0.0,0.1637341107240741,low,14368.32839582,0.2646064147222222,4762.915465,13237.084535,18000.0,0.7353935852777778,0.3307580184027778,0.7353935852777778,0.0,0.0,0.0,0.0,0.0,0.0,0.0,0.0,0.0,0.0,0.0,0.0,0.0,
L62AYS,0.15968046331000005,0.19960057913750004,0.0,0.15968046331000005,low,14324.549003748,0.3113792695,5604.826851,12395.173149,18000.0,0.6886207305000001,0.389224086875,0.6886207305000001,0.0,0.0,0.0,0.0,0.0,0.0,0.0,0.0,0.0,0.0,0.0,0.0,0.0,
L89ADJ,0.16603074010481483,0.20753842513101853,0.0,0.16603074010481483,low,14393.131993132,0.2381068449444444,4285.923209,13714.076791,18000.0,0.7618931550555557,0.29763355618055554,0.7618931550555555,0.0,0.0,0.0,0.0,0.0,0.0,0.0,0.0,0.0,0.0,0.0,0.0,0.0,
L93AXB,0.18577559230740745,0.2322194903842593,0.0,0.18577559230740745,low,14606.376396919999,0.0102816272222222,185.06929,17814.93071,18000.0,0.9897183727777779,0.012852034027777777,0.9897183727777779,0.0,0.0,0.0,0.0,0.0,0.0,0.0,0.0,0.0,0.0,0.0,0.0,0.0,
L95BCL,0.17832594495555557,0.22290743119444445,0.0,0.17832594495555557,low,14525.92020552,0.0962390966666666,1732.3037399999998,16267.69626,18000.0,0.9037609033333334,0.12029887083333332,0.9037609033333334,0.0,0.0,0.0,0.0,0.0,0.0,0.0,0.0,0.0,0.0,0.0,0.0,0.0,
L95BJV,0.1624222759766667,0.20302784497083334,0.0,0.1624222759766667,low,14354.160580548,0.2797429695,5035.373451,12964.626549,18000.0,0.7202570305,0.34967871187500005,0.7202570305,0.0,0.0,0.0,0.0,0.0,0.0,0.0,0.0,0.0,0.0,0.0,0.0,0.0,
L97BKG,0.16752479577037038,0.20940599471296298,0.0,0.16752479577037038,low,14409.26779432,0.2208677411111111,3975.61934,14024.38066,18000.0,0.7791322588888889,0.2760846763888889,0.7791322588888889,0.0,0.0,0.0,0.0,0.0,0.0,0.0,0.0,0.0,0.0,0.0,0.0,0.0,
LB46144,0.17404326706823703,0.21755408383529629,0.0,0.17404326706823703,low,14479.667284336958,0.1456546107511111,2621.78299352,15378.21700648,18000.0,0.8543453892488889,0.1820682634388889,0.8543453892488888,0.0,0.0,0.0,0.0,0.0,0.0,0.0,0.0,0.0,0.0,0.0,0.0,0.0,
LB46147,0.1830176576874667,0.22877207210933337,0.0,0.1830176576874667,low,14576.59070302464,0.04210394976,757.87109568,17242.12890432,18000.0,0.95789605024,0.052629937200000004,0.95789605024,0.0,0.0,0.0,0.0,0.0,0.0,0.0,0.0,0.0,0.0,0.0,0.0,0.0,
LB46149,0.14159400029084443,0.17699250036355554,0.0,0.14159400029084443,low,14129.215203141119,0.5200692274133334,9361.24609344,8638.75390656,18000.0,0.4799307725866666,0.6500865342666667,0.4799307725866666,0.0,0.0,0.0,0.0,0.0,0.0,0.0,0.0,0.0,0.0,0.0,0.0,0.0,
LB67312,0.1748581869752889,0.21857273371911112,0.0,0.1748581869752889,low,14488.46841933312,0.1362516887466666,2452.53039744,15547.46960256,18000.0,0.8637483112533334,0.17031461093333333,0.8637483112533334,0.0,0.0,0.0,0.0,0.0,0.0,0.0,0.0,0.0,0.0,0.0,0.0,0.0,
LB82663,0.14783401428693335,0.18479251785866668,0.0,0.14783401428693335,low,14196.60735429888,0.44806906592,8065.24318656,9934.75681344,18000.0,0.55193093408,0.5600863324,0.55193093408,0.0,0.0,0.0,0.0,0.0,0.0,0.0,0.0,0.0,0.0,0.0,0.0,0.0,
LC33620,0.14186765386382225,0.1773345673297778,0.0,0.14186765386382225,low,14132.17066172928,0.5169116861866667,9304.41035136,8695.58964864,18000.0,0.4830883138133333,0.6461396077333333,0.48308831381333334,0.0,0.0,0.0,0.0,0.0,0.0,0.0,0.0,0.0,0.0,0.0,0.0,0.0,
LC33624,0.13851637300622224,0.1731454662577778,0.0,0.13851637300622224,low,14095.976828467199,0.5555803114666666,10000.4456064,7999.554393599999,18000.0,0.44441968853333336,0.6944753893333334,0.44441968853333325,0.0,0.0,0.0,0.0,0.0,0.0,0.0,0.0,0.0,0.0,0.0,0.0,0.0,
LC33626,0.1407572003534222,0.17594650044177776,0.0,0.1407572003534222,low,14120.177763816959,0.5297246113066667,9535.04300352,8464.95699648,18000.0,0.4702753886933333,0.6621557641333333,0.4702753886933333,0.0,0.0,0.0,0.0,0.0,0.0,0.0,0.0,0.0,0.0,0.0,0.0,0.0,
LE16176,0.15015000118074073,0.18768750147592592,0.0,0.15015000118074073,low,14221.620012751999,0.4213461402222223,7584.230524,10415.769476,18000.0,0.5786538597777777,0.5266826752777778,0.5786538597777777,0.0,0.0,0.0,0.0,0.0,0.0,0.0,0.0,0.0,0.0,0.0,0.0,0.0,
LE17532,0.17017489177111111,0.2127186147138889,0.0,0.17017489177111111,low,14437.888831128,0.1902897103333333,3425.214786,14574.785214,18000.0,0.8097102896666667,0.23786213791666666,0.8097102896666667,0.0,0.0,0.0,0.0,0.0,0.0,0.0,0.0,0.0,0.0,0.0,0.0,0.0,
LE41033,0.17916400613140743,0.22395500766425927,0.0,0.17916400613140743,low,14534.9712662192,0.0865691600222222,1558.2448804,16441.7551196,18000.0,0.9134308399777777,0.10821145002777778,0.9134308399777777,0.0,0.0,0.0,0.0,0.0,0.0,0.0,0.0,0.0,0.0,0.0,0.0,0.0,
LE73329,0.16405360270592592,0.20506700338240738,0.0,0.16405360270592592,low,14371.778909223998,0.2609199687777778,4696.559438,13303.440562,18000.0,0.7390800312222222,0.32614996097222226,0.7390800312222222,0.0,0.0,0.0,0.0,0.0,0.0,0.0,0.0,0.0,0.0,0.0,0.0,0.0,
LF28206,0.16613482571222227,0.2076685321402778,0.0,0.16613482571222227,low,14394.256117692,0.2369058571666666,4264.305429,13735.694571,18000.0,0.7630941428333334,0.29613232145833335,0.7630941428333333,0.0,0.0,0.0,0.0,0.0,0.0,0.0,0.0,0.0,0.0,0.0,0.0,0.0,
LF63372,0.14913317255137779,0.18641646568922224,0.0,0.14913317255137779,low,14210.63826355488,0.4330787782533333,7795.41800856,10204.58199144,18000.0,0.5669212217466667,0.5413484728166666,0.5669212217466667,0.0,0.0,0.0,0.0,0.0,0.0,0.0,0.0,0.0,0.0,0.0,0.0,0.0,
LF95269,0.1420355363037037,0.1775444203796296,0.0,0.1420355363037037,low,14133.983792079998,0.5149745811111112,9269.54246,8730.45754,18000.0,0.48502541888888884,0.643718226388889,0.48502541888888884,0.0,0.0,0.0,0.0,0.0,0.0,0.0,0.0,0.0,0.0,0.0,0.0,0.0,
LG14267,0.15673280816666668,0.19591601020833335,0.0,0.15673280816666668,low,14292.7143282,0.345390675,6217.03215,11782.96785,18000.0,0.654609325,0.43173834375,0.654609325,0.0,0.0,0.0,0.0,0.0,0.0,0.0,0.0,0.0,0.0,0.0,0.0,0.0,
LG58472,0.15072548137655553,0.1884068517206944,0.0,0.15072548137655553,low,14227.835198866798,0.4147059841166666,7464.7077141,10535.2922859,18000.0,0.5852940158833334,0.5183824801458333,0.5852940158833333,0.0,0.0,0.0,0.0,0.0,0.0,0.0,0.0,0.0,0.0,0.0,0.0,0.0,
LG58491,0.14830197340684445,0.18537746675855557,0.0,0.14830197340684445,low,14201.66131279392,0.4426695376133333,7968.05167704,10031.94832296,18000.0,0.5573304623866667,0.5533369220166666,0.5573304623866666,0.0,0.0,0.0,0.0,0.0,0.0,0.0,0.0,0.0,0.0,0.0,0.0,0.0,
LGG763B,0.16312314740333334,0.20390393425416664,0.0,0.16312314740333334,low,14361.729991956,0.2716559915,4889.807847,13110.192153,18000.0,0.7283440084999999,0.339569989375,0.7283440085,0.0,0.0,0.0,0.0,0.0,0.0,0.0,0.0,0.0,0.0,0.0,0.0,0.0,
LGJ732B,0.09961505681333338,0.12451882101666671,0.0,0.09961505681333338,low,13675.842613584,0.8949193384999998,16108.548092999998,1891.4519070000024,18000.0,0.10508066150000017,1.0,0.10508066150000013,0.0,0.0,0.0,0.0,0.0,0.0,0.0,0.0,0.0,0.0,0.0,0.0,0.0,
LGM538A,0.15949715782592594,0.1993714472824074,0.0,0.15949715782592594,low,14322.569304519999,0.3134943327777778,5642.89799,12357.10201,18000.0,0.6865056672222223,0.39186791597222226,0.6865056672222223,0.0,0.0,0.0,0.0,0.0,0.0,0.0,0.0,0.0,0.0,0.0,0.0,0.0,
LGX501B,0.17338838842592597,0.21673548553240743,0.0,0.17338838842592597,low,14472.594594999999,0.1532109027777777,2757.79625,15242.20375,18000.0,0.8467890972222223,0.19151362847222222,0.8467890972222223,0.0,0.0,0.0,0.0,0.0,0.0,0.0,0.0,0.0,0.0,0.0,0.0,0.0,
LHJ272C,0.18645908894037042,0.233073861175463,0.0,0.18645908894037042,low,14613.758160555999,0.0023951276111111,43.112297,17956.887703,18000.0,0.997604872388889,0.002993909513888889,0.997604872388889,0.0,0.0,0.0,0.0,0.0,0.0,0.0,0.0,0.0,0.0,0.0,0.0,0.0,
LHL900C,0.16043473255925927,0.20054341569907408,0.0,0.16043473255925927,low,14332.69511164,0.3026761627777778,5448.17093,12551.82907,18000.0,0.6973238372222221,0.3783452034722222,0.6973238372222222,0.0,0.0,0.0,0.0,0.0,0.0,0.0,0.0,0.0,0.0,0.0,0.0,0.0,
LHN874B,0.16234511415888891,0.20293139269861113,0.0,0.16234511415888891,low,14353.327232915999,0.2806332981666666,5051.399366999999,12948.600633000002,18000.0,0.7193667018333334,0.35079162270833325,0.7193667018333334,0.0,0.0,0.0,0.0,0.0,0.0,0.0,0.0,0.0,0.0,0.0,0.0,0.0,
LHT976A,0.18612142601111112,0.23265178251388888,0.0,0.18612142601111112,low,14610.11140092,0.0062912383333333,113.24229,17886.75771,18000.0,0.9937087616666667,0.007864047916666667,0.9937087616666668,0.0,0.0,0.0,0.0,0.0,0.0,0.0,0.0,0.0,0.0,0.0,0.0,0.0,
LHY326B,0.1628102045855556,0.20351275573194447,0.0,0.1628102045855556,low,14358.350209524,0.2752668701666666,4954.803663,13045.196337,18000.0,0.7247331298333334,0.3440835877083333,0.7247331298333333,0.0,0.0,0.0,0.0,0.0,0.0,0.0,0.0,0.0,0.0,0.0,0.0,0.0,
LKC143B,0.15809524838000003,0.19761906047500002,0.0,0.15809524838000003,low,14307.428682504,0.3296702109999999,5934.063797999999,12065.936202,18000.0,0.6703297890000002,0.41208776374999995,0.6703297890000001,0.0,0.0,0.0,0.0,0.0,0.0,0.0,0.0,0.0,0.0,0.0,0.0,0.0,
LKE361A,0.16043544013962963,0.20054430017453703,0.0,0.16043544013962963,low,14332.702753508,0.3026679983888889,5448.0239710000005,12551.976029,18000.0,0.6973320016111111,0.37833499798611114,0.6973320016111111,0.0,0.0,0.0,0.0,0.0,0.0,0.0,0.0,0.0,0.0,0.0,0.0,0.0,
LKH469A,0.1568784880444445,0.19609811005555558,0.0,0.1568784880444445,low,14294.28767088,0.3437097533333333,6186.77556,11813.22444,18000.0,0.6562902466666667,0.4296371916666667,0.6562902466666667,0.0,0.0,0.0,0.0,0.0,0.0,0.0,0.0,0.0,0.0,0.0,0.0,0.0,
LKS335C,0.18333137712851855,0.22916422141064816,0.0,0.18333137712851855,low,14579.978872987998,0.0384841100555555,692.713981,17307.286019,18000.0,0.9615158899444445,0.04810513756944444,0.9615158899444444,0.0,0.0,0.0,0.0,0.0,0.0,0.0,0.0,0.0,0.0,0.0,0.0,0.0,
LKX660B,0.17946013377851855,0.2243251672231482,0.0,0.17946013377851855,low,14538.169444808,0.0831523025555555,1496.741446,16503.258554,18000.0,0.9168476974444445,0.10394037819444445,0.9168476974444445,0.0,0.0,0.0,0.0,0.0,0.0,0.0,0.0,0.0,0.0,0.0,0.0,0.0,
LLG870A,0.17735917106666668,0.22169896383333335,0.0,0.17735917106666668,low,14515.479047519999,0.1073941799999999,1933.09524,16066.90476,18000.0,0.8926058200000001,0.134242725,0.89260582,0.0,0.0,0.0,0.0,0.0,0.0,0.0,0.0,0.0,0.0,0.0,0.0,0.0,
LLK145A,0.14268865570493333,0.17836081963116665,0.0,0.14268865570493333,low,14141.037481613279,0.5074385880200001,9133.89458436,8866.10541564,18000.0,0.4925614119799999,0.6342982350249999,0.49256141198000003,0.0,0.0,0.0,0.0,0.0,0.0,0.0,0.0,0.0,0.0,0.0,0.0,0.0,
LLZ105A,0.16136785849037039,0.20170982311296295,0.0,0.16136785849037039,low,14342.772871696,0.2919093251111111,5254.367852,12745.632148,18000.0,0.7080906748888889,0.3648866563888889,0.7080906748888889,0.0,0.0,0.0,0.0,0.0,0.0,0.0,0.0,0.0,0.0,0.0,0.0,0.0,
LMA529B,0.18331357830851855,0.22914197288564817,0.0,0.18331357830851855,low,14579.786645732,0.0386894810555555,696.410659,17303.589341,18000.0,0.9613105189444445,0.04836185131944445,0.9613105189444444,0.0,0.0,0.0,0.0,0.0,0.0,0.0,0.0,0.0,0.0,0.0,0.0,0.0,
LMB124C,0.17772584173851852,0.22215730217314814,0.0,0.17772584173851852,low,14519.439090775999,0.1031633645555555,1856.940562,16143.059438,18000.0,0.8968366354444445,0.12895420569444443,0.8968366354444445,0.0,0.0,0.0,0.0,0.0,0.0,0.0,0.0,0.0,0.0,0.0,0.0,0.0,
LMF593A,0.18065279928333336,0.2258159991041667,0.0,0.18065279928333336,low,14551.050232259999,0.0693907775,1249.033995,16750.966005,18000.0,0.9306092225,0.086738471875,0.9306092224999999,0.0,0.0,0.0,0.0,0.0,0.0,0.0,0.0,0.0,0.0,0.0,0.0,0.0,
LMF749A,0.15888126766407407,0.19860158458009258,0.0,0.15888126766407407,low,14315.917690772,0.3206007577222222,5770.813639,12229.186361,18000.0,0.6793992422777778,0.40075094715277776,0.6793992422777778,0.0,0.0,0.0,0.0,0.0,0.0,0.0,0.0,0.0,0.0,0.0,0.0,0.0,
LMG569A,0.15478171987407408,0.1934771498425926,0.0,0.15478171987407408,low,14271.642574639998,0.3679032322222222,6622.25818,11377.74182,18000.0,0.6320967677777778,0.45987904027777776,0.6320967677777778,0.0,0.0,0.0,0.0,0.0,0.0,0.0,0.0,0.0,0.0,0.0,0.0,0.0,
LMM734A,0.14824573626195556,0.18530717032744445,0.0,0.14824573626195556,low,14201.05395162912,0.4433184277466667,7979.731699440001,10020.26830056,18000.0,0.5566815722533334,0.5541480346833334,0.5566815722533333,0.0,0.0,0.0,0.0,0.0,0.0,0.0,0.0,0.0,0.0,0.0,0.0,0.0,
LMN574A,0.18611679993703706,0.2326459999212963,0.0,0.18611679993703706,low,14610.06143932,0.0063446161111111,114.20309,17885.79691,18000.0,0.9936553838888889,0.007930770138888888,0.993655383888889,0.0,0.0,0.0,0.0,0.0,0.0,0.0,0.0,0.0,0.0,0.0,0.0,0.0,
LMS927B,0.15636493891888892,0.19545617364861112,0.0,0.15636493891888892,low,14288.741340323999,0.3496353201666666,6293.435763,11706.564237,18000.0,0.6503646798333333,0.43704415020833337,0.6503646798333333,0.0,0.0,0.0,0.0,0.0,0.0,0.0,0.0,0.0,0.0,0.0,0.0,0.0,
LMU573B,0.15835039588444444,0.19793799485555555,0.0,0.15835039588444444,low,14310.184275552,0.3267262013333333,5881.071624,12118.928376,18000.0,0.6732737986666667,0.40840775166666665,0.6732737986666667,0.0,0.0,0.0,0.0,0.0,0.0,0.0,0.0,0.0,0.0,0.0,0.0,0.0,
LPB973A,0.18096864990740746,0.2262108123842593,0.0,0.18096864990740746,low,14554.461419,0.0657463472222222,1183.43425,16816.56575,18000.0,0.9342536527777778,0.08218293402777778,0.9342536527777778,0.0,0.0,0.0,0.0,0.0,0.0,0.0,0.0,0.0,0.0,0.0,0.0,0.0,
LPM957A,0.1747119544792593,0.2183899430990741,0.0,0.1747119544792593,low,14486.889108375999,0.1379389867777777,2482.901762,15517.098238,18000.0,0.8620610132222223,0.17242373347222223,0.8620610132222223,0.0,0.0,0.0,0.0,0.0,0.0,0.0,0.0,0.0,0.0,0.0,0.0,0.0,
LPM957A,0.17425918326185186,0.2178239790773148,0.0,0.17425918326185186,low,14481.999179228,0.1431632700555555,2576.938861,15423.061139,18000.0,0.8568367299444445,0.17895408756944445,0.8568367299444444,0.0,0.0,0.0,0.0,0.0,0.0,0.0,0.0,0.0,0.0,0.0,0.0,0.0,
LRK797A,0.17911554656777778,0.22389443320972222,0.0,0.17911554656777778,low,14534.447902932,0.0871283088333333,1568.309559,16431.690441,18000.0,0.9128716911666667,0.10891038604166667,0.9128716911666666,0.0,0.0,0.0,0.0,0.0,0.0,0.0,0.0,0.0,0.0,0.0,0.0,0.0,
LRN332A,0.18562296652962965,0.23202870816203705,0.0,0.18562296652962965,low,14604.72803852,0.0120426938888888,216.76849,17783.23151,18000.0,0.9879573061111112,0.015053367361111111,0.9879573061111112,0.0,0.0,0.0,0.0,0.0,0.0,0.0,0.0,0.0,0.0,0.0,0.0,0.0,
LRS739A,0.1608764614514815,0.20109557681435186,0.0,0.1608764614514815,low,14337.465783676,0.2975792909444444,5356.427237000001,12643.572763,18000.0,0.7024207090555556,0.3719741136805556,0.7024207090555555,0.0,0.0,0.0,0.0,0.0,0.0,0.0,0.0,0.0,0.0,0.0,0.0,0.0,
LRV034B,0.18571317497407408,0.2321414687175926,0.0,0.18571317497407408,low,14605.702289719999,0.0110018272222222,198.03289,17801.96711,18000.0,0.9889981727777778,0.013752284027777778,0.9889981727777779,0.0,0.0,0.0,0.0,0.0,0.0,0.0,0.0,0.0,0.0,0.0,0.0,0.0,
LRV397A,0.16177957846666668,0.20222447308333336,0.0,0.16177957846666668,low,14347.219447439998,0.28715871,5168.85678,12831.14322,18000.0,0.7128412900000001,0.3589483875,0.71284129,0.0,0.0,0.0,0.0,0.0,0.0,0.0,0.0,0.0,0.0,0.0,0.0,0.0,
LSA232A,0.16264849947777782,0.20331062434722225,0.0,0.16264849947777782,low,14356.60379436,0.2771326983333333,4988.38857,13011.61143,18000.0,0.7228673016666667,0.34641587291666665,0.7228673016666667,0.0,0.0,0.0,0.0,0.0,0.0,0.0,0.0,0.0,0.0,0.0,0.0,0.0,
LSC039A,0.18590747008518518,0.23238433760648147,0.0,0.18590747008518518,low,14607.80067692,0.0087599605555555,157.67928999999998,17842.32071,18000.0,0.9912400394444445,0.010949950694444443,0.9912400394444444,0.0,0.0,0.0,0.0,0.0,0.0,0.0,0.0,0.0,0.0,0.0,0.0,0.0,
LSG918A,0.18411725459222222,0.23014656824027777,0.0,0.18411725459222222,low,14588.466349596,0.0294162931666666,529.493277,17470.506723,18000.0,0.9705837068333334,0.036770366458333335,0.9705837068333333,0.0,0.0,0.0,0.0,0.0,0.0,0.0,0.0,0.0,0.0,0.0,0.0,0.0,
LTY048A,0.16020886522925926,0.20026108153657407,0.0,0.16020886522925926,low,14330.255744475999,0.3052823242777778,5495.081837000001,12504.918162999998,18000.0,0.6947176757222222,0.38160290534722224,0.6947176757222221,0.0,0.0,0.0,0.0,0.0,0.0,0.0,0.0,0.0,0.0,0.0,0.0,0.0,
LUB299B,0.1554267577066667,0.19428344713333334,0.0,0.1554267577066667,low,14278.608983232,0.360460488,6488.288784,11511.711216,18000.0,0.639539512,0.45057561,0.639539512,0.0,0.0,0.0,0.0,0.0,0.0,0.0,0.0,0.0,0.0,0.0,0.0,0.0,
LUC775A,0.16723400097074076,0.20904250121342594,0.0,0.16723400097074076,low,14406.127210483999,0.2242230657222222,4036.015183,13963.984817,18000.0,0.7757769342777778,0.28027883215277777,0.7757769342777778,0.0,0.0,0.0,0.0,0.0,0.0,0.0,0.0,0.0,0.0,0.0,0.0,0.0,
LUE056A,0.16641641856296296,0.2080205232037037,0.0,0.16641641856296296,low,14397.29732048,0.2336567088888888,4205.82076,13794.17924,18000.0,0.7663432911111112,0.2920708861111111,0.7663432911111111,0.0,0.0,0.0,0.0,0.0,0.0,0.0,0.0,0.0,0.0,0.0,0.0,0.0,
LUG097B,0.15103144547222225,0.1887893068402778,0.0,0.15103144547222225,low,14231.1396111,0.4111756291666666,7401.161325,10598.838675,18000.0,0.5888243708333334,0.5139695364583333,0.5888243708333334,0.0,0.0,0.0,0.0,0.0,0.0,0.0,0.0,0.0,0.0,0.0,0.0,0.0,
LUJ963A,0.07259505488,0.09074381859999998,0.0,0.07259505488,low,13384.026592703998,1.0694213605,19249.584489,0.0,18000.0,-0.06942136050000003,1.0,0.0,0.0,0.0,0.0,0.0,0.0,0.0,0.0,0.0,0.0,0.0,0.0,0.0,0.0,
LUK295A,0.1840923316181482,0.23011541452268522,0.0,0.1840923316181482,low,14588.197181476,0.0297038659444444,534.669587,17465.330413,18000.0,0.9702961340555556,0.03712983243055555,0.9702961340555556,0.0,0.0,0.0,0.0,0.0,0.0,0.0,0.0,0.0,0.0,0.0,0.0,0.0,
LUP764B,0.1577607122059259,0.1972008902574074,0.0,0.1577607122059259,low,14303.815691823998,0.3335302437777778,6003.544388,11996.455612,18000.0,0.6664697562222222,0.41691280472222225,0.6664697562222222,0.0,0.0,0.0,0.0,0.0,0.0,0.0,0.0,0.0,0.0,0.0,0.0,0.0,
LUY792A,0.18384181871481486,0.22980227339351855,0.0,0.18384181871481486,low,14585.49164212,0.0325943994444444,586.6991899999999,17413.30081,18000.0,0.9674056005555556,0.04074299930555555,0.9674056005555556,0.0,0.0,0.0,0.0,0.0,0.0,0.0,0.0,0.0,0.0,0.0,0.0,0.0,
LVA200C,0.17595942161407407,0.2199492770175926,0.0,0.17595942161407407,low,14500.361753431998,0.1235451352222222,2223.812434,15776.187566,18000.0,0.8764548647777778,0.15443141902777777,0.8764548647777778,0.0,0.0,0.0,0.0,0.0,0.0,0.0,0.0,0.0,0.0,0.0,0.0,0.0,
LVJ213A,0.1581705176,0.19771314699999998,0.0,0.1581705176,low,14308.241590079999,0.32880172,5918.430960000001,12081.569039999998,18000.0,0.67119828,0.41100215000000007,0.6711982799999999,0.0,0.0,0.0,0.0,0.0,0.0,0.0,0.0,0.0,0.0,0.0,0.0,0.0,
LVS956A,0.16133821301111112,0.2016727662638889,0.0,0.16133821301111112,low,14342.45270052,0.2922513883333333,5260.52499,12739.47501,18000.0,0.7077486116666667,0.36531423541666663,0.7077486116666667,0.0,0.0,0.0,0.0,0.0,0.0,0.0,0.0,0.0,0.0,0.0,0.0,0.0,
LWM663A,0.16511502503037037,0.20639378128796296,0.0,0.16511502503037037,low,14383.242270327999,0.2486727881111111,4476.110186,13523.889814,18000.0,0.751327211888889,0.31084098513888886,0.7513272118888888,0.0,0.0,0.0,0.0,0.0,0.0,0.0,0.0,0.0,0.0,0.0,0.0,0.0,
LWP774A,0.18586057904185183,0.23232572380231478,0.0,0.18586057904185183,low,14607.294253651999,0.0093010110555555,167.418199,17832.581801,18000.0,0.9906989889444445,0.011626263819444444,0.9906989889444444,0.0,0.0,0.0,0.0,0.0,0.0,0.0,0.0,0.0,0.0,0.0,0.0,0.0,
LWT662A,0.18574781848629635,0.23218477310787042,0.0,0.18574781848629635,low,14606.076439651999,0.0106020943888888,190.837699,17809.162301,18000.0,0.9893979056111112,0.01325261798611111,0.9893979056111111,0.0,0.0,0.0,0.0,0.0,0.0,0.0,0.0,0.0,0.0,0.0,0.0,0.0,
LWY580A,0.1325228916277778,0.16565361453472224,0.0,0.1325228916277778,low,14031.24722958,0.6247358658333333,11245.245585,6754.754414999999,18000.0,0.3752641341666667,0.7809198322916667,0.37526413416666665,0.0,0.0,0.0,0.0,0.0,0.0,0.0,0.0,0.0,0.0,0.0,0.0,0.0,
LWZ452A,0.1511575996677778,0.18894699958472225,0.0,0.1511575996677778,low,14232.502076411998,0.4097200038333333,7374.960069,10625.039931,18000.0,0.5902799961666667,0.5121500047916666,0.5902799961666666,0.0,0.0,0.0,0.0,0.0,0.0,0.0,0.0,0.0,0.0,0.0,0.0,0.0,
LXL030A,0.15845209504814817,0.19806511881018518,0.0,0.15845209504814817,low,14311.282626519998,0.3255527494444444,5859.94949,12140.05051,18000.0,0.6744472505555557,0.40694093680555554,0.6744472505555555,0.0,0.0,0.0,0.0,0.0,0.0,0.0,0.0,0.0,0.0,0.0,0.0,0.0,
LXL539A,0.16411690729888886,0.20514613412361107,0.0,0.16411690729888886,low,14372.462598827999,0.2601895311666666,4683.411561,13316.588439,18000.0,0.7398104688333333,0.3252369139583333,0.7398104688333332,0.0,0.0,0.0,0.0,0.0,0.0,0.0,0.0,0.0,0.0,0.0,0.0,0.0,
LYC130B,0.17606588932222222,0.22008236165277775,0.0,0.17606588932222222,low,14501.51160468,0.1223166616666666,2201.69991,15798.30009,18000.0,0.8776833383333333,0.15289582708333332,0.8776833383333333,0.0,0.0,0.0,0.0,0.0,0.0,0.0,0.0,0.0,0.0,0.0,0.0,0.0,
LYD851A,0.16958934320000002,0.211986679,0.0,0.16958934320000002,low,14431.56490656,0.19704604,3546.82872,14453.17128,18000.0,0.80295396,0.24630755,0.8029539600000001,0.0,0.0,0.0,0.0,0.0,0.0,0.0,0.0,0.0,0.0,0.0,0.0,0.0,
LYD932B,0.1615566315048148,0.2019457893810185,0.0,0.1615566315048148,low,14344.811620252,0.2897311749444444,5215.1611490000005,12784.838851,18000.0,0.7102688250555556,0.3621639686805556,0.7102688250555556,0.0,0.0,0.0,0.0,0.0,0.0,0.0,0.0,0.0,0.0,0.0,0.0,0.0,
LYX364A,0.15756613633333336,0.19695767041666667,0.0,0.15756613633333336,low,14301.7142724,0.33577535,6043.9563,11956.0437,18000.0,0.66422465,0.4197191875,0.66422465,0.0,0.0,0.0,0.0,0.0,0.0,0.0,0.0,0.0,0.0,0.0,0.0,0.0,
LZG813A,0.1835804817562963,0.22947560219537036,0.0,0.1835804817562963,low,14582.669202967998,0.0356098258888888,640.976866,17359.023134,18000.0,0.9643901741111112,0.04451228236111111,0.964390174111111,0.0,0.0,0.0,0.0,0.0,0.0,0.0,0.0,0.0,0.0,0.0,0.0,0.0,
LZW205B,0.15416927855925924,0.19271159819907405,0.0,0.15416927855925924,low,14265.028208439999,0.3749698627777778,6749.457530000001,11250.54247,18000.0,0.6250301372222222,0.4687123284722223,0.6250301372222222,0.0,0.0,0.0,0.0,0.0,0.0,0.0,0.0,0.0,0.0,0.0,0.0,0.0,
M00623,0.15963363852333334,0.19954204815416668,0.0,0.15963363852333334,low,14324.043296052,0.3119195554999999,5614.551998999999,12385.448001,18000.0,0.6880804445000002,0.38989944437499996,0.6880804445,0.0,0.0,0.0,0.0,0.0,0.0,0.0,0.0,0.0,0.0,0.0,0.0,0.0,
M02696,0.15191528593333337,0.18989410741666668,0.0,0.15191528593333337,low,14240.68508808,0.40097747,7217.59446,10782.40554,18000.0,0.59902253,0.5012218375,0.5990225299999999,0.0,0.0,0.0,0.0,0.0,0.0,0.0,0.0,0.0,0.0,0.0,0.0,0.0,
M05ADW,0.1856449403814815,0.23205617547685187,0.0,0.1856449403814815,low,14604.96535612,0.0117891494444444,212.20469,17787.79531,18000.0,0.9882108505555556,0.014736436805555555,0.9882108505555556,0.0,0.0,0.0,0.0,0.0,0.0,0.0,0.0,0.0,0.0,0.0,0.0,0.0,
M07BKD,0.15999962323333333,0.19999952904166665,0.0,0.15999962323333333,low,14327.99593092,0.307696655,5538.53979,12461.46021,18000.0,0.692303345,0.38462081875,0.692303345,0.0,0.0,0.0,0.0,0.0,0.0,0.0,0.0,0.0,0.0,0.0,0.0,0.0,
M10ASM,0.1589912046388889,0.19873900579861112,0.0,0.1589912046388889,low,14317.1050101,0.3193322541666667,5747.9805750000005,12252.019425,18000.0,0.6806677458333332,0.39916531770833336,0.6806677458333333,0.0,0.0,0.0,0.0,0.0,0.0,0.0,0.0,0.0,0.0,0.0,0.0,0.0,
M30AFK,0.17781326696000005,0.22226658370000005,0.0,0.17781326696000005,low,14520.383283168,0.1021546119999999,1838.783016,16161.216984,18000.0,0.8978453880000001,0.127693265,0.897845388,0.0,0.0,0.0,0.0,0.0,0.0,0.0,0.0,0.0,0.0,0.0,0.0,0.0,
M76BDV,0.18622298600740742,0.23277873250925926,0.0,0.18622298600740742,low,14611.208248879999,0.0051193922222222,92.14906,17907.85094,18000.0,0.9948806077777778,0.006399240277777778,0.9948806077777778,0.0,0.0,0.0,0.0,0.0,0.0,0.0,0.0,0.0,0.0,0.0,0.0,0.0,
M88BHK,0.16337973535592595,0.20422466919490742,0.0,0.16337973535592595,low,14364.501141843999,0.2686953612777777,4836.516503,13163.483497,18000.0,0.7313046387222223,0.3358692015972222,0.7313046387222222,0.0,0.0,0.0,0.0,0.0,0.0,0.0,0.0,0.0,0.0,0.0,0.0,0.0,
M90632,0.12730155205555557,0.15912694006944444,0.0,0.12730155205555557,low,13974.8567622,0.6849820916666667,12329.67765,5670.32235,18000.0,0.3150179083333333,0.8562276145833333,0.3150179083333334,0.0,0.0,0.0,0.0,0.0,0.0,0.0,0.0,0.0,0.0,0.0,0.0,0.0,
MAF974B,0.18079613610370368,0.22599517012962958,0.0,0.18079613610370368,low,14552.598269919998,0.0677368911111111,1219.26404,16780.735959999998,18000.0,0.9322631088888889,0.08467111388888889,0.9322631088888887,0.0,0.0,0.0,0.0,0.0,0.0,0.0,0.0,0.0,0.0,0.0,0.0,0.0,
MAT739C,0.1843011121237037,0.23037639015462963,0.0,0.1843011121237037,low,14590.452010936,0.0272948601111111,491.3074820000001,17508.692518,18000.0,0.9727051398888888,0.0341185751388889,0.9727051398888888,0.0,0.0,0.0,0.0,0.0,0.0,0.0,0.0,0.0,0.0,0.0,0.0,0.0,
MAW556B,0.1512872823088889,0.18910910288611113,0.0,0.1512872823088889,low,14233.902648935999,0.4082236656666667,7348.025982,10651.974018,18000.0,0.5917763343333333,0.5102795820833333,0.5917763343333334,0.0,0.0,0.0,0.0,0.0,0.0,0.0,0.0,0.0,0.0,0.0,0.0,0.0,
MBB284A,0.17175468753074075,0.21469335941342593,0.0,0.17175468753074075,low,14454.950625332,0.1720612977222222,3097.103359,14902.896641,18000.0,0.8279387022777778,0.21507662215277779,0.8279387022777778,0.0,0.0,0.0,0.0,0.0,0.0,0.0,0.0,0.0,0.0,0.0,0.0,0.0,
MBC922B,0.1626183212874074,0.20327290160925926,0.0,0.1626183212874074,low,14356.277869903999,0.2774809082222222,4994.656348,13005.343652,18000.0,0.7225190917777777,0.34685113527777783,0.7225190917777777,0.0,0.0,0.0,0.0,0.0,0.0,0.0,0.0,0.0,0.0,0.0,0.0,0.0,
MBF355C,0.17839510242777779,0.22299387803472223,0.0,0.17839510242777779,low,14526.66710622,0.0954411258333333,1717.940265,16282.059735,18000.0,0.9045588741666667,0.11930140729166666,0.9045588741666667,0.0,0.0,0.0,0.0,0.0,0.0,0.0,0.0,0.0,0.0,0.0,0.0,0.0,
MBH168A,0.18520138661666669,0.23150173327083334,0.0,0.18520138661666669,low,14600.174975459999,0.0169070775,304.327395,17695.672605,18000.0,0.9830929225,0.021133846875,0.9830929225,0.0,0.0,0.0,0.0,0.0,0.0,0.0,0.0,0.0,0.0,0.0,0.0,0.0,
MBK588A,0.16053791911555557,0.20067239889444444,0.0,0.16053791911555557,low,14333.809526448,0.3014855486666666,5426.739876,12573.260124,18000.0,0.6985144513333335,0.3768569358333333,0.6985144513333333,0.0,0.0,0.0,0.0,0.0,0.0,0.0,0.0,0.0,0.0,0.0,0.0,0.0,
MCJ666A,0.18427807955185188,0.23034759943981484,0.0,0.18427807955185188,low,14590.20325916,0.0275606205555555,496.09117,17503.90883,18000.0,0.9724393794444445,0.03445077569444444,0.9724393794444445,0.0,0.0,0.0,0.0,0.0,0.0,0.0,0.0,0.0,0.0,0.0,0.0,0.0,
MCJ790B,0.18192817899259262,0.22741022374074074,0.0,0.18192817899259262,low,14564.824333120001,0.0546748577777777,984.14744,17015.85256,18000.0,0.9453251422222223,0.06834357222222222,0.9453251422222222,0.0,0.0,0.0,0.0,0.0,0.0,0.0,0.0,0.0,0.0,0.0,0.0,0.0,
MCZ173A,0.17982090973037038,0.22477613716296296,0.0,0.17982090973037038,low,14542.065825088,0.0789895031111111,1421.811056,16578.188944,18000.0,0.9210104968888889,0.0987368788888889,0.9210104968888889,0.0,0.0,0.0,0.0,0.0,0.0,0.0,0.0,0.0,0.0,0.0,0.0,0.0,
MDC441A,0.18134130367037038,0.22667662958796297,0.0,0.18134130367037038,low,14558.486079639999,0.0614464961111111,1106.03693,16893.96307,18000.0,0.9385535038888889,0.0768081201388889,0.938553503888889,0.0,0.0,0.0,0.0,0.0,0.0,0.0,0.0,0.0,0.0,0.0,0.0,0.0,
MDE922A,0.18484956720740742,0.23106195900925927,0.0,0.18484956720740742,low,14596.37532584,0.0209665322222222,377.39758,17622.60242,18000.0,0.9790334677777778,0.02620816527777778,0.9790334677777778,0.0,0.0,0.0,0.0,0.0,0.0,0.0,0.0,0.0,0.0,0.0,0.0,0.0,
MDF887A,0.16319335071111113,0.2039916883888889,0.0,0.16319335071111113,low,14362.48818768,0.2708459533333333,4875.22716,13124.77284,18000.0,0.7291540466666667,0.3385574416666667,0.7291540466666666,0.0,0.0,0.0,0.0,0.0,0.0,0.0,0.0,0.0,0.0,0.0,0.0,0.0,
MDX643A,0.18444564802555555,0.23055706003194443,0.0,0.18444564802555555,low,14592.012998675998,0.0256271381666666,461.288487,17538.711513,18000.0,0.9743728618333334,0.03203392270833333,0.9743728618333333,0.0,0.0,0.0,0.0,0.0,0.0,0.0,0.0,0.0,0.0,0.0,0.0,0.0,
MES414A,0.18347809469999998,0.22934761837499998,0.0,0.18347809469999998,low,14581.563422759999,0.0367912149999999,662.24187,17337.75813,18000.0,0.9632087850000001,0.04598901875,0.963208785,0.0,0.0,0.0,0.0,0.0,0.0,0.0,0.0,0.0,0.0,0.0,0.0,0.0,
MES443A,0.18567500986296298,0.2320937623287037,0.0,0.18567500986296298,low,14605.29010652,0.0114421938888888,205.95949,17794.04051,18000.0,0.9885578061111112,0.01430274236111111,0.9885578061111111,0.0,0.0,0.0,0.0,0.0,0.0,0.0,0.0,0.0,0.0,0.0,0.0,0.0,
MET467A,0.15896554200333335,0.19870692750416666,0.0,0.15896554200333335,low,14316.827853636,0.3196283615,5753.310507,12246.689493,18000.0,0.6803716385,0.399535451875,0.6803716385,0.0,0.0,0.0,0.0,0.0,0.0,0.0,0.0,0.0,0.0,0.0,0.0,0.0,
MFK307A,0.18135567281111112,0.2266945910138889,0.0,0.18135567281111112,low,14558.64126636,0.0612806983333333,1103.0525699999998,16896.94743,18000.0,0.9387193016666667,0.07660087291666666,0.9387193016666667,0.0,0.0,0.0,0.0,0.0,0.0,0.0,0.0,0.0,0.0,0.0,0.0,0.0,
MFL068A,0.1556206639877778,0.19452582998472223,0.0,0.1556206639877778,low,14280.703171067998,0.3582231078333334,6448.015941000001,11551.984059,18000.0,0.6417768921666667,0.4477788847916667,0.6417768921666667,0.0,0.0,0.0,0.0,0.0,0.0,0.0,0.0,0.0,0.0,0.0,0.0,0.0,
MFN464A,0.15722430400074075,0.19653038000092593,0.0,0.15722430400074075,low,14298.022483208,0.3397195692222222,6114.952246,11885.047754,18000.0,0.6602804307777779,0.42464946152777777,0.6602804307777778,0.0,0.0,0.0,0.0,0.0,0.0,0.0,0.0,0.0,0.0,0.0,0.0,0.0,
MFR854B,0.16039863196370371,0.20049828995462962,0.0,0.16039863196370371,low,14332.305225208,0.3030927081111111,5455.668746,12544.331254,18000.0,0.6969072918888889,0.3788658851388889,0.6969072918888889,0.0,0.0,0.0,0.0,0.0,0.0,0.0,0.0,0.0,0.0,0.0,0.0,0.0,
MFR854B,0.1604970708814815,0.20062133860185186,0.0,0.1604970708814815,low,14333.368365519998,0.3019568744444444,5435.223739999999,12564.77626,18000.0,0.6980431255555556,0.37744609305555554,0.6980431255555556,0.0,0.0,0.0,0.0,0.0,0.0,0.0,0.0,0.0,0.0,0.0,0.0,0.0,
MGS123A,0.1841016820703704,0.23012710258796298,0.0,0.1841016820703704,low,14588.29816636,0.0295959761111111,532.72757,17467.27243,18000.0,0.9704040238888889,0.03699497013888889,0.9704040238888889,0.0,0.0,0.0,0.0,0.0,0.0,0.0,0.0,0.0,0.0,0.0,0.0,0.0,
MGU109A,0.16561417958333335,0.20701772447916666,0.0,0.16561417958333335,low,14388.6331395,0.2429133125,4372.439625,13627.560375,18000.0,0.7570866875,0.303641640625,0.7570866875,0.0,0.0,0.0,0.0,0.0,0.0,0.0,0.0,0.0,0.0,0.0,0.0,0.0,
MGU724A,0.16762159387465925,0.20952699234332406,0.0,0.16762159387465925,low,14410.313213846319,0.2197508399077778,3955.51511834,14044.48488166,18000.0,0.7802491600922222,0.2746885498847222,0.7802491600922222,0.0,0.0,0.0,0.0,0.0,0.0,0.0,0.0,0.0,0.0,0.0,0.0,0.0,
MGY297A,0.15077888145517782,0.18847360181897224,0.0,0.15077888145517782,low,14228.41191971592,0.4140898293633334,7453.616928540001,10546.38307146,18000.0,0.5859101706366666,0.5176122867041667,0.5859101706366667,0.0,0.0,0.0,0.0,0.0,0.0,0.0,0.0,0.0,0.0,0.0,0.0,0.0,
MHB508A,0.16289410777,0.20361763471249997,0.0,0.16289410777,low,14359.256363916,0.2742987565,4937.377617,13062.622383,18000.0,0.7257012435,0.342873445625,0.7257012435,0.0,0.0,0.0,0.0,0.0,0.0,0.0,0.0,0.0,0.0,0.0,0.0,0.0,
MHC436A,0.1561408925566667,0.19517611569583335,0.0,0.1561408925566667,low,14286.321639611999,0.3522204705,6339.968469,11660.031531,18000.0,0.6477795295,0.440275588125,0.6477795295000001,0.0,0.0,0.0,0.0,0.0,0.0,0.0,0.0,0.0,0.0,0.0,0.0,0.0,
MHJ174B,0.17819696112222225,0.2227462014027778,0.0,0.17819696112222225,low,14524.52718012,0.0977273716666666,1759.09269,16240.90731,18000.0,0.9022726283333334,0.12215921458333333,0.9022726283333333,0.0,0.0,0.0,0.0,0.0,0.0,0.0,0.0,0.0,0.0,0.0,0.0,0.0,
MHN831B,0.16797162165733337,0.20996452707166668,0.0,0.16797162165733337,low,14414.093513899199,0.2157120578,3882.8170404,14117.1829596,18000.0,0.7842879422,0.26964007225000003,0.7842879422000001,0.0,0.0,0.0,0.0,0.0,0.0,0.0,0.0,0.0,0.0,0.0,0.0,0.0,
MJA605A,0.1550774525118519,0.19384681563981485,0.0,0.1550774525118519,low,14274.836487128,0.3644909325555555,6560.836786,11439.163214,18000.0,0.6355090674444446,0.45561366569444445,0.6355090674444445,0.0,0.0,0.0,0.0,0.0,0.0,0.0,0.0,0.0,0.0,0.0,0.0,0.0,
MJJ069A,0.15421422641584445,0.19276778301980554,0.0,0.15421422641584445,low,14265.51364529112,0.3744512336633333,6740.12220594,11259.87779406,18000.0,0.6255487663366667,0.46806404207916663,0.6255487663366667,0.0,0.0,0.0,0.0,0.0,0.0,0.0,0.0,0.0,0.0,0.0,0.0,0.0,
MJS110B,0.1608403795711111,0.20105047446388888,0.0,0.1608403795711111,low,14337.076099368,0.2979956203333333,5363.921166,12636.078834,18000.0,0.7020043796666666,0.37249452541666667,0.7020043796666666,0.0,0.0,0.0,0.0,0.0,0.0,0.0,0.0,0.0,0.0,0.0,0.0,0.0,
MJV798B,0.1849853295777778,0.23123166197222222,0.0,0.1849853295777778,low,14597.84155944,0.0194000433333333,349.20078,17650.79922,18000.0,0.9805999566666667,0.024250054166666667,0.9805999566666667,0.0,0.0,0.0,0.0,0.0,0.0,0.0,0.0,0.0,0.0,0.0,0.0,0.0,
MKA084B,0.15648332081888888,0.1956041510236111,0.0,0.15648332081888888,low,14290.019864844,0.3482693751666667,6268.848753,11731.151247,18000.0,0.6517306248333333,0.43533671895833337,0.6517306248333333,0.0,0.0,0.0,0.0,0.0,0.0,0.0,0.0,0.0,0.0,0.0,0.0,0.0,
MKH203A,0.15159264019105925,0.18949080023882406,0.0,0.15159264019105925,low,14237.20051406344,0.4047003054877778,7284.605498780001,10715.394501219998,18000.0,0.5952996945122222,0.5058753818597223,0.5952996945122221,0.0,0.0,0.0,0.0,0.0,0.0,0.0,0.0,0.0,0.0,0.0,0.0,0.0,
MKM030B,0.16945834648393332,0.21182293310491665,0.0,0.16945834648393332,low,14430.15014202648,0.19855754057,3574.03573026,14425.96426974,18000.0,0.80144245943,0.24819692571250002,0.8014424594299999,0.0,0.0,0.0,0.0,0.0,0.0,0.0,0.0,0.0,0.0,0.0,0.0,0.0,
MMJ562A,0.16914715870592592,0.2114339483824074,0.0,0.16914715870592592,low,14426.789314023998,0.2021481687777777,3638.667038,14361.332962,18000.0,0.7978518312222223,0.25268521097222224,0.7978518312222223,0.0,0.0,0.0,0.0,0.0,0.0,0.0,0.0,0.0,0.0,0.0,0.0,0.0,
MMW997A,0.1858178399,0.23227229987499998,0.0,0.1858178399,low,14606.83267092,0.009794155,176.29479,17823.70521,18000.0,0.990205845,0.01224269375,0.990205845,0.0,0.0,0.0,0.0,0.0,0.0,0.0,0.0,0.0,0.0,0.0,0.0,0.0,
MMX820A,0.18447633624444448,0.23059542030555558,0.0,0.18447633624444448,low,14592.344431439999,0.0252730433333333,454.9147799999999,17545.08522,18000.0,0.9747269566666668,0.03159130416666666,0.9747269566666668,0.0,0.0,0.0,0.0,0.0,0.0,0.0,0.0,0.0,0.0,0.0,0.0,0.0,
MMY372A,0.11333265254666668,0.14166581568333333,0.0,0.11333265254666668,low,13823.992647504001,0.8214322185,14785.779933,3214.220067,18000.0,0.17856778149999997,1.0,0.17856778150000002,0.0,0.0,0.0,0.0,0.0,0.0,0.0,0.0,0.0,0.0,0.0,0.0,0.0,
MMZ579A,0.16326196274666666,0.2040774534333333,0.0,0.16326196274666666,low,14363.229197663997,0.270054276,4860.976968,13139.023032,18000.0,0.729945724,0.337567845,0.7299457239999999,0.0,0.0,0.0,0.0,0.0,0.0,0.0,0.0,0.0,0.0,0.0,0.0,0.0,
MNA244B,0.18095827051962965,0.22619783814953706,0.0,0.18095827051962965,low,14554.349321611999,0.0658661093888889,1185.589969,16814.410031,18000.0,0.9341338906111111,0.08233263673611112,0.9341338906111111,0.0,0.0,0.0,0.0,0.0,0.0,0.0,0.0,0.0,0.0,0.0,0.0,0.0,
MNC154A,0.15902127264703705,0.1987765908087963,0.0,0.15902127264703705,low,14317.429744588,0.3189853156111111,5741.735681,12258.264319,18000.0,0.6810146843888889,0.39873164451388887,0.6810146843888889,0.0,0.0,0.0,0.0,0.0,0.0,0.0,0.0,0.0,0.0,0.0,0.0,0.0,
MNR321A,0.15878935486666668,0.19848669358333335,0.0,0.15878935486666668,low,14314.92503256,0.32166129,5789.90322,12210.09678,18000.0,0.67833871,0.4020766125,0.67833871,0.0,0.0,0.0,0.0,0.0,0.0,0.0,0.0,0.0,0.0,0.0,0.0,0.0,
MNW3118,0.18133194165296296,0.2266649270662037,0.0,0.18133194165296296,low,14558.384969851999,0.0615545193888888,1107.981349,16892.018651,18000.0,0.9384454806111112,0.0769431492361111,0.938445480611111,0.0,0.0,0.0,0.0,0.0,0.0,0.0,0.0,0.0,0.0,0.0,0.0,0.0,
MPX066A,0.15924888554000002,0.199061106925,0.0,0.15924888554000002,low,14319.887963832,0.316359013,5694.4622340000005,12305.537766,18000.0,0.683640987,0.39544876625000003,0.683640987,0.0,0.0,0.0,0.0,0.0,0.0,0.0,0.0,0.0,0.0,0.0,0.0,0.0,
MRH677A,0.1826294166485185,0.2282867708106481,0.0,0.1826294166485185,low,14572.397699804,0.0465836540555555,838.505773,17161.494227,18000.0,0.9534163459444445,0.058229567569444446,0.9534163459444444,0.0,0.0,0.0,0.0,0.0,0.0,0.0,0.0,0.0,0.0,0.0,0.0,0.0,
MRZ643A,0.16872448847814817,0.2109056105976852,0.0,0.16872448847814817,low,14422.224475564,0.2070251329444444,3726.452393,14273.547607,18000.0,0.7929748670555556,0.25878141618055556,0.7929748670555555,0.0,0.0,0.0,0.0,0.0,0.0,0.0,0.0,0.0,0.0,0.0,0.0,0.0,
MSE625B,0.1651389403166667,0.20642367539583337,0.0,0.1651389403166667,low,14383.500555419998,0.2483968424999999,4471.143165,13528.856835,18000.0,0.7516031575000001,0.310496053125,0.7516031575000001,0.0,0.0,0.0,0.0,0.0,0.0,0.0,0.0,0.0,0.0,0.0,0.0,0.0,
MSP256A,0.15588715140185183,0.1948589392523148,0.0,0.15588715140185183,low,14283.58123514,0.3551482530555556,6392.668555,11607.331445,18000.0,0.6448517469444444,0.44393531631944444,0.6448517469444445,0.0,0.0,0.0,0.0,0.0,0.0,0.0,0.0,0.0,0.0,0.0,0.0,0.0,
MSR447A,0.15532362800004446,0.19415453500005556,0.0,0.15532362800004446,low,14277.495182400478,0.3616504461533333,6509.708030760001,11490.29196924,18000.0,0.6383495538466667,0.4520630576916667,0.6383495538466666,0.0,0.0,0.0,0.0,0.0,0.0,0.0,0.0,0.0,0.0,0.0,0.0,0.0,
MST069A,0.1556238313703704,0.19452978921296296,0.0,0.1556238313703704,low,14280.7373788,0.3581865611111111,6447.3581,11552.6419,18000.0,0.641813438888889,0.4477332013888889,0.6418134388888889,0.0,0.0,0.0,0.0,0.0,0.0,0.0,0.0,0.0,0.0,0.0,0.0,0.0,
MSV2246,0.15873318220370372,0.19841647775462964,0.0,0.15873318220370372,low,14314.3183678,0.3223094361111111,5801.56985,12198.43015,18000.0,0.6776905638888888,0.40288679513888886,0.6776905638888889,0.0,0.0,0.0,0.0,0.0,0.0,0.0,0.0,0.0,0.0,0.0,0.0,0.0,
MTC009A,0.17270157504037043,0.215876968800463,0.0,0.17270157504037043,low,14465.177010436,0.1611356726111111,2900.442107,15099.557893,18000.0,0.8388643273888889,0.20141959076388888,0.8388643273888888,0.0,0.0,0.0,0.0,0.0,0.0,0.0,0.0,0.0,0.0,0.0,0.0,0.0,
MTE9565,0.1581686449399852,0.1977108061749815,0.0,0.1581686449399852,low,14308.22136535184,0.3288233276155555,5918.81989708,12081.18010292,18000.0,0.6711766723844446,0.41102915951944446,0.6711766723844445,0.0,0.0,0.0,0.0,0.0,0.0,0.0,0.0,0.0,0.0,0.0,0.0,0.0,
MTH187A,0.1575450382481482,0.19693129781018523,0.0,0.1575450382481482,low,14301.48641308,0.3360187894444444,6048.33821,11951.66179,18000.0,0.6639812105555556,0.42002348680555557,0.6639812105555556,0.0,0.0,0.0,0.0,0.0,0.0,0.0,0.0,0.0,0.0,0.0,0.0,0.0,
MUE429B,0.15514618061111854,0.19393272576389817,0.0,0.15514618061111854,low,14275.57875060008,0.3636979160255555,6546.56248846,11453.43751154,18000.0,0.6363020839744444,0.45462239503194446,0.6363020839744444,0.0,0.0,0.0,0.0,0.0,0.0,0.0,0.0,0.0,0.0,0.0,0.0,0.0,
MUN882A,0.18632439501111112,0.2329054937638889,0.0,0.18632439501111112,low,14612.30346612,0.0039492883333333,71.08718999999999,17928.91281,18000.0,0.9960507116666667,0.004936610416666667,0.9960507116666668,0.0,0.0,0.0,0.0,0.0,0.0,0.0,0.0,0.0,0.0,0.0,0.0,0.0,
MUS763B,0.1861543347455556,0.23269291843194448,0.0,0.1861543347455556,low,14610.466815251999,0.0059115221666666,106.407399,17893.592601,18000.0,0.9940884778333334,0.007389402708333334,0.9940884778333333,0.0,0.0,0.0,0.0,0.0,0.0,0.0,0.0,0.0,0.0,0.0,0.0,0.0,
MVB471B,0.18324353660518516,0.22905442075648144,0.0,0.18324353660518516,low,14579.030195335998,0.0394976545555555,710.957782,17289.042218,18000.0,0.9605023454444445,0.04937206819444444,0.9605023454444443,0.0,0.0,0.0,0.0,0.0,0.0,0.0,0.0,0.0,0.0,0.0,0.0,0.0,
MVD212A,0.16402054794777776,0.2050256849347222,0.0,0.16402054794777776,low,14371.421917836,0.2613013698333333,4703.424657,13296.575343,18000.0,0.7386986301666667,0.3266267122916666,0.7386986301666667,0.0,0.0,0.0,0.0,0.0,0.0,0.0,0.0,0.0,0.0,0.0,0.0,0.0,
MVJ595A,0.18416061825407412,0.23020077281759263,0.0,0.18416061825407412,low,14588.934677144,0.0289159432222222,520.486978,17479.513022,18000.0,0.9710840567777778,0.03614492902777778,0.9710840567777778,0.0,0.0,0.0,0.0,0.0,0.0,0.0,0.0,0.0,0.0,0.0,0.0,0.0,
MVJ923A,0.056451562541866666,0.07056445317733333,0.0,0.056451562541866666,low,13209.67687545216,1.22076660117,21973.79882106,0.0,18000.0,-0.22076660117000002,1.0,0.0,0.0,0.0,0.0,0.0,0.0,0.0,0.0,0.0,0.0,0.0,0.0,0.0,0.0,
MVN795A,0.18189215344074075,0.22736519180092593,0.0,0.18189215344074075,low,14564.435257159997,0.0550905372222222,991.62967,17008.37033,18000.0,0.9449094627777778,0.06886317152777778,0.9449094627777779,0.0,0.0,0.0,0.0,0.0,0.0,0.0,0.0,0.0,0.0,0.0,0.0,0.0,
MVR221B,0.1511583204461334,0.18894790055766672,0.0,0.1511583204461334,low,14232.50986081824,0.40971168716,7374.810368880001,10625.18963112,18000.0,0.59028831284,0.5121396089500001,0.5902883128399999,0.0,0.0,0.0,0.0,0.0,0.0,0.0,0.0,0.0,0.0,0.0,0.0,0.0,
MVR221B,0.15137359570633335,0.18921699463291666,0.0,0.15137359570633335,low,14234.8348336284,0.40722774185,7330.099353300001,10669.9006467,18000.0,0.59277225815,0.5090346773125001,0.59277225815,0.0,0.0,0.0,0.0,0.0,0.0,0.0,0.0,0.0,0.0,0.0,0.0,0.0,
MVY284A,0.15375536096666667,0.19219420120833333,0.0,0.15375536096666667,low,14260.557898439998,0.379745835,6835.42503,11164.57497,18000.0,0.620254165,0.47468229375000004,0.620254165,0.0,0.0,0.0,0.0,0.0,0.0,0.0,0.0,0.0,0.0,0.0,0.0,0.0,
MVY555B,0.15755933094888894,0.19694916368611115,0.0,0.15755933094888894,low,14301.640774248,0.3358538736666666,6045.369726,11954.630274,18000.0,0.6641461263333335,0.4198173420833333,0.6641461263333333,0.0,0.0,0.0,0.0,0.0,0.0,0.0,0.0,0.0,0.0,0.0,0.0,0.0,
MWM963A,0.1859971002703704,0.23249637533796297,0.0,0.1859971002703704,low,14608.76868292,0.0077257661111111,139.06379,17860.93621,18000.0,0.9922742338888889,0.009657207638888889,0.9922742338888889,0.0,0.0,0.0,0.0,0.0,0.0,0.0,0.0,0.0,0.0,0.0,0.0,0.0,
MWP074B,0.15365983216148152,0.1920747902018519,0.0,0.15365983216148152,low,14259.526187344,0.3808480904444444,6855.265628,11144.734372,18000.0,0.6191519095555555,0.47606011305555557,0.6191519095555555,0.0,0.0,0.0,0.0,0.0,0.0,0.0,0.0,0.0,0.0,0.0,0.0,0.0,
MWT540A,0.18486662654888894,0.23108328318611115,0.0,0.18486662654888894,low,14596.559566728,0.0207696936666666,373.854486,17626.145514,18000.0,0.9792303063333334,0.025962117083333333,0.9792303063333333,0.0,0.0,0.0,0.0,0.0,0.0,0.0,0.0,0.0,0.0,0.0,0.0,0.0,
MWW205A,0.17919650826148148,0.22399563532685185,0.0,0.17919650826148148,low,14535.322289224,0.0861941354444444,1551.494438,16448.505562,18000.0,0.9138058645555556,0.10774266930555555,0.9138058645555555,0.0,0.0,0.0,0.0,0.0,0.0,0.0,0.0,0.0,0.0,0.0,0.0,0.0,
MXD890B,0.1590071650037037,0.1987589562546296,0.0,0.1590071650037037,low,14317.27738204,0.3191480961111111,5744.66573,12255.33427,18000.0,0.6808519038888889,0.3989351201388889,0.6808519038888888,0.0,0.0,0.0,0.0,0.0,0.0,0.0,0.0,0.0,0.0,0.0,0.0,0.0,
MXD895A,0.16432720461555558,0.20540900576944446,0.0,0.16432720461555558,low,14374.733809848,0.2577630236666666,4639.734426,13360.265574,18000.0,0.7422369763333334,0.32220377958333335,0.7422369763333333,0.0,0.0,0.0,0.0,0.0,0.0,0.0,0.0,0.0,0.0,0.0,0.0,0.0,
MXG194A,0.18313140929407412,0.22891426161759262,0.0,0.18313140929407412,low,14577.819220375999,0.0407914312222222,734.245762,17265.754238,18000.0,0.9592085687777778,0.05098928902777778,0.9592085687777778,0.0,0.0,0.0,0.0,0.0,0.0,0.0,0.0,0.0,0.0,0.0,0.0,0.0,
MXH354A,0.18290485309888893,0.22863106637361116,0.0,0.18290485309888893,low,14575.372413468,0.0434055411666666,781.2997409999999,17218.700259,18000.0,0.9565944588333334,0.05425692645833333,0.9565944588333334,0.0,0.0,0.0,0.0,0.0,0.0,0.0,0.0,0.0,0.0,0.0,0.0,0.0,
MXM893A,0.16587225440851852,0.20734031801064814,0.0,0.16587225440851852,low,14391.420347612,0.2399355260555555,4318.839469,13681.160531,18000.0,0.7600644739444445,0.2999194075694444,0.7600644739444444,0.0,0.0,0.0,0.0,0.0,0.0,0.0,0.0,0.0,0.0,0.0,0.0,0.0,
MXU8000,0.17115156595925926,0.21393945744907406,0.0,0.17115156595925926,low,14448.436912359999,0.1790203927777778,3222.36707,14777.63293,18000.0,0.8209796072222222,0.2237754909722222,0.8209796072222222,0.0,0.0,0.0,0.0,0.0,0.0,0.0,0.0,0.0,0.0,0.0,0.0,0.0,
MYU919B,0.18487011345222223,0.23108764181527777,0.0,0.18487011345222223,low,14596.597225283998,0.0207294601666666,373.130283,17626.869717,18000.0,0.9792705398333335,0.025911825208333336,0.9792705398333335,0.0,0.0,0.0,0.0,0.0,0.0,0.0,0.0,0.0,0.0,0.0,0.0,0.0,
MYZ280A,0.18502626080000004,0.23128282600000002,0.0,0.18502626080000004,low,14598.283616640001,0.01892776,340.69968,17659.30032,18000.0,0.98107224,0.0236597,0.9810722399999999,0.0,0.0,0.0,0.0,0.0,0.0,0.0,0.0,0.0,0.0,0.0,0.0,0.0,
MYZ409A,0.18564725341851854,0.23205906677314816,0.0,0.18564725341851854,low,14604.990336919998,0.0117624605555555,211.72429,17788.27571,18000.0,0.9882375394444445,0.014703075694444444,0.9882375394444446,0.0,0.0,0.0,0.0,0.0,0.0,0.0,0.0,0.0,0.0,0.0,0.0,0.0,
MZB912A,0.16189524277925926,0.20236905347407408,0.0,0.16189524277925926,low,14348.468622016,0.2858241217777778,5144.834192,12855.165808,18000.0,0.7141758782222223,0.35728015222222226,0.7141758782222222,0.0,0.0,0.0,0.0,0.0,0.0,0.0,0.0,0.0,0.0,0.0,0.0,0.0,
MZM886B,0.1749578607314815,0.21869732591435187,0.0,0.1749578607314815,low,14489.544895899999,0.1351016069444444,2431.828925,15568.171075,18000.0,0.8648983930555556,0.16887700868055555,0.8648983930555556,0.0,0.0,0.0,0.0,0.0,0.0,0.0,0.0,0.0,0.0,0.0,0.0,0.0,
MZU169A,0.18566143256666667,0.23207679070833334,0.0,0.18566143256666667,low,14605.143471719999,0.011598855,208.77939,17791.22061,18000.0,0.988401145,0.014498568750000001,0.988401145,0.0,0.0,0.0,0.0,0.0,0.0,0.0,0.0,0.0,0.0,0.0,0.0,0.0,
MZV5006,0.16174758128355554,0.2021844766044444,0.0,0.16174758128355554,low,14346.8738778624,0.2875279082666667,5175.502348800001,12824.4976512,18000.0,0.7124720917333334,0.3594098853333334,0.7124720917333333,0.0,0.0,0.0,0.0,0.0,0.0,0.0,0.0,0.0,0.0,0.0,0.0,0.0,
MZY949B,0.18554434061814817,0.23193042577268522,0.0,0.18554434061814817,low,14603.878878676,0.0129499159444444,233.098487,17766.901513,18000.0,0.9870500840555556,0.016187394930555557,0.9870500840555556,0.0,0.0,0.0,0.0,0.0,0.0,0.0,0.0,0.0,0.0,0.0,0.0,0.0,
N22BAK,0.18435991070000002,0.230449888375,0.0,0.18435991070000002,low,14591.08703556,0.026616415,479.09547,17520.90453,18000.0,0.973383585,0.03327051875,0.973383585,0.0,0.0,0.0,0.0,0.0,0.0,0.0,0.0,0.0,0.0,0.0,0.0,0.0,
N28BEP,0.15966194859925928,0.19957743574907408,0.0,0.15966194859925928,low,14324.349044872,0.3115929007777778,5608.672214,12391.327786,18000.0,0.6884070992222222,0.38949112597222224,0.6884070992222222,0.0,0.0,0.0,0.0,0.0,0.0,0.0,0.0,0.0,0.0,0.0,0.0,0.0,
N5611894,-0.3902329946666667,-0.48779124333333335,0.0,-0.3902329946666667,low,8385.483657599998,5.408434325,97351.81785,0.0,18000.0,-4.408434325,1.0,0.0,0.0,0.0,0.0,0.0,0.0,0.0,0.0,0.0,0.0,0.0,0.0,0.0,0.0,
N66BJB,0.15872924200000002,0.1984115525,0.0,0.15872924200000002,low,14314.2758136,0.3223548999999999,5802.388199999999,12197.6118,18000.0,0.6776451000000001,0.40294362499999997,0.6776451,0.0,0.0,0.0,0.0,0.0,0.0,0.0,0.0,0.0,0.0,0.0,0.0,0.0,
N66BPK,0.16122411005148152,0.20153013756435187,0.0,0.16122411005148152,low,14341.220388556,0.2935679609444444,5284.223297,12715.776703,18000.0,0.7064320390555556,0.3669599511805555,0.7064320390555555,0.0,0.0,0.0,0.0,0.0,0.0,0.0,0.0,0.0,0.0,0.0,0.0,0.0,
N82AMJ,0.1815740819351852,0.2269676024189815,0.0,0.1815740819351852,low,14561.000084899999,0.0587605930555555,1057.690675,16942.309325,18000.0,0.9412394069444445,0.07345074131944444,0.9412394069444443,0.0,0.0,0.0,0.0,0.0,0.0,0.0,0.0,0.0,0.0,0.0,0.0,0.0,
N86BHC,0.18504636900740742,0.23130796125925926,0.0,0.18504636900740742,low,14598.500785279999,0.0186957422222222,336.52336,17663.47664,18000.0,0.9813042577777777,0.023369677777777778,0.9813042577777779,0.0,0.0,0.0,0.0,0.0,0.0,0.0,0.0,0.0,0.0,0.0,0.0,0.0,
NA000010,-0.8273531201185185,-1.034191400148148,0.0,-0.8273531201185185,low,3664.5863027200007,9.50643550111111,171115.83901999998,0.0,18000.0,-8.50643550111111,1.0,0.0,0.0,0.0,0.0,0.0,0.0,0.0,0.0,0.0,0.0,0.0,0.0,0.0,0.0,
NA000011,-0.4840164320296297,-0.6050205400370371,0.0,-0.4840164320296297,low,7372.622534079999,6.287654050277777,113177.772905,0.0,18000.0,-5.287654050277777,1.0,0.0,0.0,0.0,0.0,0.0,0.0,0.0,0.0,0.0,0.0,0.0,0.0,0.0,0.0,
NA00003,-0.12887194722962966,-0.16108993403703706,0.0,-0.12887194722962966,low,11208.182969919999,2.958174505277778,53247.141095,0.0,18000.0,-1.958174505277778,1.0,0.0,0.0,0.0,0.0,0.0,0.0,0.0,0.0,0.0,0.0,0.0,0.0,0.0,0.0,
NAE825A,0.17730139608148152,0.22162674510185187,0.0,0.17730139608148152,low,14514.85507768,0.1080608144444444,1945.09466,16054.90534,18000.0,0.8919391855555556,0.13507601805555555,0.8919391855555555,0.0,0.0,0.0,0.0,0.0,0.0,0.0,0.0,0.0,0.0,0.0,0.0,0.0,
NAF870A,0.16079992308481483,0.2009999038560185,0.0,0.16079992308481483,low,14336.639169316,0.2984624259444445,5372.323667000001,12627.676333,18000.0,0.7015375740555555,0.3730780324305556,0.7015375740555555,0.0,0.0,0.0,0.0,0.0,0.0,0.0,0.0,0.0,0.0,0.0,0.0,0.0,
NAN301A,0.14801422161851852,0.18501777702314814,0.0,0.14801422161851852,low,14198.55359348,0.4459897505555555,8027.815509999999,9972.18449,18000.0,0.5540102494444445,0.5574871881944444,0.5540102494444444,0.0,0.0,0.0,0.0,0.0,0.0,0.0,0.0,0.0,0.0,0.0,0.0,0.0,
NAR581A,0.1857385605555556,0.23217320069444447,0.0,0.1857385605555556,low,14605.976454,0.0107089166666666,192.7605,17807.2395,18000.0,0.9892910833333334,0.013386145833333333,0.9892910833333333,0.0,0.0,0.0,0.0,0.0,0.0,0.0,0.0,0.0,0.0,0.0,0.0,0.0,
NAV388A,0.15996660047925926,0.19995825059907404,0.0,0.15996660047925926,low,14327.639285176,0.3080776867777777,5545.398361999999,12454.601638,18000.0,0.6919223132222223,0.38509710847222217,0.6919223132222222,0.0,0.0,0.0,0.0,0.0,0.0,0.0,0.0,0.0,0.0,0.0,0.0,0.0,
NBF241A,0.13381499693962962,0.16726874617453702,0.0,0.13381499693962962,low,14045.201966948,0.6098269583888889,10976.885251,7023.114749,18000.0,0.3901730416111111,0.7622836979861111,0.3901730416111111,0.0,0.0,0.0,0.0,0.0,0.0,0.0,0.0,0.0,0.0,0.0,0.0,0.0,
NBH9999,0.18353356960000003,0.22941696200000003,0.0,0.18353356960000003,low,14582.162551679998,0.0361511199999999,650.72016,17349.27984,18000.0,0.9638488800000001,0.0451889,0.9638488799999999,0.0,0.0,0.0,0.0,0.0,0.0,0.0,0.0,0.0,0.0,0.0,0.0,0.0,
NCC4186,0.16950046783333336,0.21187558479166668,0.0,0.16950046783333336,low,14430.6050526,0.198071525,3565.28745,14434.71255,18000.0,0.801928475,0.24758940624999998,0.801928475,0.0,0.0,0.0,0.0,0.0,0.0,0.0,0.0,0.0,0.0,0.0,0.0,0.0,
NCE5193,0.18398169977407408,0.22997712471759257,0.0,0.18398169977407408,low,14587.00235756,0.0309803872222222,557.64697,17442.35303,18000.0,0.9690196127777778,0.03872548402777778,0.9690196127777777,0.0,0.0,0.0,0.0,0.0,0.0,0.0,0.0,0.0,0.0,0.0,0.0,0.0,
NCH8736,0.1813377029111111,0.22667212863888886,0.0,0.1813377029111111,low,14558.447191439998,0.0614880433333333,1106.7847800000002,16893.21522,18000.0,0.9385119566666666,0.07686005416666668,0.9385119566666665,0.0,0.0,0.0,0.0,0.0,0.0,0.0,0.0,0.0,0.0,0.0,0.0,0.0,
NCL746B,0.15633784020222222,0.19542230025277776,0.0,0.15633784020222222,low,14288.448674184,0.3499479976666667,6299.063958,11700.936042,18000.0,0.6500520023333334,0.43743499708333333,0.6500520023333333,0.0,0.0,0.0,0.0,0.0,0.0,0.0,0.0,0.0,0.0,0.0,0.0,0.0,
NCL940A,0.14831437647111112,0.1853929705888889,0.0,0.14831437647111112,low,14201.795265887999,0.4425264253333333,7965.475656,10034.524344,18000.0,0.5574735746666667,0.5531580316666667,0.5574735746666666,0.0,0.0,0.0,0.0,0.0,0.0,0.0,0.0,0.0,0.0,0.0,0.0,0.0,
NCP207B,0.15998560696074077,0.19998200870092595,0.0,0.15998560696074077,low,14327.844555176,0.3078583812222222,5541.450862,12458.549138,18000.0,0.6921416187777778,0.38482297652777775,0.6921416187777778,0.0,0.0,0.0,0.0,0.0,0.0,0.0,0.0,0.0,0.0,0.0,0.0,0.0,
NCT211B,0.16947407163185188,0.21184258953981483,0.0,0.16947407163185188,low,14430.319973624,0.1983760965555555,3570.769738,14429.230262,18000.0,0.8016239034444446,0.24797012069444443,0.8016239034444443,0.0,0.0,0.0,0.0,0.0,0.0,0.0,0.0,0.0,0.0,0.0,0.0,0.0,
NCT2598,0.18408906735185185,0.2301113341898148,0.0,0.18408906735185185,low,14588.161927399999,0.0297415305555555,535.34755,17464.65245,18000.0,0.9702584694444445,0.03717691319444444,0.9702584694444445,0.0,0.0,0.0,0.0,0.0,0.0,0.0,0.0,0.0,0.0,0.0,0.0,0.0,
NCZ4998,0.18565477078888892,0.23206846348611113,0.0,0.18565477078888892,low,14605.071524519999,0.0116757216666666,210.16299,17789.83701,18000.0,0.9883242783333334,0.014594652083333335,0.9883242783333333,0.0,0.0,0.0,0.0,0.0,0.0,0.0,0.0,0.0,0.0,0.0,0.0,0.0,
NDA827B,0.13751236128466668,0.17189045160583336,0.0,0.13751236128466668,low,14085.1335018744,0.5671650621000001,10208.971117800002,7791.028882199998,18000.0,0.43283493789999994,0.7089563276250002,0.43283493789999994,0.0,0.0,0.0,0.0,0.0,0.0,0.0,0.0,0.0,0.0,0.0,0.0,0.0,
NDE466A,0.18568593896296298,0.2321074237037037,0.0,0.18568593896296298,low,14605.4081408,0.0113160888888888,203.6896,17796.3104,18000.0,0.9886839111111112,0.014145111111111112,0.988683911111111,0.0,0.0,0.0,0.0,0.0,0.0,0.0,0.0,0.0,0.0,0.0,0.0,0.0,
NDE730A,0.18617346934444445,0.23271683668055554,0.0,0.18617346934444445,low,14610.673468919998,0.0056907383333333,102.43329,17897.56671,18000.0,0.9943092616666667,0.0071134229166666665,0.9943092616666667,0.0,0.0,0.0,0.0,0.0,0.0,0.0,0.0,0.0,0.0,0.0,0.0,0.0,
NDG818A,0.16080494193222225,0.2010061774152778,0.0,0.16080494193222225,low,14336.693372867998,0.2984045161666666,5371.281290999999,12628.718709,18000.0,0.7015954838333334,0.3730056452083333,0.7015954838333334,0.0,0.0,0.0,0.0,0.0,0.0,0.0,0.0,0.0,0.0,0.0,0.0,0.0,
NDJ498A,0.17912601972407413,0.22390752465509264,0.0,0.17912601972407413,low,14534.561013019998,0.0870074647222222,1566.134365,16433.865635000002,18000.0,0.9129925352777778,0.10875933090277777,0.9129925352777779,0.0,0.0,0.0,0.0,0.0,0.0,0.0,0.0,0.0,0.0,0.0,0.0,0.0,
NDV064A,0.16168151611613335,0.20210189514516666,0.0,0.16168151611613335,low,14346.16037405424,0.28829019866,5189.223575880001,12810.776424119998,18000.0,0.7117098013400001,0.36036274832500004,0.71170980134,0.0,0.0,0.0,0.0,0.0,0.0,0.0,0.0,0.0,0.0,0.0,0.0,0.0,
NDY621A,0.1859859976925926,0.23248249711574076,0.0,0.1859859976925926,low,14608.648775079999,0.0078538727777777,141.36971,17858.63029,18000.0,0.9921461272222223,0.009817340972222222,0.9921461272222223,0.0,0.0,0.0,0.0,0.0,0.0,0.0,0.0,0.0,0.0,0.0,0.0,0.0,
NEE554A,0.16257705334111114,0.2032213166763889,0.0,0.16257705334111114,low,14355.832176084,0.2779570768333333,5003.227383,12996.772617,18000.0,0.7220429231666667,0.3474463460416667,0.7220429231666667,0.0,0.0,0.0,0.0,0.0,0.0,0.0,0.0,0.0,0.0,0.0,0.0,0.0,
NEG316A,0.18216041334222222,0.22770051667777777,0.0,0.18216041334222222,low,14567.332464096,0.0519952306666666,935.914152,17064.085848,18000.0,0.9480047693333334,0.06499403833333332,0.9480047693333332,0.0,0.0,0.0,0.0,0.0,0.0,0.0,0.0,0.0,0.0,0.0,0.0,0.0,
NEJ369A,0.1858254150962963,0.23228176887037036,0.0,0.1858254150962963,low,14606.914483039998,0.0097067488888888,174.72148,17825.27852,18000.0,0.9902932511111112,0.012133436111111113,0.9902932511111111,0.0,0.0,0.0,0.0,0.0,0.0,0.0,0.0,0.0,0.0,0.0,0.0,0.0,
NES3833,0.18306821823925928,0.2288352727990741,0.0,0.18306821823925928,low,14577.136756983999,0.0415205587777777,747.370058,17252.629942,18000.0,0.9584794412222223,0.05190069847222222,0.9584794412222222,0.0,0.0,0.0,0.0,0.0,0.0,0.0,0.0,0.0,0.0,0.0,0.0,0.0,
NFH2748,0.16806823791444447,0.21008529739305556,0.0,0.16806823791444447,low,14415.136969476,0.2145972548333333,3862.750587,14137.249413,18000.0,0.7854027451666667,0.2682465685416667,0.7854027451666666,0.0,0.0,0.0,0.0,0.0,0.0,0.0,0.0,0.0,0.0,0.0,0.0,0.0,
NFH392B,0.10887058377777777,0.1360882297222222,0.0,0.10887058377777777,low,13775.8023048,0.8453361583333333,15216.05085,2783.9491500000004,18000.0,0.1546638416666667,1.0,0.1546638416666667,0.0,0.0,0.0,0.0,0.0,0.0,0.0,0.0,0.0,0.0,0.0,0.0,0.0,
NFN637A,0.18550363694888888,0.2318795461861111,0.0,0.18550363694888888,low,14603.439279047998,0.0134195736666666,241.552326,17758.447674,18000.0,0.9865804263333334,0.016774467083333335,0.9865804263333333,0.0,0.0,0.0,0.0,0.0,0.0,0.0,0.0,0.0,0.0,0.0,0.0,0.0,
NFN693A,0.18198638078703702,0.22748297598379627,0.0,0.18198638078703702,low,14565.452912499999,0.0540032986111111,972.059375,17027.940625,18000.0,0.9459967013888889,0.0675041232638889,0.9459967013888888,0.0,0.0,0.0,0.0,0.0,0.0,0.0,0.0,0.0,0.0,0.0,0.0,0.0,
NFW3006,0.16262417026666667,0.20328021283333333,0.0,0.16262417026666667,low,14356.341038879998,0.2774134199999999,4993.441559999999,13006.55844,18000.0,0.7225865800000001,0.34676677499999997,0.7225865800000001,0.0,0.0,0.0,0.0,0.0,0.0,0.0,0.0,0.0,0.0,0.0,0.0,0.0,
NFZ815A,0.17550577580000004,0.21938221975000002,0.0,0.17550577580000004,low,14495.462378639999,0.1287795099999999,2318.03118,15681.96882,18000.0,0.8712204900000001,0.1609743875,0.87122049,0.0,0.0,0.0,0.0,0.0,0.0,0.0,0.0,0.0,0.0,0.0,0.0,0.0,
NGH1704,0.17675831602592595,0.22094789503240742,0.0,0.17675831602592595,low,14508.98981308,0.1143271227777777,2057.88821,15942.11179,18000.0,0.8856728772222223,0.14290890347222224,0.8856728772222223,0.0,0.0,0.0,0.0,0.0,0.0,0.0,0.0,0.0,0.0,0.0,0.0,0.0,
NGH5846,0.17924037297280002,0.224050466216,0.0,0.17924037297280002,low,14535.796028106239,0.08568800416,1542.38407488,16457.61592512,18000.0,0.91431199584,0.10711000520000001,0.91431199584,0.0,0.0,0.0,0.0,0.0,0.0,0.0,0.0,0.0,0.0,0.0,0.0,0.0,
NGS840A,0.18600866545555558,0.23251083181944446,0.0,0.18600866545555558,low,14608.89358692,0.0075923216666666,136.66179,17863.33821,18000.0,0.9924076783333334,0.009490402083333334,0.9924076783333334,0.0,0.0,0.0,0.0,0.0,0.0,0.0,0.0,0.0,0.0,0.0,0.0,0.0,
NHB290A,0.17318900545185187,0.21648625681481481,0.0,0.17318900545185187,low,14470.441258879999,0.1555114755555555,2799.20656,15200.79344,18000.0,0.8444885244444444,0.19438934444444445,0.8444885244444444,0.0,0.0,0.0,0.0,0.0,0.0,0.0,0.0,0.0,0.0,0.0,0.0,0.0,
NHG251B,0.15663623954444444,0.19579529943055554,0.0,0.15663623954444444,low,14291.67138708,0.3465049283333333,6237.08871,11762.91129,18000.0,0.6534950716666668,0.43313116041666666,0.6534950716666666,0.0,0.0,0.0,0.0,0.0,0.0,0.0,0.0,0.0,0.0,0.0,0.0,0.0,
NHT5940,0.18478339191111112,0.23097923988888888,0.0,0.18478339191111112,low,14595.66063264,0.0217300933333333,391.14168,17608.85832,18000.0,0.9782699066666667,0.027162616666666667,0.9782699066666666,0.0,0.0,0.0,0.0,0.0,0.0,0.0,0.0,0.0,0.0,0.0,0.0,0.0,
NHT9672,0.1843127096740741,0.2303908870925926,0.0,0.1843127096740741,low,14590.57726448,0.0271610422222222,488.89876,17511.10124,18000.0,0.9728389577777778,0.033951302777777775,0.9728389577777777,0.0,0.0,0.0,0.0,0.0,0.0,0.0,0.0,0.0,0.0,0.0,0.0,0.0,
NHU5137,0.16535807231431113,0.2066975903928889,0.0,0.16535807231431113,low,14385.867180994559,0.2458683963733333,4425.63113472,13574.36886528,18000.0,0.7541316036266668,0.30733549546666666,0.7541316036266666,0.0,0.0,0.0,0.0,0.0,0.0,0.0,0.0,0.0,0.0,0.0,0.0,0.0,
NHY2352,0.1857299444925926,0.23216243061574074,0.0,0.1857299444925926,low,14605.88340052,0.0108083327777777,194.54999,17805.45001,18000.0,0.9891916672222223,0.013510415972222222,0.9891916672222223,0.0,0.0,0.0,0.0,0.0,0.0,0.0,0.0,0.0,0.0,0.0,0.0,0.0,
NJA3266,0.16436467266666668,0.20545584083333335,0.0,0.16436467266666668,low,14375.138464799998,0.2573306999999999,4631.9526,13368.0474,18000.0,0.7426693000000001,0.321663375,0.7426693,0.0,0.0,0.0,0.0,0.0,0.0,0.0,0.0,0.0,0.0,0.0,0.0,0.0,
NJB3707,0.14069199641481483,0.17586499551851853,0.0,0.14069199641481483,low,14119.47356128,0.5304769644444444,9548.58536,8451.41464,18000.0,0.46952303555555563,0.6630962055555555,0.4695230355555556,0.0,0.0,0.0,0.0,0.0,0.0,0.0,0.0,0.0,0.0,0.0,0.0,0.0,
NJB4766,0.18534622729629632,0.23168278412037038,0.0,0.18534622729629632,low,14601.739254799999,0.0152358388888888,274.2451,17725.7549,18000.0,0.9847641611111112,0.01904479861111111,0.9847641611111111,0.0,0.0,0.0,0.0,0.0,0.0,0.0,0.0,0.0,0.0,0.0,0.0,0.0,
NJK7453,0.1643404578555556,0.20542557231944447,0.0,0.1643404578555556,low,14374.87694484,0.2576101016666666,4636.98183,13363.01817,18000.0,0.7423898983333335,0.32201262708333334,0.7423898983333334,0.0,0.0,0.0,0.0,0.0,0.0,0.0,0.0,0.0,0.0,0.0,0.0,0.0,
NJT3199,0.18493084802222226,0.2311635600277778,0.0,0.18493084802222226,low,14597.25315864,0.0200286766666666,360.51618,17639.48382,18000.0,0.9799713233333334,0.025035845833333334,0.9799713233333334,0.0,0.0,0.0,0.0,0.0,0.0,0.0,0.0,0.0,0.0,0.0,0.0,0.0,
NJT3798,0.18583433593703708,0.23229291992129633,0.0,0.18583433593703708,low,14607.01082812,0.0096038161111111,172.86869,17827.13131,18000.0,0.990396183888889,0.012004770138888888,0.990396183888889,0.0,0.0,0.0,0.0,0.0,0.0,0.0,0.0,0.0,0.0,0.0,0.0,0.0,
NJU829B,0.18572760832518523,0.23215951040648153,0.0,0.18572760832518523,low,14605.858169911999,0.0108352885555555,195.035194,17804.964806,18000.0,0.9891647114444445,0.013544110694444444,0.9891647114444444,0.0,0.0,0.0,0.0,0.0,0.0,0.0,0.0,0.0,0.0,0.0,0.0,0.0,
NKH7900,0.1555586522159259,0.19444831526990738,0.0,0.1555586522159259,low,14280.033443932,0.3589386282777778,6460.895309,11539.104691,18000.0,0.6410613717222222,0.44867328534722223,0.6410613717222222,0.0,0.0,0.0,0.0,0.0,0.0,0.0,0.0,0.0,0.0,0.0,0.0,0.0,
NKH9513,0.17067089534074076,0.21333861917592592,0.0,0.17067089534074076,low,14443.24566968,0.1845665922222222,3322.19866,14677.80134,18000.0,0.8154334077777778,0.23070824027777778,0.8154334077777777,0.0,0.0,0.0,0.0,0.0,0.0,0.0,0.0,0.0,0.0,0.0,0.0,0.0,
NKK4840,0.17523072242592597,0.21903840303240743,0.0,0.17523072242592597,low,14492.4918022,0.1319532027777777,2375.15765,15624.84235,18000.0,0.8680467972222223,0.16494150347222222,0.8680467972222222,0.0,0.0,0.0,0.0,0.0,0.0,0.0,0.0,0.0,0.0,0.0,0.0,0.0,
NKN3733,0.18653925949259262,0.23317407436574075,0.0,0.18653925949259262,low,14614.624002519999,0.0014700827777777,26.46149,17973.53851,18000.0,0.9985299172222223,0.0018376034722222224,0.9985299172222222,0.0,0.0,0.0,0.0,0.0,0.0,0.0,0.0,0.0,0.0,0.0,0.0,0.0,
NKP6417,0.17650750105555557,0.22063437631944446,0.0,0.17650750105555557,low,14506.281011399999,0.1172211416666666,2109.98055,15890.01945,18000.0,0.8827788583333334,0.14652642708333335,0.8827788583333334,0.0,0.0,0.0,0.0,0.0,0.0,0.0,0.0,0.0,0.0,0.0,0.0,0.0,
NKT1129,0.18571433149259262,0.23214291436574075,0.0,0.18571433149259262,low,14605.714780119999,0.0109884827777777,197.79269,17802.20731,18000.0,0.9890115172222222,0.013735603472222222,0.9890115172222224,0.0,0.0,0.0,0.0,0.0,0.0,0.0,0.0,0.0,0.0,0.0,0.0,0.0,
NKW1174,0.1612944770388889,0.20161809629861113,0.0,0.1612944770388889,low,14341.98035202,0.2927560341666666,5269.608614999999,12730.391385,18000.0,0.7072439658333334,0.3659450427083333,0.7072439658333334,0.0,0.0,0.0,0.0,0.0,0.0,0.0,0.0,0.0,0.0,0.0,0.0,0.0,
NLD8153,0.1699807787851852,0.21247597348148148,0.0,0.1699807787851852,low,14435.79241088,0.1925294755555555,3465.53056,14534.46944,18000.0,0.8074705244444444,0.24066184444444447,0.8074705244444444,0.0,0.0,0.0,0.0,0.0,0.0,0.0,0.0,0.0,0.0,0.0,0.0,0.0,
NLK6258,0.1609025522637037,0.2011281903296296,0.0,0.1609025522637037,low,14337.747564447998,0.2972782431111111,5351.008376,12648.991624,18000.0,0.7027217568888888,0.37159780388888886,0.7027217568888889,0.0,0.0,0.0,0.0,0.0,0.0,0.0,0.0,0.0,0.0,0.0,0.0,0.0,
NLS360A,0.15891347466333333,0.19864184332916665,0.0,0.15891347466333333,low,14316.265526363999,0.3202291385,5764.124493,12235.875507,18000.0,0.6797708615,0.400286423125,0.6797708615,0.0,0.0,0.0,0.0,0.0,0.0,0.0,0.0,0.0,0.0,0.0,0.0,0.0,
NLZ606A,0.1548392387448148,0.1935490484310185,0.0,0.1548392387448148,low,14272.263778444,0.3672395529444445,6610.311953,11389.688047,18000.0,0.6327604470555555,0.4590494411805556,0.6327604470555556,0.0,0.0,0.0,0.0,0.0,0.0,0.0,0.0,0.0,0.0,0.0,0.0,0.0,
NNF5462,0.15354020056666667,0.19192525070833333,0.0,0.15354020056666667,low,14258.23416612,0.3822284549999999,6880.11219,11119.88781,18000.0,0.6177715450000001,0.47778556875,0.617771545,0.0,0.0,0.0,0.0,0.0,0.0,0.0,0.0,0.0,0.0,0.0,0.0,0.0,
NNN9753,0.18484020588333339,0.2310502573541667,0.0,0.18484020588333339,low,14596.27422354,0.0210745475,379.341855,17620.658145,18000.0,0.9789254525,0.026343184375000002,0.9789254525000001,0.0,0.0,0.0,0.0,0.0,0.0,0.0,0.0,0.0,0.0,0.0,0.0,0.0,
NNX1745,0.1595076373666667,0.19938454670833336,0.0,0.1595076373666667,low,14322.68248356,0.313373415,5640.72147,12359.27853,18000.0,0.686626585,0.39171676875000006,0.686626585,0.0,0.0,0.0,0.0,0.0,0.0,0.0,0.0,0.0,0.0,0.0,0.0,0.0,
NNY176A,0.1419426335538889,0.1774282919423611,0.0,0.1419426335538889,low,14132.980442381999,0.5160465359166668,9288.837646500002,8711.162353499998,18000.0,0.4839534640833332,0.6450581698958334,0.48395346408333323,0.0,0.0,0.0,0.0,0.0,0.0,0.0,0.0,0.0,0.0,0.0,0.0,0.0,
NPD9651,0.16874135447592595,0.2109266930949074,0.0,0.16874135447592595,low,14422.406628339999,0.2068305252777778,3722.949455,14277.050545,18000.0,0.7931694747222222,0.25853815659722224,0.7931694747222222,0.0,0.0,0.0,0.0,0.0,0.0,0.0,0.0,0.0,0.0,0.0,0.0,0.0,
NPM6657,0.17466711888518519,0.21833389860648147,0.0,0.17466711888518519,low,14486.40488396,0.1384563205555555,2492.21377,15507.78623,18000.0,0.8615436794444444,0.17307040069444443,0.8615436794444444,0.0,0.0,0.0,0.0,0.0,0.0,0.0,0.0,0.0,0.0,0.0,0.0,0.0,
NPP1204,0.1848736581814815,0.23109207272685187,0.0,0.1848736581814815,low,14596.63550836,0.0206885594444444,372.39407,17627.60593,18000.0,0.9793114405555556,0.025860699305555554,0.9793114405555556,0.0,0.0,0.0,0.0,0.0,0.0,0.0,0.0,0.0,0.0,0.0,0.0,0.0,
NPR7970,0.16413122324074075,0.20516402905092593,0.0,0.16413122324074075,low,14372.617210999999,0.2600243472222222,4680.43825,13319.56175,18000.0,0.7399756527777779,0.3250304340277778,0.7399756527777778,0.0,0.0,0.0,0.0,0.0,0.0,0.0,0.0,0.0,0.0,0.0,0.0,0.0,
NPU6648,0.18576174875185186,0.23220218593981481,0.0,0.18576174875185186,low,14606.226886519999,0.0104413605555555,187.94449,17812.05551,18000.0,0.9895586394444446,0.013051700694444444,0.9895586394444443,0.0,0.0,0.0,0.0,0.0,0.0,0.0,0.0,0.0,0.0,0.0,0.0,0.0,
NRA8543,0.18520095768888892,0.23150119711111114,0.0,0.18520095768888892,low,14600.17034304,0.0169120266666666,304.41648,17695.58352,18000.0,0.9830879733333334,0.021140033333333332,0.9830879733333333,0.0,0.0,0.0,0.0,0.0,0.0,0.0,0.0,0.0,0.0,0.0,0.0,0.0,
NRD541A,0.18540544852666668,0.23175681065833334,0.0,0.18540544852666668,low,14602.378844088,0.0145525169999999,261.945306,17738.054694,18000.0,0.9854474830000001,0.01819064625,0.985447483,0.0,0.0,0.0,0.0,0.0,0.0,0.0,0.0,0.0,0.0,0.0,0.0,0.0,
NSF7001,0.15682816807777777,0.19603521009722222,0.0,0.15682816807777777,low,14293.74421524,0.3442903683333333,6197.22663,11802.77337,18000.0,0.6557096316666666,0.43036296041666666,0.6557096316666667,0.0,0.0,0.0,0.0,0.0,0.0,0.0,0.0,0.0,0.0,0.0,0.0,0.0,
NSG8670,0.18345927065185189,0.22932408831481485,0.0,0.18345927065185189,low,14581.36012304,0.0370084155555555,666.15148,17333.84852,18000.0,0.9629915844444445,0.046260519444444446,0.9629915844444444,0.0,0.0,0.0,0.0,0.0,0.0,0.0,0.0,0.0,0.0,0.0,0.0,0.0,
NSM4747,0.18537315852962966,0.23171644816203707,0.0,0.18537315852962966,low,14602.03011212,0.0149250938888888,268.65169000000003,17731.34831,18000.0,0.9850749061111111,0.018656367361111113,0.9850749061111111,0.0,0.0,0.0,0.0,0.0,0.0,0.0,0.0,0.0,0.0,0.0,0.0,0.0,
NSV2306,0.16761229607407407,0.20951537009259258,0.0,0.16761229607407407,low,14410.2127976,0.2198581222222222,3957.4462,14042.5538,18000.0,0.7801418777777778,0.2748226527777778,0.7801418777777778,0.0,0.0,0.0,0.0,0.0,0.0,0.0,0.0,0.0,0.0,0.0,0.0,0.0,
NSV5525,0.18631703123333335,0.23289628904166668,0.0,0.18631703123333335,low,14612.22393732,0.004034255,72.61659,17927.38341,18000.0,0.995965745,0.00504281875,0.9959657449999999,0.0,0.0,0.0,0.0,0.0,0.0,0.0,0.0,0.0,0.0,0.0,0.0,0.0,
NSZ793A,0.1624662711688889,0.20308283896111112,0.0,0.1624662711688889,low,14354.635728623998,0.2792353326666666,5026.235988,12973.764012,18000.0,0.7207646673333334,0.34904416583333336,0.7207646673333333,0.0,0.0,0.0,0.0,0.0,0.0,0.0,0.0,0.0,0.0,0.0,0.0,0.0,
NTA5765,0.1859814872703704,0.23247685908796298,0.0,0.1859814872703704,low,14608.60006252,0.0079059161111111,142.30649,17857.69351,18000.0,0.9920940838888889,0.009882395138888889,0.992094083888889,0.0,0.0,0.0,0.0,0.0,0.0,0.0,0.0,0.0,0.0,0.0,0.0,0.0,
NTC2304,0.1860638514666667,0.23257981433333338,0.0,0.1860638514666667,low,14609.48959584,0.0069555599999999,125.20008,17874.79992,18000.0,0.9930444400000001,0.00869445,0.99304444,0.0,0.0,0.0,0.0,0.0,0.0,0.0,0.0,0.0,0.0,0.0,0.0,0.0,
NTD3059,0.1851968472814815,0.23149605910185186,0.0,0.1851968472814815,low,14600.12595064,0.0169594544444444,305.27018,17694.72982,18000.0,0.9830405455555556,0.021199318055555555,0.9830405455555555,0.0,0.0,0.0,0.0,0.0,0.0,0.0,0.0,0.0,0.0,0.0,0.0,0.0,
NTD7180,0.18590838923333336,0.23238548654166669,0.0,0.18590838923333336,low,14607.81060372,0.008749355,157.48839,17842.51161,18000.0,0.991250645,0.01093669375,0.991250645,0.0,0.0,0.0,0.0,0.0,0.0,0.0,0.0,0.0,0.0,0.0,0.0,0.0,
NTD7979,0.17829897946828152,0.22287372433535188,0.0,0.17829897946828152,low,14525.62897825744,0.0965502369044444,1737.90426428,16262.09573572,18000.0,0.9034497630955556,0.12068779613055555,0.9034497630955556,0.0,0.0,0.0,0.0,0.0,0.0,0.0,0.0,0.0,0.0,0.0,0.0,0.0,
NTD7982,0.16032112107377777,0.2004014013422222,0.0,0.16032112107377777,low,14331.4681075968,0.3039870645333333,5471.7671616,12528.2328384,18000.0,0.6960129354666666,0.37998383066666663,0.6960129354666666,0.0,0.0,0.0,0.0,0.0,0.0,0.0,0.0,0.0,0.0,0.0,0.0,0.0,
NTE1249,0.17987059954851853,0.22483824943564815,0.0,0.17987059954851853,low,14542.602475124,0.0784161590555555,1411.490863,16588.509137,18000.0,0.9215838409444445,0.09802019881944445,0.9215838409444445,0.0,0.0,0.0,0.0,0.0,0.0,0.0,0.0,0.0,0.0,0.0,0.0,0.0,
NTJ047A,0.17254191517444445,0.21567739396805555,0.0,0.17254191517444445,low,14463.452683884,0.1629779018333333,2933.602233,15066.397767,18000.0,0.8370220981666667,0.20372237729166667,0.8370220981666667,0.0,0.0,0.0,0.0,0.0,0.0,0.0,0.0,0.0,0.0,0.0,0.0,0.0,
NTK1467,0.14689155057349632,0.18361443821687037,0.0,0.14689155057349632,low,14186.42874619376,0.458943647228889,8260.985650120001,9739.01434988,18000.0,0.541056352771111,0.5736795590361112,0.5410563527711112,0.0,0.0,0.0,0.0,0.0,0.0,0.0,0.0,0.0,0.0,0.0,0.0,0.0,
NTK9602,0.16296458735185188,0.20370573418981483,0.0,0.16296458735185188,low,14360.0175434,0.2734855305555555,4922.739549999999,13077.260450000002,18000.0,0.7265144694444445,0.3418569131944444,0.7265144694444445,0.0,0.0,0.0,0.0,0.0,0.0,0.0,0.0,0.0,0.0,0.0,0.0,0.0,
NTS6641,0.18578603564074075,0.23223254455092593,0.0,0.18578603564074075,low,14606.48918492,0.0101611272222222,182.90029,17817.09971,18000.0,0.9898388727777778,0.012701409027777779,0.9898388727777777,0.0,0.0,0.0,0.0,0.0,0.0,0.0,0.0,0.0,0.0,0.0,0.0,0.0,
NTT7520,0.18184670813703707,0.22730838517129634,0.0,0.18184670813703707,low,14563.94444788,0.0556149061111111,1001.06831,16998.93169,18000.0,0.9443850938888889,0.06951863263888888,0.9443850938888889,0.0,0.0,0.0,0.0,0.0,0.0,0.0,0.0,0.0,0.0,0.0,0.0,0.0,
NTU4623,0.17034449413333333,0.21293061766666666,0.0,0.17034449413333333,low,14439.72053664,0.18833276,3389.98968,14610.01032,18000.0,0.81166724,0.23541595,0.81166724,0.0,0.0,0.0,0.0,0.0,0.0,0.0,0.0,0.0,0.0,0.0,0.0,0.0,
NUA336A,0.1603436539574074,0.20042956744675924,0.0,0.1603436539574074,low,14331.711462739999,0.3037270697222222,5467.087255,12532.912745,18000.0,0.6962729302777778,0.3796588371527778,0.6962729302777777,0.0,0.0,0.0,0.0,0.0,0.0,0.0,0.0,0.0,0.0,0.0,0.0,0.0,
NUD6464,0.18334068477703705,0.2291758559712963,0.0,0.18334068477703705,low,14580.079395592,0.0383767141111111,690.780854,17309.219146,18000.0,0.9616232858888889,0.04797089263888889,0.9616232858888889,0.0,0.0,0.0,0.0,0.0,0.0,0.0,0.0,0.0,0.0,0.0,0.0,0.0,
NUH9419,0.15084815666666665,0.1885601958333333,0.0,0.15084815666666665,low,14229.160091999998,0.4132905,7439.229,10560.771,18000.0,0.5867095,0.516613125,0.5867095,0.0,0.0,0.0,0.0,0.0,0.0,0.0,0.0,0.0,0.0,0.0,0.0,0.0,
NUJ4051,0.18383614744074075,0.22979518430092594,0.0,0.18383614744074075,low,14585.430392359998,0.0326598372222222,587.87707,17412.12293,18000.0,0.9673401627777778,0.040824796527777776,0.9673401627777779,0.0,0.0,0.0,0.0,0.0,0.0,0.0,0.0,0.0,0.0,0.0,0.0,0.0,
NUJ6630,0.16327690447,0.2040961305875,0.0,0.16327690447,low,14363.390568276,0.2698818715,4857.873687,13142.126313,18000.0,0.7301181285,0.33735233937500003,0.7301181285,0.0,0.0,0.0,0.0,0.0,0.0,0.0,0.0,0.0,0.0,0.0,0.0,0.0,
NUK9880,0.18580107038148153,0.2322513379768519,0.0,0.18580107038148153,low,14606.651560119999,0.0099876494444444,179.77768999999998,17820.22231,18000.0,0.9900123505555556,0.012484561805555554,0.9900123505555556,0.0,0.0,0.0,0.0,0.0,0.0,0.0,0.0,0.0,0.0,0.0,0.0,0.0,
NUP773A,0.16093038250962965,0.20116297813703707,0.0,0.16093038250962965,low,14338.048131103998,0.2969571248888888,5345.228247999999,12654.771752,18000.0,0.7030428751111112,0.3711964061111111,0.7030428751111112,0.0,0.0,0.0,0.0,0.0,0.0,0.0,0.0,0.0,0.0,0.0,0.0,0.0,
NUS5749,0.16120326593333334,0.20150408241666665,0.0,0.16120326593333334,low,14340.99527208,0.29380847,5288.55246,12711.44754,18000.0,0.70619153,0.3672605875,0.7061915299999999,0.0,0.0,0.0,0.0,0.0,0.0,0.0,0.0,0.0,0.0,0.0,0.0,0.0,
NUT2155,0.18617578238148147,0.23271972797685184,0.0,0.18617578238148147,low,14610.69844972,0.0056640494444444,101.95289,17898.04711,18000.0,0.9943359505555556,0.007080061805555555,0.9943359505555556,0.0,0.0,0.0,0.0,0.0,0.0,0.0,0.0,0.0,0.0,0.0,0.0,0.0,
NUT3437,0.1796842702066667,0.22460533775833336,0.0,0.1796842702066667,low,14540.590118232,0.080566113,1450.190034,16549.809966,18000.0,0.9194338870000001,0.10070764125,0.9194338870000001,0.0,0.0,0.0,0.0,0.0,0.0,0.0,0.0,0.0,0.0,0.0,0.0,0.0,
NUT6571,0.1839009624988889,0.22987620312361112,0.0,0.1839009624988889,low,14586.130394988,0.0319119711666666,574.415481,17425.584519,18000.0,0.9680880288333334,0.03988996395833333,0.9680880288333333,0.0,0.0,0.0,0.0,0.0,0.0,0.0,0.0,0.0,0.0,0.0,0.0,0.0,
NUW7185,0.18584270504814818,0.23230338131018521,0.0,0.18584270504814818,low,14607.101214519998,0.0095072494444444,171.13049,17828.86951,18000.0,0.9904927505555556,0.011884061805555556,0.9904927505555556,0.0,0.0,0.0,0.0,0.0,0.0,0.0,0.0,0.0,0.0,0.0,0.0,0.0,
NUZ7516,0.1834834824440741,0.22935435305509258,0.0,0.1834834824440741,low,14581.621610396,0.0367290487222222,661.122877,17338.877123,18000.0,0.9632709512777778,0.04591131090277778,0.9632709512777777,0.0,0.0,0.0,0.0,0.0,0.0,0.0,0.0,0.0,0.0,0.0,0.0,0.0,
NVA1155,0.18352862714444446,0.22941078393055556,0.0,0.18352862714444446,low,14582.109173159999,0.0362081483333333,651.74667,17348.25333,18000.0,0.9637918516666667,0.04526018541666667,0.9637918516666666,0.0,0.0,0.0,0.0,0.0,0.0,0.0,0.0,0.0,0.0,0.0,0.0,0.0,
NVK163A,0.18429072658740742,0.23036340823425927,0.0,0.18429072658740742,low,14590.339847144,0.0274146932222222,493.464478,17506.535522,18000.0,0.9725853067777778,0.034268366527777774,0.9725853067777777,0.0,0.0,0.0,0.0,0.0,0.0,0.0,0.0,0.0,0.0,0.0,0.0,0.0,
NVM9692,0.17524419447037037,0.21905524308796295,0.0,0.17524419447037037,low,14492.63730028,0.1317977561111111,2372.35961,15627.64039,18000.0,0.8682022438888889,0.16474719513888889,0.8682022438888889,0.0,0.0,0.0,0.0,0.0,0.0,0.0,0.0,0.0,0.0,0.0,0.0,0.0,
NVN2055,0.18491520032666664,0.2311440004083333,0.0,0.18491520032666664,low,14597.084163528,0.020209227,363.766086,17636.233914,18000.0,0.979790773,0.02526153375,0.9797907730000001,0.0,0.0,0.0,0.0,0.0,0.0,0.0,0.0,0.0,0.0,0.0,0.0,0.0,
NVP3635,0.1577396464811111,0.19717455810138887,0.0,0.1577396464811111,low,14303.588181996,0.3337733098333333,6007.919577,11992.080423,18000.0,0.6662266901666667,0.41721663729166664,0.6662266901666666,0.0,0.0,0.0,0.0,0.0,0.0,0.0,0.0,0.0,0.0,0.0,0.0,0.0,
NVS700A,0.1612345584451852,0.20154319805648147,0.0,0.1612345584451852,low,14341.333231208,0.2934474025555555,5282.053246,12717.946754,18000.0,0.7065525974444444,0.36680925319444446,0.7065525974444444,0.0,0.0,0.0,0.0,0.0,0.0,0.0,0.0,0.0,0.0,0.0,0.0,0.0,
NWC5697,0.18565721623333334,0.23207152029166667,0.0,0.18565721623333334,low,14605.097935319998,0.011647505,209.65509,17790.34491,18000.0,0.988352495,0.01455938125,0.988352495,0.0,0.0,0.0,0.0,0.0,0.0,0.0,0.0,0.0,0.0,0.0,0.0,0.0,
NWD1976,0.16153802031481482,0.20192252539351851,0.0,0.16153802031481482,low,14344.610619399999,0.2899459194444444,5219.02655,12780.97345,18000.0,0.7100540805555555,0.36243239930555554,0.7100540805555555,0.0,0.0,0.0,0.0,0.0,0.0,0.0,0.0,0.0,0.0,0.0,0.0,0.0,
NWD2314,0.18247790694,0.228097383675,0.0,0.18247790694,low,14570.761394951998,0.048331843,869.973174,17130.026826,18000.0,0.951668157,0.060414803749999996,0.9516681570000001,0.0,0.0,0.0,0.0,0.0,0.0,0.0,0.0,0.0,0.0,0.0,0.0,0.0,
NWE4850,0.16274172478888888,0.20342715598611108,0.0,0.16274172478888888,low,14357.61062772,0.2760570216666667,4969.02639,13030.97361,18000.0,0.7239429783333333,0.34507127708333335,0.7239429783333333,0.0,0.0,0.0,0.0,0.0,0.0,0.0,0.0,0.0,0.0,0.0,0.0,0.0,
NWE6364,0.18574093141851852,0.23217616427314813,0.0,0.18574093141851852,low,14606.00205932,0.0106815605555555,192.26809,17807.73191,18000.0,0.9893184394444445,0.013351950694444444,0.9893184394444444,0.0,0.0,0.0,0.0,0.0,0.0,0.0,0.0,0.0,0.0,0.0,0.0,0.0,
NWF7409,0.15795733541481483,0.19744666926851853,0.0,0.15795733541481483,low,14305.93922248,0.3312615144444444,5962.70726,12037.29274,18000.0,0.6687384855555556,0.41407689305555556,0.6687384855555556,0.0,0.0,0.0,0.0,0.0,0.0,0.0,0.0,0.0,0.0,0.0,0.0,0.0,
NWH8687,0.185934029532963,0.23241753691620373,0.0,0.185934029532963,low,14608.087518956,0.0084535053888888,152.163097,17847.836903,18000.0,0.9915464946111112,0.010566881736111111,0.9915464946111111,0.0,0.0,0.0,0.0,0.0,0.0,0.0,0.0,0.0,0.0,0.0,0.0,0.0,
NWK8907,0.18470163683703705,0.2308770460462963,0.0,0.18470163683703705,low,14594.77767784,0.0226734211111111,408.12158,17591.87842,18000.0,0.9773265788888889,0.02834177638888889,0.977326578888889,0.0,0.0,0.0,0.0,0.0,0.0,0.0,0.0,0.0,0.0,0.0,0.0,0.0,
NWM1788,0.18618790269555555,0.23273487836944443,0.0,0.18618790269555555,low,14610.829349112,0.0055241996666666,99.435594,17900.564406,18000.0,0.9944758003333334,0.006905249583333333,0.9944758003333334,0.0,0.0,0.0,0.0,0.0,0.0,0.0,0.0,0.0,0.0,0.0,0.0,0.0,
NWR1656,0.17115249117407408,0.2139406139675926,0.0,0.17115249117407408,low,14448.446904679999,0.1790097172222222,3222.17491,14777.82509,18000.0,0.8209902827777777,0.2237621465277778,0.8209902827777777,0.0,0.0,0.0,0.0,0.0,0.0,0.0,0.0,0.0,0.0,0.0,0.0,0.0,
NWR6510,0.1298075270037037,0.16225940875462963,0.0,0.1298075270037037,low,14001.92129164,0.6560669961111111,11809.20593,6190.79407,18000.0,0.3439330038888889,0.8200837451388889,0.34393300388888887,0.0,0.0,0.0,0.0,0.0,0.0,0.0,0.0,0.0,0.0,0.0,0.0,0.0,
NWR8317,0.1581213390766667,0.19765167384583335,0.0,0.1581213390766667,low,14307.710462027999,0.3293691645,5928.644961,12071.355039,18000.0,0.6706308355,0.411711455625,0.6706308355,0.0,0.0,0.0,0.0,0.0,0.0,0.0,0.0,0.0,0.0,0.0,0.0,0.0,
NWT2578,0.16132808747000002,0.2016601093375,0.0,0.16132808747000002,low,14342.343344676,0.2923682214999999,5262.627987,12737.372013,18000.0,0.7076317785000001,0.365460276875,0.7076317785,0.0,0.0,0.0,0.0,0.0,0.0,0.0,0.0,0.0,0.0,0.0,0.0,0.0,
NWU2870,0.15931020473444443,0.19913775591805552,0.0,0.15931020473444443,low,14320.550211132,0.3156514838333333,5681.7267090000005,12318.273291,18000.0,0.6843485161666667,0.3945643547916667,0.6843485161666666,0.0,0.0,0.0,0.0,0.0,0.0,0.0,0.0,0.0,0.0,0.0,0.0,0.0,
NWV5181,0.1594880428662963,0.19936005358287037,0.0,0.1594880428662963,low,14322.470862956,0.3135995053888889,5644.791097,12355.208903,18000.0,0.6864004946111111,0.39199938173611115,0.6864004946111112,0.0,0.0,0.0,0.0,0.0,0.0,0.0,0.0,0.0,0.0,0.0,0.0,0.0,
NWY3792,0.16048588764111113,0.2006073595513889,0.0,0.16048588764111113,low,14333.247586524,0.3020859118333333,5437.546413,12562.453587,18000.0,0.6979140881666668,0.3776073897916667,0.6979140881666667,0.0,0.0,0.0,0.0,0.0,0.0,0.0,0.0,0.0,0.0,0.0,0.0,0.0,
NXD1136,0.17820248438888886,0.22275310548611107,0.0,0.17820248438888886,low,14524.5868314,0.0976636416666666,1757.94555,16242.05445,18000.0,0.9023363583333334,0.12207955208333332,0.9023363583333334,0.0,0.0,0.0,0.0,0.0,0.0,0.0,0.0,0.0,0.0,0.0,0.0,0.0,
NXF168A,0.1813898485351852,0.22673731066898148,0.0,0.1813898485351852,low,14559.01036418,0.0608863630555555,1095.954535,16904.045465,18000.0,0.9391136369444445,0.07610795381944445,0.9391136369444444,0.0,0.0,0.0,0.0,0.0,0.0,0.0,0.0,0.0,0.0,0.0,0.0,0.0,
NXG9080,0.16142720884444445,0.20178401105555555,0.0,0.16142720884444445,low,14343.413855519999,0.2912245133333334,5242.0412400000005,12757.95876,18000.0,0.7087754866666667,0.3640306416666667,0.7087754866666667,0.0,0.0,0.0,0.0,0.0,0.0,0.0,0.0,0.0,0.0,0.0,0.0,0.0,
NXH6263,0.1846755135488889,0.2308443919361111,0.0,0.1846755135488889,low,14594.495546327998,0.0229748436666666,413.547186,17586.452814,18000.0,0.9770251563333334,0.028718554583333333,0.9770251563333333,0.0,0.0,0.0,0.0,0.0,0.0,0.0,0.0,0.0,0.0,0.0,0.0,0.0,
NXK3934,0.17111467880111111,0.21389334850138889,0.0,0.17111467880111111,low,14448.038531051998,0.1794460138333333,3230.028249,14769.971751,18000.0,0.8205539861666666,0.22430751729166667,0.8205539861666666,0.0,0.0,0.0,0.0,0.0,0.0,0.0,0.0,0.0,0.0,0.0,0.0,0.0,
NXK6292,0.15478441511592592,0.1934805188949074,0.0,0.15478441511592592,low,14271.671683252,0.3678721332777778,6621.698399,11378.301601,18000.0,0.6321278667222222,0.4598401665972222,0.6321278667222222,0.0,0.0,0.0,0.0,0.0,0.0,0.0,0.0,0.0,0.0,0.0,0.0,0.0,
NXK8810,0.18500535203333335,0.23125669004166668,0.0,0.18500535203333335,low,14598.05780196,0.0191690149999999,345.04227,17654.95773,18000.0,0.9808309850000001,0.023961268749999997,0.9808309849999999,0.0,0.0,0.0,0.0,0.0,0.0,0.0,0.0,0.0,0.0,0.0,0.0,0.0,
NXR1067,0.1615954632462963,0.20199432905787038,0.0,0.1615954632462963,low,14345.231003059998,0.2892831163888889,5207.096095000001,12792.903905,18000.0,0.7107168836111111,0.36160389548611116,0.7107168836111111,0.0,0.0,0.0,0.0,0.0,0.0,0.0,0.0,0.0,0.0,0.0,0.0,0.0,
NXR9396,0.16379478516666668,0.20474348145833332,0.0,0.16379478516666668,low,14368.9836798,0.263906325,4750.31385,13249.68615,18000.0,0.736093675,0.32988290624999994,0.736093675,0.0,0.0,0.0,0.0,0.0,0.0,0.0,0.0,0.0,0.0,0.0,0.0,0.0,
NXU8505,0.15510070058248887,0.19387587572811107,0.0,0.15510070058248887,low,14275.08756629088,0.3642226855866666,6556.00834056,11443.99165944,18000.0,0.6357773144133334,0.4552783569833333,0.6357773144133333,0.0,0.0,0.0,0.0,0.0,0.0,0.0,0.0,0.0,0.0,0.0,0.0,0.0,
NXV2821,0.18604993756666666,0.23256242195833332,0.0,0.18604993756666666,low,14609.339325719999,0.007116105,128.08989,17871.91011,18000.0,0.992883895,0.00889513125,0.9928838950000001,0.0,0.0,0.0,0.0,0.0,0.0,0.0,0.0,0.0,0.0,0.0,0.0,0.0,
NXW6665,0.08537238417768887,0.10671548022211108,0.0,0.08537238417768887,low,13522.021749119038,0.9712193704766668,17481.94866858,518.0513314199998,18000.0,0.028780629523333157,1.0,0.02878062952333332,0.0,0.0,0.0,0.0,0.0,0.0,0.0,0.0,0.0,0.0,0.0,0.0,0.0,
NXY1429,0.15464137267333333,0.19330171584166667,0.0,0.15464137267333333,low,14270.126824871999,0.369522623,6651.407214,11348.592786,18000.0,0.6304773770000001,0.46190327875,0.630477377,0.0,0.0,0.0,0.0,0.0,0.0,0.0,0.0,0.0,0.0,0.0,0.0,0.0,
NXY5000,0.18117378196296297,0.2264672274537037,0.0,0.18117378196296297,low,14556.6768452,0.0633794388888888,1140.8299,16859.1701,18000.0,0.9366205611111111,0.0792242986111111,0.936620561111111,0.0,0.0,0.0,0.0,0.0,0.0,0.0,0.0,0.0,0.0,0.0,0.0,0.0,
NXZ2150,0.1568066398851852,0.1960082998564815,0.0,0.1568066398851852,low,14293.51171076,0.3445387705555555,6201.69787,11798.30213,18000.0,0.6554612294444445,0.43067346319444444,0.6554612294444444,0.0,0.0,0.0,0.0,0.0,0.0,0.0,0.0,0.0,0.0,0.0,0.0,0.0,
NYB2200,0.15830059484888892,0.19787574356111112,0.0,0.15830059484888892,low,14309.646424368,0.3273008286666666,5891.414916,12108.585084,18000.0,0.6726991713333335,0.4091260358333333,0.6726991713333333,0.0,0.0,0.0,0.0,0.0,0.0,0.0,0.0,0.0,0.0,0.0,0.0,0.0,
NYD3632,0.16534135527592594,0.2066766940949074,0.0,0.16534135527592594,low,14385.68663698,0.2460612852777777,4429.103134999999,13570.896865,18000.0,0.7539387147222223,0.3075766065972222,0.7539387147222223,0.0,0.0,0.0,0.0,0.0,0.0,0.0,0.0,0.0,0.0,0.0,0.0,0.0,
NYE3957,0.1650682739777778,0.2063353424722222,0.0,0.1650682739777778,low,14382.73735896,0.2492122233333333,4485.82002,13514.17998,18000.0,0.7507877766666667,0.31151527916666666,0.7507877766666667,0.0,0.0,0.0,0.0,0.0,0.0,0.0,0.0,0.0,0.0,0.0,0.0,0.0,
NYF7608,0.16505821467407408,0.20632276834259258,0.0,0.16505821467407408,low,14382.628718479998,0.2493282922222222,4487.90926,13512.09074,18000.0,0.7506717077777778,0.3116603652777778,0.7506717077777778,0.0,0.0,0.0,0.0,0.0,0.0,0.0,0.0,0.0,0.0,0.0,0.0,0.0,
NYF7657,0.17513396559259262,0.21891745699074075,0.0,0.17513396559259262,low,14491.4468284,0.1330696277777777,2395.2533,15604.7467,18000.0,0.8669303722222224,0.16633703472222222,0.8669303722222222,0.0,0.0,0.0,0.0,0.0,0.0,0.0,0.0,0.0,0.0,0.0,0.0,0.0,
NYF8000,0.1761612051825926,0.22020150647824074,0.0,0.1761612051825926,low,14502.541015972,0.1212168632777777,2181.903539,15818.096461,18000.0,0.8787831367222223,0.1515210790972222,0.8787831367222222,0.0,0.0,0.0,0.0,0.0,0.0,0.0,0.0,0.0,0.0,0.0,0.0,0.0,
NYJ2223,0.15676114383333337,0.1959514297916667,0.0,0.15676114383333337,low,14293.0203534,0.345063725,6211.1470500000005,11788.85295,18000.0,0.6549362750000001,0.43132965625,0.6549362750000001,0.0,0.0,0.0,0.0,0.0,0.0,0.0,0.0,0.0,0.0,0.0,0.0,0.0,
NYJY115A,0.1614837984125926,0.20185474801574074,0.0,0.1614837984125926,low,14344.025022855998,0.2905715567777777,5230.288022,12769.711978,18000.0,0.7094284432222223,0.3632144459722222,0.7094284432222222,0.0,0.0,0.0,0.0,0.0,0.0,0.0,0.0,0.0,0.0,0.0,0.0,0.0,
NYM3174,0.16108741662111115,0.2013592707763889,0.0,0.16108741662111115,low,14339.744099508,0.2951451928333333,5312.613471,12687.386529,18000.0,0.7048548071666667,0.36893149104166667,0.7048548071666666,0.0,0.0,0.0,0.0,0.0,0.0,0.0,0.0,0.0,0.0,0.0,0.0,0.0,
NYM4040,0.1862808520888889,0.2328510651111111,0.0,0.1862808520888889,low,14611.83320256,0.0044517066666666,80.13072,17919.86928,18000.0,0.9955482933333334,0.005564633333333333,0.9955482933333333,0.0,0.0,0.0,0.0,0.0,0.0,0.0,0.0,0.0,0.0,0.0,0.0,0.0,
NYM9892,0.18631616890000002,0.23289521112500003,0.0,0.18631616890000002,low,14612.214624119999,0.0040442049999999,72.79569,17927.20431,18000.0,0.9959557950000001,0.005055256249999999,0.9959557950000001,0.0,0.0,0.0,0.0,0.0,0.0,0.0,0.0,0.0,0.0,0.0,0.0,0.0,
NYP4901,0.18327877826666666,0.22909847283333332,0.0,0.18327877826666666,low,14579.41080528,0.03909102,703.63836,17296.36164,18000.0,0.96090898,0.048863775000000005,0.9609089799999999,0.0,0.0,0.0,0.0,0.0,0.0,0.0,0.0,0.0,0.0,0.0,0.0,0.0,
NYR2020,0.18279653357444448,0.22849566696805557,0.0,0.18279653357444448,low,14574.202562604,0.0446553818333333,803.796873,17196.203127,18000.0,0.9553446181666667,0.05581922729166667,0.9553446181666667,0.0,0.0,0.0,0.0,0.0,0.0,0.0,0.0,0.0,0.0,0.0,0.0,0.0,
NYT3731,0.1807150561581482,0.22589382019768522,0.0,0.1807150561581482,low,14551.722606508,0.0686724289444444,1236.103721,16763.896279,18000.0,0.9313275710555556,0.08584053618055555,0.9313275710555556,0.0,0.0,0.0,0.0,0.0,0.0,0.0,0.0,0.0,0.0,0.0,0.0,0.0,
NYU1735,0.1654608844692593,0.2068261055865741,0.0,0.1654608844692593,low,14386.977552268001,0.2446821022777777,4404.277841,13595.722159,18000.0,0.7553178977222224,0.3058526278472222,0.7553178977222222,0.0,0.0,0.0,0.0,0.0,0.0,0.0,0.0,0.0,0.0,0.0,0.0,0.0,
NYU750B,0.16171775188222226,0.2021471898527778,0.0,0.16171775188222226,low,14346.551720328,0.2878720936666666,5181.697686,12818.302314,18000.0,0.7121279063333334,0.35984011708333336,0.7121279063333333,0.0,0.0,0.0,0.0,0.0,0.0,0.0,0.0,0.0,0.0,0.0,0.0,0.0,
NYW4034,0.18597048877925929,0.2324631109740741,0.0,0.18597048877925929,low,14608.481278815998,0.0080328217777777,144.590792,17855.409208,18000.0,0.9919671782222222,0.010041027222222223,0.9919671782222222,0.0,0.0,0.0,0.0,0.0,0.0,0.0,0.0,0.0,0.0,0.0,0.0,0.0,
NYX6756,0.1624614054951852,0.2030767568689815,0.0,0.1624614054951852,low,14354.583179348,0.2792914750555555,5027.246551,12972.753449,18000.0,0.7207085249444445,0.34911434381944445,0.7207085249444445,0.0,0.0,0.0,0.0,0.0,0.0,0.0,0.0,0.0,0.0,0.0,0.0,0.0,
NYX9511,0.15629666127703706,0.19537082659629632,0.0,0.15629666127703706,low,14288.003941792,0.3504231391111111,6307.616504,11692.383496,18000.0,0.6495768608888889,0.43802892388888887,0.6495768608888889,0.0,0.0,0.0,0.0,0.0,0.0,0.0,0.0,0.0,0.0,0.0,0.0,0.0,
NYZ2678,0.18585719090000002,0.23232148862500002,0.0,0.18585719090000002,low,14607.25766172,0.009340105,168.12189,17831.87811,18000.0,0.990659895,0.01167513125,0.9906598950000001,0.0,0.0,0.0,0.0,0.0,0.0,0.0,0.0,0.0,0.0,0.0,0.0,0.0,
NZA2706,0.17784900517814817,0.2223112564726852,0.0,0.17784900517814817,low,14520.769255924,0.1017422479444444,1831.360463,16168.639537,18000.0,0.8982577520555556,0.12717780993055555,0.8982577520555555,0.0,0.0,0.0,0.0,0.0,0.0,0.0,0.0,0.0,0.0,0.0,0.0,0.0,
NZA4429,0.15341377600000003,0.19176722000000002,0.0,0.15341377600000003,low,14256.8687808,0.3836872,6906.3696,11093.6304,18000.0,0.6163128,0.479609,0.6163128,0.0,0.0,0.0,0.0,0.0,0.0,0.0,0.0,0.0,0.0,0.0,0.0,0.0,
NZB4926,0.1514134454985185,0.18926680687314812,0.0,0.1514134454985185,low,14235.265211384,0.4067679365555556,7321.822858,10678.177142,18000.0,0.5932320634444443,0.5084599206944445,0.5932320634444445,0.0,0.0,0.0,0.0,0.0,0.0,0.0,0.0,0.0,0.0,0.0,0.0,0.0,
NZD3499,0.16113548935000005,0.20141936168750005,0.0,0.16113548935000005,low,14340.26328498,0.2945905075,5302.629135,12697.370865,18000.0,0.7054094925000001,0.368238134375,0.7054094925000001,0.0,0.0,0.0,0.0,0.0,0.0,0.0,0.0,0.0,0.0,0.0,0.0,0.0,
NZD4088,0.16242328083333335,0.2030291010416667,0.0,0.16242328083333335,low,14354.171433,0.279731375,5035.16475,12964.83525,18000.0,0.720268625,0.34966421875,0.720268625,0.0,0.0,0.0,0.0,0.0,0.0,0.0,0.0,0.0,0.0,0.0,0.0,0.0,
NZE5695,0.17543330681851854,0.21929163352314818,0.0,0.17543330681851854,low,14494.67971364,0.1296156905555555,2333.08243,15666.91757,18000.0,0.8703843094444446,0.16201961319444444,0.8703843094444444,0.0,0.0,0.0,0.0,0.0,0.0,0.0,0.0,0.0,0.0,0.0,0.0,0.0,
NZE6296,0.15873691431111114,0.1984211428888889,0.0,0.15873691431111114,low,14314.358674559999,0.3222663733333333,5800.79472,12199.20528,18000.0,0.6777336266666667,0.4028329666666667,0.6777336266666667,0.0,0.0,0.0,0.0,0.0,0.0,0.0,0.0,0.0,0.0,0.0,0.0,0.0,
NZG4949,0.17776448102222223,0.22220560127777778,0.0,0.17776448102222223,low,14519.85639504,0.1027175266666666,1848.91548,16151.08452,18000.0,0.8972824733333334,0.12839690833333334,0.8972824733333333,0.0,0.0,0.0,0.0,0.0,0.0,0.0,0.0,0.0,0.0,0.0,0.0,0.0,
NZG6214,0.1787061657777778,0.22338270722222223,0.0,0.1787061657777778,low,14530.026590399999,0.0918519333333333,1653.3348,16346.6652,18000.0,0.9081480666666667,0.11481491666666667,0.9081480666666666,0.0,0.0,0.0,0.0,0.0,0.0,0.0,0.0,0.0,0.0,0.0,0.0,0.0,
NZJ2346,0.18110436528518523,0.2263804566064815,0.0,0.18110436528518523,low,14555.927145079999,0.0641804005555555,1155.24721,16844.75279,18000.0,0.9358195994444445,0.08022550069444444,0.9358195994444444,0.0,0.0,0.0,0.0,0.0,0.0,0.0,0.0,0.0,0.0,0.0,0.0,0.0,
NZJ2375,0.15956419009185185,0.1994552376148148,0.0,0.15956419009185185,low,14323.293252992,0.3127208835555555,5628.975904,12371.024096,18000.0,0.6872791164444445,0.3909011044444444,0.6872791164444444,0.0,0.0,0.0,0.0,0.0,0.0,0.0,0.0,0.0,0.0,0.0,0.0,0.0,
NZJ9353,0.18073242194814815,0.22591552743518517,0.0,0.18073242194814815,low,14551.91015704,0.0684720544444444,1232.49698,16767.50302,18000.0,0.9315279455555556,0.08559006805555555,0.9315279455555555,0.0,0.0,0.0,0.0,0.0,0.0,0.0,0.0,0.0,0.0,0.0,0.0,0.0,
NZN1683,0.17851622436666664,0.2231452804583333,0.0,0.17851622436666664,low,14527.975223159998,0.094043565,1692.78417,16307.21583,18000.0,0.905956435,0.11755445625,0.905956435,0.0,0.0,0.0,0.0,0.0,0.0,0.0,0.0,0.0,0.0,0.0,0.0,0.0,
NZN4071,0.15964934560481484,0.19956168200601854,0.0,0.15964934560481484,low,14324.212932531998,0.3117383199444444,5611.289759,12388.710241,18000.0,0.6882616800555557,0.3896728999305556,0.6882616800555555,0.0,0.0,0.0,0.0,0.0,0.0,0.0,0.0,0.0,0.0,0.0,0.0,0.0,
NZN4196,0.15467315263222225,0.1933414407902778,0.0,0.15467315263222225,low,14270.470048427998,0.3691559311666667,6644.806761000001,11355.193239,18000.0,0.6308440688333333,0.46144491395833337,0.6308440688333333,0.0,0.0,0.0,0.0,0.0,0.0,0.0,0.0,0.0,0.0,0.0,0.0,0.0,
NZN7779,0.17928683658518524,0.22410854573148153,0.0,0.17928683658518524,low,14536.29783512,0.0851518855555555,1532.73394,16467.26606,18000.0,0.9148481144444445,0.10643985694444445,0.9148481144444446,0.0,0.0,0.0,0.0,0.0,0.0,0.0,0.0,0.0,0.0,0.0,0.0,0.0,
NZN9885,0.15751425142185188,0.19689281427731484,0.0,0.15751425142185188,low,14301.153915356,0.3363740220555555,6054.732397,11945.267603,18000.0,0.6636259779444444,0.42046752756944444,0.6636259779444444,0.0,0.0,0.0,0.0,0.0,0.0,0.0,0.0,0.0,0.0,0.0,0.0,0.0,
NZP212B,0.18618674617703707,0.23273343272129632,0.0,0.18618674617703707,low,14610.816858712,0.0055375441111111,99.675794,17900.324206,18000.0,0.9944624558888889,0.006921930138888889,0.9944624558888889,0.0,0.0,0.0,0.0,0.0,0.0,0.0,0.0,0.0,0.0,0.0,0.0,0.0,
NZS2931,0.1857403531592593,0.2321754414490741,0.0,0.1857403531592593,low,14605.995814119999,0.0106882327777777,192.38819,17807.61181,18000.0,0.9893117672222222,0.013360290972222223,0.9893117672222221,0.0,0.0,0.0,0.0,0.0,0.0,0.0,0.0,0.0,0.0,0.0,0.0,0.0,
NZS8009,0.18149875957407408,0.22687344946759258,0.0,0.18149875957407408,low,14560.1866034,0.0596296972222222,1073.33455,16926.66545,18000.0,0.9403703027777778,0.07453712152777778,0.9403703027777778,0.0,0.0,0.0,0.0,0.0,0.0,0.0,0.0,0.0,0.0,0.0,0.0,0.0,
NZT1108,0.1837607319851852,0.22970091498148149,0.0,0.1837607319851852,low,14584.61590544,0.0335300155555555,603.5402799999999,17396.45972,18000.0,0.9664699844444445,0.04191251944444444,0.9664699844444444,0.0,0.0,0.0,0.0,0.0,0.0,0.0,0.0,0.0,0.0,0.0,0.0,0.0,
NZT1226,0.15636577435185187,0.19545721793981483,0.0,0.15636577435185187,low,14288.750363,0.3496256805555555,6293.26225,11706.73775,18000.0,0.6503743194444445,0.4370321006944444,0.6503743194444445,0.0,0.0,0.0,0.0,0.0,0.0,0.0,0.0,0.0,0.0,0.0,0.0,0.0,
NZT3779,0.15792715302111113,0.1974089412763889,0.0,0.15792715302111113,low,14305.613252627998,0.3316097728333333,5968.975911,12031.024089,18000.0,0.6683902271666666,0.4145122160416667,0.6683902271666667,0.0,0.0,0.0,0.0,0.0,0.0,0.0,0.0,0.0,0.0,0.0,0.0,0.0,
NZT5678,0.17282905505296298,0.2160363188162037,0.0,0.17282905505296298,low,14466.553794571999,0.1596647493888889,2873.965489,15126.034511,18000.0,0.8403352506111111,0.19958093673611113,0.8403352506111111,0.0,0.0,0.0,0.0,0.0,0.0,0.0,0.0,0.0,0.0,0.0,0.0,0.0,
NZT6199,0.16347226194592593,0.2043403274324074,0.0,0.16347226194592593,low,14365.500429016,0.2676277467777777,4817.299442,13182.700558,18000.0,0.7323722532222223,0.33453468347222226,0.7323722532222222,0.0,0.0,0.0,0.0,0.0,0.0,0.0,0.0,0.0,0.0,0.0,0.0,0.0,
NZU3316,0.16316497330481483,0.2039562166310185,0.0,0.16316497330481483,low,14362.181711692,0.2711733849444445,4881.120929000001,13118.879071,18000.0,0.7288266150555556,0.3389667311805556,0.7288266150555556,0.0,0.0,0.0,0.0,0.0,0.0,0.0,0.0,0.0,0.0,0.0,0.0,0.0,
NZU5285,0.16562006013333336,0.20702507516666668,0.0,0.16562006013333336,low,14388.696649439999,0.24284546,4371.21828,13628.78172,18000.0,0.7571545399999999,0.30355682500000003,0.75715454,0.0,0.0,0.0,0.0,0.0,0.0,0.0,0.0,0.0,0.0,0.0,0.0,0.0,
NZV2611,0.18618439844444445,0.23273049805555554,0.0,0.18618439844444445,low,14610.7915032,0.0055646333333333,100.1634,17899.8366,18000.0,0.9944353666666667,0.0069557916666666665,0.9944353666666665,0.0,0.0,0.0,0.0,0.0,0.0,0.0,0.0,0.0,0.0,0.0,0.0,0.0,
NZV8496,0.1766211565551852,0.2207764456939815,0.0,0.1766211565551852,low,14507.508490795999,0.1159097320555555,2086.375177,15913.624823,18000.0,0.8840902679444445,0.14488716506944443,0.8840902679444445,0.0,0.0,0.0,0.0,0.0,0.0,0.0,0.0,0.0,0.0,0.0,0.0,0.0,
NZW4553,0.1813990256444445,0.2267487820555556,0.0,0.1813990256444445,low,14559.10947696,0.0607804733333333,1094.04852,16905.95148,18000.0,0.9392195266666667,0.07597559166666668,0.9392195266666666,0.0,0.0,0.0,0.0,0.0,0.0,0.0,0.0,0.0,0.0,0.0,0.0,0.0,
NZW4847,0.17741846132222225,0.2217730766527778,0.0,0.17741846132222225,low,14516.11938228,0.1067100616666666,1920.78111,16079.21889,18000.0,0.8932899383333334,0.13338757708333332,0.8932899383333334,0.0,0.0,0.0,0.0,0.0,0.0,0.0,0.0,0.0,0.0,0.0,0.0,0.0,
NZY4328,0.1727310915692593,0.21591386446157412,0.0,0.1727310915692593,low,14465.495788948,0.1607950972777777,2894.311751,15105.688249,18000.0,0.8392049027222224,0.20099387159722223,0.8392049027222223,0.0,0.0,0.0,0.0,0.0,0.0,0.0,0.0,0.0,0.0,0.0,0.0,0.0,
NZY5605,0.16313028245333333,0.20391285306666665,0.0,0.16313028245333333,low,14361.807050496,0.2715736639999999,4888.325951999999,13111.674048,18000.0,0.7284263360000001,0.3394670799999999,0.7284263360000001,0.0,0.0,0.0,0.0,0.0,0.0,0.0,0.0,0.0,0.0,0.0,0.0,0.0,
NZY8710,0.15635890659148152,0.19544863323935188,0.0,0.15635890659148152,low,14288.676191187998,0.3497049239444444,6294.688631,11705.311369,18000.0,0.6502950760555556,0.43713115493055554,0.6502950760555555,0.0,0.0,0.0,0.0,0.0,0.0,0.0,0.0,0.0,0.0,0.0,0.0,0.0,
P000037,0.18459028223148152,0.23073785278935188,0.0,0.18459028223148152,low,14593.5750481,0.0239582819444444,431.249075,17568.750925,18000.0,0.9760417180555556,0.029947852430555557,0.9760417180555556,0.0,0.0,0.0,0.0,0.0,0.0,0.0,0.0,0.0,0.0,0.0,0.0,0.0,
P000400,0.1846952899,0.230869112375,0.0,0.1846952899,low,14594.709130919999,0.0227466549999999,409.43979,17590.56021,18000.0,0.977253345,0.028433318750000002,0.9772533449999999,0.0,0.0,0.0,0.0,0.0,0.0,0.0,0.0,0.0,0.0,0.0,0.0,0.0,
P0320,0.15898473913703703,0.1987309239212963,0.0,0.15898473913703703,low,14317.03518268,0.3194068561111111,5749.32341,12250.67659,18000.0,0.6805931438888889,0.3992585701388889,0.6805931438888888,0.0,0.0,0.0,0.0,0.0,0.0,0.0,0.0,0.0,0.0,0.0,0.0,0.0,
P06ATS,0.16143332258074075,0.20179165322592593,0.0,0.16143332258074075,low,14343.479883872,0.2911539702222222,5240.771464,12759.228536,18000.0,0.7088460297777778,0.3639424627777778,0.7088460297777778,0.0,0.0,0.0,0.0,0.0,0.0,0.0,0.0,0.0,0.0,0.0,0.0,0.0,
P08BJB,0.1652887659377778,0.20661095742222224,0.0,0.1652887659377778,low,14385.118672128,0.2466680853333333,4440.025536,13559.974464,18000.0,0.7533319146666667,0.3083351066666667,0.7533319146666667,0.0,0.0,0.0,0.0,0.0,0.0,0.0,0.0,0.0,0.0,0.0,0.0,0.0,
P08BJW,0.18069909018888888,0.2258738627361111,0.0,0.18069909018888888,low,14551.55017404,0.0688566516666666,1239.41973,16760.58027,18000.0,0.9311433483333333,0.08607081458333334,0.9311433483333332,0.0,0.0,0.0,0.0,0.0,0.0,0.0,0.0,0.0,0.0,0.0,0.0,0.0,
P33ATH,0.18151229794740742,0.22689037243425927,0.0,0.18151229794740742,low,14560.332817831999,0.0594734852222222,1070.522734,16929.477266,18000.0,0.9405265147777778,0.07434185652777778,0.9405265147777778,0.0,0.0,0.0,0.0,0.0,0.0,0.0,0.0,0.0,0.0,0.0,0.0,0.0,
P43AMA,0.18116861306666668,0.22646076633333334,0.0,0.18116861306666668,low,14556.62102112,0.06343908,1141.90344,16858.096559999998,18000.0,0.93656092,0.07929885,0.9365609199999999,0.0,0.0,0.0,0.0,0.0,0.0,0.0,0.0,0.0,0.0,0.0,0.0,0.0,
P801079,0.18363739284814815,0.22954674106018516,0.0,0.18363739284814815,low,14583.283842759998,0.0349531594444444,629.15687,17370.84313,18000.0,0.9650468405555556,0.04369144930555556,0.9650468405555556,0.0,0.0,0.0,0.0,0.0,0.0,0.0,0.0,0.0,0.0,0.0,0.0,0.0,
P801561,0.18658403341851856,0.23323004177314818,0.0,0.18658403341851856,low,14615.10756092,0.0009534605555555,17.16229,17982.83771,18000.0,0.9990465394444445,0.0011918256944444443,0.9990465394444444,0.0,0.0,0.0,0.0,0.0,0.0,0.0,0.0,0.0,0.0,0.0,0.0,0.0,
P802066,0.18497950991111115,0.23122438738888892,0.0,0.18497950991111115,low,14597.778707039999,0.0194671933333333,350.40948,17649.59052,18000.0,0.9805328066666668,0.024333991666666666,0.9805328066666668,0.0,0.0,0.0,0.0,0.0,0.0,0.0,0.0,0.0,0.0,0.0,0.0,0.0,
P802435,0.14472886994814813,0.18091108743518516,0.0,0.14472886994814813,low,14163.071795439999,0.4838976544444444,8710.15778,9289.84222,18000.0,0.5161023455555556,0.6048720680555555,0.5161023455555556,0.0,0.0,0.0,0.0,0.0,0.0,0.0,0.0,0.0,0.0,0.0,0.0,0.0,
P802460,0.17376836374074076,0.21721045467592592,0.0,0.17376836374074076,low,14476.6983284,0.1488265722222222,2678.8783,15321.1217,18000.0,0.8511734277777778,0.18603321527777777,0.8511734277777777,0.0,0.0,0.0,0.0,0.0,0.0,0.0,0.0,0.0,0.0,0.0,0.0,0.0,
P802569,0.1508818996592593,0.1886023745740741,0.0,0.1508818996592593,low,14229.52451632,0.4129011577777777,7432.22084,10567.77916,18000.0,0.5870988422222223,0.5161264472222222,0.5870988422222222,0.0,0.0,0.0,0.0,0.0,0.0,0.0,0.0,0.0,0.0,0.0,0.0,0.0,
P803046,0.12777231450740742,0.15971539313425928,0.0,0.12777231450740742,low,13979.94099668,0.6795502172222223,12231.90391,5768.096089999999,18000.0,0.3204497827777777,0.8494377715277779,0.32044978277777775,0.0,0.0,0.0,0.0,0.0,0.0,0.0,0.0,0.0,0.0,0.0,0.0,0.0,
P803547,0.1859439004185185,0.23242987552314812,0.0,0.1859439004185185,low,14608.19412452,0.0083396105555555,150.11299,17849.88701,18000.0,0.9916603894444445,0.010424513194444445,0.9916603894444443,0.0,0.0,0.0,0.0,0.0,0.0,0.0,0.0,0.0,0.0,0.0,0.0,0.0,
PAA6858,0.1608875391511111,0.20110942393888886,0.0,0.1608875391511111,low,14337.585422831999,0.2974514713333333,5354.126483999999,12645.873516,18000.0,0.7025485286666667,0.3718143391666666,0.7025485286666666,0.0,0.0,0.0,0.0,0.0,0.0,0.0,0.0,0.0,0.0,0.0,0.0,0.0,
PAA8087,0.05740786548148148,0.07175983185185185,0.0,0.05740786548148148,low,13220.0049472,1.211801261111111,21812.4227,0.0,18000.0,-0.21180126111111108,1.0,0.0,0.0,0.0,0.0,0.0,0.0,0.0,0.0,0.0,0.0,0.0,0.0,0.0,0.0,
PAC6869,0.13211639095888889,0.1651454886986111,0.0,0.13211639095888889,low,14026.857022355998,0.6294262581666668,11329.672647,6670.327353000001,18000.0,0.37057374183333325,0.7867828227083333,0.37057374183333336,0.0,0.0,0.0,0.0,0.0,0.0,0.0,0.0,0.0,0.0,0.0,0.0,0.0,
PAE1032,0.15797601284222226,0.1974700160527778,0.0,0.15797601284222226,low,14306.140938696,0.3310460056666666,5958.828102,12041.171898,18000.0,0.6689539943333334,0.41380750708333336,0.6689539943333334,0.0,0.0,0.0,0.0,0.0,0.0,0.0,0.0,0.0,0.0,0.0,0.0,0.0,
PAG663A,0.18530845131851853,0.23163556414814815,0.0,0.18530845131851853,low,14601.331274239998,0.0156717155555555,282.09088,17717.90912,18000.0,0.9843282844444445,0.019589644444444446,0.9843282844444444,0.0,0.0,0.0,0.0,0.0,0.0,0.0,0.0,0.0,0.0,0.0,0.0,0.0,
PAJ2909,0.15709949252222222,0.19637436565277777,0.0,0.15709949252222222,low,14296.67451924,0.3411597016666667,6140.87463,11859.12537,18000.0,0.6588402983333332,0.42644962708333334,0.6588402983333334,0.0,0.0,0.0,0.0,0.0,0.0,0.0,0.0,0.0,0.0,0.0,0.0,0.0,
PAJ5018,0.17263845482592596,0.21579806853240743,0.0,0.17263845482592596,low,14464.49531212,0.1618639827777777,2913.55169,15086.44831,18000.0,0.8381360172222223,0.2023299784722222,0.8381360172222222,0.0,0.0,0.0,0.0,0.0,0.0,0.0,0.0,0.0,0.0,0.0,0.0,0.0,
PAL6787,0.1580330085977778,0.19754126074722222,0.0,0.1580330085977778,low,14306.756492856,0.3303883623333333,5946.990522,12053.009478,18000.0,0.6696116376666668,0.41298545291666666,0.6696116376666666,0.0,0.0,0.0,0.0,0.0,0.0,0.0,0.0,0.0,0.0,0.0,0.0,0.0,
PAX7437,0.15639652922222225,0.19549566152777778,0.0,0.15639652922222225,low,14289.0825156,0.3492708166666666,6286.874699999999,11713.1253,18000.0,0.6507291833333334,0.43658852083333327,0.6507291833333333,0.0,0.0,0.0,0.0,0.0,0.0,0.0,0.0,0.0,0.0,0.0,0.0,0.0,
PAY4740,0.1783736772,0.2229670965,0.0,0.1783736772,low,14526.435713759998,0.09568834,1722.39012,16277.60988,18000.0,0.90431166,0.119610425,0.90431166,0.0,0.0,0.0,0.0,0.0,0.0,0.0,0.0,0.0,0.0,0.0,0.0,0.0,
PAY7657,0.16252567787555558,0.20315709734444445,0.0,0.16252567787555558,low,14355.277321055999,0.2785498706666666,5013.897671999999,12986.102328,18000.0,0.7214501293333334,0.34818733833333326,0.7214501293333334,0.0,0.0,0.0,0.0,0.0,0.0,0.0,0.0,0.0,0.0,0.0,0.0,0.0,
PAZ1744,0.1584702767951852,0.19808784599398147,0.0,0.1584702767951852,low,14311.478989387999,0.3253429600555555,5856.173280999999,12143.826719,18000.0,0.6746570399444445,0.4066787000694444,0.6746570399444445,0.0,0.0,0.0,0.0,0.0,0.0,0.0,0.0,0.0,0.0,0.0,0.0,0.0,
PAZ3649,0.1697455415703704,0.21218192696296298,0.0,0.1697455415703704,low,14433.25184896,0.195243751111111,3514.38752,14485.61248,18000.0,0.804756248888889,0.2440546888888889,0.8047562488888889,0.0,0.0,0.0,0.0,0.0,0.0,0.0,0.0,0.0,0.0,0.0,0.0,0.0,
PAZ7154,0.1591135129240741,0.19889189115509262,0.0,0.1591135129240741,low,14318.42593958,0.3179210047222222,5722.578085,12277.421915,18000.0,0.6820789952777778,0.3974012559027778,0.6820789952777778,0.0,0.0,0.0,0.0,0.0,0.0,0.0,0.0,0.0,0.0,0.0,0.0,0.0,
PBB3001,0.15910178013518522,0.19887722516898151,0.0,0.15910178013518522,low,14318.29922546,0.3180563830555555,5725.014895,12274.985105,18000.0,0.6819436169444445,0.39757047881944446,0.6819436169444444,0.0,0.0,0.0,0.0,0.0,0.0,0.0,0.0,0.0,0.0,0.0,0.0,0.0,
PBB3219,0.18488228580962965,0.23110285726203705,0.0,0.18488228580962965,low,14596.728686743998,0.0205890098888888,370.602178,17629.397822,18000.0,0.9794109901111112,0.02573626236111111,0.9794109901111111,0.0,0.0,0.0,0.0,0.0,0.0,0.0,0.0,0.0,0.0,0.0,0.0,0.0,
PBB5710,0.18245907881851853,0.22807384852314816,0.0,0.18245907881851853,low,14570.55805124,0.0485490905555555,873.88363,17126.11637,18000.0,0.9514509094444445,0.06068636319444445,0.9514509094444444,0.0,0.0,0.0,0.0,0.0,0.0,0.0,0.0,0.0,0.0,0.0,0.0,0.0,
PBC6570,0.18364044544074076,0.22955055680092595,0.0,0.18364044544074076,low,14583.31681076,0.0349179372222222,628.52287,17371.47713,18000.0,0.9650820627777777,0.04364742152777778,0.9650820627777777,0.0,0.0,0.0,0.0,0.0,0.0,0.0,0.0,0.0,0.0,0.0,0.0,0.0,
PBE4208,0.1856487281962963,0.23206091024537037,0.0,0.1856487281962963,low,14605.00626452,0.0117454438888888,211.41798999999995,17788.58201,18000.0,0.9882545561111112,0.014681804861111107,0.988254556111111,0.0,0.0,0.0,0.0,0.0,0.0,0.0,0.0,0.0,0.0,0.0,0.0,0.0,
PBE9461,0.1557661596940741,0.1947076996175926,0.0,0.1557661596940741,low,14282.274524695998,0.3565443112222222,6417.797602000001,11582.202398,18000.0,0.6434556887777778,0.4456803890277778,0.6434556887777777,0.0,0.0,0.0,0.0,0.0,0.0,0.0,0.0,0.0,0.0,0.0,0.0,0.0,
PBG2889,0.1775196065703704,0.22189950821296298,0.0,0.1775196065703704,low,14517.211750959998,0.1055430011111111,1899.77402,16100.22598,18000.0,0.8944569988888889,0.1319287513888889,0.8944569988888889,0.0,0.0,0.0,0.0,0.0,0.0,0.0,0.0,0.0,0.0,0.0,0.0,0.0,
PBG5124,0.15964827186259262,0.19956033982824076,0.0,0.15964827186259262,low,14324.201336115999,0.3117507092777777,5611.512767,12388.487233,18000.0,0.6882492907222223,0.3896883865972222,0.6882492907222222,0.0,0.0,0.0,0.0,0.0,0.0,0.0,0.0,0.0,0.0,0.0,0.0,0.0,
PBG6023,0.18603584364074077,0.23254480455092594,0.0,0.18603584364074077,low,14609.18711132,0.0072787272222222,131.01709,17868.98291,18000.0,0.9927212727777778,0.009098409027777778,0.9927212727777777,0.0,0.0,0.0,0.0,0.0,0.0,0.0,0.0,0.0,0.0,0.0,0.0,0.0,
PBH008B,0.16902962083814818,0.2112870260476852,0.0,0.16902962083814818,low,14425.519905051999,0.2035043749444444,3663.078749,14336.921251,18000.0,0.7964956250555556,0.2543804686805555,0.7964956250555555,0.0,0.0,0.0,0.0,0.0,0.0,0.0,0.0,0.0,0.0,0.0,0.0,0.0,
PBJ5086,0.1857791543555556,0.23222394294444446,0.0,0.1857791543555556,low,14606.414867039999,0.0102405266666666,184.32948,17815.67052,18000.0,0.9897594733333334,0.012800658333333333,0.9897594733333334,0.0,0.0,0.0,0.0,0.0,0.0,0.0,0.0,0.0,0.0,0.0,0.0,0.0,
PBK804B,0.15721963501703703,0.19652454377129627,0.0,0.15721963501703703,low,14297.972058184,0.3397734421111111,6115.921958,11884.078042,18000.0,0.6602265578888888,0.4247168026388889,0.6602265578888888,0.0,0.0,0.0,0.0,0.0,0.0,0.0,0.0,0.0,0.0,0.0,0.0,0.0,
PBN5416,0.1615164238962963,0.20189552987037038,0.0,0.1615164238962963,low,14344.377378079998,0.2901951088888889,5223.51196,12776.48804,18000.0,0.7098048911111111,0.3627438861111111,0.7098048911111111,0.0,0.0,0.0,0.0,0.0,0.0,0.0,0.0,0.0,0.0,0.0,0.0,0.0,
PBP2691,0.15896126080000003,0.19870157600000002,0.0,0.15896126080000003,low,14316.781616639999,0.31967776,5754.199680000001,12245.800319999998,18000.0,0.68032224,0.39959720000000004,0.68032224,0.0,0.0,0.0,0.0,0.0,0.0,0.0,0.0,0.0,0.0,0.0,0.0,0.0,
PBP3281,0.17200370615148153,0.21500463268935188,0.0,0.17200370615148153,low,14457.640026436,0.1691880059444444,3045.384107,14954.615893,18000.0,0.8308119940555556,0.21148500743055554,0.8308119940555556,0.0,0.0,0.0,0.0,0.0,0.0,0.0,0.0,0.0,0.0,0.0,0.0,0.0,
PBP3474,0.17530057614444447,0.21912572018055557,0.0,0.17530057614444447,low,14493.24622236,0.1311471983333333,2360.64957,15639.35043,18000.0,0.8688528016666667,0.16393399791666666,0.8688528016666667,0.0,0.0,0.0,0.0,0.0,0.0,0.0,0.0,0.0,0.0,0.0,0.0,0.0,
PBP4733,0.18648921657037038,0.23311152071296296,0.0,0.18648921657037038,low,14614.08353896,0.0020475011111111,36.85502,17963.14498,18000.0,0.9979524988888889,0.002559376388888889,0.9979524988888889,0.0,0.0,0.0,0.0,0.0,0.0,0.0,0.0,0.0,0.0,0.0,0.0,0.0,
PBP6833,0.18582130945555556,0.23227663681944444,0.0,0.18582130945555556,low,14606.870142119998,0.0097541216666666,175.57419,17824.42581,18000.0,0.9902458783333334,0.012192652083333333,0.9902458783333333,0.0,0.0,0.0,0.0,0.0,0.0,0.0,0.0,0.0,0.0,0.0,0.0,0.0,
PBR6322,0.16812518695666667,0.2101564836958333,0.0,0.16812518695666667,low,14415.752019132,0.2139401505,3850.922709,14149.077291,18000.0,0.7860598495,0.267425188125,0.7860598495,0.0,0.0,0.0,0.0,0.0,0.0,0.0,0.0,0.0,0.0,0.0,0.0,0.0,
PBR6692,0.16033138027222224,0.20041422534027778,0.0,0.16033138027222224,low,14331.57890694,0.3038686891666666,5469.636404999999,12530.363595,18000.0,0.6961313108333333,0.37983586145833326,0.6961313108333333,0.0,0.0,0.0,0.0,0.0,0.0,0.0,0.0,0.0,0.0,0.0,0.0,0.0,
PBS7821,0.16179054093333334,0.20223817616666664,0.0,0.16179054093333334,low,14347.337842079998,0.28703222,5166.57996,12833.42004,18000.0,0.71296778,0.358790275,0.71296778,0.0,0.0,0.0,0.0,0.0,0.0,0.0,0.0,0.0,0.0,0.0,0.0,0.0,
PBT3215,0.1617235394244445,0.2021544242805556,0.0,0.1617235394244445,low,14346.614225784,0.2878053143333333,5180.495658,12819.504342,18000.0,0.7121946856666668,0.35975664291666665,0.7121946856666667,0.0,0.0,0.0,0.0,0.0,0.0,0.0,0.0,0.0,0.0,0.0,0.0,0.0,
PBV1337,0.15947861361000001,0.1993482670125,0.0,0.15947861361000001,low,14322.369026987999,0.3137083045,5646.749481,12353.250519,18000.0,0.6862916955,0.392135380625,0.6862916954999999,0.0,0.0,0.0,0.0,0.0,0.0,0.0,0.0,0.0,0.0,0.0,0.0,0.0,
PBV4760,0.18505679962962968,0.23132099953703708,0.0,0.18505679962962968,low,14598.613436,0.0185753888888888,334.357,17665.643,18000.0,0.9814246111111112,0.023219236111111114,0.9814246111111111,0.0,0.0,0.0,0.0,0.0,0.0,0.0,0.0,0.0,0.0,0.0,0.0,0.0,
PBW4091,0.15484869910481483,0.19356087388101853,0.0,0.15484869910481483,low,14272.365950332,0.3671303949444444,6608.347108999999,11391.652891000002,18000.0,0.6328696050555556,0.4589129936805555,0.6328696050555557,0.0,0.0,0.0,0.0,0.0,0.0,0.0,0.0,0.0,0.0,0.0,0.0,0.0,
PBW6191,0.17891500028148152,0.22364375035185188,0.0,0.17891500028148152,low,14532.28200304,0.0894423044444444,1609.96148,16390.038520000002,18000.0,0.9105576955555557,0.11180288055555555,0.9105576955555557,0.0,0.0,0.0,0.0,0.0,0.0,0.0,0.0,0.0,0.0,0.0,0.0,0.0,
PBW6513,0.15359219987333333,0.19199024984166665,0.0,0.15359219987333333,low,14258.795758631999,0.381628463,6869.312334,11130.687666,18000.0,0.618371537,0.47703557875,0.618371537,0.0,0.0,0.0,0.0,0.0,0.0,0.0,0.0,0.0,0.0,0.0,0.0,0.0,
PBY6165,0.17536678182222226,0.2192084772777778,0.0,0.17536678182222226,low,14493.96124368,0.1303832866666666,2346.89916,15653.10084,18000.0,0.8696167133333335,0.16297910833333332,0.8696167133333332,0.0,0.0,0.0,0.0,0.0,0.0,0.0,0.0,0.0,0.0,0.0,0.0,0.0,
PBZ4454,0.1838008527777778,0.22975106597222225,0.0,0.1838008527777778,low,14585.04921,0.0330670833333333,595.2075,17404.7925,18000.0,0.9669329166666667,0.04133385416666666,0.9669329166666667,0.0,0.0,0.0,0.0,0.0,0.0,0.0,0.0,0.0,0.0,0.0,0.0,0.0,
PBZ4742,0.18602370019629633,0.23252962524537038,0.0,0.18602370019629633,low,14609.05596212,0.0074188438888888,133.53919,17866.46081,18000.0,0.9925811561111112,0.009273554861111111,0.9925811561111111,0.0,0.0,0.0,0.0,0.0,0.0,0.0,0.0,0.0,0.0,0.0,0.0,0.0,
PCA9362,0.15888825303111112,0.1986103162888889,0.0,0.15888825303111112,low,14315.993132736,0.3205201573333333,5769.362832,12230.637168,18000.0,0.6794798426666667,0.4006501966666667,0.6794798426666666,0.0,0.0,0.0,0.0,0.0,0.0,0.0,0.0,0.0,0.0,0.0,0.0,0.0,
PCB4784,0.15853626651888889,0.1981703331486111,0.0,0.15853626651888889,low,14312.191678403999,0.3245815401666666,5842.467723,12157.532277,18000.0,0.6754184598333334,0.4057269252083333,0.6754184598333334,0.0,0.0,0.0,0.0,0.0,0.0,0.0,0.0,0.0,0.0,0.0,0.0,0.0,
PCD3001,0.15719701698148147,0.19649627122685184,0.0,0.15719701698148147,low,14297.727783399998,0.3400344194444444,6120.619549999999,11879.38045,18000.0,0.6599655805555555,0.4250430243055555,0.6599655805555555,0.0,0.0,0.0,0.0,0.0,0.0,0.0,0.0,0.0,0.0,0.0,0.0,0.0,
PCD9582,0.1638883058377778,0.20486038229722223,0.0,0.1638883058377778,low,14369.993703048,0.2628272403333333,4730.890326,13269.109674,18000.0,0.7371727596666666,0.32853405041666667,0.7371727596666666,0.0,0.0,0.0,0.0,0.0,0.0,0.0,0.0,0.0,0.0,0.0,0.0,0.0,
PCE3341,0.1568342501566667,0.19604281269583335,0.0,0.1568342501566667,low,14293.809901691999,0.3442201904999999,6195.963428999999,11804.036571,18000.0,0.6557798095,0.43027523812499996,0.6557798095,0.0,0.0,0.0,0.0,0.0,0.0,0.0,0.0,0.0,0.0,0.0,0.0,0.0,
PCE9259,0.16253792192074076,0.20317240240092593,0.0,0.16253792192074076,low,14355.409556743998,0.2784085932222222,5011.354678,12988.645322,18000.0,0.7215914067777778,0.3480107415277778,0.7215914067777778,0.0,0.0,0.0,0.0,0.0,0.0,0.0,0.0,0.0,0.0,0.0,0.0,0.0,
PCE9619,0.1516033050069333,0.18950413125866664,0.0,0.1516033050069333,low,14237.31569407488,0.40457724992,7282.39049856,10717.60950144,18000.0,0.59542275008,0.5057215624,0.59542275008,0.0,0.0,0.0,0.0,0.0,0.0,0.0,0.0,0.0,0.0,0.0,0.0,0.0,
PCG7490,0.1861618593814815,0.23270232422685186,0.0,0.1861618593814815,low,14610.54808132,0.0058246994444444,104.84459,17895.15541,18000.0,0.9941753005555556,0.007280874305555555,0.9941753005555555,0.0,0.0,0.0,0.0,0.0,0.0,0.0,0.0,0.0,0.0,0.0,0.0,0.0,
PCJ6877,0.1734339354666667,0.21679241933333335,0.0,0.1734339354666667,low,14473.086503039998,0.15268536,2748.33648,15251.66352,18000.0,0.84731464,0.1908567,0.84731464,0.0,0.0,0.0,0.0,0.0,0.0,0.0,0.0,0.0,0.0,0.0,0.0,0.0,
PCK8847,0.15750440762444445,0.19688050953055555,0.0,0.15750440762444445,low,14301.047602343999,0.3364876043333333,6056.776878,11943.223122,18000.0,0.6635123956666666,0.42060950541666664,0.6635123956666666,0.0,0.0,0.0,0.0,0.0,0.0,0.0,0.0,0.0,0.0,0.0,0.0,0.0,
PCM9650,0.1820777804455556,0.22759722555694448,0.0,0.1820777804455556,low,14566.440028812,0.0529486871666666,953.076369,17046.923631,18000.0,0.9470513128333334,0.06618585895833333,0.9470513128333334,0.0,0.0,0.0,0.0,0.0,0.0,0.0,0.0,0.0,0.0,0.0,0.0,0.0,
PCP5901,0.18565011001925927,0.23206263752407408,0.0,0.18565011001925927,low,14605.021188207998,0.0117294997777777,211.130996,17788.869004,18000.0,0.9882705002222223,0.014661874722222223,0.9882705002222222,0.0,0.0,0.0,0.0,0.0,0.0,0.0,0.0,0.0,0.0,0.0,0.0,0.0,
PCP7656,0.16126611598370372,0.20158264497962963,0.0,0.16126611598370372,low,14341.674052624,0.2930832771111111,5275.498987999999,12724.501012,18000.0,0.7069167228888888,0.36635409638888883,0.706916722888889,0.0,0.0,0.0,0.0,0.0,0.0,0.0,0.0,0.0,0.0,0.0,0.0,0.0,
PCR7008,0.1741319308888889,0.2176649136111111,0.0,0.1741319308888889,low,14480.624853599998,0.1446315666666666,2603.3682,15396.6318,18000.0,0.8553684333333333,0.18078945833333332,0.8553684333333333,0.0,0.0,0.0,0.0,0.0,0.0,0.0,0.0,0.0,0.0,0.0,0.0,0.0,
PCT9966,0.18595257430740741,0.23244071788425927,0.0,0.18595257430740741,low,14608.287802519999,0.0082395272222222,148.31149,17851.68851,18000.0,0.9917604727777778,0.010299409027777777,0.9917604727777778,0.0,0.0,0.0,0.0,0.0,0.0,0.0,0.0,0.0,0.0,0.0,0.0,0.0,
PCZ3897,0.1794603695888889,0.2243254619861111,0.0,0.1794603695888889,low,14538.171991559999,0.0831495816666666,1496.69247,16503.30753,18000.0,0.9168504183333334,0.10393697708333333,0.9168504183333333,0.0,0.0,0.0,0.0,0.0,0.0,0.0,0.0,0.0,0.0,0.0,0.0,0.0,
PCZ5897,0.1529280755562963,0.19116009444537038,0.0,0.1529280755562963,low,14251.623216008,0.3892914358888888,7007.245846,10992.754154,18000.0,0.6107085641111112,0.4866142948611111,0.6107085641111111,0.0,0.0,0.0,0.0,0.0,0.0,0.0,0.0,0.0,0.0,0.0,0.0,0.0,
PDA8039,0.18140412398925929,0.2267551549865741,0.0,0.18140412398925929,low,14559.164539083999,0.0607216462777777,1092.989633,16907.010367,18000.0,0.9392783537222223,0.07590205784722222,0.9392783537222221,0.0,0.0,0.0,0.0,0.0,0.0,0.0,0.0,0.0,0.0,0.0,0.0,0.0,
PDC2428,0.18614245596666668,0.23267806995833332,0.0,0.18614245596666668,low,14610.33852444,0.0060485849999999,108.87453,17891.12547,18000.0,0.9939514150000001,0.007560731249999999,0.993951415,0.0,0.0,0.0,0.0,0.0,0.0,0.0,0.0,0.0,0.0,0.0,0.0,0.0,
PDD8511,0.1626557180888889,0.2033196476111111,0.0,0.1626557180888889,low,14356.68175536,0.2770494066666666,4986.88932,13013.11068,18000.0,0.7229505933333333,0.34631175833333333,0.7229505933333333,0.0,0.0,0.0,0.0,0.0,0.0,0.0,0.0,0.0,0.0,0.0,0.0,0.0,
PDD9589,0.16228493463592594,0.2028561682949074,0.0,0.16228493463592594,low,14352.677294068,0.2813276772777778,5063.898191,12936.101809,18000.0,0.7186723227222223,0.35165959659722223,0.7186723227222223,0.0,0.0,0.0,0.0,0.0,0.0,0.0,0.0,0.0,0.0,0.0,0.0,0.0,
PDE3038,0.18580680093074076,0.23225850116342592,0.0,0.18580680093074076,low,14606.713450052,0.0099215277222222,178.58749899999998,17821.412501,18000.0,0.9900784722777778,0.012401909652777777,0.9900784722777777,0.0,0.0,0.0,0.0,0.0,0.0,0.0,0.0,0.0,0.0,0.0,0.0,0.0,
PDE4380,0.1798012257851852,0.22475153223148148,0.0,0.1798012257851852,low,14541.853238479998,0.0792166255555555,1425.89926,16574.10074,18000.0,0.9207833744444445,0.09902078194444444,0.9207833744444446,0.0,0.0,0.0,0.0,0.0,0.0,0.0,0.0,0.0,0.0,0.0,0.0,0.0,
PDF2203,0.15930968106074073,0.1991371013259259,0.0,0.15930968106074073,low,14320.544555455997,0.3156575262222222,5681.835472,12318.164528,18000.0,0.6843424737777778,0.3945719077777778,0.6843424737777778,0.0,0.0,0.0,0.0,0.0,0.0,0.0,0.0,0.0,0.0,0.0,0.0,0.0,
PDH897B,0.15708388307555554,0.19635485384444443,0.0,0.15708388307555554,low,14296.505937216,0.3413398106666667,6144.116592,11855.883408,18000.0,0.6586601893333333,0.4266747633333334,0.6586601893333334,0.0,0.0,0.0,0.0,0.0,0.0,0.0,0.0,0.0,0.0,0.0,0.0,0.0,
PDK4435,0.16990308618703706,0.2123788577337963,0.0,0.16990308618703706,low,14434.953330819999,0.1934259286111111,3481.666715,14518.333285,18000.0,0.8065740713888889,0.24178241076388887,0.8065740713888889,0.0,0.0,0.0,0.0,0.0,0.0,0.0,0.0,0.0,0.0,0.0,0.0,0.0,
PDK8098,0.16041792917333336,0.2005224114666667,0.0,0.16041792917333336,low,14332.513635072,0.302870048,5451.660864,12548.339136,18000.0,0.697129952,0.37858756000000005,0.697129952,0.0,0.0,0.0,0.0,0.0,0.0,0.0,0.0,0.0,0.0,0.0,0.0,0.0,
PDL5824,0.14791688089259258,0.18489610111574073,0.0,0.14791688089259258,low,14197.50231364,0.4471129127777778,8048.03243,9951.96757,18000.0,0.5528870872222222,0.5588911409722223,0.5528870872222222,0.0,0.0,0.0,0.0,0.0,0.0,0.0,0.0,0.0,0.0,0.0,0.0,0.0,
PDM6606,0.16758908346666668,0.20948635433333332,0.0,0.16758908346666668,low,14409.96210144,0.22012596,3962.26728,14037.73272,18000.0,0.7798740399999999,0.27515745,0.77987404,0.0,0.0,0.0,0.0,0.0,0.0,0.0,0.0,0.0,0.0,0.0,0.0,0.0,
PDM6702,0.17306621503037037,0.21633276878796295,0.0,0.17306621503037037,low,14469.115122328,0.1569282881111111,2824.709186,15175.290814,18000.0,0.8430717118888889,0.19616036013888888,0.8430717118888889,0.0,0.0,0.0,0.0,0.0,0.0,0.0,0.0,0.0,0.0,0.0,0.0,0.0,
PDN2241,0.1711774087555556,0.21397176094444448,0.0,0.1711774087555556,low,14448.716014560001,0.1787222066666666,3216.99972,14783.00028,18000.0,0.8212777933333334,0.2234027583333333,0.8212777933333334,0.0,0.0,0.0,0.0,0.0,0.0,0.0,0.0,0.0,0.0,0.0,0.0,0.0,
PDN2243,0.18567558812222223,0.23209448515277778,0.0,0.18567558812222223,low,14605.296351719999,0.0114355216666666,205.83939,17794.16061,18000.0,0.9885644783333334,0.014294402083333334,0.9885644783333333,0.0,0.0,0.0,0.0,0.0,0.0,0.0,0.0,0.0,0.0,0.0,0.0,0.0,
PDN2262,0.18211573716666668,0.22764467145833334,0.0,0.18211573716666668,low,14566.8499614,0.052510725,945.19305,17054.80695,18000.0,0.947489275,0.06563840625,0.9474892749999999,0.0,0.0,0.0,0.0,0.0,0.0,0.0,0.0,0.0,0.0,0.0,0.0,0.0,
PDP9133,0.15744402028444446,0.19680502535555555,0.0,0.15744402028444446,low,14300.395419072,0.3371843813333333,6069.318864,11930.681136,18000.0,0.6628156186666667,0.42148047666666666,0.6628156186666666,0.0,0.0,0.0,0.0,0.0,0.0,0.0,0.0,0.0,0.0,0.0,0.0,0.0,
PDP9740,0.18517035020000003,0.23146293775000001,0.0,0.18517035020000003,low,14599.83978216,0.01726519,310.77342,17689.22658,18000.0,0.98273481,0.0215814875,0.98273481,0.0,0.0,0.0,0.0,0.0,0.0,0.0,0.0,0.0,0.0,0.0,0.0,0.0,
PDR246A,0.12521826926666668,0.15652283658333335,0.0,0.12521826926666668,low,13952.35730808,0.7090199699999999,12762.35946,5237.64054,18000.0,0.29098003000000006,0.8862749624999999,0.29098003,0.0,0.0,0.0,0.0,0.0,0.0,0.0,0.0,0.0,0.0,0.0,0.0,0.0,
PDR4456,0.15396544380740743,0.19245680475925928,0.0,0.15396544380740743,low,14262.82679312,0.3773218022222222,6791.79244,11208.20756,18000.0,0.6226781977777778,0.4716522527777778,0.6226781977777778,0.0,0.0,0.0,0.0,0.0,0.0,0.0,0.0,0.0,0.0,0.0,0.0,0.0,
PDR6179,0.15606835447777778,0.19508544309722223,0.0,0.15606835447777778,low,14285.53822836,0.3530574483333333,6355.03407,11644.96593,18000.0,0.6469425516666667,0.4413218104166666,0.6469425516666667,0.0,0.0,0.0,0.0,0.0,0.0,0.0,0.0,0.0,0.0,0.0,0.0,0.0,
PDR8767,0.18563253067777777,0.2320406633472222,0.0,0.18563253067777777,low,14604.831331319998,0.0119323383333333,214.78209,17785.21791,18000.0,0.9880676616666667,0.014915422916666667,0.9880676616666666,0.0,0.0,0.0,0.0,0.0,0.0,0.0,0.0,0.0,0.0,0.0,0.0,0.0,
PDS9475,0.17021367860962966,0.21276709826203707,0.0,0.17021367860962966,low,14438.307728983998,0.1898421698888889,3417.159058,14582.840942,18000.0,0.8101578301111111,0.2373027123611111,0.8101578301111112,0.0,0.0,0.0,0.0,0.0,0.0,0.0,0.0,0.0,0.0,0.0,0.0,0.0,
PDT552A,0.16666590014740743,0.20833237518425926,0.0,0.16666590014740743,low,14399.991721592,0.2307780752222222,4154.005354,13845.994646,18000.0,0.7692219247777778,0.28847259402777775,0.7692219247777777,0.0,0.0,0.0,0.0,0.0,0.0,0.0,0.0,0.0,0.0,0.0,0.0,0.0,
PDU4392,0.16423467288333335,0.20529334110416667,0.0,0.16423467288333335,low,14373.734467139999,0.2588306975,4658.952555,13341.047445,18000.0,0.7411693025,0.323538371875,0.7411693025,0.0,0.0,0.0,0.0,0.0,0.0,0.0,0.0,0.0,0.0,0.0,0.0,0.0,
PDV1717,0.18413051407703707,0.2301631425962963,0.0,0.18413051407703707,low,14588.609552032,0.0292632991111111,526.739384,17473.260616,18000.0,0.9707367008888889,0.036579123888888884,0.9707367008888889,0.0,0.0,0.0,0.0,0.0,0.0,0.0,0.0,0.0,0.0,0.0,0.0,0.0,
PDV9084,0.17601362763703704,0.2200170345462963,0.0,0.17601362763703704,low,14500.947178479999,0.1229196811111111,2212.55426,15787.44574,18000.0,0.8770803188888889,0.1536496013888889,0.8770803188888888,0.0,0.0,0.0,0.0,0.0,0.0,0.0,0.0,0.0,0.0,0.0,0.0,0.0,
PDX3752,0.1460019976621111,0.18250249707763888,0.0,0.1460019976621111,low,14176.821574750798,0.4692077192833334,8445.7389471,9554.2610529,18000.0,0.5307922807166666,0.5865096491041667,0.5307922807166666,0.0,0.0,0.0,0.0,0.0,0.0,0.0,0.0,0.0,0.0,0.0,0.0,0.0,
PDY4327,0.1815152826077778,0.22689410325972223,0.0,0.1815152826077778,low,14560.365052164,0.0594390468333333,1069.902843,16930.097157,18000.0,0.9405609531666667,0.07429880854166668,0.9405609531666667,0.0,0.0,0.0,0.0,0.0,0.0,0.0,0.0,0.0,0.0,0.0,0.0,0.0,
PDZ7437,0.18487761925740742,0.23109702407175928,0.0,0.18487761925740742,low,14596.67828798,0.0206428547222222,371.571385,17628.428615,18000.0,0.9793571452777778,0.02580356840277778,0.9793571452777778,0.0,0.0,0.0,0.0,0.0,0.0,0.0,0.0,0.0,0.0,0.0,0.0,0.0,
PEB7197,0.17907614221481483,0.22384517776851853,0.0,0.17907614221481483,low,14534.022335919999,0.0875829744444444,1576.49354,16423.50646,18000.0,0.9124170255555556,0.10947871805555555,0.9124170255555556,0.0,0.0,0.0,0.0,0.0,0.0,0.0,0.0,0.0,0.0,0.0,0.0,0.0,
PEC1932,0.16900442076666666,0.2112555259583333,0.0,0.16900442076666666,low,14425.24774428,0.203795145,3668.31261,14331.68739,18000.0,0.796204855,0.25474393125,0.7962048549999999,0.0,0.0,0.0,0.0,0.0,0.0,0.0,0.0,0.0,0.0,0.0,0.0,0.0,
PEC8365,0.18590515704814817,0.2323814463101852,0.0,0.18590515704814817,low,14607.77569612,0.0087866494444444,158.15969,17841.84031,18000.0,0.9912133505555556,0.010983311805555557,0.9912133505555555,0.0,0.0,0.0,0.0,0.0,0.0,0.0,0.0,0.0,0.0,0.0,0.0,0.0,
PEC9204,0.16533600102370372,0.20667000127962964,0.0,0.16533600102370372,low,14385.628811056,0.2461230651111111,4430.215172,13569.784828,18000.0,0.753876934888889,0.3076538313888889,0.7538769348888888,0.0,0.0,0.0,0.0,0.0,0.0,0.0,0.0,0.0,0.0,0.0,0.0,0.0,
PED4226,0.1576623820740741,0.1970779775925926,0.0,0.1576623820740741,low,14302.7537264,0.3346648222222222,6023.9668,11976.0332,18000.0,0.6653351777777778,0.4183310277777778,0.6653351777777777,0.0,0.0,0.0,0.0,0.0,0.0,0.0,0.0,0.0,0.0,0.0,0.0,0.0,
PED7381,0.17556761145555558,0.21945951431944447,0.0,0.17556761145555558,low,14496.13020372,0.1280660216666666,2305.18839,15694.81161,18000.0,0.8719339783333334,0.16008252708333331,0.8719339783333334,0.0,0.0,0.0,0.0,0.0,0.0,0.0,0.0,0.0,0.0,0.0,0.0,0.0,
PEE3676,0.17232199330296297,0.2154024916287037,0.0,0.17232199330296297,low,14461.077527672,0.1655154618888889,2979.278314,15020.721686,18000.0,0.8344845381111111,0.20689432736111113,0.8344845381111111,0.0,0.0,0.0,0.0,0.0,0.0,0.0,0.0,0.0,0.0,0.0,0.0,0.0,
PEF2218,0.15638792213407407,0.19548490266759258,0.0,0.15638792213407407,low,14288.989559047997,0.3493701292222222,6288.662326000001,11711.337674,18000.0,0.6506298707777778,0.4367126615277778,0.6506298707777778,0.0,0.0,0.0,0.0,0.0,0.0,0.0,0.0,0.0,0.0,0.0,0.0,0.0,
PEF5712,0.18442654812222226,0.2305331851527778,0.0,0.18442654812222226,low,14591.806719719998,0.0258475216666666,465.25539,17534.74461,18000.0,0.9741524783333334,0.032309402083333334,0.9741524783333334,0.0,0.0,0.0,0.0,0.0,0.0,0.0,0.0,0.0,0.0,0.0,0.0,0.0,
PEF6461,0.16880109520555558,0.21100136900694447,0.0,0.16880109520555558,low,14423.05182822,0.2061412091666666,3710.541765,14289.458235,18000.0,0.7938587908333334,0.2576765114583333,0.7938587908333333,0.0,0.0,0.0,0.0,0.0,0.0,0.0,0.0,0.0,0.0,0.0,0.0,0.0,
PEF6959,0.17440733906666667,0.21800917383333332,0.0,0.17440733906666667,low,14483.59926192,0.14145378,2546.16804,15453.83196,18000.0,0.85854622,0.176817225,0.85854622,0.0,0.0,0.0,0.0,0.0,0.0,0.0,0.0,0.0,0.0,0.0,0.0,0.0,
PEH5762,0.15675303982592592,0.1959412997824074,0.0,0.15675303982592592,low,14292.932830119998,0.3451572327777778,6212.830190000001,11787.16981,18000.0,0.6548427672222221,0.43144654097222224,0.6548427672222222,0.0,0.0,0.0,0.0,0.0,0.0,0.0,0.0,0.0,0.0,0.0,0.0,0.0,
PEH9697,0.16356602460481484,0.20445753075601855,0.0,0.16356602460481484,low,14366.513065731999,0.2665458699444444,4797.825659,13202.174341,18000.0,0.7334541300555556,0.3331823374305556,0.7334541300555556,0.0,0.0,0.0,0.0,0.0,0.0,0.0,0.0,0.0,0.0,0.0,0.0,0.0,
PEK1713,0.15358943701222225,0.1919867962652778,0.0,0.15358943701222225,low,14258.765919731999,0.3816603421666667,6869.886159000001,11130.113841,18000.0,0.6183396578333333,0.4770754277083334,0.6183396578333333,0.0,0.0,0.0,0.0,0.0,0.0,0.0,0.0,0.0,0.0,0.0,0.0,0.0,
PEK2124,0.1709901680174074,0.21373771002175926,0.0,0.1709901680174074,low,14446.693814587998,0.1808826767222222,3255.888181,14744.111819,18000.0,0.8191173232777778,0.22610334590277775,0.8191173232777778,0.0,0.0,0.0,0.0,0.0,0.0,0.0,0.0,0.0,0.0,0.0,0.0,0.0,
PEK2696,0.15676039222629629,0.19595049028287034,0.0,0.15676039222629629,low,14293.012236044,0.3450723973888889,6211.303153,11788.696847,18000.0,0.654927602611111,0.4313404967361111,0.654927602611111,0.0,0.0,0.0,0.0,0.0,0.0,0.0,0.0,0.0,0.0,0.0,0.0,0.0,
PEL2135,0.16055761128925927,0.20069701411157406,0.0,0.16055761128925927,low,14334.022201924,0.3012583312777778,5422.649963,12577.350037,18000.0,0.6987416687222222,0.3765729140972222,0.6987416687222222,0.0,0.0,0.0,0.0,0.0,0.0,0.0,0.0,0.0,0.0,0.0,0.0,0.0,
PEL3520,0.1648895523177778,0.20611194039722225,0.0,0.1648895523177778,low,14380.807165031998,0.2512743963333333,4522.939134,13477.060866,18000.0,0.7487256036666667,0.3140929954166667,0.7487256036666666,0.0,0.0,0.0,0.0,0.0,0.0,0.0,0.0,0.0,0.0,0.0,0.0,0.0,
PEL8558,0.18077352587777779,0.22596690734722222,0.0,0.18077352587777779,low,14552.35407948,0.0679977783333333,1223.96001,16776.03999,18000.0,0.9320022216666667,0.08499722291666667,0.9320022216666667,0.0,0.0,0.0,0.0,0.0,0.0,0.0,0.0,0.0,0.0,0.0,0.0,0.0,
PEM2390,0.16077780535185185,0.2009722566898148,0.0,0.16077780535185185,low,14336.400297799999,0.2987176305555555,5376.91735,12623.08265,18000.0,0.7012823694444446,0.3733970381944444,0.7012823694444444,0.0,0.0,0.0,0.0,0.0,0.0,0.0,0.0,0.0,0.0,0.0,0.0,0.0,
PEM4219,0.1564727733748148,0.1955909667185185,0.0,0.1564727733748148,low,14289.905952448,0.3483910764444444,6271.039376,11728.960624,18000.0,0.6516089235555556,0.43548884555555556,0.6516089235555556,0.0,0.0,0.0,0.0,0.0,0.0,0.0,0.0,0.0,0.0,0.0,0.0,0.0,
PEM8837,0.1591430714092593,0.1989288392615741,0.0,0.1591430714092593,low,14318.74517122,0.3175799452777778,5716.439015,12283.560985,18000.0,0.6824200547222222,0.3969749315972222,0.6824200547222222,0.0,0.0,0.0,0.0,0.0,0.0,0.0,0.0,0.0,0.0,0.0,0.0,0.0,
PEN9459,0.16284971997777778,0.20356214997222222,0.0,0.16284971997777778,low,14358.77697576,0.2748109233333333,4946.596619999999,13053.40338,18000.0,0.7251890766666667,0.3435136541666666,0.7251890766666667,0.0,0.0,0.0,0.0,0.0,0.0,0.0,0.0,0.0,0.0,0.0,0.0,0.0,
PEP7595,0.17448841578148153,0.2181105197268519,0.0,0.17448841578148153,low,14484.47489044,0.1405182794444444,2529.32903,15470.67097,18000.0,0.8594817205555556,0.17564784930555555,0.8594817205555555,0.0,0.0,0.0,0.0,0.0,0.0,0.0,0.0,0.0,0.0,0.0,0.0,0.0,
PEP9965,0.14929563922592595,0.18661954903240743,0.0,0.14929563922592595,low,14212.392903639999,0.4312041627777777,7761.674929999999,10238.32507,18000.0,0.5687958372222224,0.5390052034722221,0.5687958372222223,0.0,0.0,0.0,0.0,0.0,0.0,0.0,0.0,0.0,0.0,0.0,0.0,0.0,
PES7501,0.18036716061111113,0.2254589507638889,0.0,0.18036716061111113,low,14547.965334599998,0.0726866083333333,1308.35895,16691.64105,18000.0,0.9273133916666667,0.09085826041666667,0.9273133916666666,0.0,0.0,0.0,0.0,0.0,0.0,0.0,0.0,0.0,0.0,0.0,0.0,0.0,
PEU5630,0.1650409880562963,0.20630123507037038,0.0,0.1650409880562963,low,14382.442671007999,0.2495270608888888,4491.487096,13508.512904,18000.0,0.7504729391111112,0.3119088261111111,0.750472939111111,0.0,0.0,0.0,0.0,0.0,0.0,0.0,0.0,0.0,0.0,0.0,0.0,0.0,
PEZ7226,0.1691167547777778,0.21139594347222224,0.0,0.1691167547777778,low,14426.460951599998,0.2024989833333333,3644.9817,14355.0183,18000.0,0.7975010166666667,0.25312372916666664,0.7975010166666666,0.0,0.0,0.0,0.0,0.0,0.0,0.0,0.0,0.0,0.0,0.0,0.0,0.0,
PEZ8103,0.16016567194925926,0.20020708993657407,0.0,0.16016567194925926,low,14329.789257052,0.3057807082777778,5504.052749,12495.947251,18000.0,0.6942192917222222,0.38222588534722224,0.6942192917222222,0.0,0.0,0.0,0.0,0.0,0.0,0.0,0.0,0.0,0.0,0.0,0.0,0.0,
PNE283B,0.18575654441851855,0.23219568052314818,0.0,0.18575654441851855,low,14606.170679719999,0.0105014105555555,189.02539,17810.97461,18000.0,0.9894985894444445,0.013126763194444443,0.9894985894444445,0.0,0.0,0.0,0.0,0.0,0.0,0.0,0.0,0.0,0.0,0.0,0.0,0.0,
PWR358D,0.1844416175585185,0.23055202194814814,0.0,0.1844416175585185,low,14591.969469632,0.0256736435555555,462.125584,17537.874416,18000.0,0.9743263564444445,0.03209205444444444,0.9743263564444444,0.0,0.0,0.0,0.0,0.0,0.0,0.0,0.0,0.0,0.0,0.0,0.0,0.0,
PXJ289D,0.18382985303333335,0.22978731629166668,0.0,0.18382985303333335,low,14585.36241276,0.0327324649999999,589.18437,17410.81563,18000.0,0.9672675350000001,0.04091558125,0.9672675350000001,0.0,0.0,0.0,0.0,0.0,0.0,0.0,0.0,0.0,0.0,0.0,0.0,0.0,
PZL117C,0.18620521577777782,0.23275651972222225,0.0,0.18620521577777782,low,14611.0163304,0.0053244333333333,95.8398,17904.1602,18000.0,0.9946755666666667,0.006655541666666666,0.9946755666666666,0.0,0.0,0.0,0.0,0.0,0.0,0.0,0.0,0.0,0.0,0.0,0.0,0.0,
R11BRA,0.15637362120481482,0.19546702650601852,0.0,0.15637362120481482,low,14288.835109012,0.3495351399444444,6291.632519000001,11708.367481,18000.0,0.6504648600555556,0.4369189249305556,0.6504648600555555,0.0,0.0,0.0,0.0,0.0,0.0,0.0,0.0,0.0,0.0,0.0,0.0,0.0,
R53AZA,0.16999845917037038,0.21249807396296294,0.0,0.16999845917037038,low,14435.98335904,0.1923254711111111,3461.85848,14538.14152,18000.0,0.8076745288888889,0.2404068388888889,0.8076745288888888,0.0,0.0,0.0,0.0,0.0,0.0,0.0,0.0,0.0,0.0,0.0,0.0,0.0,
R75ASY,0.17106216789629633,0.2138277098703704,0.0,0.17106216789629633,low,14447.471413279998,0.1800519088888889,3240.93436,14759.06564,18000.0,0.8199480911111111,0.2250648861111111,0.8199480911111111,0.0,0.0,0.0,0.0,0.0,0.0,0.0,0.0,0.0,0.0,0.0,0.0,0.0,
RA000224,-0.9550221420314076,-1.1937776775392595,0.0,-0.9550221420314076,low,2285.7608660607975,10.703332581544446,192659.9864678,0.0,18000.0,-9.703332581544446,1.0,0.0,0.0,0.0,0.0,0.0,0.0,0.0,0.0,0.0,0.0,0.0,0.0,0.0,0.0,
RAF432D,0.1605910627014815,0.20073882837685186,0.0,0.1605910627014815,low,14334.383477176,0.3008723534444444,5415.702362,12584.297638,18000.0,0.6991276465555556,0.37609044180555556,0.6991276465555556,0.0,0.0,0.0,0.0,0.0,0.0,0.0,0.0,0.0,0.0,0.0,0.0,0.0,
RAN627C,0.1849615075592593,0.2312018844490741,0.0,0.1849615075592593,low,14597.584281639998,0.0196749127777777,354.14843,17645.85157,18000.0,0.9803250872222223,0.024593640972222223,0.9803250872222221,0.0,0.0,0.0,0.0,0.0,0.0,0.0,0.0,0.0,0.0,0.0,0.0,0.0,
RBZ248C,0.18409488403333335,0.23011860504166667,0.0,0.18409488403333335,low,14588.22474756,0.029674415,534.13947,17465.86053,18000.0,0.970325585,0.03709301875,0.9703255850000001,0.0,0.0,0.0,0.0,0.0,0.0,0.0,0.0,0.0,0.0,0.0,0.0,0.0,
S05BKH,0.1626108148466667,0.20326351855833336,0.0,0.1626108148466667,low,14356.196800344,0.277567521,4996.215378,13003.784622,18000.0,0.7224324790000001,0.34695940124999997,0.722432479,0.0,0.0,0.0,0.0,0.0,0.0,0.0,0.0,0.0,0.0,0.0,0.0,0.0,
S3M9065,-0.027746690275555565,-0.034683362844444454,0.0,-0.027746690275555565,low,12300.335745023998,2.0101252213333334,36182.253984,0.0,18000.0,-1.0101252213333334,1.0,0.0,0.0,0.0,0.0,0.0,0.0,0.0,0.0,0.0,0.0,0.0,0.0,0.0,0.0,
S3M90654,0.01869132453333333,0.023364155666666664,0.0,0.01869132453333333,low,12801.866304959998,1.5747688325,28345.838985,0.0,18000.0,-0.5747688325,1.0,0.0,0.0,0.0,0.0,0.0,0.0,0.0,0.0,0.0,0.0,0.0,0.0,0.0,0.0,
S4078349,0.17938899054185187,0.22423623817731483,0.0,0.17938899054185187,low,14537.401097851998,0.0839731860555555,1511.517349,16488.482651,18000.0,0.9160268139444445,0.10496648256944444,0.9160268139444444,0.0,0.0,0.0,0.0,0.0,0.0,0.0,0.0,0.0,0.0,0.0,0.0,0.0,
S52BCX,0.1621605001477778,0.20270062518472223,0.0,0.1621605001477778,low,14351.333401595999,0.2827634598333333,5089.742277,12910.257723,18000.0,0.7172365401666667,0.35345432479166666,0.7172365401666667,0.0,0.0,0.0,0.0,0.0,0.0,0.0,0.0,0.0,0.0,0.0,0.0,0.0,
S8M9064,0.055038893493333324,0.06879861686666665,0.0,0.055038893493333324,low,13194.420049727998,1.2340103735,22212.186723,0.0,18000.0,-0.2340103735000001,1.0,0.0,0.0,0.0,0.0,0.0,0.0,0.0,0.0,0.0,0.0,0.0,0.0,0.0,0.0,
S93APC,0.18561236125481484,0.23201545156851852,0.0,0.18561236125481484,low,14604.613501552,0.0121650624444444,218.971124,17781.028876,18000.0,0.9878349375555556,0.015206328055555557,0.9878349375555556,0.0,0.0,0.0,0.0,0.0,0.0,0.0,0.0,0.0,0.0,0.0,0.0,0.0,
T07BAW,0.18567788959407408,0.2320973619925926,0.0,0.18567788959407408,low,14605.321207615998,0.0114089662222222,205.361392,17794.638608,18000.0,0.9885910337777778,0.014261207777777778,0.9885910337777778,0.0,0.0,0.0,0.0,0.0,0.0,0.0,0.0,0.0,0.0,0.0,0.0,0.0,
T47BEC,0.18611107440000002,0.232638843,0.0,0.18611107440000002,low,14609.999603519998,0.0064106799999999,115.39224,17884.60776,18000.0,0.9935893200000001,0.00801335,0.9935893199999999,0.0,0.0,0.0,0.0,0.0,0.0,0.0,0.0,0.0,0.0,0.0,0.0,0.0,
T99AZF,0.18487576750370371,0.23109470937962964,0.0,0.18487576750370371,low,14596.658289039999,0.0206642211111111,371.95598,17628.04402,18000.0,0.9793357788888889,0.02583027638888889,0.979335778888889,0.0,0.0,0.0,0.0,0.0,0.0,0.0,0.0,0.0,0.0,0.0,0.0,0.0,
TR53,-0.7554988111184595,-0.9443735138980743,0.0,-0.7554988111184595,low,4440.612839920637,8.832801354235556,158990.42437624,0.0,18000.0,-7.832801354235556,1.0,0.0,0.0,0.0,0.0,0.0,0.0,0.0,0.0,0.0,0.0,0.0,0.0,0.0,0.0,
TR56,-0.534206278610489,-0.6677578482631112,0.0,-0.534206278610489,low,6830.572191006719,6.758183861973333,121647.30951552,0.0,18000.0,-5.758183861973333,1.0,0.0,0.0,0.0,0.0,0.0,0.0,0.0,0.0,0.0,0.0,0.0,0.0,0.0,0.0,
TR57,-0.4443248414833778,-0.5554060518542222,0.0,-0.4443248414833778,low,7801.291711979519,5.915545388906667,106479.81700032,0.0,18000.0,-4.915545388906667,1.0,0.0,0.0,0.0,0.0,0.0,0.0,0.0,0.0,0.0,0.0,0.0,0.0,0.0,0.0,
TR62,-0.649057461668978,-0.8113218270862225,0.0,-0.649057461668978,low,5590.179413975036,7.834913703146667,141028.44665664,0.0,18000.0,-6.834913703146667,1.0,0.0,0.0,0.0,0.0,0.0,0.0,0.0,0.0,0.0,0.0,0.0,0.0,0.0,0.0,
TRANS01,0.04531355816296295,0.056641947703703684,0.0,0.04531355816296295,low,13089.38642816,1.3251853922222223,23853.33706,0.0,18000.0,-0.3251853922222223,1.0,0.0,0.0,0.0,0.0,0.0,0.0,0.0,0.0,0.0,0.0,0.0,0.0,0.0,0.0,
TWB842A,0.18497137672592595,0.23121422090740743,0.0,0.18497137672592595,low,14597.690868639998,0.0195610377777777,352.09868,17647.90132,18000.0,0.9804389622222223,0.024451297222222224,0.9804389622222223,0.0,0.0,0.0,0.0,0.0,0.0,0.0,0.0,0.0,0.0,0.0,0.0,0.0,
TXB978B,0.18271657446000003,0.22839571807500003,0.0,0.18271657446000003,low,14573.339004168001,0.0455779869999999,820.4037659999999,17179.596234,18000.0,0.9544220130000001,0.05697248374999999,0.9544220130000001,0.0,0.0,0.0,0.0,0.0,0.0,0.0,0.0,0.0,0.0,0.0,0.0,0.0,
U48BKJ,0.15833117797,0.19791397246249998,0.0,0.15833117797,low,14309.976722075999,0.3269479465,5885.063037,12114.936963,18000.0,0.6730520535,0.408684933125,0.6730520535,0.0,0.0,0.0,0.0,0.0,0.0,0.0,0.0,0.0,0.0,0.0,0.0,0.0,
U75AXN,0.15764803031481484,0.19706003789351853,0.0,0.15764803031481484,low,14302.598727399998,0.3348304194444444,6026.94755,11973.05245,18000.0,0.6651695805555555,0.41853802430555553,0.6651695805555555,0.0,0.0,0.0,0.0,0.0,0.0,0.0,0.0,0.0,0.0,0.0,0.0,0.0,
U76BHV,0.1544834337137037,0.19310429214212962,0.0,0.1544834337137037,low,14268.421084108,0.3713449956111111,6684.209921,11315.790079,18000.0,0.6286550043888889,0.46418124451388887,0.6286550043888889,0.0,0.0,0.0,0.0,0.0,0.0,0.0,0.0,0.0,0.0,0.0,0.0,0.0,
U85AYT,0.16100547380777777,0.2012568422597222,0.0,0.16100547380777777,low,14338.859117124,0.2960906868333333,5329.632363,12670.367637,18000.0,0.7039093131666667,0.37011335854166666,0.7039093131666666,0.0,0.0,0.0,0.0,0.0,0.0,0.0,0.0,0.0,0.0,0.0,0.0,0.0,
UAS6288,0.18604880560370374,0.23256100700462964,0.0,0.18604880560370374,low,14609.327100519999,0.0071291661111111,128.32499,17871.67501,18000.0,0.9928708338888889,0.008911457638888889,0.9928708338888889,0.0,0.0,0.0,0.0,0.0,0.0,0.0,0.0,0.0,0.0,0.0,0.0,0.0,
UKE843V,0.18194850480555558,0.22743563100694444,0.0,0.18194850480555558,low,14565.0438519,0.0544403291666666,979.925925,17020.074075,18000.0,0.9455596708333334,0.06805041145833333,0.9455596708333334,0.0,0.0,0.0,0.0,0.0,0.0,0.0,0.0,0.0,0.0,0.0,0.0,0.0,
UNIDAD113,0.18423797777777784,0.23029747222222227,0.0,0.18423797777777784,low,14589.77016,0.0280233333333333,504.42,17495.58,18000.0,0.9719766666666667,0.03502916666666667,0.9719766666666667,0.0,0.0,0.0,0.0,0.0,0.0,0.0,0.0,0.0,0.0,0.0,0.0,0.0,
UPS230G,0.16147276078185188,0.20184095097731483,0.0,0.16147276078185188,low,14343.905816444,0.2906989140555555,5232.580453,12767.419547,18000.0,0.7093010859444445,0.36337364256944443,0.7093010859444444,0.0,0.0,0.0,0.0,0.0,0.0,0.0,0.0,0.0,0.0,0.0,0.0,0.0,
UPZ963G,0.15959033773333337,0.1994879221666667,0.0,0.15959033773333337,low,14323.57564752,0.3124191799999999,5623.54524,12376.45476,18000.0,0.6875808200000001,0.390523975,0.68758082,0.0,0.0,0.0,0.0,0.0,0.0,0.0,0.0,0.0,0.0,0.0,0.0,0.0,
UTZ406K,0.18581379208518523,0.2322672401064815,0.0,0.18581379208518523,low,14606.78895452,0.0098408605555555,177.13549,17822.86451,18000.0,0.9901591394444444,0.012301075694444445,0.9901591394444444,0.0,0.0,0.0,0.0,0.0,0.0,0.0,0.0,0.0,0.0,0.0,0.0,0.0,
V24BJA,0.16386208688888892,0.20482760861111113,0.0,0.16386208688888892,low,14369.710538399999,0.2631297666666666,4736.3358,13263.6642,18000.0,0.7368702333333335,0.32891220833333334,0.7368702333333333,0.0,0.0,0.0,0.0,0.0,0.0,0.0,0.0,0.0,0.0,0.0,0.0,0.0,
V25AUE,0.18591501490000004,0.23239376862500002,0.0,0.18591501490000004,low,14607.882160919999,0.008672905,156.11229,17843.88771,18000.0,0.991327095,0.01084113125,0.9913270949999999,0.0,0.0,0.0,0.0,0.0,0.0,0.0,0.0,0.0,0.0,0.0,0.0,0.0,
V25BJK,0.15247997935074076,0.19059997418842592,0.0,0.15247997935074076,low,14246.783776987999,0.3944617767222222,7100.311981,10899.688019,18000.0,0.6055382232777777,0.4930772209027778,0.6055382232777777,0.0,0.0,0.0,0.0,0.0,0.0,0.0,0.0,0.0,0.0,0.0,0.0,0.0,
V45ALS,0.18524686795925926,0.23155858494907408,0.0,0.18524686795925926,low,14600.66617396,0.0163822927777777,294.88127,17705.11873,18000.0,0.9836177072222223,0.02047786597222222,0.9836177072222221,0.0,0.0,0.0,0.0,0.0,0.0,0.0,0.0,0.0,0.0,0.0,0.0,0.0,
V57BDK,0.18471348036666668,0.23089185045833335,0.0,0.18471348036666668,low,14594.90558796,0.022536765,405.66177,17594.33823,18000.0,0.977463235,0.02817095625,0.9774632350000001,0.0,0.0,0.0,0.0,0.0,0.0,0.0,0.0,0.0,0.0,0.0,0.0,0.0,
V94AHX,0.15511088307111115,0.19388860383888892,0.0,0.15511088307111115,low,14275.197537168,0.3641051953333333,6553.893516,11446.106484,18000.0,0.6358948046666667,0.45513149416666665,0.6358948046666667,0.0,0.0,0.0,0.0,0.0,0.0,0.0,0.0,0.0,0.0,0.0,0.0,0.0,
W24APU,0.1699975917814815,0.21249698972685185,0.0,0.1699975917814815,low,14435.97399124,0.1923354794444444,3462.03863,14537.96137,18000.0,0.8076645205555556,0.24041934930555556,0.8076645205555556,0.0,0.0,0.0,0.0,0.0,0.0,0.0,0.0,0.0,0.0,0.0,0.0,0.0,
W32ABF,0.18634086456666665,0.23292608070833332,0.0,0.18634086456666665,low,14612.48133732,0.003759255,67.66659,17932.33341,18000.0,0.996240745,0.00469906875,0.9962407449999999,0.0,0.0,0.0,0.0,0.0,0.0,0.0,0.0,0.0,0.0,0.0,0.0,0.0,
W41APD,0.17011519814962964,0.21264399768703704,0.0,0.17011519814962964,low,14437.244140015999,0.1909784828888888,3437.612692,14562.387308,18000.0,0.8090215171111113,0.23872310361111113,0.809021517111111,0.0,0.0,0.0,0.0,0.0,0.0,0.0,0.0,0.0,0.0,0.0,0.0,0.0,
W43BEE,0.18618438109666668,0.23273047637083333,0.0,0.18618438109666668,low,14610.791315843999,0.0055648335,100.167003,17899.832997,18000.0,0.9944351665,0.006956041874999999,0.9944351665000001,0.0,0.0,0.0,0.0,0.0,0.0,0.0,0.0,0.0,0.0,0.0,0.0,0.0,
W46ADC,0.15241338780802222,0.19051673476002776,0.0,0.15241338780802222,low,14246.064588326639,0.3952301406766667,7114.14253218,10885.85746782,18000.0,0.6047698593233333,0.4940376758458333,0.6047698593233334,0.0,0.0,0.0,0.0,0.0,0.0,0.0,0.0,0.0,0.0,0.0,0.0,0.0,
W57BCN,0.1857004532703704,0.232125566587963,0.0,0.1857004532703704,low,14605.56489532,0.0111486161111111,200.67509,17799.32491,18000.0,0.9888513838888889,0.01393577013888889,0.9888513838888888,0.0,0.0,0.0,0.0,0.0,0.0,0.0,0.0,0.0,0.0,0.0,0.0,0.0,
W71BJA,0.16470893689,0.2058861711125,0.0,0.16470893689,low,14378.856518411998,0.2533584205,4560.451569000001,13439.548431,18000.0,0.7466415795,0.31669802562500005,0.7466415795,0.0,0.0,0.0,0.0,0.0,0.0,0.0,0.0,0.0,0.0,0.0,0.0,0.0,
W73BCM,0.1856349299,0.232043662375,0.0,0.1856349299,low,14604.85724292,0.011904655,214.28379,17785.71621,18000.0,0.988095345,0.01488081875,0.988095345,0.0,0.0,0.0,0.0,0.0,0.0,0.0,0.0,0.0,0.0,0.0,0.0,0.0,
W79AKU,0.15948209843333336,0.19935262304166668,0.0,0.15948209843333336,low,14322.406663079999,0.313668095,5646.02571,12353.97429,18000.0,0.6863319050000001,0.39208511875,0.686331905,0.0,0.0,0.0,0.0,0.0,0.0,0.0,0.0,0.0,0.0,0.0,0.0,0.0,
W92AMJ,0.15621192379592594,0.1952649047449074,0.0,0.15621192379592594,low,14287.088776995999,0.3514008792777778,6325.215827,11674.784173,18000.0,0.6485991207222221,0.4392510990972222,0.6485991207222223,0.0,0.0,0.0,0.0,0.0,0.0,0.0,0.0,0.0,0.0,0.0,0.0,0.0,
W969409,-0.43173675318666666,-0.5396709414833333,0.0,-0.43173675318666666,low,7937.243065584,5.797532061125,104355.57710025,0.0,18000.0,-4.797532061125,1.0,0.0,0.0,0.0,0.0,0.0,0.0,0.0,0.0,0.0,0.0,0.0,0.0,0.0,0.0,
W96AUN,0.1857299444925926,0.23216243061574074,0.0,0.1857299444925926,low,14605.88340052,0.0108083327777777,194.54999,17805.45001,18000.0,0.9891916672222223,0.013510415972222222,0.9891916672222223,0.0,0.0,0.0,0.0,0.0,0.0,0.0,0.0,0.0,0.0,0.0,0.0,0.0,
X21BBW,0.18335221180962966,0.22919026476203705,0.0,0.18335221180962966,low,14580.203887544,0.0382437098888888,688.386778,17311.613222,18000.0,0.9617562901111112,0.04780463736111112,0.9617562901111111,0.0,0.0,0.0,0.0,0.0,0.0,0.0,0.0,0.0,0.0,0.0,0.0,0.0,
X28ABB,0.18580598288888892,0.23225747861111112,0.0,0.18580598288888892,low,14606.7046152,0.0099309666666666,178.7574,17821.2426,18000.0,0.9900690333333334,0.012413708333333332,0.9900690333333334,0.0,0.0,0.0,0.0,0.0,0.0,0.0,0.0,0.0,0.0,0.0,0.0,0.0,
X40BLP,0.18288416562592594,0.22860520703240741,0.0,0.18288416562592594,low,14575.14898876,0.0436442427777777,785.59637,17214.40363,18000.0,0.9563557572222223,0.05455530347222222,0.9563557572222222,0.0,0.0,0.0,0.0,0.0,0.0,0.0,0.0,0.0,0.0,0.0,0.0,0.0,
X42BBB,0.18591190838148153,0.23238988547685188,0.0,0.18591190838148153,low,14607.84861052,0.0087087494444444,156.75749,17843.24251,18000.0,0.9912912505555556,0.010885936805555555,0.9912912505555556,0.0,0.0,0.0,0.0,0.0,0.0,0.0,0.0,0.0,0.0,0.0,0.0,0.0,
X45ATY,0.18529399483703707,0.23161749354629632,0.0,0.18529399483703707,low,14601.17514424,0.0158385211111111,285.09338,17714.90662,18000.0,0.9841614788888889,0.01979815138888889,0.9841614788888889,0.0,0.0,0.0,0.0,0.0,0.0,0.0,0.0,0.0,0.0,0.0,0.0,0.0,
X46BNX,0.18240790287407407,0.22800987859259259,0.0,0.18240790287407407,low,14570.00535104,0.0491395822222222,884.51248,17115.48752,18000.0,0.9508604177777777,0.06142447777777778,0.9508604177777777,0.0,0.0,0.0,0.0,0.0,0.0,0.0,0.0,0.0,0.0,0.0,0.0,0.0,
X56BGM,0.16381049165592593,0.2047631145699074,0.0,0.16381049165592593,low,14369.153309884,0.2637250962777778,4747.051733,13252.948267,18000.0,0.7362749037222223,0.3296563703472222,0.7362749037222223,0.0,0.0,0.0,0.0,0.0,0.0,0.0,0.0,0.0,0.0,0.0,0.0,0.0,
X91BEH,0.1836515667,0.22956445837499997,0.0,0.1836515667,low,14583.436920359998,0.034789615,626.21307,17373.78693,18000.0,0.965210385,0.04348701875,0.9652103849999999,0.0,0.0,0.0,0.0,0.0,0.0,0.0,0.0,0.0,0.0,0.0,0.0,0.0,
XWC117B,0.18619773888555557,0.23274717360694444,0.0,0.18619773888555557,low,14610.935579963998,0.0054107051666666,97.392693,17902.607307,18000.0,0.9945892948333334,0.006763381458333333,0.9945892948333332,0.0,0.0,0.0,0.0,0.0,0.0,0.0,0.0,0.0,0.0,0.0,0.0,0.0,
XXJ175B,0.1836789225085185,0.22959865313564812,0.0,0.1836789225085185,low,14583.732363092,0.0344739710555555,620.531479,17379.468521,18000.0,0.9655260289444445,0.04309246381944444,0.9655260289444444,0.0,0.0,0.0,0.0,0.0,0.0,0.0,0.0,0.0,0.0,0.0,0.0,0.0,
Y01BBX,0.18594814323333334,0.23243517904166666,0.0,0.18594814323333334,low,14608.239946919999,0.008290655,149.23179,17850.76821,18000.0,0.991709345,0.01036331875,0.991709345,0.0,0.0,0.0,0.0,0.0,0.0,0.0,0.0,0.0,0.0,0.0,0.0,0.0,
Y20BNF,0.18280279804814817,0.2285034975601852,0.0,0.18280279804814817,low,14574.270218919999,0.0445830994444444,802.4957899999999,17197.50421,18000.0,0.9554169005555556,0.05572887430555555,0.9554169005555555,0.0,0.0,0.0,0.0,0.0,0.0,0.0,0.0,0.0,0.0,0.0,0.0,0.0,
Y38BEE,0.18581382290000004,0.23226727862500005,0.0,0.18581382290000004,low,14606.78928732,0.009840505,177.12909000000002,17822.87091,18000.0,0.990159495,0.012300631250000001,0.9901594950000001,0.0,0.0,0.0,0.0,0.0,0.0,0.0,0.0,0.0,0.0,0.0,0.0,0.0,
Y64ANF,0.14922265440444446,0.18652831800555555,0.0,0.14922265440444446,low,14211.604667567999,0.4320462953333333,7776.833316,10223.166684,18000.0,0.5679537046666667,0.5400578691666666,0.5679537046666666,0.0,0.0,0.0,0.0,0.0,0.0,0.0,0.0,0.0,0.0,0.0,0.0,0.0,
YNF452A,0.1686075124318519,0.21075939053981485,0.0,0.1686075124318519,low,14420.961134263998,0.2083748565555555,3750.747418,14249.252582,18000.0,0.7916251434444446,0.26046857069444446,0.7916251434444443,0.0,0.0,0.0,0.0,0.0,0.0,0.0,0.0,0.0,0.0,0.0,0.0,0.0,
YNF562A,0.18441734223481485,0.23052167779351854,0.0,0.18441734223481485,low,14591.707296135999,0.0259537434444444,467.167382,17532.832618,18000.0,0.9740462565555557,0.032442179305555555,0.9740462565555555,0.0,0.0,0.0,0.0,0.0,0.0,0.0,0.0,0.0,0.0,0.0,0.0,0.0,
Z14ARR,0.18003128365555554,0.22503910456944443,0.0,0.18003128365555554,low,14544.337863479997,0.0765621116666666,1378.11801,16621.88199,18000.0,0.9234378883333334,0.09570263958333333,0.9234378883333334,0.0,0.0,0.0,0.0,0.0,0.0,0.0,0.0,0.0,0.0,0.0,0.0,0.0,
Z17BDN,0.17163560295185187,0.21454450368981481,0.0,0.17163560295185187,low,14453.66451188,0.1734353505555555,3121.83631,14878.16369,18000.0,0.8265646494444445,0.21679418819444446,0.8265646494444444,0.0,0.0,0.0,0.0,0.0,0.0,0.0,0.0,0.0,0.0,0.0,0.0,0.0,
Z50BGG,0.18559463182592595,0.23199328978240744,0.0,0.18559463182592595,low,14604.422023719999,0.0123696327777777,222.65339,17777.34661,18000.0,0.9876303672222223,0.015462040972222223,0.9876303672222223,0.0,0.0,0.0,0.0,0.0,0.0,0.0,0.0,0.0,0.0,0.0,0.0,0.0,
Z53BEA,0.15338279861777782,0.19172849827222224,0.0,0.15338279861777782,low,14256.534225072,0.3840446313333333,6912.803363999999,11087.196636,18000.0,0.6159553686666668,0.48005578916666664,0.6159553686666667,0.0,0.0,0.0,0.0,0.0,0.0,0.0,0.0,0.0,0.0,0.0,0.0,0.0,
Z87ACD,0.16115745414518523,0.2014468176814815,0.0,0.16115745414518523,low,14340.500504768,0.2943370675555555,5298.067216,12701.932784,18000.0,0.7056629324444446,0.36792133444444447,0.7056629324444444,0.0,0.0,0.0,0.0,0.0,0.0,0.0,0.0,0.0,0.0,0.0,0.0,0.0,
Z93AFX,0.17468182798074075,0.21835228497592593,0.0,0.17468182798074075,low,14486.563742191998,0.1382866002222222,2489.158804,15510.841196,18000.0,0.8617133997777778,0.1728582502777778,0.8617133997777777,0.0,0.0,0.0,0.0,0.0,0.0,0.0,0.0,0.0,0.0,0.0,0.0,0.0,
 A-05501-A,0.125,0.0,0.625,0.125,low,13949.999999999998,0.0,0.0,0.0,0.0,0.0,0.0,0.0,1.0,0.25,1.0,287.21495878514065,0.0,1.0,34226.0,557.0,10692.0,17425.0,0.0,817.0,0.6242822117522311,
A-05355-A,0.125,0.0,0.625,0.125,low,13949.999999999998,0.0,0.0,0.0,0.0,0.0,0.0,0.0,1.0,0.25,1.0,195.2092116900146,0.0,1.0,17328.0,687.0,3431.0,8045.0,0.0,445.0,0.6257134122625997,
A-05502-A,0.125,0.0,0.625,0.125,low,13949.999999999998,0.0,0.0,0.0,0.0,0.0,0.0,0.0,1.0,0.25,1.0,313.424812235785,0.0,1.0,70322.0,1774.0,16744.0,37293.0,0.0,1088.0,0.6238745029207766,
A-05503-A,0.125,0.0,0.625,0.125,low,13949.999999999998,0.0,0.0,0.0,0.0,0.0,0.0,0.0,1.0,0.25,1.0,302.54041080794093,0.0,1.0,26592.0,703.0,0.0,23638.0,0.0,1184.0,0.5790438158318765,
A-05504-A,0.125,0.0,0.625,0.125,low,13949.999999999998,0.0,0.0,0.0,0.0,0.0,0.0,0.0,1.0,0.25,1.0,309.576705773754,0.0,1.0,27360.0,316.0,10575.0,20894.0,0.0,685.0,0.6239343623546304,
A-05507-A,0.125,0.0,0.625,0.125,low,13949.999999999998,0.0,0.0,0.0,0.0,0.0,0.0,0.0,1.0,0.25,1.0,122.53970924625638,0.0,1.0,36290.0,770.0,8135.0,21555.0,0.0,781.0,0.6268438267450581,
A-05508-A,0.125,0.0,0.625,0.125,low,13949.999999999998,0.0,0.0,0.0,0.0,0.0,0.0,0.0,1.0,0.25,1.0,218.38126909803398,0.0,1.0,28002.0,295.0,4506.0,25008.0,0.0,948.0,0.6253529580362529,
LMF749A,0.09532876059844443,0.19860158458009258,0.0,0.09532876059844443,low,11452.7341526176,0.3206007577222222,5770.813639,12229.186361,18000.0,0.6793992422777778,0.40075094715277776,0.6793992422777778,0.0,0.0,0.0,0.0,0.0,0.0,0.0,0.0,0.0,0.0,0.0,0.0,0.0,conservative
LHY326B,0.09768612275133336,0.20351275573194447,0.0,0.09768612275133336,low,11486.6801676192,0.2752668701666666,4954.803663,13045.196337,18000.0,0.7247331298333334,0.3440835877083333,0.7247331298333333,0.0,0.0,0.0,0.0,0.0,0.0,0.0,0.0,0.0,0.0,0.0,0.0,0.0,conservative
A6086J,0.09412519214000002,0.19609415029166669,0.0,0.09412519214000002,low,11435.402766816,0.343746305,6187.43349,11812.56651,18000.0,0.656253695,0.42968288125000004,0.6562536950000001,0.0,0.0,0.0,0.0,0.0,0.0,0.0,0.0,0.0,0.0,0.0,0.0,0.0,conservative
PDU4392,0.09854080373,0.20529334110416667,0.0,0.09854080373,low,11498.987573712,0.2588306975,4658.952555,13341.047445,18000.0,0.7411693025,0.323538371875,0.7411693025,0.0,0.0,0.0,0.0,0.0,0.0,0.0,0.0,0.0,0.0,0.0,0.0,0.0,conservative
L97BKG,0.10051487746222222,0.20940599471296298,0.0,0.10051487746222222,low,11527.414235456,0.2208677411111111,3975.61934,14024.38066,18000.0,0.7791322588888889,0.2760846763888889,0.7791322588888889,0.0,0.0,0.0,0.0,0.0,0.0,0.0,0.0,0.0,0.0,0.0,0.0,0.0,conservative
CR5823,0.10041370999466667,0.20919522915555555,0.0,0.10041370999466667,low,11525.9574239232,0.2228132693333333,4010.638848,13989.361152,18000.0,0.7771867306666667,0.2785165866666667,0.7771867306666667,0.0,0.0,0.0,0.0,0.0,0.0,0.0,0.0,0.0,0.0,0.0,0.0,0.0,conservative
A05253A,0.08590406402711111,0.17896680005648147,0.0,0.08590406402711111,low,11317.018521990401,0.5018449225555556,9033.208606,8966.791394,18000.0,0.4981550774444444,0.6273061531944445,0.4981550774444444,0.0,0.0,0.0,0.0,0.0,0.0,0.0,0.0,0.0,0.0,0.0,0.0,0.0,conservative
NYU1735,0.09927653068155558,0.2068261055865741,0.0,0.09927653068155558,low,11509.582041814401,0.2446821022777777,4404.277841,13595.722159,18000.0,0.7553178977222224,0.3058526278472222,0.7553178977222222,0.0,0.0,0.0,0.0,0.0,0.0,0.0,0.0,0.0,0.0,0.0,0.0,0.0,conservative
CR5855,-0.041993215203555596,-0.0874858650074075,0.0,-0.041993215203555596,low,9475.2977010688,2.406143987555556,43310.591776,0.0,18000.0,-1.4061439875555561,1.0,0.0,0.0,0.0,0.0,0.0,0.0,0.0,0.0,0.0,0.0,0.0,0.0,0.0,0.0,conservative
PEM4219,0.09388366402488887,0.1955909667185185,0.0,0.09388366402488887,low,11431.9247619584,0.3483910764444444,6271.039376,11728.960624,18000.0,0.6516089235555556,0.43548884555555556,0.6516089235555556,0.0,0.0,0.0,0.0,0.0,0.0,0.0,0.0,0.0,0.0,0.0,0.0,0.0,conservative
A00276A,0.08105421846666665,0.16886295513888885,0.0,0.08105421846666665,low,11247.180745919999,0.5951111833333333,10712.0013,7287.9987,18000.0,0.40488881666666665,0.7438889791666666,0.40488881666666665,0.0,0.0,0.0,0.0,0.0,0.0,0.0,0.0,0.0,0.0,0.0,0.0,0.0,conservative
A04255A,0.08560129322111111,0.17833602754398148,0.0,0.08560129322111111,low,11312.658622383999,0.5076674380555556,9138.013885,8861.986115,18000.0,0.4923325619444444,0.6345842975694445,0.4923325619444444,0.0,0.0,0.0,0.0,0.0,0.0,0.0,0.0,0.0,0.0,0.0,0.0,0.0,conservative
LGJ732B,0.05976903408800002,0.12451882101666671,0.0,0.05976903408800002,low,10940.6740908672,0.8949193384999998,16108.548092999998,1891.4519070000024,18000.0,0.10508066150000017,1.0,0.10508066150000013,0.0,0.0,0.0,0.0,0.0,0.0,0.0,0.0,0.0,0.0,0.0,0.0,0.0,conservative
A84826D,0.030325186933333324,0.06317747277777776,0.0,0.030325186933333324,low,10516.68269184,1.2761689541666668,22971.041175,0.0,18000.0,-0.27616895416666676,1.0,0.0,0.0,0.0,0.0,0.0,0.0,0.0,0.0,0.0,0.0,0.0,0.0,0.0,0.0,conservative
PDR4456,0.09237926628444446,0.19245680475925928,0.0,0.09237926628444446,low,11410.261434496002,0.3773218022222222,6791.79244,11208.20756,18000.0,0.6226781977777778,0.4716522527777778,0.6226781977777778,0.0,0.0,0.0,0.0,0.0,0.0,0.0,0.0,0.0,0.0,0.0,0.0,0.0,conservative
A03787E,0.08613494970666669,0.17944781188888892,0.0,0.08613494970666669,low,11320.343275776,0.4974048133333332,8953.286639999998,9046.713360000002,18000.0,0.5025951866666668,0.6217560166666666,0.5025951866666668,0.0,0.0,0.0,0.0,0.0,0.0,0.0,0.0,0.0,0.0,0.0,0.0,0.0,conservative
A01722A,0.04728633279999999,0.09851319333333332,0.0,0.04728633279999999,low,10760.923192319999,1.01115105,18200.7189,0.0,18000.0,-0.011151050000000051,1.0,0.0,0.0,0.0,0.0,0.0,0.0,0.0,0.0,0.0,0.0,0.0,0.0,0.0,0.0,conservative
A00983A,0.088589613,0.18456169375,0.0,0.088589613,low,11355.690427200001,0.4501997499999999,8103.595499999999,9896.4045,18000.0,0.5498002500000001,0.5627496875,0.54980025,0.0,0.0,0.0,0.0,0.0,0.0,0.0,0.0,0.0,0.0,0.0,0.0,0.0,conservative
A1724E,0.11158333413422224,0.23246527944629633,0.0,0.11158333413422224,low,11686.800011532801,0.0080128051111111,144.230492,17855.769508,18000.0,0.9919871948888889,0.010016006388888889,0.991987194888889,0.0,0.0,0.0,0.0,0.0,0.0,0.0,0.0,0.0,0.0,0.0,0.0,0.0,conservative
1804272,0.10990758043555557,0.22897412590740743,0.0,0.10990758043555557,low,11662.669158272001,0.0402388377777777,724.29908,17275.70092,18000.0,0.9597611622222223,0.050298547222222226,0.9597611622222222,0.0,0.0,0.0,0.0,0.0,0.0,0.0,0.0,0.0,0.0,0.0,0.0,0.0,conservative
A5387E,0.10823371970444447,0.22548691605092594,0.0,0.10823371970444447,low,11638.565563744001,0.0724284672222222,1303.71241,16696.28759,18000.0,0.9275715327777778,0.09053558402777778,0.9275715327777778,0.0,0.0,0.0,0.0,0.0,0.0,0.0,0.0,0.0,0.0,0.0,0.0,0.0,conservative
N82AMJ,0.10894444916111112,0.2269676024189815,0.0,0.10894444916111112,low,11648.80006792,0.0587605930555555,1057.690675,16942.309325,18000.0,0.9412394069444445,0.07345074131944444,0.9412394069444443,0.0,0.0,0.0,0.0,0.0,0.0,0.0,0.0,0.0,0.0,0.0,0.0,0.0,conservative
A77524D,0.03435704824533333,0.07157718384444443,0.0,0.03435704824533333,low,10574.7414947328,1.2131711211666667,21837.080181,0.0,18000.0,-0.2131711211666667,1.0,0.0,0.0,0.0,0.0,0.0,0.0,0.0,0.0,0.0,0.0,0.0,0.0,0.0,0.0,conservative
NWD2314,0.10948674416399999,0.228097383675,0.0,0.10948674416399999,low,11656.609115961599,0.048331843,869.973174,17130.026826,18000.0,0.951668157,0.060414803749999996,0.9516681570000001,0.0,0.0,0.0,0.0,0.0,0.0,0.0,0.0,0.0,0.0,0.0,0.0,0.0,conservative
A00291A,0.07509391486018001,0.15644565595870832,0.0,0.07509391486018001,low,11161.352373986592,0.709732406535,12775.18331763,5224.816682369999,18000.0,0.290267593465,0.8871655081687501,0.290267593465,0.0,0.0,0.0,0.0,0.0,0.0,0.0,0.0,0.0,0.0,0.0,0.0,0.0,conservative
P802460,0.10426101824444445,0.21721045467592592,0.0,0.10426101824444445,low,11581.35866272,0.1488265722222222,2678.8783,15321.1217,18000.0,0.8511734277777778,0.18603321527777777,0.8511734277777777,0.0,0.0,0.0,0.0,0.0,0.0,0.0,0.0,0.0,0.0,0.0,0.0,0.0,conservative
2000578,0.10510242640800001,0.21896338834999998,0.0,0.10510242640800001,low,11593.4749402752,0.132645646,2387.6216280000003,15612.378372,18000.0,0.8673543539999999,0.16580705750000002,0.8673543539999999,0.0,0.0,0.0,0.0,0.0,0.0,0.0,0.0,0.0,0.0,0.0,0.0,0.0,conservative
A03982A,0.03767072017379555,0.07848066702874074,0.0,0.03767072017379555,low,10622.458370502656,1.1613949972844444,20905.10995112,0.0,18000.0,-0.1613949972844444,1.0,0.0,0.0,0.0,0.0,0.0,0.0,0.0,0.0,0.0,0.0,0.0,0.0,0.0,0.0,conservative
NUS5749,0.09672195956,0.20150408241666665,0.0,0.09672195956,low,11472.796217664,0.29380847,5288.55246,12711.44754,18000.0,0.70619153,0.3672605875,0.7061915299999999,0.0,0.0,0.0,0.0,0.0,0.0,0.0,0.0,0.0,0.0,0.0,0.0,0.0,conservative
PDF2203,0.09558580863644443,0.1991371013259259,0.0,0.09558580863644443,low,11456.4356443648,0.3156575262222222,5681.835472,12318.164528,18000.0,0.6843424737777778,0.3945719077777778,0.6843424737777778,0.0,0.0,0.0,0.0,0.0,0.0,0.0,0.0,0.0,0.0,0.0,0.0,0.0,conservative
A0689J,0.09466965502000001,0.19722844795833336,0.0,0.09466965502000001,low,11443.243032288,0.333275865,5998.96557,12001.03443,18000.0,0.6667241349999999,0.41659483125,0.6667241349999999,0.0,0.0,0.0,0.0,0.0,0.0,0.0,0.0,0.0,0.0,0.0,0.0,0.0,conservative
A4174H,0.11149623441155558,0.23228382169074077,0.0,0.11149623441155558,low,11685.5457755264,0.0096877997777777,174.380396,17825.619604,18000.0,0.9903122002222223,0.01210974972222222,0.9903122002222222,0.0,0.0,0.0,0.0,0.0,0.0,0.0,0.0,0.0,0.0,0.0,0.0,0.0,conservative
A00334A,0.06924940657777778,0.14426959703703704,0.0,0.06924940657777778,low,11077.19145472,0.8102731555555555,14584.9168,3415.083199999999,18000.0,0.18972684444444454,1.0,0.1897268444444444,0.0,0.0,0.0,0.0,0.0,0.0,0.0,0.0,0.0,0.0,0.0,0.0,0.0,conservative
A05163A,0.07742744894748001,0.16130718530725,0.0,0.07742744894748001,low,11194.955264843711,0.66485675101,11967.42151818,6032.578481820001,18000.0,0.33514324899000003,0.8310709387624999,0.33514324899000003,0.0,0.0,0.0,0.0,0.0,0.0,0.0,0.0,0.0,0.0,0.0,0.0,0.0,conservative
A52753,0.10843100004311111,0.2258979167564815,0.0,0.10843100004311111,low,11641.4064006208,0.0686346145555555,1235.423062,16764.576938,18000.0,0.9313653854444445,0.08579326819444445,0.9313653854444444,0.0,0.0,0.0,0.0,0.0,0.0,0.0,0.0,0.0,0.0,0.0,0.0,0.0,conservative
62AL5N,-0.5160723837866669,-1.0751507995555558,0.0,-0.5160723837866669,low,2648.5576734719966,9.813630996666667,176645.35794000002,0.0,18000.0,-8.813630996666667,1.0,0.0,0.0,0.0,0.0,0.0,0.0,0.0,0.0,0.0,0.0,0.0,0.0,0.0,0.0,conservative
K76BKB,0.11138800509555556,0.2320583439490741,0.0,0.11138800509555556,low,11683.987273376,0.0117691327777777,211.84439,17788.15561,18000.0,0.9882308672222223,0.014711415972222223,0.9882308672222223,0.0,0.0,0.0,0.0,0.0,0.0,0.0,0.0,0.0,0.0,0.0,0.0,0.0,conservative
1387JGE,0.11058727677755556,0.23039015995324075,0.0,0.11058727677755556,low,11672.4567855968,0.0271677542777777,489.019577,17510.980423,18000.0,0.9728322457222223,0.03395969284722222,0.9728322457222223,0.0,0.0,0.0,0.0,0.0,0.0,0.0,0.0,0.0,0.0,0.0,0.0,0.0,conservative
A6859J,0.09612572728844444,0.2002619318509259,0.0,0.09612572728844444,low,11464.2104729536,0.3052744752222223,5494.940554000001,12505.059446,18000.0,0.6947255247777777,0.3815930940277778,0.6947255247777777,0.0,0.0,0.0,0.0,0.0,0.0,0.0,0.0,0.0,0.0,0.0,0.0,0.0,conservative
MSP256A,0.0935322908411111,0.1948589392523148,0.0,0.0935322908411111,low,11426.864988112,0.3551482530555556,6392.668555,11607.331445,18000.0,0.6448517469444444,0.44393531631944444,0.6448517469444445,0.0,0.0,0.0,0.0,0.0,0.0,0.0,0.0,0.0,0.0,0.0,0.0,0.0,conservative
NZV8496,0.10597269393311112,0.2207764456939815,0.0,0.10597269393311112,low,11606.0067926368,0.1159097320555555,2086.375177,15913.624823,18000.0,0.8840902679444445,0.14488716506944443,0.8840902679444445,0.0,0.0,0.0,0.0,0.0,0.0,0.0,0.0,0.0,0.0,0.0,0.0,0.0,conservative
A6317D,0.09892402576111112,0.20609172033564815,0.0,0.09892402576111112,low,11504.505970960001,0.2514610430555555,4526.298774999999,13473.701225,18000.0,0.7485389569444445,0.3143263038194444,0.7485389569444445,0.0,0.0,0.0,0.0,0.0,0.0,0.0,0.0,0.0,0.0,0.0,0.0,0.0,conservative
UPZ963G,0.09575420264000002,0.1994879221666667,0.0,0.09575420264000002,low,11458.860518016001,0.3124191799999999,5623.54524,12376.45476,18000.0,0.6875808200000001,0.390523975,0.68758082,0.0,0.0,0.0,0.0,0.0,0.0,0.0,0.0,0.0,0.0,0.0,0.0,0.0,conservative
NWF7409,0.09477440124888889,0.19744666926851853,0.0,0.09477440124888889,low,11444.751377984001,0.3312615144444444,5962.70726,12037.29274,18000.0,0.6687384855555556,0.41407689305555556,0.6687384855555556,0.0,0.0,0.0,0.0,0.0,0.0,0.0,0.0,0.0,0.0,0.0,0.0,0.0,conservative
A00889A,0.08280315393777778,0.1725065707037037,0.0,0.08280315393777778,low,11272.365416704,0.5614778088888889,10106.60056,7893.399439999999,18000.0,0.4385221911111111,0.7018472611111112,0.43852219111111107,0.0,0.0,0.0,0.0,0.0,0.0,0.0,0.0,0.0,0.0,0.0,0.0,0.0,conservative
6CS5F50,0.04746773326933334,0.0988911109777778,0.0,0.04746773326933334,low,10763.5353590784,1.0083166676666666,18149.700018,0.0,18000.0,-0.00831666766666661,1.0,0.0,0.0,0.0,0.0,0.0,0.0,0.0,0.0,0.0,0.0,0.0,0.0,0.0,0.0,conservative
LUB299B,0.09325605462400001,0.19428344713333334,0.0,0.09325605462400001,low,11422.8871865856,0.360460488,6488.288784,11511.711216,18000.0,0.639539512,0.45057561,0.639539512,0.0,0.0,0.0,0.0,0.0,0.0,0.0,0.0,0.0,0.0,0.0,0.0,0.0,conservative
A27973E,0.05698080246933337,0.1187100051444445,0.0,0.05698080246933337,low,10900.5235555584,0.9198142636666664,16556.656745999997,1443.343254000003,18000.0,0.08018573633333359,1.0,0.08018573633333351,0.0,0.0,0.0,0.0,0.0,0.0,0.0,0.0,0.0,0.0,0.0,0.0,0.0,conservative
A2000N,0.09431285471177779,0.19648511398287039,0.0,0.09431285471177779,low,11438.1051078496,0.3401374093888888,6122.473368999999,11877.526631,18000.0,0.6598625906111112,0.42517176173611104,0.6598625906111112,0.0,0.0,0.0,0.0,0.0,0.0,0.0,0.0,0.0,0.0,0.0,0.0,0.0,conservative
A26364E,0.11061360029555556,0.23044500061574072,0.0,0.11061360029555556,low,11672.835844256,0.0266615327777777,479.90759,17520.09241,18000.0,0.9733384672222223,0.033326915972222225,0.9733384672222223,0.0,0.0,0.0,0.0,0.0,0.0,0.0,0.0,0.0,0.0,0.0,0.0,0.0,conservative
A77638D,0.04176098965333332,0.08700206177777775,0.0,0.04176098965333332,low,10681.358251008,1.0974845366666668,19754.721660000003,0.0,18000.0,-0.09748453666666679,1.0,0.0,0.0,0.0,0.0,0.0,0.0,0.0,0.0,0.0,0.0,0.0,0.0,0.0,0.0,conservative
A0813B,0.1066922331488889,0.22227548572685185,0.0,0.1066922331488889,low,11616.368157343999,0.1020724394444444,1837.30391,16162.69609,18000.0,0.8979275605555556,0.12759054930555555,0.8979275605555556,0.0,0.0,0.0,0.0,0.0,0.0,0.0,0.0,0.0,0.0,0.0,0.0,0.0,conservative
NXR9396,0.09827687110000001,0.20474348145833332,0.0,0.09827687110000001,low,11495.18694384,0.263906325,4750.31385,13249.68615,18000.0,0.736093675,0.32988290624999994,0.736093675,0.0,0.0,0.0,0.0,0.0,0.0,0.0,0.0,0.0,0.0,0.0,0.0,0.0,conservative
A8731E,0.10587369753777778,0.2205702032037037,0.0,0.10587369753777778,low,11604.581244544,0.1178135088888888,2120.64316,15879.35684,18000.0,0.8821864911111112,0.1472668861111111,0.8821864911111111,0.0,0.0,0.0,0.0,0.0,0.0,0.0,0.0,0.0,0.0,0.0,0.0,0.0,conservative
LPM957A,0.10455550995711112,0.2178239790773148,0.0,0.10455550995711112,low,11585.5993433824,0.1431632700555555,2576.938861,15423.061139,18000.0,0.8568367299444445,0.17895408756944445,0.8568367299444444,0.0,0.0,0.0,0.0,0.0,0.0,0.0,0.0,0.0,0.0,0.0,0.0,0.0,conservative
A2525C,0.0981424424448889,0.2044634217601852,0.0,0.0981424424448889,low,11493.2511712064,0.2664914914444444,4796.846846,13203.153154,18000.0,0.7335085085555556,0.3331143643055556,0.7335085085555555,0.0,0.0,0.0,0.0,0.0,0.0,0.0,0.0,0.0,0.0,0.0,0.0,0.0,conservative
A4863E,0.10463722146,0.217994211375,0.0,0.10463722146,low,11586.775989024,0.141591895,2548.65411,15451.34589,18000.0,0.858408105,0.17698986875,0.858408105,0.0,0.0,0.0,0.0,0.0,0.0,0.0,0.0,0.0,0.0,0.0,0.0,0.0,conservative
A0646E,0.09663726558266666,0.20132763663055556,0.0,0.09663726558266666,low,11471.5766243904,0.2954372003333333,5317.869606,12682.130394,18000.0,0.7045627996666667,0.3692965004166667,0.7045627996666667,0.0,0.0,0.0,0.0,0.0,0.0,0.0,0.0,0.0,0.0,0.0,0.0,0.0,conservative
ECO534,0.10790833016666668,0.22480902118055557,0.0,0.10790833016666668,low,11633.8799544,0.0786859583333333,1416.34725,16583.65275,18000.0,0.9213140416666667,0.09835744791666667,0.9213140416666667,0.0,0.0,0.0,0.0,0.0,0.0,0.0,0.0,0.0,0.0,0.0,0.0,0.0,conservative
A85266D,0.06929036026755554,0.14435491722407406,0.0,0.06929036026755554,low,11077.781187852801,0.8099074976111111,14578.334957,3421.665043000001,18000.0,0.19009250238888886,1.0,0.19009250238888895,0.0,0.0,0.0,0.0,0.0,0.0,0.0,0.0,0.0,0.0,0.0,0.0,0.0,conservative
A4609G,0.11155313831777779,0.23240237149537038,0.0,0.11155313831777779,low,11686.365191776,0.0085934938888888,154.68289,17845.31711,18000.0,0.9914065061111113,0.01074186736111111,0.9914065061111111,0.0,0.0,0.0,0.0,0.0,0.0,0.0,0.0,0.0,0.0,0.0,0.0,0.0,conservative
121368K,0.10948748110222224,0.22809891896296297,0.0,0.10948748110222224,low,11656.619727872001,0.0483176711111111,869.7180800000001,17130.28192,18000.0,0.9516823288888889,0.060397088888888895,0.9516823288888889,0.0,0.0,0.0,0.0,0.0,0.0,0.0,0.0,0.0,0.0,0.0,0.0,0.0,conservative
A13857,0.09656775018000002,0.20118281287500003,0.0,0.09656775018000002,low,11470.575602591998,0.2967740349999999,5341.932629999999,12658.06737,18000.0,0.7032259650000001,0.37096754374999996,0.703225965,0.0,0.0,0.0,0.0,0.0,0.0,0.0,0.0,0.0,0.0,0.0,0.0,0.0,conservative
XWC117B,0.11171864333133334,0.23274717360694444,0.0,0.11171864333133334,low,11688.748463971198,0.0054107051666666,97.392693,17902.607307,18000.0,0.9945892948333334,0.006763381458333333,0.9945892948333332,0.0,0.0,0.0,0.0,0.0,0.0,0.0,0.0,0.0,0.0,0.0,0.0,0.0,conservative
A85593D,0.06700435101600001,0.13959239795,0.0,0.06700435101600001,low,11044.8626546304,0.8303182944999999,14945.729301,3054.2706990000006,18000.0,0.16968170550000006,1.0,0.16968170550000003,0.0,0.0,0.0,0.0,0.0,0.0,0.0,0.0,0.0,0.0,0.0,0.0,0.0,conservative
LUP764B,0.09465642732355554,0.1972008902574074,0.0,0.09465642732355554,low,11443.0525534592,0.3335302437777778,6003.544388,11996.455612,18000.0,0.6664697562222222,0.41691280472222225,0.6664697562222222,0.0,0.0,0.0,0.0,0.0,0.0,0.0,0.0,0.0,0.0,0.0,0.0,0.0,conservative
A7212G,0.0977998452,0.20374967749999998,0.0,0.0977998452,low,11488.31777088,0.2730799,4915.4382,13084.5618,18000.0,0.7269201000000001,0.34134987499999997,0.7269201,0.0,0.0,0.0,0.0,0.0,0.0,0.0,0.0,0.0,0.0,0.0,0.0,0.0,conservative
ECO026R,0.11066889152,0.2305601906666667,0.0,0.11066889152,low,11673.632037888001,0.0255982399999999,460.76832,17539.23168,18000.0,0.9744017600000001,0.0319978,0.97440176,0.0,0.0,0.0,0.0,0.0,0.0,0.0,0.0,0.0,0.0,0.0,0.0,0.0,conservative
A831JMD,0.09543842850022223,0.19883005937546297,0.0,0.09543842850022223,low,11454.3133704032,0.3184917596111111,5732.851673,12267.148327,18000.0,0.6815082403888889,0.3981146995138889,0.6815082403888889,0.0,0.0,0.0,0.0,0.0,0.0,0.0,0.0,0.0,0.0,0.0,0.0,0.0,conservative
A77407D,0.07381844522066668,0.15378842754305558,0.0,0.07381844522066668,low,11142.9856111776,0.7342606688333333,13216.692039,4783.307961,18000.0,0.2657393311666667,0.9178258360416667,0.2657393311666667,0.0,0.0,0.0,0.0,0.0,0.0,0.0,0.0,0.0,0.0,0.0,0.0,0.0,conservative
PCE9619,0.09096198300415999,0.18950413125866664,0.0,0.09096198300415999,low,11389.852555259904,0.40457724992,7282.39049856,10717.60950144,18000.0,0.59542275008,0.5057215624,0.59542275008,0.0,0.0,0.0,0.0,0.0,0.0,0.0,0.0,0.0,0.0,0.0,0.0,0.0,conservative
NZG4949,0.10665868861333333,0.22220560127777778,0.0,0.10665868861333333,low,11615.885116032001,0.1027175266666666,1848.91548,16151.08452,18000.0,0.8972824733333334,0.12839690833333334,0.8972824733333333,0.0,0.0,0.0,0.0,0.0,0.0,0.0,0.0,0.0,0.0,0.0,0.0,0.0,conservative
A8046M,0.09870609727400001,0.20563770265416667,0.0,0.09870609727400001,low,11501.3678007456,0.2556519754999999,4601.735559,13398.264441,18000.0,0.7443480245,0.319564969375,0.7443480244999999,0.0,0.0,0.0,0.0,0.0,0.0,0.0,0.0,0.0,0.0,0.0,0.0,0.0,conservative
A04568A,0.07582589870333332,0.15797062229861109,0.0,0.07582589870333332,low,11171.892941328,0.6956557941666667,12521.804295,5478.195705,18000.0,0.3043442058333333,0.8695697427083333,0.3043442058333333,0.0,0.0,0.0,0.0,0.0,0.0,0.0,0.0,0.0,0.0,0.0,0.0,0.0,conservative
MZV5006,0.09704854877013332,0.2021844766044444,0.0,0.09704854877013332,low,11477.49910228992,0.2875279082666667,5175.502348800001,12824.4976512,18000.0,0.7124720917333334,0.3594098853333334,0.7124720917333333,0.0,0.0,0.0,0.0,0.0,0.0,0.0,0.0,0.0,0.0,0.0,0.0,0.0,conservative
A6316G,0.11096544098533337,0.23117800205277783,0.0,0.11096544098533337,low,11677.9023501888,0.0198953656666666,358.116582,17641.883418,18000.0,0.9801046343333334,0.024869207083333334,0.9801046343333334,0.0,0.0,0.0,0.0,0.0,0.0,0.0,0.0,0.0,0.0,0.0,0.0,0.0,conservative
640NZ022M,0.10882917317777778,0.22672744412037038,0.0,0.10882917317777778,low,11647.14009376,0.0609774388888888,1097.5938999999998,16902.4061,18000.0,0.9390225611111112,0.0762217986111111,0.9390225611111112,0.0,0.0,0.0,0.0,0.0,0.0,0.0,0.0,0.0,0.0,0.0,0.0,0.0,conservative
A01121A,0.09060808284444445,0.18876683925925927,0.0,0.09060808284444445,low,11384.75639296,0.4113830222222222,7404.8944,10595.1056,18000.0,0.5886169777777778,0.5142287777777778,0.5886169777777778,0.0,0.0,0.0,0.0,0.0,0.0,0.0,0.0,0.0,0.0,0.0,0.0,0.0,conservative
H34AEZ,0.09232840583266667,0.19235084548472225,0.0,0.09232840583266667,low,11409.5290439904,0.3782998878333333,6809.397980999999,11190.602019000002,18000.0,0.6217001121666668,0.4728748597916666,0.6217001121666668,0.0,0.0,0.0,0.0,0.0,0.0,0.0,0.0,0.0,0.0,0.0,0.0,0.0,conservative
TWB842A,0.11098282603555557,0.23121422090740743,0.0,0.11098282603555557,low,11678.152694912,0.0195610377777777,352.09868,17647.90132,18000.0,0.9804389622222223,0.024451297222222224,0.9804389622222223,0.0,0.0,0.0,0.0,0.0,0.0,0.0,0.0,0.0,0.0,0.0,0.0,0.0,conservative
NFN693A,0.10919182847222221,0.22748297598379627,0.0,0.10919182847222221,low,11652.36233,0.0540032986111111,972.059375,17027.940625,18000.0,0.9459967013888889,0.0675041232638889,0.9459967013888888,0.0,0.0,0.0,0.0,0.0,0.0,0.0,0.0,0.0,0.0,0.0,0.0,0.0,conservative
Z93AFX,0.10480909678844445,0.21835228497592593,0.0,0.10480909678844445,low,11589.2509937536,0.1382866002222222,2489.158804,15510.841196,18000.0,0.8617133997777778,0.1728582502777778,0.8617133997777777,0.0,0.0,0.0,0.0,0.0,0.0,0.0,0.0,0.0,0.0,0.0,0.0,0.0,conservative
NUJ4051,0.11030168846444445,0.22979518430092594,0.0,0.11030168846444445,low,11668.344313888,0.0326598372222222,587.87707,17412.12293,18000.0,0.9673401627777778,0.040824796527777776,0.9673401627777779,0.0,0.0,0.0,0.0,0.0,0.0,0.0,0.0,0.0,0.0,0.0,0.0,0.0,conservative
ECO518,0.11196117567333334,0.23325244931944447,0.0,0.11196117567333334,low,11692.240929696,0.0007466216666666,13.43919,17986.56081,18000.0,0.9992533783333334,0.0009332770833333333,0.9992533783333333,0.0,0.0,0.0,0.0,0.0,0.0,0.0,0.0,0.0,0.0,0.0,0.0,0.0,conservative
U85AYT,0.09660328428466666,0.2012568422597222,0.0,0.09660328428466666,low,11471.087293699202,0.2960906868333333,5329.632363,12670.367637,18000.0,0.7039093131666667,0.37011335854166666,0.7039093131666666,0.0,0.0,0.0,0.0,0.0,0.0,0.0,0.0,0.0,0.0,0.0,0.0,0.0,conservative
JPL2583,0.10763979912466666,0.2242495815097222,0.0,0.10763979912466666,low,11630.0131073952,0.0838500168333333,1509.300303,16490.699697,18000.0,0.9161499831666667,0.10481252104166666,0.9161499831666666,0.0,0.0,0.0,0.0,0.0,0.0,0.0,0.0,0.0,0.0,0.0,0.0,0.0,conservative
A728JMF,0.093371785122,0.19452455233750002,0.0,0.093371785122,low,11424.5537057568,0.3582349015,6448.228227,11551.771773,18000.0,0.6417650985000001,0.44779362687499996,0.6417650985000001,0.0,0.0,0.0,0.0,0.0,0.0,0.0,0.0,0.0,0.0,0.0,0.0,0.0,conservative
C89BFD,0.09662820347333333,0.2013087572361111,0.0,0.09662820347333333,low,11471.446130016,0.2956114716666667,5321.00649,12678.99351,18000.0,0.7043885283333333,0.3695143395833333,0.7043885283333333,0.0,0.0,0.0,0.0,0.0,0.0,0.0,0.0,0.0,0.0,0.0,0.0,0.0,conservative
A154JMF,0.09537576544666666,0.19869951134722222,0.0,0.09537576544666666,low,11453.411022432001,0.3196968183333333,5754.54273,12245.45727,18000.0,0.6803031816666667,0.3996210229166667,0.6803031816666667,0.0,0.0,0.0,0.0,0.0,0.0,0.0,0.0,0.0,0.0,0.0,0.0,0.0,conservative
A9255J,0.09487431493866666,0.19765482278888888,0.0,0.09487431493866666,low,11446.190135116798,0.3293400973333333,5928.121752,12071.878248,18000.0,0.6706599026666666,0.41167512166666664,0.6706599026666668,0.0,0.0,0.0,0.0,0.0,0.0,0.0,0.0,0.0,0.0,0.0,0.0,0.0,conservative
A2235C,0.10343059569911112,0.2154804077064815,0.0,0.10343059569911112,low,11569.4005780672,0.1647962365555555,2966.332258,15033.667742,18000.0,0.8352037634444445,0.20599529569444444,0.8352037634444445,0.0,0.0,0.0,0.0,0.0,0.0,0.0,0.0,0.0,0.0,0.0,0.0,0.0,conservative
A-05502-A,0.075,0.0,0.625,0.075,low,11160.0,0.0,0.0,0.0,0.0,0.0,0.0,0.0,1.0,0.25,1.0,313.424812235785,0.0,1.0,70322.0,1774.0,16744.0,37293.0,0.0,1088.0,0.6238745029207766,conservative
MES414A,0.11008685681999998,0.22934761837499998,0.0,0.11008685681999998,low,11665.250738208,0.0367912149999999,662.24187,17337.75813,18000.0,0.9632087850000001,0.04598901875,0.963208785,0.0,0.0,0.0,0.0,0.0,0.0,0.0,0.0,0.0,0.0,0.0,0.0,0.0,conservative
G42ASF,0.11146841448666667,0.23222586351388888,0.0,0.11146841448666667,low,11685.145168608,0.0102227983333333,184.01037,17815.98963,18000.0,0.9897772016666667,0.012778497916666666,0.9897772016666667,0.0,0.0,0.0,0.0,0.0,0.0,0.0,0.0,0.0,0.0,0.0,0.0,0.0,conservative
A4096M,0.1025035792768889,0.2135491234935185,0.0,0.1025035792768889,low,11556.0515415872,0.1826234754444444,3287.222558,14712.777442,18000.0,0.8173765245555555,0.22827934430555555,0.8173765245555555,0.0,0.0,0.0,0.0,0.0,0.0,0.0,0.0,0.0,0.0,0.0,0.0,0.0,conservative
A0748J,0.09661263592133336,0.20127632483611113,0.0,0.09661263592133336,low,11471.221957267202,0.2959108476666667,5326.3952580000005,12673.604742,18000.0,0.7040891523333332,0.3698885595833334,0.7040891523333334,0.0,0.0,0.0,0.0,0.0,0.0,0.0,0.0,0.0,0.0,0.0,0.0,0.0,conservative
MXU8000,0.10269093957555556,0.21393945744907406,0.0,0.10269093957555556,low,11558.749529888,0.1790203927777778,3222.36707,14777.63293,18000.0,0.8209796072222222,0.2237754909722222,0.8209796072222222,0.0,0.0,0.0,0.0,0.0,0.0,0.0,0.0,0.0,0.0,0.0,0.0,0.0,conservative
A4913C,0.11161698045111114,0.23253537593981485,0.0,0.11161698045111114,low,11687.284518496,0.0073657605555555,132.58369,17867.41631,18000.0,0.9926342394444445,0.009207200694444443,0.9926342394444445,0.0,0.0,0.0,0.0,0.0,0.0,0.0,0.0,0.0,0.0,0.0,0.0,0.0,conservative
A02925A,0.07642119140133334,0.15921081541944446,0.0,0.07642119140133334,low,11180.4651561792,0.6842078576666667,12315.741438,5684.258562000001,18000.0,0.3157921423333333,0.8552598220833333,0.31579214233333336,0.0,0.0,0.0,0.0,0.0,0.0,0.0,0.0,0.0,0.0,0.0,0.0,0.0,conservative
MXH354A,0.10974291185933335,0.22863106637361116,0.0,0.10974291185933335,low,11660.2979307744,0.0434055411666666,781.2997409999999,17218.700259,18000.0,0.9565944588333334,0.05425692645833333,0.9565944588333334,0.0,0.0,0.0,0.0,0.0,0.0,0.0,0.0,0.0,0.0,0.0,0.0,0.0,conservative
NUH9419,0.09050889399999999,0.1885601958333333,0.0,0.09050889399999999,low,11383.3280736,0.4132905,7439.229,10560.771,18000.0,0.5867095,0.516613125,0.5867095,0.0,0.0,0.0,0.0,0.0,0.0,0.0,0.0,0.0,0.0,0.0,0.0,0.0,conservative
A04210A,0.06901143202666667,0.14377381672222223,0.0,0.06901143202666667,low,11073.764621184,0.8123979283333332,14623.16271,3376.8372899999995,18000.0,0.18760207166666676,1.0,0.18760207166666665,0.0,0.0,0.0,0.0,0.0,0.0,0.0,0.0,0.0,0.0,0.0,0.0,0.0,conservative
A85597D,0.041679727797333324,0.08683276624444443,0.0,0.041679727797333324,low,10680.1880802816,1.0987542531666668,19777.576557,0.0,18000.0,-0.09875425316666675,1.0,0.0,0.0,0.0,0.0,0.0,0.0,0.0,0.0,0.0,0.0,0.0,0.0,0.0,0.0,conservative
F42BCG,0.09508343366666666,0.19809048680555555,0.0,0.09508343366666666,low,11449.201444799999,0.3253185833333333,5855.7345,12144.2655,18000.0,0.6746814166666667,0.40664822916666665,0.6746814166666666,0.0,0.0,0.0,0.0,0.0,0.0,0.0,0.0,0.0,0.0,0.0,0.0,0.0,conservative
NYM4040,0.11176851125333333,0.2328510651111111,0.0,0.11176851125333333,low,11689.466562048001,0.0044517066666666,80.13072,17919.86928,18000.0,0.9955482933333334,0.005564633333333333,0.9955482933333333,0.0,0.0,0.0,0.0,0.0,0.0,0.0,0.0,0.0,0.0,0.0,0.0,0.0,conservative
A0466L,0.09391486978533332,0.19565597871944443,0.0,0.09391486978533332,low,11432.3741249088,0.3477909656666666,6260.237381999999,11739.762618,18000.0,0.6522090343333333,0.4347387070833333,0.6522090343333333,0.0,0.0,0.0,0.0,0.0,0.0,0.0,0.0,0.0,0.0,0.0,0.0,0.0,conservative
A05177A,0.07512297692822223,0.1565062019337963,0.0,0.07512297692822223,low,11161.7708677664,0.709173520611111,12765.123371,5234.876629,18000.0,0.29082647938888895,0.8864669007638889,0.2908264793888889,0.0,0.0,0.0,0.0,0.0,0.0,0.0,0.0,0.0,0.0,0.0,0.0,0.0,conservative
A9913D,0.1114783233177778,0.23224650691203708,0.0,0.1114783233177778,low,11685.287855776001,0.0100322438888888,180.58039,17819.41961,18000.0,0.9899677561111112,0.01254030486111111,0.9899677561111112,0.0,0.0,0.0,0.0,0.0,0.0,0.0,0.0,0.0,0.0,0.0,0.0,0.0,conservative
NAF870A,0.0964799538508889,0.2009999038560185,0.0,0.0964799538508889,low,11469.311335452801,0.2984624259444445,5372.323667000001,12627.676333,18000.0,0.7015375740555555,0.3730780324305556,0.7015375740555555,0.0,0.0,0.0,0.0,0.0,0.0,0.0,0.0,0.0,0.0,0.0,0.0,0.0,conservative
ECO533,0.11039633216222224,0.2299923586712963,0.0,0.11039633216222224,low,11669.707183136,0.0308397661111111,555.11579,17444.88421,18000.0,0.969160233888889,0.03854970763888888,0.969160233888889,0.0,0.0,0.0,0.0,0.0,0.0,0.0,0.0,0.0,0.0,0.0,0.0,0.0,conservative
A5263L,0.10931331383333334,0.2277360704861111,0.0,0.10931331383333334,low,11654.1117192,0.0516670416666666,930.00675,17069.99325,18000.0,0.9483329583333334,0.06458380208333334,0.9483329583333333,0.0,0.0,0.0,0.0,0.0,0.0,0.0,0.0,0.0,0.0,0.0,0.0,0.0,conservative
YNF562A,0.11065040534088891,0.23052167779351854,0.0,0.11065040534088891,low,11673.3658369088,0.0259537434444444,467.167382,17532.832618,18000.0,0.9740462565555557,0.032442179305555555,0.9740462565555555,0.0,0.0,0.0,0.0,0.0,0.0,0.0,0.0,0.0,0.0,0.0,0.0,0.0,conservative
A02018A,0.08491300153333332,0.17690208652777775,0.0,0.08491300153333332,low,11302.747222080001,0.5209038166666667,9376.2687,8623.7313,18000.0,0.47909618333333326,0.6511297708333333,0.4790961833333333,0.0,0.0,0.0,0.0,0.0,0.0,0.0,0.0,0.0,0.0,0.0,0.0,0.0,conservative
A7734B,0.09910813772666668,0.20647528693055558,0.0,0.09910813772666668,low,11507.157183264,0.2479204283333333,4462.56771,13537.43229,18000.0,0.7520795716666667,0.3099005354166667,0.7520795716666667,0.0,0.0,0.0,0.0,0.0,0.0,0.0,0.0,0.0,0.0,0.0,0.0,0.0,conservative
K00882,0.0775324983311111,0.1615260381898148,0.0,0.0775324983311111,low,11196.467975968,0.6628365705555556,11931.05827,6068.9417300000005,18000.0,0.33716342944444444,0.8285457131944444,0.3371634294444445,0.0,0.0,0.0,0.0,0.0,0.0,0.0,0.0,0.0,0.0,0.0,0.0,0.0,conservative
J75BNH,0.0976702810437778,0.20347975217453707,0.0,0.0976702810437778,low,11486.452047030401,0.2755715183888889,4960.287331,13039.712669,18000.0,0.7244284816111111,0.3444643979861111,0.7244284816111112,0.0,0.0,0.0,0.0,0.0,0.0,0.0,0.0,0.0,0.0,0.0,0.0,0.0,conservative
ECO01,0.10979839464888892,0.22874665551851855,0.0,0.10979839464888892,low,11661.096882944003,0.0423385644444444,762.09416,17237.90584,18000.0,0.9576614355555556,0.052923205555555554,0.9576614355555555,0.0,0.0,0.0,0.0,0.0,0.0,0.0,0.0,0.0,0.0,0.0,0.0,0.0,conservative
M90632,0.07638093123333334,0.15912694006944444,0.0,0.07638093123333334,low,11179.88540976,0.6849820916666667,12329.67765,5670.32235,18000.0,0.3150179083333333,0.8562276145833333,0.3150179083333334,0.0,0.0,0.0,0.0,0.0,0.0,0.0,0.0,0.0,0.0,0.0,0.0,0.0,conservative
A23443E,0.08274963868666667,0.17239508059722222,0.0,0.08274963868666667,low,11271.594797088,0.5625069483333334,10125.12507,7874.87493,18000.0,0.43749305166666663,0.7031336854166667,0.4374930516666667,0.0,0.0,0.0,0.0,0.0,0.0,0.0,0.0,0.0,0.0,0.0,0.0,0.0,conservative
A3086D,0.10856222755511113,0.2261713074064815,0.0,0.10856222755511113,low,11643.2960767936,0.0661110085555555,1189.998154,16810.001846,18000.0,0.9338889914444445,0.08263876069444445,0.9338889914444444,0.0,0.0,0.0,0.0,0.0,0.0,0.0,0.0,0.0,0.0,0.0,0.0,0.0,conservative
A24472E,0.08080938886,0.16835289345833335,0.0,0.08080938886,low,11243.655199584,0.599819445,10796.75001,7203.24999,18000.0,0.40018055500000005,0.74977430625,0.400180555,0.0,0.0,0.0,0.0,0.0,0.0,0.0,0.0,0.0,0.0,0.0,0.0,0.0,conservative
A02294A,0.07644909416511113,0.15926894617731482,0.0,0.07644909416511113,low,11180.8669559776,0.6836712660555555,12306.082789,5693.917211,18000.0,0.3163287339444445,0.8545890825694444,0.31632873394444444,0.0,0.0,0.0,0.0,0.0,0.0,0.0,0.0,0.0,0.0,0.0,0.0,0.0,conservative
NXK3934,0.10266880728066667,0.21389334850138889,0.0,0.10266880728066667,low,11558.430824841598,0.1794460138333333,3230.028249,14769.971751,18000.0,0.8205539861666666,0.22430751729166667,0.8205539861666666,0.0,0.0,0.0,0.0,0.0,0.0,0.0,0.0,0.0,0.0,0.0,0.0,0.0,conservative
A1297B,0.11113900688000002,0.23153959766666668,0.0,0.11113900688000002,low,11680.401699072,0.01655756,298.03608,17701.96392,18000.0,0.98344244,0.020696950000000002,0.9834424399999999,0.0,0.0,0.0,0.0,0.0,0.0,0.0,0.0,0.0,0.0,0.0,0.0,0.0,conservative
LZW205B,0.09250156713555555,0.19271159819907405,0.0,0.09250156713555555,low,11412.022566751999,0.3749698627777778,6749.457530000001,11250.54247,18000.0,0.6250301372222222,0.4687123284722223,0.6250301372222222,0.0,0.0,0.0,0.0,0.0,0.0,0.0,0.0,0.0,0.0,0.0,0.0,0.0,conservative
1710MDF045,0.09140252249333335,0.19042192186111115,0.0,0.09140252249333335,low,11396.196323904,0.3961053366666666,7129.89606,10870.10394,18000.0,0.6038946633333334,0.4951316708333333,0.6038946633333334,0.0,0.0,0.0,0.0,0.0,0.0,0.0,0.0,0.0,0.0,0.0,0.0,0.0,conservative
NDE730A,0.11170408160666667,0.23271683668055554,0.0,0.11170408160666667,low,11688.538775136,0.0056907383333333,102.43329,17897.56671,18000.0,0.9943092616666667,0.0071134229166666665,0.9943092616666667,0.0,0.0,0.0,0.0,0.0,0.0,0.0,0.0,0.0,0.0,0.0,0.0,0.0,conservative
CR5819,-0.1963138656142222,-0.4089872200296296,0.0,-0.1963138656142222,low,7253.0803351551995,4.817404150222222,86713.274704,0.0,18000.0,-3.817404150222222,1.0,0.0,0.0,0.0,0.0,0.0,0.0,0.0,0.0,0.0,0.0,0.0,0.0,0.0,0.0,conservative
V57BDK,0.11082808822000001,0.23089185045833335,0.0,0.11082808822000001,low,11675.924470368001,0.022536765,405.66177,17594.33823,18000.0,0.977463235,0.02817095625,0.9774632350000001,0.0,0.0,0.0,0.0,0.0,0.0,0.0,0.0,0.0,0.0,0.0,0.0,0.0,conservative
770778J,0.10434919550533335,0.21739415730277778,0.0,0.10434919550533335,low,11582.6284152768,0.1471308556666666,2648.355402,15351.644598,18000.0,0.8528691443333334,0.18391356958333335,0.8528691443333334,0.0,0.0,0.0,0.0,0.0,0.0,0.0,0.0,0.0,0.0,0.0,0.0,0.0,conservative
A9088G,0.10286729419555556,0.2143068629074074,0.0,0.10286729419555556,low,11561.289036416,0.1756289577777778,3161.32124,14838.67876,18000.0,0.8243710422222222,0.21953619722222223,0.8243710422222222,0.0,0.0,0.0,0.0,0.0,0.0,0.0,0.0,0.0,0.0,0.0,0.0,0.0,conservative
A988JMJ,0.09111042058800002,0.18981337622500002,0.0,0.09111042058800002,low,11391.990056467199,0.4017226809999999,7231.008258,10768.991742,18000.0,0.5982773190000001,0.5021533512499999,0.598277319,0.0,0.0,0.0,0.0,0.0,0.0,0.0,0.0,0.0,0.0,0.0,0.0,0.0,conservative
PAX7437,0.09383791753333334,0.19549566152777778,0.0,0.09383791753333334,low,11431.26601248,0.3492708166666666,6286.874699999999,11713.1253,18000.0,0.6507291833333334,0.43658852083333327,0.6507291833333333,0.0,0.0,0.0,0.0,0.0,0.0,0.0,0.0,0.0,0.0,0.0,0.0,0.0,conservative
NBF241A,0.08028899816377777,0.16726874617453702,0.0,0.08028899816377777,low,11236.1615735584,0.6098269583888889,10976.885251,7023.114749,18000.0,0.3901730416111111,0.7622836979861111,0.3901730416111111,0.0,0.0,0.0,0.0,0.0,0.0,0.0,0.0,0.0,0.0,0.0,0.0,0.0,conservative
A0478C,0.09109233395955556,0.18977569574907407,0.0,0.09109233395955556,low,11391.7296090176,0.4020705007777777,7237.269014,10762.730986,18000.0,0.5979294992222224,0.5025881259722222,0.5979294992222223,0.0,0.0,0.0,0.0,0.0,0.0,0.0,0.0,0.0,0.0,0.0,0.0,0.0,conservative
W71BJA,0.09882536213399999,0.2058861711125,0.0,0.09882536213399999,low,11503.0852147296,0.2533584205,4560.451569000001,13439.548431,18000.0,0.7466415795,0.31669802562500005,0.7466415795,0.0,0.0,0.0,0.0,0.0,0.0,0.0,0.0,0.0,0.0,0.0,0.0,0.0,conservative
NFH392B,0.06532235026666666,0.1360882297222222,0.0,0.06532235026666666,low,11020.64184384,0.8453361583333333,15216.05085,2783.9491500000004,18000.0,0.1546638416666667,1.0,0.1546638416666667,0.0,0.0,0.0,0.0,0.0,0.0,0.0,0.0,0.0,0.0,0.0,0.0,0.0,conservative
308C,-0.014180959146666687,-0.029543664888888932,0.0,-0.014180959146666687,low,9875.794188287999,1.9715774866666669,35488.39476,0.0,18000.0,-0.9715774866666669,1.0,0.0,0.0,0.0,0.0,0.0,0.0,0.0,0.0,0.0,0.0,0.0,0.0,0.0,0.0,conservative
A00232A,0.08805414357777777,0.1834461324537037,0.0,0.08805414357777777,low,11347.97966752,0.4604972388888889,8288.9503,9711.0497,18000.0,0.5395027611111112,0.5756215486111111,0.5395027611111111,0.0,0.0,0.0,0.0,0.0,0.0,0.0,0.0,0.0,0.0,0.0,0.0,0.0,conservative
LE17532,0.10210493506266667,0.2127186147138889,0.0,0.10210493506266667,low,11550.311064902402,0.1902897103333333,3425.214786,14574.785214,18000.0,0.8097102896666667,0.23786213791666666,0.8097102896666667,0.0,0.0,0.0,0.0,0.0,0.0,0.0,0.0,0.0,0.0,0.0,0.0,0.0,conservative
225C,-0.047890090133333375,-0.09977102111111119,0.0,-0.047890090133333375,low,9390.38270208,2.4982826583333337,44969.08785,0.0,18000.0,-1.4982826583333337,1.0,0.0,0.0,0.0,0.0,0.0,0.0,0.0,0.0,0.0,0.0,0.0,0.0,0.0,0.0,conservative
2000012,0.11086483081333333,0.23096839752777779,0.0,0.11086483081333333,low,11676.453563711999,0.0218301766666666,392.94318,17607.05682,18000.0,0.9781698233333334,0.02728772083333333,0.9781698233333335,0.0,0.0,0.0,0.0,0.0,0.0,0.0,0.0,0.0,0.0,0.0,0.0,0.0,conservative
A05207A,0.07738458213032667,0.16121787943818056,0.0,0.07738458213032667,low,11194.337982676705,0.6656811128783333,11982.26003181,6017.739968190001,18000.0,0.3343188871216667,0.8321013910979166,0.3343188871216667,0.0,0.0,0.0,0.0,0.0,0.0,0.0,0.0,0.0,0.0,0.0,0.0,0.0,conservative
NKW1174,0.09677668622333334,0.20161809629861113,0.0,0.09677668622333334,low,11473.584281616,0.2927560341666666,5269.608614999999,12730.391385,18000.0,0.7072439658333334,0.3659450427083333,0.7072439658333334,0.0,0.0,0.0,0.0,0.0,0.0,0.0,0.0,0.0,0.0,0.0,0.0,0.0,conservative
A0016D,0.09502952293533333,0.19797817278194443,0.0,0.09502952293533333,low,11448.425130268799,0.3263553281666667,5874.395907,12125.604093,18000.0,0.6736446718333333,0.40794416020833335,0.6736446718333333,0.0,0.0,0.0,0.0,0.0,0.0,0.0,0.0,0.0,0.0,0.0,0.0,0.0,conservative
A04504A,0.07741471660066668,0.16128065958472224,0.0,0.07741471660066668,low,11194.7719190496,0.6651016038333333,11971.828869,6028.171130999999,18000.0,0.3348983961666667,0.8313770047916668,0.3348983961666666,0.0,0.0,0.0,0.0,0.0,0.0,0.0,0.0,0.0,0.0,0.0,0.0,0.0,conservative
NUA336A,0.09620619237444444,0.20042956744675924,0.0,0.09620619237444444,low,11465.369170192,0.3037270697222222,5467.087255,12532.912745,18000.0,0.6962729302777778,0.3796588371527778,0.6962729302777777,0.0,0.0,0.0,0.0,0.0,0.0,0.0,0.0,0.0,0.0,0.0,0.0,0.0,conservative
A04664E,0.05734823062133333,0.11947548046111112,0.0,0.05734823062133333,low,10905.814520947199,0.9165336551666666,16497.605793,1502.3942070000012,18000.0,0.08346634483333337,1.0,0.0834663448333334,0.0,0.0,0.0,0.0,0.0,0.0,0.0,0.0,0.0,0.0,0.0,0.0,0.0,conservative
MWP074B,0.09219589929688891,0.1920747902018519,0.0,0.09219589929688891,low,11407.6209498752,0.3808480904444444,6855.265628,11144.734372,18000.0,0.6191519095555555,0.47606011305555557,0.6191519095555555,0.0,0.0,0.0,0.0,0.0,0.0,0.0,0.0,0.0,0.0,0.0,0.0,0.0,conservative
A191JMD,0.10996332186444446,0.22909025388425927,0.0,0.10996332186444446,low,11663.471834848,0.0391668872222222,705.00397,17294.99603,18000.0,0.9608331127777778,0.04895860902777777,0.9608331127777777,0.0,0.0,0.0,0.0,0.0,0.0,0.0,0.0,0.0,0.0,0.0,0.0,0.0,conservative
M02696,0.09114917156000002,0.18989410741666668,0.0,0.09114917156000002,low,11392.548070464,0.40097747,7217.59446,10782.40554,18000.0,0.59902253,0.5012218375,0.5990225299999999,0.0,0.0,0.0,0.0,0.0,0.0,0.0,0.0,0.0,0.0,0.0,0.0,0.0,conservative
F52BEF,0.11104508463311111,0.23134392631898149,0.0,0.11104508463311111,low,11679.0492187168,0.0183637570555555,330.547627,17669.452373,18000.0,0.9816362429444445,0.022954696319444443,0.9816362429444444,0.0,0.0,0.0,0.0,0.0,0.0,0.0,0.0,0.0,0.0,0.0,0.0,0.0,conservative
299TLA,0.11117969428,0.23162436308333334,0.0,0.11117969428,low,11680.987597632,0.0157751099999999,283.95197999999993,17716.04802,18000.0,0.9842248900000001,0.019718887499999997,0.9842248899999999,0.0,0.0,0.0,0.0,0.0,0.0,0.0,0.0,0.0,0.0,0.0,0.0,0.0,conservative
NWV5181,0.09569282571977779,0.19936005358287037,0.0,0.09569282571977779,low,11457.9766903648,0.3135995053888889,5644.791097,12355.208903,18000.0,0.6864004946111111,0.39199938173611115,0.6864004946111112,0.0,0.0,0.0,0.0,0.0,0.0,0.0,0.0,0.0,0.0,0.0,0.0,0.0,conservative
NVK163A,0.11057443595244444,0.23036340823425927,0.0,0.11057443595244444,low,11672.2718777152,0.0274146932222222,493.464478,17506.535522,18000.0,0.9725853067777778,0.034268366527777774,0.9725853067777777,0.0,0.0,0.0,0.0,0.0,0.0,0.0,0.0,0.0,0.0,0.0,0.0,0.0,conservative
W73BCM,0.11138095794,0.232043662375,0.0,0.11138095794,low,11683.885794336,0.011904655,214.28379,17785.71621,18000.0,0.988095345,0.01488081875,0.988095345,0.0,0.0,0.0,0.0,0.0,0.0,0.0,0.0,0.0,0.0,0.0,0.0,0.0,conservative
PBW6513,0.092155319924,0.19199024984166665,0.0,0.092155319924,low,11407.0366069056,0.381628463,6869.312334,11130.687666,18000.0,0.618371537,0.47703557875,0.618371537,0.0,0.0,0.0,0.0,0.0,0.0,0.0,0.0,0.0,0.0,0.0,0.0,0.0,conservative
A03966A,0.07528339540866666,0.15684040710138888,0.0,0.07528339540866666,low,11164.0808938848,0.7060885498333334,12709.593897,5290.406102999999,18000.0,0.29391145016666664,0.8826106872916667,0.29391145016666664,0.0,0.0,0.0,0.0,0.0,0.0,0.0,0.0,0.0,0.0,0.0,0.0,0.0,conservative
A00065A,0.06440949084444444,0.13418643925925924,0.0,0.06440949084444444,low,11007.49666816,0.8534866888888889,15362.7604,2637.239600000001,18000.0,0.1465133111111111,1.0,0.14651331111111116,0.0,0.0,0.0,0.0,0.0,0.0,0.0,0.0,0.0,0.0,0.0,0.0,0.0,conservative
A04584A,0.06672252109952001,0.13900525229066668,0.0,0.06672252109952001,low,11040.804303833089,0.8328346330399999,14991.02339472,3008.9766052800005,18000.0,0.16716536696000006,1.0,0.16716536696000003,0.0,0.0,0.0,0.0,0.0,0.0,0.0,0.0,0.0,0.0,0.0,0.0,0.0,conservative
PDP9740,0.11110221012000002,0.23146293775000001,0.0,0.11110221012000002,low,11679.871825728,0.01726519,310.77342,17689.22658,18000.0,0.98273481,0.0215814875,0.98273481,0.0,0.0,0.0,0.0,0.0,0.0,0.0,0.0,0.0,0.0,0.0,0.0,0.0,conservative
PWR358D,0.11066497053511111,0.23055202194814814,0.0,0.11066497053511111,low,11673.575575705601,0.0256736435555555,462.125584,17537.874416,18000.0,0.9743263564444445,0.03209205444444444,0.9743263564444444,0.0,0.0,0.0,0.0,0.0,0.0,0.0,0.0,0.0,0.0,0.0,0.0,0.0,conservative
1416JFHA,0.11130214154000001,0.2318794615416667,0.0,0.11130214154000001,low,11682.750838175998,0.013420355,241.56639,17758.43361,18000.0,0.986579645,0.01677544375,0.986579645,0.0,0.0,0.0,0.0,0.0,0.0,0.0,0.0,0.0,0.0,0.0,0.0,0.0,conservative
NZW4553,0.1088394153866667,0.2267487820555556,0.0,0.1088394153866667,low,11647.287581568002,0.0607804733333333,1094.04852,16905.95148,18000.0,0.9392195266666667,0.07597559166666668,0.9392195266666666,0.0,0.0,0.0,0.0,0.0,0.0,0.0,0.0,0.0,0.0,0.0,0.0,0.0,conservative
NTC2304,0.11163831088000002,0.23257981433333338,0.0,0.11163831088000002,low,11687.591676672,0.0069555599999999,125.20008,17874.79992,18000.0,0.9930444400000001,0.00869445,0.99304444,0.0,0.0,0.0,0.0,0.0,0.0,0.0,0.0,0.0,0.0,0.0,0.0,0.0,conservative
A6323E,0.10506220420000001,0.21887959208333332,0.0,0.10506220420000001,low,11592.89574048,0.13341915,2401.5447,15598.4553,18000.0,0.8665808500000001,0.1667739375,0.86658085,0.0,0.0,0.0,0.0,0.0,0.0,0.0,0.0,0.0,0.0,0.0,0.0,0.0,conservative
A2657C,0.09657026842155557,0.2011880592115741,0.0,0.09657026842155557,low,11470.6118652704,0.2967256072777778,5341.060931,12658.939069,18000.0,0.7032743927222223,0.37090700909722224,0.7032743927222223,0.0,0.0,0.0,0.0,0.0,0.0,0.0,0.0,0.0,0.0,0.0,0.0,0.0,conservative
CR5662,0.11199448340666668,0.23332184043055557,0.0,0.11199448340666668,low,11692.720561056,0.0001060883333333,1.90959,17998.09041,18000.0,0.9998939116666667,0.00013261041666666666,0.9998939116666667,0.0,0.0,0.0,0.0,0.0,0.0,0.0,0.0,0.0,0.0,0.0,0.0,0.0,conservative
NCT211B,0.10168444297911113,0.21184258953981483,0.0,0.10168444297911113,low,11544.2559788992,0.1983760965555555,3570.769738,14429.230262,18000.0,0.8016239034444446,0.24797012069444443,0.8016239034444443,0.0,0.0,0.0,0.0,0.0,0.0,0.0,0.0,0.0,0.0,0.0,0.0,0.0,conservative
457C,0.05096104920533332,0.10616885251111108,0.0,0.05096104920533332,low,10813.8391085568,0.9735620606666668,17524.117092,475.8829079999996,18000.0,0.02643793933333316,1.0,0.02643793933333331,0.0,0.0,0.0,0.0,0.0,0.0,0.0,0.0,0.0,0.0,0.0,0.0,0.0,conservative
NDV064A,0.09700890966968001,0.20210189514516666,0.0,0.09700890966968001,low,11476.928299243393,0.28829019866,5189.223575880001,12810.776424119998,18000.0,0.7117098013400001,0.36036274832500004,0.71170980134,0.0,0.0,0.0,0.0,0.0,0.0,0.0,0.0,0.0,0.0,0.0,0.0,0.0,conservative
A00896A,0.09860996880000002,0.205437435,0.0,0.09860996880000002,low,11499.98355072,0.2575006,4635.0108,13364.9892,18000.0,0.7424994,0.32187575,0.7424994,0.0,0.0,0.0,0.0,0.0,0.0,0.0,0.0,0.0,0.0,0.0,0.0,0.0,conservative
PEP7595,0.10469304946888891,0.2181105197268519,0.0,0.10469304946888891,low,11587.579912352001,0.1405182794444444,2529.32903,15470.67097,18000.0,0.8594817205555556,0.17564784930555555,0.8594817205555555,0.0,0.0,0.0,0.0,0.0,0.0,0.0,0.0,0.0,0.0,0.0,0.0,0.0,conservative
Z14ARR,0.10801877019333332,0.22503910456944443,0.0,0.10801877019333332,low,11635.470290783998,0.0765621116666666,1378.11801,16621.88199,18000.0,0.9234378883333334,0.09570263958333333,0.9234378883333334,0.0,0.0,0.0,0.0,0.0,0.0,0.0,0.0,0.0,0.0,0.0,0.0,0.0,conservative
A04573A,0.07692983615922444,0.16027049199838425,0.0,0.07692983615922444,low,11187.789640692832,0.6744262277072222,12139.67209873,5860.32790127,18000.0,0.32557377229277784,0.8430327846340278,0.3255737722927778,0.0,0.0,0.0,0.0,0.0,0.0,0.0,0.0,0.0,0.0,0.0,0.0,0.0,conservative
A00038A,0.06763784044444444,0.1409121675925926,0.0,0.06763784044444444,low,11053.9849024,0.8246621388888888,14843.9185,3156.0815,18000.0,0.17533786111111116,1.0,0.1753378611111111,0.0,0.0,0.0,0.0,0.0,0.0,0.0,0.0,0.0,0.0,0.0,0.0,0.0,conservative
A8527J,0.09487810675555554,0.19766272240740737,0.0,0.09487810675555554,low,11446.24473728,0.3292671777777778,5926.809200000001,12073.1908,18000.0,0.6707328222222222,0.41158397222222226,0.6707328222222222,0.0,0.0,0.0,0.0,0.0,0.0,0.0,0.0,0.0,0.0,0.0,0.0,0.0,conservative
A6784G,0.10640174373755557,0.22167029945324077,0.0,0.10640174373755557,low,11612.185109820799,0.1076587742777777,1937.857937,16062.142063,18000.0,0.8923412257222223,0.1345734678472222,0.8923412257222222,0.0,0.0,0.0,0.0,0.0,0.0,0.0,0.0,0.0,0.0,0.0,0.0,0.0,conservative
A6918G,0.11012043951777782,0.22941758232870377,0.0,0.11012043951777782,low,11665.734329056002,0.0361453938888888,650.61709,17349.38291,18000.0,0.9638546061111112,0.04518174236111111,0.9638546061111112,0.0,0.0,0.0,0.0,0.0,0.0,0.0,0.0,0.0,0.0,0.0,0.0,0.0,conservative
A4385LA,0.11091475023555557,0.2310723963240741,0.0,0.11091475023555557,low,11677.172403392,0.0208701877777777,375.66338,17624.33662,18000.0,0.9791298122222223,0.026087734722222224,0.9791298122222222,0.0,0.0,0.0,0.0,0.0,0.0,0.0,0.0,0.0,0.0,0.0,0.0,0.0,conservative
S3M9065,-0.01664801416533334,-0.034683362844444454,0.0,-0.01664801416533334,low,9840.2685960192,2.0101252213333334,36182.253984,0.0,18000.0,-1.0101252213333334,1.0,0.0,0.0,0.0,0.0,0.0,0.0,0.0,0.0,0.0,0.0,0.0,0.0,0.0,0.0,conservative
LGG763B,0.097873888442,0.20390393425416664,0.0,0.097873888442,low,11489.3839935648,0.2716559915,4889.807847,13110.192153,18000.0,0.7283440084999999,0.339569989375,0.7283440085,0.0,0.0,0.0,0.0,0.0,0.0,0.0,0.0,0.0,0.0,0.0,0.0,0.0,conservative
A04230A,0.07519419718275333,0.15665457746406944,0.0,0.07519419718275333,low,11162.796439431648,0.7078039003316666,12740.47020597,5259.529794030001,18000.0,0.2921960996683334,0.8847548754145833,0.2921960996683334,0.0,0.0,0.0,0.0,0.0,0.0,0.0,0.0,0.0,0.0,0.0,0.0,0.0,conservative
A24654E,0.08502167401066668,0.17712848752222224,0.0,0.08502167401066668,low,11304.3121057536,0.5188139613333332,9338.651304,8661.348696,18000.0,0.48118603866666676,0.6485174516666667,0.4811860386666666,0.0,0.0,0.0,0.0,0.0,0.0,0.0,0.0,0.0,0.0,0.0,0.0,0.0,conservative
A6354C,0.11162063807333333,0.23254299598611108,0.0,0.11162063807333333,low,11687.337188256,0.0072954216666666,131.31759,17868.68241,18000.0,0.9927045783333334,0.009119277083333334,0.9927045783333334,0.0,0.0,0.0,0.0,0.0,0.0,0.0,0.0,0.0,0.0,0.0,0.0,0.0,conservative
1507MDF049,0.11095153500666667,0.2311490312638889,0.0,0.11095153500666667,low,11677.702104096,0.0201627883333333,362.93019,17637.06981,18000.0,0.9798372116666667,0.025203485416666664,0.9798372116666667,0.0,0.0,0.0,0.0,0.0,0.0,0.0,0.0,0.0,0.0,0.0,0.0,0.0,conservative
NVN2055,0.11094912019599998,0.2311440004083333,0.0,0.11094912019599998,low,11677.6673308224,0.020209227,363.766086,17636.233914,18000.0,0.979790773,0.02526153375,0.9797907730000001,0.0,0.0,0.0,0.0,0.0,0.0,0.0,0.0,0.0,0.0,0.0,0.0,0.0,conservative
CR5902,0.10042966220800001,0.20922846293333333,0.0,0.10042966220800001,low,11526.1871357952,0.222506496,4005.116928,13994.883072,18000.0,0.777493504,0.27813312,0.7774935040000001,0.0,0.0,0.0,0.0,0.0,0.0,0.0,0.0,0.0,0.0,0.0,0.0,0.0,conservative
CR5783,-0.29443430698666667,-0.6134048062222222,0.0,-0.29443430698666667,low,5840.145979392,6.350536046666666,114309.64884,0.0,18000.0,-5.350536046666666,1.0,0.0,0.0,0.0,0.0,0.0,0.0,0.0,0.0,0.0,0.0,0.0,0.0,0.0,0.0,conservative
R11BRA,0.09382417272288888,0.19546702650601852,0.0,0.09382417272288888,low,11431.0680872096,0.3495351399444444,6291.632519000001,11708.367481,18000.0,0.6504648600555556,0.4369189249305556,0.6504648600555555,0.0,0.0,0.0,0.0,0.0,0.0,0.0,0.0,0.0,0.0,0.0,0.0,0.0,conservative
A84130D,0.06868871416266667,0.1431014878388889,0.0,0.06868871416266667,low,11069.117483942398,0.8152793378333333,14675.028081,3324.971919,18000.0,0.18472066216666672,1.0,0.18472066216666666,0.0,0.0,0.0,0.0,0.0,0.0,0.0,0.0,0.0,0.0,0.0,0.0,0.0,conservative
A3486H,0.11156599329555554,0.23242915269907405,0.0,0.11156599329555554,low,11686.550303455999,0.0083462827777777,150.23309,17849.76691,18000.0,0.9916537172222223,0.010432853472222222,0.9916537172222222,0.0,0.0,0.0,0.0,0.0,0.0,0.0,0.0,0.0,0.0,0.0,0.0,0.0,conservative
A00148A,0.0659001056888889,0.13729188685185187,0.0,0.0659001056888889,low,11028.96152192,0.8401776277777777,15123.1973,2876.8027,18000.0,0.1598223722222223,1.0,0.15982237222222223,0.0,0.0,0.0,0.0,0.0,0.0,0.0,0.0,0.0,0.0,0.0,0.0,0.0,conservative
A05502A,0.05164563951639999,0.10759508232583331,0.0,0.05164563951639999,low,10823.69720903616,0.967449647175,17414.093649150003,585.9063508499967,18000.0,0.03255035282499996,1.0,0.032550352824999816,0.0,0.0,0.0,0.0,0.0,0.0,0.0,0.0,0.0,0.0,0.0,0.0,0.0,conservative
RBZ248C,0.11045693042,0.23011860504166667,0.0,0.11045693042,low,11670.579798048,0.029674415,534.13947,17465.86053,18000.0,0.970325585,0.03709301875,0.9703255850000001,0.0,0.0,0.0,0.0,0.0,0.0,0.0,0.0,0.0,0.0,0.0,0.0,0.0,conservative
NUD6464,0.11000441086622223,0.2291758559712963,0.0,0.11000441086622223,low,11664.063516473601,0.0383767141111111,690.780854,17309.219146,18000.0,0.9616232858888889,0.04797089263888889,0.9616232858888889,0.0,0.0,0.0,0.0,0.0,0.0,0.0,0.0,0.0,0.0,0.0,0.0,0.0,conservative
1704EDM001,0.10193077721733333,0.21235578586944445,0.0,0.10193077721733333,low,11547.8031919296,0.1936388996666666,3485.500194,14514.499806,18000.0,0.8063611003333334,0.24204862458333334,0.8063611003333333,0.0,0.0,0.0,0.0,0.0,0.0,0.0,0.0,0.0,0.0,0.0,0.0,0.0,conservative
NUT2155,0.11170546942888888,0.23271972797685184,0.0,0.11170546942888888,low,11688.558759776,0.0056640494444444,101.95289,17898.04711,18000.0,0.9943359505555556,0.007080061805555555,0.9943359505555556,0.0,0.0,0.0,0.0,0.0,0.0,0.0,0.0,0.0,0.0,0.0,0.0,0.0,conservative
NZT5678,0.10369743303177778,0.2160363188162037,0.0,0.10369743303177778,low,11573.2430356576,0.1596647493888889,2873.965489,15126.034511,18000.0,0.8403352506111111,0.19958093673611113,0.8403352506111111,0.0,0.0,0.0,0.0,0.0,0.0,0.0,0.0,0.0,0.0,0.0,0.0,0.0,conservative
A04206A,0.07381945604288889,0.1537905334226852,0.0,0.07381945604288889,low,11143.000167017599,0.7342412299444444,13216.342138999998,4783.6578610000015,18000.0,0.2657587700555556,0.9178015374305555,0.26575877005555565,0.0,0.0,0.0,0.0,0.0,0.0,0.0,0.0,0.0,0.0,0.0,0.0,0.0,conservative
A00201A,0.09045045339555557,0.1884384445740741,0.0,0.09045045339555557,low,11382.486528895999,0.4144143577777777,7459.458439999999,10540.54156,18000.0,0.5855856422222223,0.5180179472222222,0.5855856422222222,0.0,0.0,0.0,0.0,0.0,0.0,0.0,0.0,0.0,0.0,0.0,0.0,0.0,conservative
A77639D,0.06510670959200002,0.1356389783166667,0.0,0.06510670959200002,low,11017.536618124801,0.8472615215,15250.707387,2749.292613,18000.0,0.1527384785,1.0,0.1527384785,0.0,0.0,0.0,0.0,0.0,0.0,0.0,0.0,0.0,0.0,0.0,0.0,0.0,conservative
LVA200C,0.10557565296844444,0.2199492770175926,0.0,0.10557565296844444,low,11600.289402745599,0.1235451352222222,2223.812434,15776.187566,18000.0,0.8764548647777778,0.15443141902777777,0.8764548647777778,0.0,0.0,0.0,0.0,0.0,0.0,0.0,0.0,0.0,0.0,0.0,0.0,0.0,conservative
1801MDF009,0.10919750119555555,0.2274947941574074,0.0,0.10919750119555555,low,11652.444017216,0.0538942077777777,970.09574,17029.90426,18000.0,0.9461057922222222,0.06736775972222223,0.9461057922222221,0.0,0.0,0.0,0.0,0.0,0.0,0.0,0.0,0.0,0.0,0.0,0.0,0.0,conservative
LLZ105A,0.09682071509422223,0.20170982311296295,0.0,0.09682071509422223,low,11474.2182973568,0.2919093251111111,5254.367852,12745.632148,18000.0,0.7080906748888889,0.3648866563888889,0.7080906748888889,0.0,0.0,0.0,0.0,0.0,0.0,0.0,0.0,0.0,0.0,0.0,0.0,0.0,conservative
A064,0.11057612909555556,0.23036693561574073,0.0,0.11057612909555556,low,11672.296258975999,0.0273821327777777,492.87839,17507.12161,18000.0,0.9726178672222223,0.034227665972222224,0.9726178672222221,0.0,0.0,0.0,0.0,0.0,0.0,0.0,0.0,0.0,0.0,0.0,0.0,0.0,conservative
A25907,0.11161491402888891,0.23253107089351857,0.0,0.11161491402888891,low,11687.254762016,0.0074054994444444,133.29899,17866.70101,18000.0,0.9925945005555556,0.009256874305555557,0.9925945005555556,0.0,0.0,0.0,0.0,0.0,0.0,0.0,0.0,0.0,0.0,0.0,0.0,0.0,conservative
PDE3038,0.11148408055844446,0.23225850116342592,0.0,0.11148408055844446,low,11685.370760041602,0.0099215277222222,178.58749899999998,17821.412501,18000.0,0.9900784722777778,0.012401909652777777,0.9900784722777777,0.0,0.0,0.0,0.0,0.0,0.0,0.0,0.0,0.0,0.0,0.0,0.0,0.0,conservative
X46BNX,0.10944474172444445,0.22800987859259259,0.0,0.10944474172444445,low,11656.004280832,0.0491395822222222,884.51248,17115.48752,18000.0,0.9508604177777777,0.06142447777777778,0.9508604177777777,0.0,0.0,0.0,0.0,0.0,0.0,0.0,0.0,0.0,0.0,0.0,0.0,0.0,conservative
NUT3437,0.10781056212400002,0.22460533775833336,0.0,0.10781056212400002,low,11632.4720945856,0.080566113,1450.190034,16549.809966,18000.0,0.9194338870000001,0.10070764125,0.9194338870000001,0.0,0.0,0.0,0.0,0.0,0.0,0.0,0.0,0.0,0.0,0.0,0.0,0.0,conservative
A01867A,0.09109516684444445,0.1897815975925926,0.0,0.09109516684444445,low,11391.77040256,0.4020160222222222,7236.2884,10763.7116,18000.0,0.5979839777777778,0.5025200277777778,0.5979839777777778,0.0,0.0,0.0,0.0,0.0,0.0,0.0,0.0,0.0,0.0,0.0,0.0,0.0,conservative
NRD541A,0.11124326911600001,0.23175681065833334,0.0,0.11124326911600001,low,11681.9030752704,0.0145525169999999,261.945306,17738.054694,18000.0,0.9854474830000001,0.01819064625,0.985447483,0.0,0.0,0.0,0.0,0.0,0.0,0.0,0.0,0.0,0.0,0.0,0.0,0.0,conservative
A3392G,0.10843598605444445,0.2259083042800926,0.0,0.10843598605444445,low,11641.478199184001,0.0685387297222222,1233.697135,16766.302865,18000.0,0.9314612702777778,0.08567341215277777,0.9314612702777778,0.0,0.0,0.0,0.0,0.0,0.0,0.0,0.0,0.0,0.0,0.0,0.0,0.0,conservative
741601J,0.11166140607333332,0.23262792931944443,0.0,0.11166140607333332,low,11687.924247456,0.0065114216666666,117.20559,17882.79441,18000.0,0.9934885783333334,0.008139277083333334,0.9934885783333333,0.0,0.0,0.0,0.0,0.0,0.0,0.0,0.0,0.0,0.0,0.0,0.0,0.0,conservative
B49BEB,0.10882285251133332,0.22671427606527775,0.0,0.10882285251133332,low,11647.049076163199,0.0610989901666666,1099.781823,16900.218177,18000.0,0.9389010098333334,0.07637373770833333,0.9389010098333332,0.0,0.0,0.0,0.0,0.0,0.0,0.0,0.0,0.0,0.0,0.0,0.0,0.0,conservative
LUJ963A,0.043557032928,0.09074381859999998,0.0,0.043557032928,low,10707.2212741632,1.0694213605,19249.584489,0.0,18000.0,-0.06942136050000003,1.0,0.0,0.0,0.0,0.0,0.0,0.0,0.0,0.0,0.0,0.0,0.0,0.0,0.0,0.0,conservative
A02218A,0.0815744828,0.16994683916666667,0.0,0.0815744828,low,11254.67255232,0.5851061,10531.9098,7468.090200000001,18000.0,0.41489390000000004,0.731382625,0.41489390000000004,0.0,0.0,0.0,0.0,0.0,0.0,0.0,0.0,0.0,0.0,0.0,0.0,0.0,conservative
A04692A,0.07160589284509777,0.14917894342728702,0.0,0.07160589284509777,low,11111.124856969407,0.7768097529788889,13982.57555362,4017.424446380001,18000.0,0.22319024702111112,0.971012191223611,0.22319024702111118,0.0,0.0,0.0,0.0,0.0,0.0,0.0,0.0,0.0,0.0,0.0,0.0,0.0,conservative
A05255A,0.07711645864066667,0.16065928883472222,0.0,0.07711645864066667,low,11190.4770044256,0.6708373338333333,12075.072009,5924.9279910000005,18000.0,0.3291626661666667,0.8385466672916666,0.3291626661666667,0.0,0.0,0.0,0.0,0.0,0.0,0.0,0.0,0.0,0.0,0.0,0.0,0.0,conservative
PBY6165,0.10522006909333335,0.2192084772777778,0.0,0.10522006909333335,low,11595.168994944,0.1303832866666666,2346.89916,15653.10084,18000.0,0.8696167133333335,0.16297910833333332,0.8696167133333332,0.0,0.0,0.0,0.0,0.0,0.0,0.0,0.0,0.0,0.0,0.0,0.0,0.0,conservative
PAL6787,0.09481980515866668,0.19754126074722222,0.0,0.09481980515866668,low,11445.405194284802,0.3303883623333333,5946.990522,12053.009478,18000.0,0.6696116376666668,0.41298545291666666,0.6696116376666666,0.0,0.0,0.0,0.0,0.0,0.0,0.0,0.0,0.0,0.0,0.0,0.0,0.0,conservative
T99AZF,0.11092546050222223,0.23109470937962964,0.0,0.11092546050222223,low,11677.326631232,0.0206642211111111,371.95598,17628.04402,18000.0,0.9793357788888889,0.02583027638888889,0.979335778888889,0.0,0.0,0.0,0.0,0.0,0.0,0.0,0.0,0.0,0.0,0.0,0.0,0.0,conservative
A05128A,0.07336701138355556,0.15284794038240743,0.0,0.07336701138355556,low,11136.484963923202,0.7429420887777777,13372.957598,4627.042401999999,18000.0,0.2570579112222223,0.9286776109722222,0.25705791122222216,0.0,0.0,0.0,0.0,0.0,0.0,0.0,0.0,0.0,0.0,0.0,0.0,0.0,conservative
PDZ7437,0.11092657155444445,0.23109702407175928,0.0,0.11092657155444445,low,11677.342630384,0.0206428547222222,371.571385,17628.428615,18000.0,0.9793571452777778,0.02580356840277778,0.9793571452777778,0.0,0.0,0.0,0.0,0.0,0.0,0.0,0.0,0.0,0.0,0.0,0.0,0.0,conservative
MDX643A,0.11066738881533332,0.23055706003194443,0.0,0.11066738881533332,low,11673.6103989408,0.0256271381666666,461.288487,17538.711513,18000.0,0.9743728618333334,0.03203392270833333,0.9743728618333333,0.0,0.0,0.0,0.0,0.0,0.0,0.0,0.0,0.0,0.0,0.0,0.0,0.0,conservative
A03972A,0.08138066124020667,0.16954304425043057,0.0,0.08138066124020667,low,11251.881521858977,0.5888334376883333,10599.00187839,7400.99812161,18000.0,0.4111665623116667,0.7360417971104166,0.4111665623116667,0.0,0.0,0.0,0.0,0.0,0.0,0.0,0.0,0.0,0.0,0.0,0.0,0.0,conservative
A7315E,0.11156647201333336,0.2324301500277778,0.0,0.11156647201333336,low,11686.557196992,0.0083370766666666,150.06738,17849.93262,18000.0,0.9916629233333334,0.010421345833333335,0.9916629233333333,0.0,0.0,0.0,0.0,0.0,0.0,0.0,0.0,0.0,0.0,0.0,0.0,0.0,conservative
NZS2931,0.11144421189555558,0.2321754414490741,0.0,0.11144421189555558,low,11684.796651296,0.0106882327777777,192.38819,17807.61181,18000.0,0.9893117672222222,0.013360290972222223,0.9893117672222221,0.0,0.0,0.0,0.0,0.0,0.0,0.0,0.0,0.0,0.0,0.0,0.0,0.0,conservative
A01146A,0.0886728234,0.18473504875,0.0,0.0886728234,low,11356.88865696,0.4485995499999999,8074.791899999999,9925.2081,18000.0,0.55140045,0.5607494375,0.55140045,0.0,0.0,0.0,0.0,0.0,0.0,0.0,0.0,0.0,0.0,0.0,0.0,0.0,conservative
MDF887A,0.09791601042666667,0.2039916883888889,0.0,0.09791601042666667,low,11489.990550144,0.2708459533333333,4875.22716,13124.77284,18000.0,0.7291540466666667,0.3385574416666667,0.7291540466666666,0.0,0.0,0.0,0.0,0.0,0.0,0.0,0.0,0.0,0.0,0.0,0.0,0.0,conservative
MVY555B,0.09453559856933336,0.19694916368611115,0.0,0.09453559856933336,low,11441.3126193984,0.3358538736666666,6045.369726,11954.630274,18000.0,0.6641461263333335,0.4198173420833333,0.6641461263333333,0.0,0.0,0.0,0.0,0.0,0.0,0.0,0.0,0.0,0.0,0.0,0.0,0.0,conservative
NYD3632,0.09920481316555556,0.2066766940949074,0.0,0.09920481316555556,low,11508.549309584,0.2460612852777777,4429.103134999999,13570.896865,18000.0,0.7539387147222223,0.3075766065972222,0.7539387147222223,0.0,0.0,0.0,0.0,0.0,0.0,0.0,0.0,0.0,0.0,0.0,0.0,0.0,conservative
NNF5462,0.09212412034,0.19192525070833333,0.0,0.09212412034,low,11406.587332896,0.3822284549999999,6880.11219,11119.88781,18000.0,0.6177715450000001,0.47778556875,0.617771545,0.0,0.0,0.0,0.0,0.0,0.0,0.0,0.0,0.0,0.0,0.0,0.0,0.0,conservative
A9119G,0.10851968807111113,0.22608268348148153,0.0,0.10851968807111113,low,11642.683508224,0.0669290755555555,1204.72336,16795.27664,18000.0,0.9330709244444445,0.08366134444444444,0.9330709244444444,0.0,0.0,0.0,0.0,0.0,0.0,0.0,0.0,0.0,0.0,0.0,0.0,0.0,conservative
A04254A,0.09275657802444445,0.19324287088425926,0.0,0.09275657802444445,low,11415.694723552,0.3700658072222222,6661.18453,11338.81547,18000.0,0.6299341927777777,0.46258225902777783,0.6299341927777777,0.0,0.0,0.0,0.0,0.0,0.0,0.0,0.0,0.0,0.0,0.0,0.0,0.0,conservative
NZA4429,0.09204826560000001,0.19176722000000002,0.0,0.09204826560000001,low,11405.49502464,0.3836872,6906.3696,11093.6304,18000.0,0.6163128,0.479609,0.6163128,0.0,0.0,0.0,0.0,0.0,0.0,0.0,0.0,0.0,0.0,0.0,0.0,0.0,conservative
1804586,0.11142267636422222,0.23213057575879628,0.0,0.11142267636422222,low,11684.4865396448,0.0111023776111111,199.842797,17800.157203,18000.0,0.9888976223888889,0.013877972013888889,0.9888976223888888,0.0,0.0,0.0,0.0,0.0,0.0,0.0,0.0,0.0,0.0,0.0,0.0,0.0,conservative
NXK8810,0.11100321122000001,0.23125669004166668,0.0,0.11100321122000001,low,11678.446241568001,0.0191690149999999,345.04227,17654.95773,18000.0,0.9808309850000001,0.023961268749999997,0.9808309849999999,0.0,0.0,0.0,0.0,0.0,0.0,0.0,0.0,0.0,0.0,0.0,0.0,0.0,conservative
A274JMF,0.091935964242,0.19153325883749997,0.0,0.091935964242,low,11403.877885084801,0.3858468415,6945.243147,11054.756853,18000.0,0.6141531585,0.482308551875,0.6141531585000001,0.0,0.0,0.0,0.0,0.0,0.0,0.0,0.0,0.0,0.0,0.0,0.0,0.0,conservative
A02226A,0.07925298988888889,0.16511039560185184,0.0,0.07925298988888889,low,11221.2430544,0.6297501944444445,11335.5035,6664.496499999999,18000.0,0.37024980555555553,0.7871877430555556,0.37024980555555553,0.0,0.0,0.0,0.0,0.0,0.0,0.0,0.0,0.0,0.0,0.0,0.0,0.0,conservative
744733J,0.04097539680355555,0.0853654100074074,0.0,0.04097539680355555,low,10670.0457139712,1.1097594249444445,19975.669649,0.0,18000.0,-0.10975942494444446,1.0,0.0,0.0,0.0,0.0,0.0,0.0,0.0,0.0,0.0,0.0,0.0,0.0,0.0,0.0,conservative
MUN882A,0.11179463700666667,0.2329054937638889,0.0,0.11179463700666667,low,11689.842772896001,0.0039492883333333,71.08718999999999,17928.91281,18000.0,0.9960507116666667,0.004936610416666667,0.9960507116666668,0.0,0.0,0.0,0.0,0.0,0.0,0.0,0.0,0.0,0.0,0.0,0.0,0.0,conservative
MVR221B,0.09082415742380001,0.18921699463291666,0.0,0.09082415742380001,low,11387.867866902721,0.40722774185,7330.099353300001,10669.9006467,18000.0,0.59277225815,0.5090346773125001,0.59277225815,0.0,0.0,0.0,0.0,0.0,0.0,0.0,0.0,0.0,0.0,0.0,0.0,0.0,conservative
NZN4196,0.09280389157933334,0.1933414407902778,0.0,0.09280389157933334,low,11416.376038742399,0.3691559311666667,6644.806761000001,11355.193239,18000.0,0.6308440688333333,0.46144491395833337,0.6308440688333333,0.0,0.0,0.0,0.0,0.0,0.0,0.0,0.0,0.0,0.0,0.0,0.0,0.0,conservative
CR5673,0.0722829905351111,0.1505895636148148,0.0,0.0722829905351111,low,11120.8750637056,0.7637886435555556,13748.195584,4251.804416000001,18000.0,0.23621135644444435,0.9547358044444444,0.2362113564444445,0.0,0.0,0.0,0.0,0.0,0.0,0.0,0.0,0.0,0.0,0.0,0.0,0.0,conservative
LYD851A,0.10175360592,0.211986679,0.0,0.10175360592,low,11545.251925248,0.19704604,3546.82872,14453.17128,18000.0,0.80295396,0.24630755,0.8029539600000001,0.0,0.0,0.0,0.0,0.0,0.0,0.0,0.0,0.0,0.0,0.0,0.0,0.0,conservative
A7279E,0.11093506666444443,0.23111472221759258,0.0,0.11093506666444443,low,11677.464959968,0.0204794872222222,368.63077,17631.36923,18000.0,0.9795205127777779,0.025599359027777775,0.9795205127777777,0.0,0.0,0.0,0.0,0.0,0.0,0.0,0.0,0.0,0.0,0.0,0.0,0.0,conservative
A2164D,0.11105230352444445,0.23135896567592593,0.0,0.11105230352444445,low,11679.153170751999,0.0182249322222222,328.04878,17671.95122,18000.0,0.9817750677777778,0.02278116527777778,0.9817750677777777,0.0,0.0,0.0,0.0,0.0,0.0,0.0,0.0,0.0,0.0,0.0,0.0,0.0,conservative
CR5743,0.0042227190400000135,0.008797331333333361,0.0,0.0042227190400000135,low,10140.807154176,1.6840200149999998,30312.36027,0.0,18000.0,-0.6840200149999998,1.0,0.0,0.0,0.0,0.0,0.0,0.0,0.0,0.0,0.0,0.0,0.0,0.0,0.0,0.0,conservative
HCF283E,0.09886762254266668,0.20597421363055557,0.0,0.09886762254266668,low,11503.6937646144,0.2525457203333333,4545.822966,13454.177034,18000.0,0.7474542796666668,0.31568215041666664,0.7474542796666667,0.0,0.0,0.0,0.0,0.0,0.0,0.0,0.0,0.0,0.0,0.0,0.0,0.0,conservative
A03956A,0.08571390772311109,0.1785706410898148,0.0,0.08571390772311109,low,11314.2802712128,0.5055017745555556,9099.031942,8900.968058,18000.0,0.49449822544444444,0.6318772181944444,0.49449822544444444,0.0,0.0,0.0,0.0,0.0,0.0,0.0,0.0,0.0,0.0,0.0,0.0,0.0,conservative
PBB5710,0.10947544729111111,0.22807384852314816,0.0,0.10947544729111111,low,11656.446440992,0.0485490905555555,873.88363,17126.11637,18000.0,0.9514509094444445,0.06068636319444445,0.9514509094444444,0.0,0.0,0.0,0.0,0.0,0.0,0.0,0.0,0.0,0.0,0.0,0.0,0.0,conservative
A00002A,0.0810238548,0.1687996975,0.0,0.0810238548,low,11246.74350912,0.5956950999999999,10722.511799999998,7277.488200000002,18000.0,0.4043049000000001,0.7446188749999999,0.4043049000000001,0.0,0.0,0.0,0.0,0.0,0.0,0.0,0.0,0.0,0.0,0.0,0.0,0.0,conservative
A00798A,0.07755574571111112,0.1615744702314815,0.0,0.07755574571111112,low,11196.80273824,0.6623895055555555,11923.0111,6076.9889,18000.0,0.33761049444444446,0.8279868819444445,0.33761049444444446,0.0,0.0,0.0,0.0,0.0,0.0,0.0,0.0,0.0,0.0,0.0,0.0,0.0,conservative
NZD4088,0.0974539685,0.2030291010416667,0.0,0.0974539685,low,11483.337146400001,0.279731375,5035.16475,12964.83525,18000.0,0.720268625,0.34966421875,0.720268625,0.0,0.0,0.0,0.0,0.0,0.0,0.0,0.0,0.0,0.0,0.0,0.0,0.0,conservative
A2025H,0.11155905418444444,0.2324146962175926,0.0,0.11155905418444444,low,11686.450380256,0.0084797272222222,152.63509,17847.36491,18000.0,0.9915202727777778,0.010599659027777777,0.9915202727777778,0.0,0.0,0.0,0.0,0.0,0.0,0.0,0.0,0.0,0.0,0.0,0.0,0.0,conservative
A04566A,0.07395420848050666,0.1540712676677222,0.0,0.07395420848050666,low,11144.940602119297,0.7316498369133334,13169.69706444,4830.302935559999,18000.0,0.2683501630866666,0.9145622961416667,0.26835016308666665,0.0,0.0,0.0,0.0,0.0,0.0,0.0,0.0,0.0,0.0,0.0,0.0,0.0,conservative
PBW6191,0.10734900016888892,0.22364375035185188,0.0,0.10734900016888892,low,11625.825602432,0.0894423044444444,1609.96148,16390.038520000002,18000.0,0.9105576955555557,0.11180288055555555,0.9105576955555557,0.0,0.0,0.0,0.0,0.0,0.0,0.0,0.0,0.0,0.0,0.0,0.0,0.0,conservative
NJA3266,0.09861880360000001,0.20545584083333335,0.0,0.09861880360000001,low,11500.11077184,0.2573306999999999,4631.9526,13368.0474,18000.0,0.7426693000000001,0.321663375,0.7426693,0.0,0.0,0.0,0.0,0.0,0.0,0.0,0.0,0.0,0.0,0.0,0.0,0.0,conservative
LYX364A,0.09453968180000001,0.19695767041666667,0.0,0.09453968180000001,low,11441.371417920001,0.33577535,6043.9563,11956.0437,18000.0,0.66422465,0.4197191875,0.66422465,0.0,0.0,0.0,0.0,0.0,0.0,0.0,0.0,0.0,0.0,0.0,0.0,0.0,conservative
N66BPK,0.09673446603088891,0.20153013756435187,0.0,0.09673446603088891,low,11472.9763108448,0.2935679609444444,5284.223297,12715.776703,18000.0,0.7064320390555556,0.3669599511805555,0.7064320390555555,0.0,0.0,0.0,0.0,0.0,0.0,0.0,0.0,0.0,0.0,0.0,0.0,0.0,conservative
A24766E,0.10740978386444444,0.22377038305092592,0.0,0.10740978386444444,low,11626.700887648,0.0882733872222222,1588.92097,16411.07903,18000.0,0.9117266127777778,0.11034173402777778,0.9117266127777778,0.0,0.0,0.0,0.0,0.0,0.0,0.0,0.0,0.0,0.0,0.0,0.0,0.0,conservative
MBC922B,0.09757099277244445,0.20327290160925926,0.0,0.09757099277244445,low,11485.0222959232,0.2774809082222222,4994.656348,13005.343652,18000.0,0.7225190917777777,0.34685113527777783,0.7225190917777777,0.0,0.0,0.0,0.0,0.0,0.0,0.0,0.0,0.0,0.0,0.0,0.0,0.0,conservative
A29465E,0.076654832272,0.1596975672333333,0.0,0.076654832272,low,11183.8295847168,0.679714764,12234.865752,5765.134248,18000.0,0.32028523600000003,0.8496434549999999,0.32028523600000003,0.0,0.0,0.0,0.0,0.0,0.0,0.0,0.0,0.0,0.0,0.0,0.0,0.0,conservative
A05506A,0.07567389074971778,0.15765393906191202,0.0,0.07567389074971778,low,11169.704026795936,0.6985790240438888,12574.42243279,5425.577567210001,18000.0,0.30142097595611117,0.873223780054861,0.30142097595611117,0.0,0.0,0.0,0.0,0.0,0.0,0.0,0.0,0.0,0.0,0.0,0.0,0.0,conservative
MFR854B,0.09623917917822222,0.20049828995462962,0.0,0.09623917917822222,low,11465.844180166401,0.3030927081111111,5455.668746,12544.331254,18000.0,0.6969072918888889,0.3788658851388889,0.6969072918888889,0.0,0.0,0.0,0.0,0.0,0.0,0.0,0.0,0.0,0.0,0.0,0.0,0.0,conservative
A01247A,0.057215362488888866,0.1191986718518518,0.0,0.057215362488888866,low,10903.901219840001,0.917719977777778,16518.959600000002,1481.040399999998,18000.0,0.08228002222222197,1.0,0.08228002222222211,0.0,0.0,0.0,0.0,0.0,0.0,0.0,0.0,0.0,0.0,0.0,0.0,0.0,conservative
AA2539C,0.11062323159977779,0.23046506583287038,0.0,0.11062323159977779,low,11672.974535036801,0.0264763153888888,476.573677,17523.426323,18000.0,0.9735236846111112,0.03309539423611111,0.973523684611111,0.0,0.0,0.0,0.0,0.0,0.0,0.0,0.0,0.0,0.0,0.0,0.0,0.0,conservative
A00897A,0.06571807706666669,0.1369126605555556,0.0,0.06571807706666669,low,11026.34030976,0.8418028833333332,15152.451899999998,2847.548100000002,18000.0,0.1581971166666668,1.0,0.15819711666666678,0.0,0.0,0.0,0.0,0.0,0.0,0.0,0.0,0.0,0.0,0.0,0.0,0.0,conservative
A5829B,0.11148287273999999,0.232255984875,0.0,0.11148287273999999,low,11685.353367456,0.009944755,179.00558999999998,17820.99441,18000.0,0.990055245,0.01243094375,0.990055245,0.0,0.0,0.0,0.0,0.0,0.0,0.0,0.0,0.0,0.0,0.0,0.0,0.0,conservative
A03983A,0.036064055134364434,0.07513344819659257,0.0,0.036064055134364434,low,10599.322393934846,1.1864991385255557,21356.98449346,0.0,18000.0,-0.18649913852555566,1.0,0.0,0.0,0.0,0.0,0.0,0.0,0.0,0.0,0.0,0.0,0.0,0.0,0.0,0.0,conservative
MHN831B,0.10078297299440002,0.20996452707166668,0.0,0.10078297299440002,low,11531.27481111936,0.2157120578,3882.8170404,14117.1829596,18000.0,0.7842879422,0.26964007225000003,0.7842879422000001,0.0,0.0,0.0,0.0,0.0,0.0,0.0,0.0,0.0,0.0,0.0,0.0,0.0,conservative
A6617J,0.09552904640133333,0.19901884666944444,0.0,0.09552904640133333,low,11455.6182681792,0.3167491076666666,5701.483937999999,12298.516062,18000.0,0.6832508923333334,0.3959363845833333,0.6832508923333334,0.0,0.0,0.0,0.0,0.0,0.0,0.0,0.0,0.0,0.0,0.0,0.0,0.0,conservative
A22603,0.10721308627533332,0.22336059640694442,0.0,0.10721308627533332,low,11623.868442364801,0.0920560331666666,1657.008597,16342.991403,18000.0,0.9079439668333333,0.11507004145833333,0.9079439668333333,0.0,0.0,0.0,0.0,0.0,0.0,0.0,0.0,0.0,0.0,0.0,0.0,0.0,conservative
A04549A,0.08311879453577778,0.17316415528287035,0.0,0.08311879453577778,low,11276.9106413152,0.5554077973888889,9997.340353,8002.659647,18000.0,0.4445922026111111,0.6942597467361111,0.44459220261111115,0.0,0.0,0.0,0.0,0.0,0.0,0.0,0.0,0.0,0.0,0.0,0.0,0.0,conservative
2000705,0.09749701083266668,0.20311877256805558,0.0,0.09749701083266668,low,11483.956955990401,0.2789036378333333,5020.265481,12979.734519,18000.0,0.7210963621666667,0.3486295472916667,0.7210963621666666,0.0,0.0,0.0,0.0,0.0,0.0,0.0,0.0,0.0,0.0,0.0,0.0,0.0,conservative
NZJ2375,0.0957385140551111,0.1994552376148148,0.0,0.0957385140551111,low,11458.6346023936,0.3127208835555555,5628.975904,12371.024096,18000.0,0.6872791164444445,0.3909011044444444,0.6872791164444444,0.0,0.0,0.0,0.0,0.0,0.0,0.0,0.0,0.0,0.0,0.0,0.0,0.0,conservative
A01202A,0.10131463526666667,0.21107215680555558,0.0,0.10131463526666667,low,11538.93074784,0.2054877833333333,3698.7801,14301.2199,18000.0,0.7945122166666667,0.25685972916666666,0.7945122166666667,0.0,0.0,0.0,0.0,0.0,0.0,0.0,0.0,0.0,0.0,0.0,0.0,0.0,conservative
1711MDF033,0.11196179447333336,0.23325373848611117,0.0,0.11196179447333336,low,11692.249840416,0.0007347216666666,13.22499,17986.77501,18000.0,0.9992652783333335,0.0009184020833333333,0.9992652783333335,0.0,0.0,0.0,0.0,0.0,0.0,0.0,0.0,0.0,0.0,0.0,0.0,0.0,conservative
A03985A,0.06375024586065779,0.13281301220970373,0.0,0.06375024586065779,low,10998.003540393473,0.8593728048155554,15468.710486679998,2531.289513320002,18000.0,0.14062719518444455,1.0,0.14062719518444455,0.0,0.0,0.0,0.0,0.0,0.0,0.0,0.0,0.0,0.0,0.0,0.0,0.0,conservative
A145AA,0.09286721851111111,0.19347337189814814,0.0,0.09286721851111111,low,11417.28794656,0.3679381055555555,6622.8859,11377.1141,18000.0,0.6320618944444445,0.45992263194444444,0.6320618944444445,0.0,0.0,0.0,0.0,0.0,0.0,0.0,0.0,0.0,0.0,0.0,0.0,0.0,conservative
P08BJB,0.09917325956266668,0.20661095742222224,0.0,0.09917325956266668,low,11508.0949377024,0.2466680853333333,4440.025536,13559.974464,18000.0,0.7533319146666667,0.3083351066666667,0.7533319146666667,0.0,0.0,0.0,0.0,0.0,0.0,0.0,0.0,0.0,0.0,0.0,0.0,0.0,conservative
NCE5193,0.11038901986444445,0.22997712471759257,0.0,0.11038901986444445,low,11669.601886048002,0.0309803872222222,557.64697,17442.35303,18000.0,0.9690196127777778,0.03872548402777778,0.9690196127777777,0.0,0.0,0.0,0.0,0.0,0.0,0.0,0.0,0.0,0.0,0.0,0.0,0.0,conservative
A40958,0.11169610162888889,0.23270021172685187,0.0,0.11169610162888889,low,11688.423863456,0.0058441994444444,105.19559,17894.80441,18000.0,0.9941558005555556,0.0073052493055555555,0.9941558005555556,0.0,0.0,0.0,0.0,0.0,0.0,0.0,0.0,0.0,0.0,0.0,0.0,0.0,conservative
PAA6858,0.09653252349066666,0.20110942393888886,0.0,0.09653252349066666,low,11470.068338265599,0.2974514713333333,5354.126483999999,12645.873516,18000.0,0.7025485286666667,0.3718143391666666,0.7025485286666666,0.0,0.0,0.0,0.0,0.0,0.0,0.0,0.0,0.0,0.0,0.0,0.0,0.0,conservative
A954AA,0.08254203813333331,0.1719625794444444,0.0,0.08254203813333331,low,11268.60534912,0.5664992666666667,10196.9868,7803.013199999999,18000.0,0.4335007333333333,0.7081240833333333,0.4335007333333333,0.0,0.0,0.0,0.0,0.0,0.0,0.0,0.0,0.0,0.0,0.0,0.0,0.0,conservative
A04661A,0.08058848141491555,0.1678926696144074,0.0,0.08058848141491555,low,11240.474132374784,0.6040676650977778,10873.21797176,7126.782028240001,18000.0,0.39593233490222224,0.7550845813722221,0.39593233490222224,0.0,0.0,0.0,0.0,0.0,0.0,0.0,0.0,0.0,0.0,0.0,0.0,0.0,conservative
A5948A,0.08277595195777777,0.17244989991203705,0.0,0.08277595195777777,low,11271.973708192,0.5620009238888889,10116.01663,7883.98337,18000.0,0.4379990761111111,0.7025011548611111,0.4379990761111111,0.0,0.0,0.0,0.0,0.0,0.0,0.0,0.0,0.0,0.0,0.0,0.0,0.0,conservative
LUK295A,0.11045539897088892,0.23011541452268522,0.0,0.11045539897088892,low,11670.5577451808,0.0297038659444444,534.669587,17465.330413,18000.0,0.9702961340555556,0.03712983243055555,0.9702961340555556,0.0,0.0,0.0,0.0,0.0,0.0,0.0,0.0,0.0,0.0,0.0,0.0,0.0,conservative
A04691A,0.06314911104,0.13156064799999997,0.0,0.06314911104,low,10989.347198976,0.8647400800000001,15565.321440000002,2434.6785599999985,18000.0,0.13525991999999987,1.0,0.13525991999999992,0.0,0.0,0.0,0.0,0.0,0.0,0.0,0.0,0.0,0.0,0.0,0.0,0.0,conservative
Z50BGG,0.11135677909555557,0.23199328978240744,0.0,0.11135677909555557,low,11683.537618975999,0.0123696327777777,222.65339,17777.34661,18000.0,0.9876303672222223,0.015462040972222223,0.9876303672222223,0.0,0.0,0.0,0.0,0.0,0.0,0.0,0.0,0.0,0.0,0.0,0.0,0.0,conservative
Y01BBX,0.11156888594,0.23243517904166666,0.0,0.11156888594,low,11686.591957536,0.008290655,149.23179,17850.76821,18000.0,0.991709345,0.01036331875,0.991709345,0.0,0.0,0.0,0.0,0.0,0.0,0.0,0.0,0.0,0.0,0.0,0.0,0.0,conservative
RA000224,-0.5730132852188445,-1.1937776775392595,0.0,-0.5730132852188445,low,1828.6086928486382,10.703332581544446,192659.9864678,0.0,18000.0,-9.703332581544446,1.0,0.0,0.0,0.0,0.0,0.0,0.0,0.0,0.0,0.0,0.0,0.0,0.0,0.0,0.0,conservative
807703J,0.06435265856000001,0.1340680386666667,0.0,0.06435265856000001,low,11006.678283264002,0.85399412,15371.89416,2628.10584,18000.0,0.14600588000000003,1.0,0.14600588,0.0,0.0,0.0,0.0,0.0,0.0,0.0,0.0,0.0,0.0,0.0,0.0,0.0,conservative
A8143L,0.09559064464511112,0.1991471763439815,0.0,0.09559064464511112,low,11456.5052828896,0.3155645260555555,5680.161469,12319.838531,18000.0,0.6844354739444445,0.3944556575694444,0.6844354739444444,0.0,0.0,0.0,0.0,0.0,0.0,0.0,0.0,0.0,0.0,0.0,0.0,0.0,conservative
A8610B,0.11170842100666667,0.23272587709722223,0.0,0.11170842100666667,low,11688.601262496,0.0056072883333333,100.93119,17899.06881,18000.0,0.9943927116666667,0.007009110416666667,0.9943927116666667,0.0,0.0,0.0,0.0,0.0,0.0,0.0,0.0,0.0,0.0,0.0,0.0,0.0,conservative
PDV1717,0.11047830844622224,0.2301631425962963,0.0,0.11047830844622224,low,11670.8876416256,0.0292632991111111,526.739384,17473.260616,18000.0,0.9707367008888889,0.036579123888888884,0.9707367008888889,0.0,0.0,0.0,0.0,0.0,0.0,0.0,0.0,0.0,0.0,0.0,0.0,0.0,conservative
A03987A,0.08280540390266666,0.17251125813055557,0.0,0.08280540390266666,low,11272.3978161984,0.5614345403333333,10105.821726,7894.178274,18000.0,0.4385654596666667,0.7017931754166666,0.43856545966666666,0.0,0.0,0.0,0.0,0.0,0.0,0.0,0.0,0.0,0.0,0.0,0.0,0.0,conservative
CR5727,-0.30541471769600004,-0.6362806618666668,0.0,-0.30541471769600004,low,5682.028065177599,6.522104964,117397.889352,0.0,18000.0,-5.522104964,1.0,0.0,0.0,0.0,0.0,0.0,0.0,0.0,0.0,0.0,0.0,0.0,0.0,0.0,0.0,conservative
A04233A,0.07653790882674667,0.1594539767223889,0.0,0.07653790882674667,low,11182.145887105153,0.6819632917933333,12275.33925228,5724.66074772,18000.0,0.31803670820666674,0.8524541147416667,0.31803670820666663,0.0,0.0,0.0,0.0,0.0,0.0,0.0,0.0,0.0,0.0,0.0,0.0,0.0,conservative
A01726A,0.0805099858888889,0.16772913726851854,0.0,0.0805099858888889,low,11239.3437968,0.6055771944444444,10900.3895,7099.610500000001,18000.0,0.39442280555555564,0.7569714930555556,0.3944228055555556,0.0,0.0,0.0,0.0,0.0,0.0,0.0,0.0,0.0,0.0,0.0,0.0,0.0,conservative
A00147A,0.07700327893333335,0.16042349777777778,0.0,0.07700327893333335,low,11188.84721664,0.6730138666666666,12114.2496,5885.750400000001,18000.0,0.3269861333333334,0.8412673333333333,0.3269861333333334,0.0,0.0,0.0,0.0,0.0,0.0,0.0,0.0,0.0,0.0,0.0,0.0,0.0,conservative
A516JME,0.11164391385111111,0.23259148718981482,0.0,0.11164391385111111,low,11687.672359456,0.0068478105555555,123.26059,17876.73941,18000.0,0.9931521894444445,0.008559763194444445,0.9931521894444444,0.0,0.0,0.0,0.0,0.0,0.0,0.0,0.0,0.0,0.0,0.0,0.0,0.0,conservative
A00947A,0.07633900146666668,0.1590395863888889,0.0,0.07633900146666668,low,11179.28162112,0.6857884333333334,12344.1918,5655.8082,18000.0,0.3142115666666666,0.8572355416666667,0.31421156666666666,0.0,0.0,0.0,0.0,0.0,0.0,0.0,0.0,0.0,0.0,0.0,0.0,0.0,conservative
A04680A,0.07405999273926,0.154291651540125,0.0,0.07405999273926,low,11146.463895445344,0.729615524245,13133.07943641,4866.92056359,18000.0,0.270384475755,0.91201940530625,0.27038447575499996,0.0,0.0,0.0,0.0,0.0,0.0,0.0,0.0,0.0,0.0,0.0,0.0,0.0,conservative
MRZ643A,0.1012346930868889,0.2109056105976852,0.0,0.1012346930868889,low,11537.7795804512,0.2070251329444444,3726.452393,14273.547607,18000.0,0.7929748670555556,0.25878141618055556,0.7929748670555555,0.0,0.0,0.0,0.0,0.0,0.0,0.0,0.0,0.0,0.0,0.0,0.0,0.0,conservative
A0316B,0.11018177941111112,0.22954537377314818,0.0,0.11018177941111112,low,11666.61762352,0.0349657805555555,629.38405,17370.61595,18000.0,0.9650342194444445,0.04370722569444444,0.9650342194444445,0.0,0.0,0.0,0.0,0.0,0.0,0.0,0.0,0.0,0.0,0.0,0.0,0.0,conservative
A02457A,0.05506902373333335,0.1147271327777778,0.0,0.05506902373333335,low,10872.99394176,0.9368837166666666,16863.906899999998,1136.093100000002,18000.0,0.06311628333333341,1.0,0.06311628333333345,0.0,0.0,0.0,0.0,0.0,0.0,0.0,0.0,0.0,0.0,0.0,0.0,0.0,conservative
A1113L,0.10880450128666667,0.22667604434722222,0.0,0.10880450128666667,low,11646.784818528,0.0614518983333333,1106.13417,16893.86583,18000.0,0.9385481016666667,0.07681487291666667,0.9385481016666666,0.0,0.0,0.0,0.0,0.0,0.0,0.0,0.0,0.0,0.0,0.0,0.0,0.0,conservative
LC33626,0.08445432021205332,0.17594650044177776,0.0,0.08445432021205332,low,11296.142211053568,0.5297246113066667,9535.04300352,8464.95699648,18000.0,0.4702753886933333,0.6621557641333333,0.4702753886933333,0.0,0.0,0.0,0.0,0.0,0.0,0.0,0.0,0.0,0.0,0.0,0.0,0.0,conservative
A2175D,0.09736857644000001,0.20285120091666667,0.0,0.09736857644000001,low,11482.107500736,0.28137353,5064.72354,12935.27646,18000.0,0.71862647,0.3517169125,0.7186264699999999,0.0,0.0,0.0,0.0,0.0,0.0,0.0,0.0,0.0,0.0,0.0,0.0,0.0,conservative
MST069A,0.09337429882222223,0.19452978921296296,0.0,0.09337429882222223,low,11424.589903040001,0.3581865611111111,6447.3581,11552.6419,18000.0,0.641813438888889,0.4477332013888889,0.6418134388888889,0.0,0.0,0.0,0.0,0.0,0.0,0.0,0.0,0.0,0.0,0.0,0.0,0.0,conservative
MGU724A,0.10057295632479554,0.20952699234332406,0.0,0.10057295632479554,low,11528.250571077057,0.2197508399077778,3955.51511834,14044.48488166,18000.0,0.7802491600922222,0.2746885498847222,0.7802491600922222,0.0,0.0,0.0,0.0,0.0,0.0,0.0,0.0,0.0,0.0,0.0,0.0,0.0,conservative
A0103J,0.11152363696133336,0.23234091033611115,0.0,0.11152363696133336,low,11685.940372243202,0.0091608276666666,164.89489799999998,17835.105102,18000.0,0.9908391723333334,0.011451034583333332,0.9908391723333334,0.0,0.0,0.0,0.0,0.0,0.0,0.0,0.0,0.0,0.0,0.0,0.0,0.0,conservative
AEW266B,0.094315377096,0.19649036895000002,0.0,0.094315377096,low,11438.1414301824,0.340088902,6121.600236,11878.399764,18000.0,0.659911098,0.4251111275,0.659911098,0.0,0.0,0.0,0.0,0.0,0.0,0.0,0.0,0.0,0.0,0.0,0.0,0.0,conservative
LC33620,0.08512059231829334,0.1773345673297778,0.0,0.08512059231829334,low,11305.736529383425,0.5169116861866667,9304.41035136,8695.58964864,18000.0,0.4830883138133333,0.6461396077333333,0.48308831381333334,0.0,0.0,0.0,0.0,0.0,0.0,0.0,0.0,0.0,0.0,0.0,0.0,0.0,conservative
NAR581A,0.11144313633333336,0.23217320069444447,0.0,0.11144313633333336,low,11684.781163200001,0.0107089166666666,192.7605,17807.2395,18000.0,0.9892910833333334,0.013386145833333333,0.9892910833333333,0.0,0.0,0.0,0.0,0.0,0.0,0.0,0.0,0.0,0.0,0.0,0.0,0.0,conservative
NWM1788,0.11171274161733333,0.23273487836944443,0.0,0.11171274161733333,low,11688.6634792896,0.0055241996666666,99.435594,17900.564406,18000.0,0.9944758003333334,0.006905249583333333,0.9944758003333334,0.0,0.0,0.0,0.0,0.0,0.0,0.0,0.0,0.0,0.0,0.0,0.0,0.0,conservative
A037JLC,0.09327568625911113,0.1943243463731482,0.0,0.09327568625911113,low,11423.1698821312,0.3600829565555555,6481.493218,11518.506782,18000.0,0.6399170434444446,0.4501036956944444,0.6399170434444444,0.0,0.0,0.0,0.0,0.0,0.0,0.0,0.0,0.0,0.0,0.0,0.0,0.0,conservative
CR5904,0.04699661383111112,0.09790961214814815,0.0,0.04699661383111112,low,10756.751239168,1.0156779088888888,18282.20236,0.0,18000.0,-0.01567790888888876,1.0,0.0,0.0,0.0,0.0,0.0,0.0,0.0,0.0,0.0,0.0,0.0,0.0,0.0,0.0,conservative
A25096E,0.07944128366266667,0.16550267429722224,0.0,0.07944128366266667,low,11223.9544847424,0.6261291603333333,11270.324886,6729.675114,18000.0,0.3738708396666667,0.7826614504166667,0.3738708396666666,0.0,0.0,0.0,0.0,0.0,0.0,0.0,0.0,0.0,0.0,0.0,0.0,0.0,conservative
A24778E,0.054733605822222225,0.11402834546296296,0.0,0.054733605822222225,low,10868.16392384,0.9398785194444444,16917.81335,1082.1866499999996,18000.0,0.06012148055555555,1.0,0.06012148055555554,0.0,0.0,0.0,0.0,0.0,0.0,0.0,0.0,0.0,0.0,0.0,0.0,0.0,conservative
A05220A,0.07737896342121332,0.16120617379419444,0.0,0.07737896342121332,low,11194.257073265471,0.6657891649766666,11984.20496958,6015.79503042,18000.0,0.3342108350233334,0.8322364562208333,0.3342108350233334,0.0,0.0,0.0,0.0,0.0,0.0,0.0,0.0,0.0,0.0,0.0,0.0,0.0,conservative
A3330M,0.09751412882244445,0.20315443504675926,0.0,0.09751412882244445,low,11484.2034550432,0.2785744457222222,5014.340023,12985.659977,18000.0,0.7214255542777779,0.34821805715277776,0.7214255542777778,0.0,0.0,0.0,0.0,0.0,0.0,0.0,0.0,0.0,0.0,0.0,0.0,0.0,conservative
PEL3520,0.09893373139066668,0.20611194039722225,0.0,0.09893373139066668,low,11504.6457320256,0.2512743963333333,4522.939134,13477.060866,18000.0,0.7487256036666667,0.3140929954166667,0.7487256036666666,0.0,0.0,0.0,0.0,0.0,0.0,0.0,0.0,0.0,0.0,0.0,0.0,0.0,conservative
V25AUE,0.11154900894000001,0.23239376862500002,0.0,0.11154900894000001,low,11686.305728735999,0.008672905,156.11229,17843.88771,18000.0,0.991327095,0.01084113125,0.9913270949999999,0.0,0.0,0.0,0.0,0.0,0.0,0.0,0.0,0.0,0.0,0.0,0.0,0.0,conservative
A00042A,0.07940526062222221,0.1654276262962963,0.0,0.07940526062222221,low,11223.43575296,0.6268219111111112,11282.7944,6717.205599999999,18000.0,0.3731780888888888,0.783527388888889,0.37317808888888887,0.0,0.0,0.0,0.0,0.0,0.0,0.0,0.0,0.0,0.0,0.0,0.0,0.0,conservative
A05188A,0.06362831001063113,0.13255897918881485,0.0,0.06362831001063113,low,10996.247664153088,0.8604615177622221,15488.30731972,2511.692680280001,18000.0,0.13953848223777787,1.0,0.13953848223777782,0.0,0.0,0.0,0.0,0.0,0.0,0.0,0.0,0.0,0.0,0.0,0.0,0.0,conservative
ECA530,0.11042740404,0.23005709175,0.0,0.11042740404,low,11670.154618175999,0.03024223,544.36014,17455.63986,18000.0,0.96975777,0.0378027875,0.96975777,0.0,0.0,0.0,0.0,0.0,0.0,0.0,0.0,0.0,0.0,0.0,0.0,0.0,conservative
A04596A,0.07137913259637557,0.1487065262424491,0.0,0.07137913259637557,low,11107.859509387808,0.7811705269927777,14061.06948587,3938.930514129999,18000.0,0.21882947300722233,0.9764631587409722,0.2188294730072222,0.0,0.0,0.0,0.0,0.0,0.0,0.0,0.0,0.0,0.0,0.0,0.0,0.0,conservative
A02233A,0.06539845893333333,0.13624678944444443,0.0,0.06539845893333333,low,11021.737808639999,0.8446566166666667,15203.8191,2796.1808999999994,18000.0,0.1553433833333333,1.0,0.1553433833333333,0.0,0.0,0.0,0.0,0.0,0.0,0.0,0.0,0.0,0.0,0.0,0.0,0.0,conservative
PEC1932,0.10140265245999999,0.2112555259583333,0.0,0.10140265245999999,low,11540.198195424,0.203795145,3668.31261,14331.68739,18000.0,0.796204855,0.25474393125,0.7962048549999999,0.0,0.0,0.0,0.0,0.0,0.0,0.0,0.0,0.0,0.0,0.0,0.0,0.0,conservative
TR56,-0.3205237671662934,-0.6677578482631112,0.0,-0.3205237671662934,low,5464.457752805375,6.758183861973333,121647.30951552,0.0,18000.0,-5.758183861973333,1.0,0.0,0.0,0.0,0.0,0.0,0.0,0.0,0.0,0.0,0.0,0.0,0.0,0.0,0.0,conservative
A1118K,0.11151637865111112,0.2323257888564815,0.0,0.11151637865111112,low,11685.835852576,0.0093004105555555,167.40739,17832.59261,18000.0,0.9906995894444445,0.011625513194444444,0.9906995894444445,0.0,0.0,0.0,0.0,0.0,0.0,0.0,0.0,0.0,0.0,0.0,0.0,0.0,conservative
A346JMC,0.09605118342800001,0.20010663214166668,0.0,0.09605118342800001,low,11463.137041363201,0.306708011,5520.744198,12479.255802,18000.0,0.693291989,0.38338501375,0.693291989,0.0,0.0,0.0,0.0,0.0,0.0,0.0,0.0,0.0,0.0,0.0,0.0,0.0,conservative
A05274A,0.07274015126022888,0.1515419817921435,0.0,0.07274015126022888,low,11127.458178147295,0.7549970911494445,13589.94764069,4410.052359310001,18000.0,0.24500290885055553,0.9437463639368056,0.2450029088505556,0.0,0.0,0.0,0.0,0.0,0.0,0.0,0.0,0.0,0.0,0.0,0.0,0.0,conservative
NXV2821,0.11162996253999999,0.23256242195833332,0.0,0.11162996253999999,low,11687.471460576,0.007116105,128.08989,17871.91011,18000.0,0.992883895,0.00889513125,0.9928838950000001,0.0,0.0,0.0,0.0,0.0,0.0,0.0,0.0,0.0,0.0,0.0,0.0,0.0,conservative
CR5777,-0.32036464479644455,-0.6674263433259261,0.0,-0.32036464479644455,low,5466.749114931198,6.755697574944445,121602.556349,0.0,18000.0,-5.755697574944445,1.0,0.0,0.0,0.0,0.0,0.0,0.0,0.0,0.0,0.0,0.0,0.0,0.0,0.0,0.0,conservative
A84782D,0.063257893952,0.13178727906666668,0.0,0.063257893952,low,10990.913672908799,0.8637688039999999,15547.838471999998,2452.1615280000024,18000.0,0.1362311960000001,1.0,0.13623119600000014,0.0,0.0,0.0,0.0,0.0,0.0,0.0,0.0,0.0,0.0,0.0,0.0,0.0,conservative
A4404M,0.10203635745977777,0.21257574470787036,0.0,0.10203635745977777,low,11549.3235474208,0.1916085103888889,3448.953187,14551.046813,18000.0,0.8083914896111111,0.2395106379861111,0.8083914896111112,0.0,0.0,0.0,0.0,0.0,0.0,0.0,0.0,0.0,0.0,0.0,0.0,0.0,conservative
A04205A,0.07701221294355556,0.16044211029907407,0.0,0.07701221294355556,low,11188.9758663872,0.6728420587777778,12111.157058,5888.842941999999,18000.0,0.3271579412222222,0.8410525734722223,0.3271579412222222,0.0,0.0,0.0,0.0,0.0,0.0,0.0,0.0,0.0,0.0,0.0,0.0,0.0,conservative
NZG6214,0.10722369946666667,0.22338270722222223,0.0,0.10722369946666667,low,11624.02127232,0.0918519333333333,1653.3348,16346.6652,18000.0,0.9081480666666667,0.11481491666666667,0.9081480666666666,0.0,0.0,0.0,0.0,0.0,0.0,0.0,0.0,0.0,0.0,0.0,0.0,0.0,conservative
PBR6692,0.09619882816333335,0.20041422534027778,0.0,0.09619882816333335,low,11465.263125552001,0.3038686891666666,5469.636404999999,12530.363595,18000.0,0.6961313108333333,0.37983586145833326,0.6961313108333333,0.0,0.0,0.0,0.0,0.0,0.0,0.0,0.0,0.0,0.0,0.0,0.0,0.0,conservative
A00070A,0.04573498559999998,0.09528121999999996,0.0,0.04573498559999998,low,10738.58379264,1.0353908500000002,18637.035300000003,0.0,18000.0,-0.035390850000000196,1.0,0.0,0.0,0.0,0.0,0.0,0.0,0.0,0.0,0.0,0.0,0.0,0.0,0.0,0.0,conservative
PAJ5018,0.10358307289555557,0.21579806853240743,0.0,0.10358307289555557,low,11571.596249696,0.1618639827777777,2913.55169,15086.44831,18000.0,0.8381360172222223,0.2023299784722222,0.8381360172222222,0.0,0.0,0.0,0.0,0.0,0.0,0.0,0.0,0.0,0.0,0.0,0.0,0.0,conservative
A0776D,0.10082986303644445,0.21006221465925926,0.0,0.10082986303644445,low,11531.9500277248,0.2148103262222222,3866.585872,14133.414128,18000.0,0.7851896737777778,0.2685129077777778,0.7851896737777778,0.0,0.0,0.0,0.0,0.0,0.0,0.0,0.0,0.0,0.0,0.0,0.0,0.0,conservative
A05113A,0.07776116447071778,0.16200242598066203,0.0,0.07776116447071778,low,11199.760768378335,0.6584391447938889,11851.90460629,6148.09539371,18000.0,0.3415608552061111,0.8230489309923611,0.3415608552061111,0.0,0.0,0.0,0.0,0.0,0.0,0.0,0.0,0.0,0.0,0.0,0.0,0.0,conservative
MWT540A,0.11091997592933336,0.23108328318611115,0.0,0.11091997592933336,low,11677.247653382401,0.0207696936666666,373.854486,17626.145514,18000.0,0.9792303063333334,0.025962117083333333,0.9792303063333333,0.0,0.0,0.0,0.0,0.0,0.0,0.0,0.0,0.0,0.0,0.0,0.0,0.0,conservative
ECO057,0.1105573007911111,0.23032770998148147,0.0,0.1105573007911111,low,11672.025131392002,0.0277442155555555,499.39588,17500.60412,18000.0,0.9722557844444445,0.034680269444444446,0.9722557844444445,0.0,0.0,0.0,0.0,0.0,0.0,0.0,0.0,0.0,0.0,0.0,0.0,0.0,conservative
A04559A,0.07846260844849778,0.16346376760103704,0.0,0.07846260844849778,low,11209.86156165837,0.6449498375288889,11609.09707552,6390.90292448,18000.0,0.3550501624711111,0.8061872969111111,0.35505016247111115,0.0,0.0,0.0,0.0,0.0,0.0,0.0,0.0,0.0,0.0,0.0,0.0,0.0,conservative
A77526D,0.1022729978088889,0.2130687454351852,0.0,0.1022729978088889,low,11552.731168448001,0.1870577344444444,3367.03922,14632.96078,18000.0,0.8129422655555556,0.23382216805555556,0.8129422655555555,0.0,0.0,0.0,0.0,0.0,0.0,0.0,0.0,0.0,0.0,0.0,0.0,0.0,conservative
A04684A,0.07433159927333334,0.1548574984861111,0.0,0.07433159927333334,low,11150.375029536,0.7243923216666668,13039.061790000002,4960.938209999998,18000.0,0.2756076783333332,0.9054904020833334,0.2756076783333333,0.0,0.0,0.0,0.0,0.0,0.0,0.0,0.0,0.0,0.0,0.0,0.0,0.0,conservative
A00213A,0.06112015973333333,0.1273336661111111,0.0,0.06112015973333333,low,10960.130300159999,0.8828557166666667,15891.4029,2108.597100000001,18000.0,0.11714428333333327,1.0,0.11714428333333338,0.0,0.0,0.0,0.0,0.0,0.0,0.0,0.0,0.0,0.0,0.0,0.0,0.0,conservative
1050,0.1091335225911111,0.22736150539814814,0.0,0.1091335225911111,low,11651.522725312,0.0551245655555555,992.24218,17007.75782,18000.0,0.9448754344444446,0.06890570694444444,0.9448754344444443,0.0,0.0,0.0,0.0,0.0,0.0,0.0,0.0,0.0,0.0,0.0,0.0,0.0,conservative
A01327A,0.05411605493333332,0.11274178111111106,0.0,0.05411605493333332,low,10859.27119104,0.9453923666666668,17017.0626,982.9373999999988,18000.0,0.05460763333333318,1.0,0.054607633333333266,0.0,0.0,0.0,0.0,0.0,0.0,0.0,0.0,0.0,0.0,0.0,0.0,0.0,conservative
PBJ5086,0.11146749261333334,0.23222394294444446,0.0,0.11146749261333334,low,11685.131893632,0.0102405266666666,184.32948,17815.67052,18000.0,0.9897594733333334,0.012800658333333333,0.9897594733333334,0.0,0.0,0.0,0.0,0.0,0.0,0.0,0.0,0.0,0.0,0.0,0.0,0.0,conservative
A5685J,0.10635517449333336,0.22157328019444447,0.0,0.10635517449333336,low,11611.514512704,0.1085543366666666,1953.97806,16046.02194,18000.0,0.8914456633333334,0.1356929208333333,0.8914456633333334,0.0,0.0,0.0,0.0,0.0,0.0,0.0,0.0,0.0,0.0,0.0,0.0,0.0,conservative
PAZ7154,0.09546810775444446,0.19889189115509262,0.0,0.09546810775444446,low,11454.740751664001,0.3179210047222222,5722.578085,12277.421915,18000.0,0.6820789952777778,0.3974012559027778,0.6820789952777778,0.0,0.0,0.0,0.0,0.0,0.0,0.0,0.0,0.0,0.0,0.0,0.0,0.0,conservative
A05356A,0.07961214299832667,0.16585863124651387,0.0,0.07961214299832667,low,11226.414859175904,0.6228434038783334,11211.18126981,6788.81873019,18000.0,0.37715659612166663,0.7785542548479167,0.37715659612166663,0.0,0.0,0.0,0.0,0.0,0.0,0.0,0.0,0.0,0.0,0.0,0.0,0.0,conservative
CR5850,0.07369258474133335,0.15352621821111112,0.0,0.07369258474133335,low,11141.173220275201,0.7366810626666666,13260.259127999998,4739.740872000002,18000.0,0.26331893733333345,0.9208513283333332,0.26331893733333345,0.0,0.0,0.0,0.0,0.0,0.0,0.0,0.0,0.0,0.0,0.0,0.0,0.0,conservative
MDE922A,0.11090974032444445,0.23106195900925927,0.0,0.11090974032444445,low,11677.100260672,0.0209665322222222,377.39758,17622.60242,18000.0,0.9790334677777778,0.02620816527777778,0.9790334677777778,0.0,0.0,0.0,0.0,0.0,0.0,0.0,0.0,0.0,0.0,0.0,0.0,0.0,conservative
A4533K,0.10652391894222224,0.22192483112962966,0.0,0.10652391894222224,low,11613.944432768001,0.1053092511111111,1895.56652,16104.43348,18000.0,0.8946907488888889,0.1316365638888889,0.8946907488888889,0.0,0.0,0.0,0.0,0.0,0.0,0.0,0.0,0.0,0.0,0.0,0.0,0.0,conservative
PBZ4454,0.11028051166666668,0.22975106597222225,0.0,0.11028051166666668,low,11668.039368,0.0330670833333333,595.2075,17404.7925,18000.0,0.9669329166666667,0.04133385416666666,0.9669329166666667,0.0,0.0,0.0,0.0,0.0,0.0,0.0,0.0,0.0,0.0,0.0,0.0,0.0,conservative
A00214A,0.07410744573333333,0.15439051194444445,0.0,0.07410744573333333,low,11147.14721856,0.7287029666666667,13116.6534,4883.346600000001,18000.0,0.2712970333333333,0.9108787083333333,0.2712970333333334,0.0,0.0,0.0,0.0,0.0,0.0,0.0,0.0,0.0,0.0,0.0,0.0,0.0,conservative
CR5898,0.09917481096533334,0.20661418951111113,0.0,0.09917481096533334,low,11508.1172779008,0.2466382506666666,4439.488512,13560.511488,18000.0,0.7533617493333334,0.30829781333333334,0.7533617493333333,0.0,0.0,0.0,0.0,0.0,0.0,0.0,0.0,0.0,0.0,0.0,0.0,0.0,conservative
CR5657,-0.3292965177173333,-0.6860344119111111,0.0,-0.3292965177173333,low,5338.1301448704,6.895258089333333,124114.645608,0.0,18000.0,-5.895258089333333,1.0,0.0,0.0,0.0,0.0,0.0,0.0,0.0,0.0,0.0,0.0,0.0,0.0,0.0,0.0,conservative
A5739D,0.11074279695333335,0.23071416031944447,0.0,0.11074279695333335,low,11674.696276128001,0.0241769816666666,435.18567,17564.81433,18000.0,0.9758230183333334,0.030221227083333333,0.9758230183333334,0.0,0.0,0.0,0.0,0.0,0.0,0.0,0.0,0.0,0.0,0.0,0.0,0.0,conservative
PBG2889,0.10651176394222223,0.22189950821296298,0.0,0.10651176394222223,low,11613.769400767998,0.1055430011111111,1899.77402,16100.22598,18000.0,0.8944569988888889,0.1319287513888889,0.8944569988888889,0.0,0.0,0.0,0.0,0.0,0.0,0.0,0.0,0.0,0.0,0.0,0.0,0.0,conservative
GOLDEN03,-0.42363718210133355,-0.8825774627111115,0.0,-0.42363718210133355,low,3979.624577740796,8.369330970333335,150647.95746600002,0.0,18000.0,-7.369330970333335,1.0,0.0,0.0,0.0,0.0,0.0,0.0,0.0,0.0,0.0,0.0,0.0,0.0,0.0,0.0,conservative
K0088915,0.1073021614,0.22354616958333332,0.0,0.1073021614,low,11625.151124160002,0.09034305,1626.1749,16373.8251,18000.0,0.90965695,0.1129288125,0.90965695,0.0,0.0,0.0,0.0,0.0,0.0,0.0,0.0,0.0,0.0,0.0,0.0,0.0,conservative
A3358A,0.10829972017577778,0.22562441703287037,0.0,0.10829972017577778,low,11639.515970531202,0.0711592273888889,1280.866093,16719.133907,18000.0,0.9288407726111111,0.08894903423611111,0.9288407726111111,0.0,0.0,0.0,0.0,0.0,0.0,0.0,0.0,0.0,0.0,0.0,0.0,0.0,conservative
G69AWY,0.11148966307333334,0.23227013140277777,0.0,0.11148966307333334,low,11685.451148256,0.0098141716666666,176.65509,17823.34491,18000.0,0.9901858283333334,0.012267714583333334,0.9901858283333334,0.0,0.0,0.0,0.0,0.0,0.0,0.0,0.0,0.0,0.0,0.0,0.0,0.0,conservative
A2118G,0.10708622209777781,0.22309629603703707,0.0,0.10708622209777781,low,11622.041598208001,0.0944957288888888,1700.92312,16299.07688,18000.0,0.9055042711111112,0.11811966111111111,0.9055042711111111,0.0,0.0,0.0,0.0,0.0,0.0,0.0,0.0,0.0,0.0,0.0,0.0,0.0,conservative
A04305A,0.092810268816,0.1933547267,0.0,0.092810268816,low,11416.4678709504,0.3690332919999999,6642.599256,11357.400744,18000.0,0.6309667080000001,0.46129161500000004,0.630966708,0.0,0.0,0.0,0.0,0.0,0.0,0.0,0.0,0.0,0.0,0.0,0.0,0.0,conservative
A84390D,0.056742703405333335,0.11821396542777779,0.0,0.056742703405333335,low,10897.0949290368,0.9219401481666666,16594.922667,1405.077333000001,18000.0,0.07805985183333342,1.0,0.07805985183333339,0.0,0.0,0.0,0.0,0.0,0.0,0.0,0.0,0.0,0.0,0.0,0.0,0.0,conservative
A02362A,0.0747088656751111,0.15564347015648147,0.0,0.0747088656751111,low,11155.8076657216,0.7171371985555555,12908.469574,5091.530425999999,18000.0,0.28286280144444453,0.8964214981944445,0.2828628014444444,0.0,0.0,0.0,0.0,0.0,0.0,0.0,0.0,0.0,0.0,0.0,0.0,0.0,conservative
1712MDF131,0.05325518429333334,0.11094830061111112,0.0,0.05325518429333334,low,10846.874653824001,0.9530787116666666,17155.41681,844.5831900000012,18000.0,0.04692128833333342,1.0,0.0469212883333334,0.0,0.0,0.0,0.0,0.0,0.0,0.0,0.0,0.0,0.0,0.0,0.0,0.0,conservative
L48BKG,0.09365831586866667,0.19512149139305554,0.0,0.09365831586866667,low,11428.679748508801,0.3527246948333333,6349.044507,11650.955493,18000.0,0.6472753051666666,0.44090586854166663,0.6472753051666666,0.0,0.0,0.0,0.0,0.0,0.0,0.0,0.0,0.0,0.0,0.0,0.0,0.0,conservative
A04513A,0.052265456906666674,0.10888636855555557,0.0,0.052265456906666674,low,10832.622579456001,0.9619155633333332,17314.48014,685.5198600000003,18000.0,0.03808443666666683,1.0,0.038084436666666686,0.0,0.0,0.0,0.0,0.0,0.0,0.0,0.0,0.0,0.0,0.0,0.0,0.0,conservative
MGY297A,0.09046732887310668,0.18847360181897224,0.0,0.09046732887310668,low,11382.729535772736,0.4140898293633334,7453.616928540001,10546.38307146,18000.0,0.5859101706366666,0.5176122867041667,0.5859101706366667,0.0,0.0,0.0,0.0,0.0,0.0,0.0,0.0,0.0,0.0,0.0,0.0,0.0,conservative
1703MDF193,0.11036873373999999,0.22993486195833332,0.0,0.11036873373999999,low,11669.309765856,0.031370505,564.66909,17435.33091,18000.0,0.968629495,0.03921313125,0.9686294950000001,0.0,0.0,0.0,0.0,0.0,0.0,0.0,0.0,0.0,0.0,0.0,0.0,0.0,conservative
45BB9X,-0.1589297105031111,-0.3311035635481481,0.0,-0.1589297105031111,low,7791.4121687552,4.233276726611111,76198.98107899999,0.0,18000.0,-3.233276726611111,1.0,0.0,0.0,0.0,0.0,0.0,0.0,0.0,0.0,0.0,0.0,0.0,0.0,0.0,0.0,conservative
A01860A,0.07106495963155555,0.14805199923240742,0.0,0.07106495963155555,low,11103.3354186944,0.7872123147777778,14169.821666,3830.178334,18000.0,0.21278768522222224,0.9840153934722222,0.21278768522222224,0.0,0.0,0.0,0.0,0.0,0.0,0.0,0.0,0.0,0.0,0.0,0.0,0.0,conservative
LVJ213A,0.09490231056,0.19771314699999998,0.0,0.09490231056,low,11446.593272064,0.32880172,5918.430960000001,12081.569039999998,18000.0,0.67119828,0.41100215000000007,0.6711982799999999,0.0,0.0,0.0,0.0,0.0,0.0,0.0,0.0,0.0,0.0,0.0,0.0,0.0,conservative
A03986A,0.0537463092514489,0.11197147760718522,0.0,0.0537463092514489,low,10853.946853220863,0.9486936673977776,17076.48601316,923.51398684,18000.0,0.05130633260222239,1.0,0.05130633260222223,0.0,0.0,0.0,0.0,0.0,0.0,0.0,0.0,0.0,0.0,0.0,0.0,0.0,conservative
460TL122,0.06628206793777777,0.13808764153703704,0.0,0.06628206793777777,low,11034.461778304001,0.8367672505555557,15061.81051,2938.1894900000007,18000.0,0.16323274944444432,1.0,0.1632327494444445,0.0,0.0,0.0,0.0,0.0,0.0,0.0,0.0,0.0,0.0,0.0,0.0,0.0,conservative
A546JMF,0.09679219204555557,0.20165040009490742,0.0,0.09679219204555557,low,11473.807565456,0.2924578452777778,5264.241215,12735.758785,18000.0,0.7075421547222223,0.36557230659722223,0.7075421547222223,0.0,0.0,0.0,0.0,0.0,0.0,0.0,0.0,0.0,0.0,0.0,0.0,0.0,conservative
583371,-0.00940613034666665,-0.019596104888888854,0.0,-0.00940613034666665,low,9944.551723008,1.8969707866666663,34145.47416,0.0,18000.0,-0.8969707866666663,1.0,0.0,0.0,0.0,0.0,0.0,0.0,0.0,0.0,0.0,0.0,0.0,0.0,0.0,0.0,conservative
A8601E,0.11167549894,0.23265728945833333,0.0,0.11167549894,low,11688.127184735999,0.0062404049999999,112.32729,17887.67271,18000.0,0.9937595950000001,0.00780050625,0.9937595949999999,0.0,0.0,0.0,0.0,0.0,0.0,0.0,0.0,0.0,0.0,0.0,0.0,0.0,conservative
XXJ175B,0.1102073535051111,0.22959865313564812,0.0,0.1102073535051111,low,11666.985890473601,0.0344739710555555,620.531479,17379.468521,18000.0,0.9655260289444445,0.04309246381944444,0.9655260289444444,0.0,0.0,0.0,0.0,0.0,0.0,0.0,0.0,0.0,0.0,0.0,0.0,0.0,conservative
A7833A,0.10208620197311112,0.2126795874439815,0.0,0.10208620197311112,low,11550.041308412801,0.1906499620555555,3431.699317,14568.300683,18000.0,0.8093500379444445,0.23831245256944444,0.8093500379444444,0.0,0.0,0.0,0.0,0.0,0.0,0.0,0.0,0.0,0.0,0.0,0.0,0.0,conservative
A9054A,0.10001590539555556,0.2083664695740741,0.0,0.10001590539555556,low,11520.229037696,0.2304633577777777,4148.34044,13851.65956,18000.0,0.7695366422222223,0.2880791972222222,0.7695366422222222,0.0,0.0,0.0,0.0,0.0,0.0,0.0,0.0,0.0,0.0,0.0,0.0,0.0,conservative
MDC441A,0.10880478220222223,0.22667662958796297,0.0,0.10880478220222223,low,11646.788863712,0.0614464961111111,1106.03693,16893.96307,18000.0,0.9385535038888889,0.0768081201388889,0.938553503888889,0.0,0.0,0.0,0.0,0.0,0.0,0.0,0.0,0.0,0.0,0.0,0.0,0.0,conservative
ECO15,0.1082101048577778,0.22543771845370372,0.0,0.1082101048577778,low,11638.225509952,0.0728825988888888,1311.88678,16688.11322,18000.0,0.9271174011111112,0.09110324861111112,0.9271174011111111,0.0,0.0,0.0,0.0,0.0,0.0,0.0,0.0,0.0,0.0,0.0,0.0,0.0,conservative
A4171D,0.11150319434,0.23229832154166666,0.0,0.11150319434,low,11685.645998496,0.009553955,171.97119,17828.02881,18000.0,0.990446045,0.01194244375,0.990446045,0.0,0.0,0.0,0.0,0.0,0.0,0.0,0.0,0.0,0.0,0.0,0.0,0.0,conservative
A931JMD,0.10223200852,0.21298335108333333,0.0,0.10223200852,low,11552.140922688,0.18784599,3381.22782,14618.77218,18000.0,0.81215401,0.2348074875,0.81215401,0.0,0.0,0.0,0.0,0.0,0.0,0.0,0.0,0.0,0.0,0.0,0.0,0.0,conservative
MYU919B,0.11092206807133334,0.23108764181527777,0.0,0.11092206807133334,low,11677.2777802272,0.0207294601666666,373.130283,17626.869717,18000.0,0.9792705398333335,0.025911825208333336,0.9792705398333335,0.0,0.0,0.0,0.0,0.0,0.0,0.0,0.0,0.0,0.0,0.0,0.0,0.0,conservative
754292J,0.06577498036533333,0.13703120909444444,0.0,0.06577498036533333,low,11027.159717260802,0.8412948181666666,15143.306727,2856.6932730000008,18000.0,0.15870518183333338,1.0,0.15870518183333338,0.0,0.0,0.0,0.0,0.0,0.0,0.0,0.0,0.0,0.0,0.0,0.0,0.0,conservative
A9053B,0.11079191207999999,0.23081648349999997,0.0,0.11079191207999999,low,11675.403533952,0.02323246,418.18428000000006,17581.81572,18000.0,0.97676754,0.029040575000000002,0.9767675399999999,0.0,0.0,0.0,0.0,0.0,0.0,0.0,0.0,0.0,0.0,0.0,0.0,0.0,conservative
A04673A,0.07283016041770667,0.15172950087022222,0.0,0.07283016041770667,low,11128.754310014976,0.7532661458133333,13558.79062464,4441.20937536,18000.0,0.2467338541866667,0.9415826822666666,0.24673385418666668,0.0,0.0,0.0,0.0,0.0,0.0,0.0,0.0,0.0,0.0,0.0,0.0,0.0,conservative
NWC5697,0.11139432974,0.23207152029166667,0.0,0.11139432974,low,11684.078348256,0.011647505,209.65509,17790.34491,18000.0,0.988352495,0.01455938125,0.988352495,0.0,0.0,0.0,0.0,0.0,0.0,0.0,0.0,0.0,0.0,0.0,0.0,0.0,conservative
ECO028,0.11064198579844443,0.23050413708009257,0.0,0.11064198579844443,low,11673.2445954976,0.0261156577222222,470.081839,17529.918161,18000.0,0.9738843422777778,0.03264457215277778,0.9738843422777779,0.0,0.0,0.0,0.0,0.0,0.0,0.0,0.0,0.0,0.0,0.0,0.0,0.0,conservative
A05219A,0.054045512632693325,0.11259481798477776,0.0,0.054045512632693325,low,10858.255381910783,0.9460222086366668,17028.399755460003,971.6002445399972,18000.0,0.05397779136333325,1.0,0.05397779136333318,0.0,0.0,0.0,0.0,0.0,0.0,0.0,0.0,0.0,0.0,0.0,0.0,0.0,conservative
A0921D,0.10408880016088891,0.21685166700185188,0.0,0.10408880016088891,low,11578.878722316802,0.1521384584444444,2738.492252,15261.507748,18000.0,0.8478615415555556,0.19017307305555556,0.8478615415555556,0.0,0.0,0.0,0.0,0.0,0.0,0.0,0.0,0.0,0.0,0.0,0.0,0.0,conservative
P08BJW,0.10841945411333333,0.2258738627361111,0.0,0.10841945411333333,low,11641.240139232,0.0688566516666666,1239.41973,16760.58027,18000.0,0.9311433483333333,0.08607081458333334,0.9311433483333332,0.0,0.0,0.0,0.0,0.0,0.0,0.0,0.0,0.0,0.0,0.0,0.0,0.0,conservative
A8523D,0.09604871723555557,0.20010149424074075,0.0,0.09604871723555557,low,11463.101528191999,0.3067554377777778,5521.59788,12478.40212,18000.0,0.6932445622222222,0.38344429722222223,0.6932445622222223,0.0,0.0,0.0,0.0,0.0,0.0,0.0,0.0,0.0,0.0,0.0,0.0,0.0,conservative
LSA232A,0.0975890996866667,0.20331062434722225,0.0,0.0975890996866667,low,11485.283035488,0.2771326983333333,4988.38857,13011.61143,18000.0,0.7228673016666667,0.34641587291666665,0.7228673016666667,0.0,0.0,0.0,0.0,0.0,0.0,0.0,0.0,0.0,0.0,0.0,0.0,0.0,conservative
A04610A,0.08700589330688889,0.1812622777226852,0.0,0.08700589330688889,low,11332.8848636192,0.4806558979444444,8651.806163,9348.193837,18000.0,0.5193441020555556,0.6008198724305555,0.5193441020555556,0.0,0.0,0.0,0.0,0.0,0.0,0.0,0.0,0.0,0.0,0.0,0.0,0.0,conservative
PDP9133,0.09446641217066667,0.19680502535555555,0.0,0.09446641217066667,low,11440.316335257601,0.3371843813333333,6069.318864,11930.681136,18000.0,0.6628156186666667,0.42148047666666666,0.6628156186666666,0.0,0.0,0.0,0.0,0.0,0.0,0.0,0.0,0.0,0.0,0.0,0.0,0.0,conservative
A1178C,0.111602055856,0.23250428303333334,0.0,0.111602055856,low,11687.069604326402,0.007652772,137.749896,17862.250104,18000.0,0.992347228,0.009565965000000001,0.992347228,0.0,0.0,0.0,0.0,0.0,0.0,0.0,0.0,0.0,0.0,0.0,0.0,0.0,conservative
NA00003,-0.07732316833777779,-0.16108993403703706,0.0,-0.07732316833777779,low,8966.546375936,2.958174505277778,53247.141095,0.0,18000.0,-1.958174505277778,1.0,0.0,0.0,0.0,0.0,0.0,0.0,0.0,0.0,0.0,0.0,0.0,0.0,0.0,0.0,conservative
CR5837,0.07701869028311112,0.1604556047564815,0.0,0.07701869028311112,low,11189.069140076801,0.6727174945555555,12108.914902,5891.085098,18000.0,0.3272825054444445,0.8408968681944444,0.3272825054444444,0.0,0.0,0.0,0.0,0.0,0.0,0.0,0.0,0.0,0.0,0.0,0.0,0.0,conservative
Z17BDN,0.10298136177111113,0.21454450368981481,0.0,0.10298136177111113,low,11562.931609504001,0.1734353505555555,3121.83631,14878.16369,18000.0,0.8265646494444445,0.21679418819444446,0.8265646494444444,0.0,0.0,0.0,0.0,0.0,0.0,0.0,0.0,0.0,0.0,0.0,0.0,0.0,conservative
PBW4091,0.0929092194628889,0.19356087388101853,0.0,0.0929092194628889,low,11417.8927602656,0.3671303949444444,6608.347108999999,11391.652891000002,18000.0,0.6328696050555556,0.4589129936805555,0.6328696050555557,0.0,0.0,0.0,0.0,0.0,0.0,0.0,0.0,0.0,0.0,0.0,0.0,0.0,conservative
A4223B,0.09858925383733334,0.2053942788277778,0.0,0.09858925383733334,low,11499.6852552576,0.2578989646666667,4642.181364,13357.818636,18000.0,0.7421010353333333,0.32237370583333336,0.7421010353333334,0.0,0.0,0.0,0.0,0.0,0.0,0.0,0.0,0.0,0.0,0.0,0.0,0.0,conservative
A04527A,0.08290457900608221,0.17271787292933796,0.0,0.08290457900608221,low,11273.825937687583,0.5595273268061111,10071.49188251,7928.508117490001,18000.0,0.44047267319388894,0.6994091585076389,0.44047267319388894,0.0,0.0,0.0,0.0,0.0,0.0,0.0,0.0,0.0,0.0,0.0,0.0,0.0,conservative
PEP9965,0.08957738353555557,0.18661954903240743,0.0,0.08957738353555557,low,11369.914322912,0.4312041627777777,7761.674929999999,10238.32507,18000.0,0.5687958372222224,0.5390052034722221,0.5687958372222223,0.0,0.0,0.0,0.0,0.0,0.0,0.0,0.0,0.0,0.0,0.0,0.0,0.0,conservative
NVS700A,0.09674073506711112,0.20154319805648147,0.0,0.09674073506711112,low,11473.0665849664,0.2934474025555555,5282.053246,12717.946754,18000.0,0.7065525974444444,0.36680925319444446,0.7065525974444444,0.0,0.0,0.0,0.0,0.0,0.0,0.0,0.0,0.0,0.0,0.0,0.0,0.0,conservative
CR5782,0.07199095889333333,0.1499811643611111,0.0,0.07199095889333333,low,11116.669808063998,0.7694046366666666,13849.28346,4150.716539999999,18000.0,0.23059536333333341,0.9617557958333334,0.2305953633333333,0.0,0.0,0.0,0.0,0.0,0.0,0.0,0.0,0.0,0.0,0.0,0.0,0.0,conservative
A5947G,0.11135677909555557,0.23199328978240744,0.0,0.11135677909555557,low,11683.537618975999,0.0123696327777777,222.65339,17777.34661,18000.0,0.9876303672222223,0.015462040972222223,0.9876303672222223,0.0,0.0,0.0,0.0,0.0,0.0,0.0,0.0,0.0,0.0,0.0,0.0,0.0,conservative
A05012A,0.06410412787672887,0.13355026640985182,0.0,0.06410412787672887,low,11003.099441424896,0.8562131439577778,15411.83659124,2588.16340876,18000.0,0.1437868560422222,1.0,0.14378685604222222,0.0,0.0,0.0,0.0,0.0,0.0,0.0,0.0,0.0,0.0,0.0,0.0,0.0,conservative
TRANS01,0.02718813489777777,0.056641947703703684,0.0,0.02718813489777777,low,10471.509142528,1.3251853922222223,23853.33706,0.0,18000.0,-0.3251853922222223,1.0,0.0,0.0,0.0,0.0,0.0,0.0,0.0,0.0,0.0,0.0,0.0,0.0,0.0,0.0,conservative
A00770A,0.07336155715555556,0.15283657740740741,0.0,0.07336155715555556,low,11136.40642304,0.7430469777777777,13374.8456,4625.154399999999,18000.0,0.25695302222222227,0.9288087222222222,0.2569530222222222,0.0,0.0,0.0,0.0,0.0,0.0,0.0,0.0,0.0,0.0,0.0,0.0,0.0,conservative
A00790A,0.07302522982222223,0.152135895462963,0.0,0.07302522982222223,low,11131.56330944,0.7495148111111111,13491.2666,4508.733399999999,18000.0,0.25048518888888893,0.936893513888889,0.2504851888888888,0.0,0.0,0.0,0.0,0.0,0.0,0.0,0.0,0.0,0.0,0.0,0.0,0.0,conservative
A8944C,0.10358697425622222,0.2158061963671296,0.0,0.10358697425622222,low,11571.6524292896,0.1617889566111111,2912.201219,15087.798781,18000.0,0.838211043388889,0.2022361957638889,0.8382110433888889,0.0,0.0,0.0,0.0,0.0,0.0,0.0,0.0,0.0,0.0,0.0,0.0,0.0,conservative
U48BKJ,0.094998706782,0.19791397246249998,0.0,0.094998706782,low,11447.981377660799,0.3269479465,5885.063037,12114.936963,18000.0,0.6730520535,0.408684933125,0.6730520535,0.0,0.0,0.0,0.0,0.0,0.0,0.0,0.0,0.0,0.0,0.0,0.0,0.0,conservative
A1844K,0.1044987452,0.21770571916666667,0.0,0.1044987452,low,11584.78193088,0.1442549,2596.5882,15403.4118,18000.0,0.8557451,0.180318625,0.8557451,0.0,0.0,0.0,0.0,0.0,0.0,0.0,0.0,0.0,0.0,0.0,0.0,0.0,conservative
A00007A,0.06158745173333332,0.12830719111111108,0.0,0.06158745173333332,low,10966.85930496,0.8786834666666667,15816.3024,2183.6975999999995,18000.0,0.12131653333333325,1.0,0.12131653333333331,0.0,0.0,0.0,0.0,0.0,0.0,0.0,0.0,0.0,0.0,0.0,0.0,0.0,conservative
F15BEA,0.09934662925555557,0.20697214428240743,0.0,0.09934662925555557,low,11510.59146128,0.2433340527777777,4380.01295,13619.98705,18000.0,0.7566659472222224,0.3041675659722222,0.7566659472222222,0.0,0.0,0.0,0.0,0.0,0.0,0.0,0.0,0.0,0.0,0.0,0.0,0.0,conservative
A4342L,0.1107917321108889,0.23081610856435186,0.0,0.1107917321108889,low,11675.4009423968,0.0232359209444444,418.246577,17581.753423,18000.0,0.9767640790555556,0.029044901180555555,0.9767640790555555,0.0,0.0,0.0,0.0,0.0,0.0,0.0,0.0,0.0,0.0,0.0,0.0,0.0,conservative
A01332A,0.07297311831111111,0.15202732981481482,0.0,0.07297311831111111,low,11130.81290368,0.7505169555555556,13509.3052,4490.694799999999,18000.0,0.24948304444444436,0.9381461944444445,0.2494830444444444,0.0,0.0,0.0,0.0,0.0,0.0,0.0,0.0,0.0,0.0,0.0,0.0,0.0,conservative
845NA116C,0.11193480705111113,0.23319751468981484,0.0,0.11193480705111113,low,11691.861221536,0.0012537105555555,22.56679,17977.43321,18000.0,0.9987462894444445,0.0015671381944444445,0.9987462894444444,0.0,0.0,0.0,0.0,0.0,0.0,0.0,0.0,0.0,0.0,0.0,0.0,0.0,conservative
A05211A,0.07564905427193333,0.15760219639986112,0.0,0.07564905427193333,low,11169.34638151584,0.6990566486166667,12583.0196751,5416.9803249,18000.0,0.3009433513833333,0.8738208107708334,0.30094335138333334,0.0,0.0,0.0,0.0,0.0,0.0,0.0,0.0,0.0,0.0,0.0,0.0,0.0,conservative
A7145G,0.10797988652022224,0.22495809691712965,0.0,0.10797988652022224,low,11634.9103658912,0.0773098746111111,1391.5777429999998,16608.422257,18000.0,0.9226901253888888,0.09663734326388888,0.9226901253888888,0.0,0.0,0.0,0.0,0.0,0.0,0.0,0.0,0.0,0.0,0.0,0.0,0.0,conservative
PBS7821,0.09707432456,0.20223817616666664,0.0,0.09707432456,low,11477.870273663999,0.28703222,5166.57996,12833.42004,18000.0,0.71296778,0.358790275,0.71296778,0.0,0.0,0.0,0.0,0.0,0.0,0.0,0.0,0.0,0.0,0.0,0.0,0.0,conservative
PCE3341,0.09410055009400001,0.19604281269583335,0.0,0.09410055009400001,low,11435.0479213536,0.3442201904999999,6195.963428999999,11804.036571,18000.0,0.6557798095,0.43027523812499996,0.6557798095,0.0,0.0,0.0,0.0,0.0,0.0,0.0,0.0,0.0,0.0,0.0,0.0,0.0,conservative
NHB290A,0.10391340327111112,0.21648625681481481,0.0,0.10391340327111112,low,11576.353007104,0.1555114755555555,2799.20656,15200.79344,18000.0,0.8444885244444444,0.19438934444444445,0.8444885244444444,0.0,0.0,0.0,0.0,0.0,0.0,0.0,0.0,0.0,0.0,0.0,0.0,0.0,conservative
A02325A,0.07113511273333334,0.1481981515277778,0.0,0.07113511273333334,low,11104.345623359999,0.7858632166666666,14145.5379,3854.4621000000006,18000.0,0.2141367833333334,0.9823290208333333,0.21413678333333336,0.0,0.0,0.0,0.0,0.0,0.0,0.0,0.0,0.0,0.0,0.0,0.0,0.0,conservative
A00188A,0.04857934799999999,0.10120697499999998,0.0,0.04857934799999999,low,10779.542611199999,0.99482725,17906.8905,93.10949999999866,18000.0,0.005172749999999948,1.0,0.005172749999999926,0.0,0.0,0.0,0.0,0.0,0.0,0.0,0.0,0.0,0.0,0.0,0.0,0.0,conservative
G01BFL,0.10858977384444446,0.22622869550925928,0.0,0.10858977384444446,low,11643.69274336,0.0655812722222222,1180.4629,16819.5371,18000.0,0.9344187277777778,0.08197659027777777,0.9344187277777779,0.0,0.0,0.0,0.0,0.0,0.0,0.0,0.0,0.0,0.0,0.0,0.0,0.0,conservative
A02361A,0.08311907503822223,0.17316473966296297,0.0,0.08311907503822223,low,11276.9146805504,0.555402403111111,9997.243255999998,8002.756744000002,18000.0,0.444597596888889,0.6942530038888888,0.444597596888889,0.0,0.0,0.0,0.0,0.0,0.0,0.0,0.0,0.0,0.0,0.0,0.0,0.0,conservative
A3151A,0.11151359606755555,0.2323199918074074,0.0,0.11151359606755555,low,11685.7957833728,0.0093539217777777,168.370592,17831.629408,18000.0,0.9906460782222223,0.01169240222222222,0.9906460782222223,0.0,0.0,0.0,0.0,0.0,0.0,0.0,0.0,0.0,0.0,0.0,0.0,0.0,conservative
1802MDF058,0.10668524204066668,0.22226092091805558,0.0,0.10668524204066668,low,11616.2674853856,0.1022068838333333,1839.723909,16160.276091,18000.0,0.8977931161666667,0.12775860479166667,0.8977931161666667,0.0,0.0,0.0,0.0,0.0,0.0,0.0,0.0,0.0,0.0,0.0,0.0,0.0,conservative
LB46144,0.10442596024094221,0.21755408383529629,0.0,0.10442596024094221,low,11583.733827469567,0.1456546107511111,2621.78299352,15378.21700648,18000.0,0.8543453892488889,0.1820682634388889,0.8543453892488888,0.0,0.0,0.0,0.0,0.0,0.0,0.0,0.0,0.0,0.0,0.0,0.0,0.0,conservative
Z53BEA,0.09202967917066669,0.19172849827222224,0.0,0.09202967917066669,low,11405.2273800576,0.3840446313333333,6912.803363999999,11087.196636,18000.0,0.6159553686666668,0.48005578916666664,0.6159553686666667,0.0,0.0,0.0,0.0,0.0,0.0,0.0,0.0,0.0,0.0,0.0,0.0,0.0,conservative
MSE625B,0.09908336419000002,0.20642367539583337,0.0,0.09908336419000002,low,11506.800444335999,0.2483968424999999,4471.143165,13528.856835,18000.0,0.7516031575000001,0.310496053125,0.7516031575000001,0.0,0.0,0.0,0.0,0.0,0.0,0.0,0.0,0.0,0.0,0.0,0.0,0.0,conservative
N22BAK,0.11061594642000001,0.230449888375,0.0,0.11061594642000001,low,11672.869628448001,0.026616415,479.09547,17520.90453,18000.0,0.973383585,0.03327051875,0.973383585,0.0,0.0,0.0,0.0,0.0,0.0,0.0,0.0,0.0,0.0,0.0,0.0,0.0,conservative
MUS763B,0.11169260084733336,0.23269291843194448,0.0,0.11169260084733336,low,11688.3734522016,0.0059115221666666,106.407399,17893.592601,18000.0,0.9940884778333334,0.007389402708333334,0.9940884778333333,0.0,0.0,0.0,0.0,0.0,0.0,0.0,0.0,0.0,0.0,0.0,0.0,0.0,conservative
NFH2748,0.10084094274866669,0.21008529739305556,0.0,0.10084094274866669,low,11532.1095755808,0.2145972548333333,3862.750587,14137.249413,18000.0,0.7854027451666667,0.2682465685416667,0.7854027451666666,0.0,0.0,0.0,0.0,0.0,0.0,0.0,0.0,0.0,0.0,0.0,0.0,0.0,conservative
A7738C,0.09195590957866669,0.19157481162222223,0.0,0.09195590957866669,low,11404.1650979328,0.3854632773333333,6938.338991999999,11061.661008,18000.0,0.6145367226666667,0.4818290966666666,0.6145367226666666,0.0,0.0,0.0,0.0,0.0,0.0,0.0,0.0,0.0,0.0,0.0,0.0,0.0,conservative
LRV034B,0.11142790498444445,0.2321414687175926,0.0,0.11142790498444445,low,11684.561831776,0.0110018272222222,198.03289,17801.96711,18000.0,0.9889981727777778,0.013752284027777778,0.9889981727777779,0.0,0.0,0.0,0.0,0.0,0.0,0.0,0.0,0.0,0.0,0.0,0.0,0.0,conservative
LF28206,0.09968089542733335,0.2076685321402778,0.0,0.09968089542733335,low,11515.404894153602,0.2369058571666666,4264.305429,13735.694571,18000.0,0.7630941428333334,0.29613232145833335,0.7630941428333333,0.0,0.0,0.0,0.0,0.0,0.0,0.0,0.0,0.0,0.0,0.0,0.0,0.0,conservative
F73AGY,0.10020061005422222,0.2087512709462963,0.0,0.10020061005422222,low,11522.8887847808,0.2269113451111111,4084.404212,13915.595788,18000.0,0.7730886548888889,0.2836391813888889,0.7730886548888889,0.0,0.0,0.0,0.0,0.0,0.0,0.0,0.0,0.0,0.0,0.0,0.0,0.0,conservative
A05206A,0.08179739530430222,0.17041124021729628,0.0,0.08179739530430222,low,11257.882492381952,0.580819321071111,10454.747779279998,7545.252220720002,18000.0,0.419180678928889,0.7260241513388888,0.419180678928889,0.0,0.0,0.0,0.0,0.0,0.0,0.0,0.0,0.0,0.0,0.0,0.0,0.0,conservative
A5425L,0.10140593816666667,0.21126237118055555,0.0,0.10140593816666667,low,11540.2455096,0.2037319583333333,3667.17525,14332.82475,18000.0,0.7962680416666668,0.25466494791666666,0.7962680416666666,0.0,0.0,0.0,0.0,0.0,0.0,0.0,0.0,0.0,0.0,0.0,0.0,0.0,conservative
A00317A,0.08317162119999999,0.1732742108333333,0.0,0.08317162119999999,low,11277.67134528,0.5543918999999999,9979.0542,8020.945799999999,18000.0,0.44560810000000006,0.6929898750000001,0.4456080999999999,0.0,0.0,0.0,0.0,0.0,0.0,0.0,0.0,0.0,0.0,0.0,0.0,0.0,conservative
A674JMD,0.09452771302933334,0.1969327354777778,0.0,0.09452771302933334,low,11441.199067622401,0.3360055186666666,6048.099335999999,11951.900664,18000.0,0.6639944813333334,0.42000689833333327,0.6639944813333334,0.0,0.0,0.0,0.0,0.0,0.0,0.0,0.0,0.0,0.0,0.0,0.0,0.0,conservative
A02013A,0.07753492780288888,0.16153109958935183,0.0,0.07753492780288888,low,11196.502960361599,0.6627898499444445,11930.217299,6069.782701,18000.0,0.33721015005555555,0.8284873124305555,0.33721015005555555,0.0,0.0,0.0,0.0,0.0,0.0,0.0,0.0,0.0,0.0,0.0,0.0,0.0,conservative
A1343H,0.09602145794000001,0.20004470404166666,0.0,0.09602145794000001,low,11462.708994336,0.307279655,5531.03379,12468.96621,18000.0,0.692720345,0.38409956875,0.692720345,0.0,0.0,0.0,0.0,0.0,0.0,0.0,0.0,0.0,0.0,0.0,0.0,0.0,conservative
NPD9651,0.10124481268555556,0.2109266930949074,0.0,0.10124481268555556,low,11537.925302672,0.2068305252777778,3722.949455,14277.050545,18000.0,0.7931694747222222,0.25853815659722224,0.7931694747222222,0.0,0.0,0.0,0.0,0.0,0.0,0.0,0.0,0.0,0.0,0.0,0.0,0.0,conservative
A23276E,0.11008241134000002,0.22933835695833338,0.0,0.11008241134000002,low,11665.186723296001,0.0368767049999999,663.7806899999999,17336.21931,18000.0,0.9631232950000002,0.04609588125,0.963123295,0.0,0.0,0.0,0.0,0.0,0.0,0.0,0.0,0.0,0.0,0.0,0.0,0.0,conservative
A04123A,0.092588872264,0.19289348388333336,0.0,0.092588872264,low,11413.279760601601,0.3732909179999999,6719.236523999999,11280.763476,18000.0,0.6267090820000001,0.46661364749999995,0.626709082,0.0,0.0,0.0,0.0,0.0,0.0,0.0,0.0,0.0,0.0,0.0,0.0,0.0,conservative
A25271E,0.045417122570666664,0.09461900535555555,0.0,0.045417122570666664,low,10734.0065650176,1.0403574598333334,18726.434277,0.0,18000.0,-0.04035745983333339,1.0,0.0,0.0,0.0,0.0,0.0,0.0,0.0,0.0,0.0,0.0,0.0,0.0,0.0,0.0,conservative
MJV798B,0.11099119774666667,0.23123166197222222,0.0,0.11099119774666667,low,11678.273247552,0.0194000433333333,349.20078,17650.79922,18000.0,0.9805999566666667,0.024250054166666667,0.9805999566666667,0.0,0.0,0.0,0.0,0.0,0.0,0.0,0.0,0.0,0.0,0.0,0.0,0.0,conservative
LGM538A,0.09569829469555556,0.1993714472824074,0.0,0.09569829469555556,low,11458.055443616,0.3134943327777778,5642.89799,12357.10201,18000.0,0.6865056672222223,0.39186791597222226,0.6865056672222223,0.0,0.0,0.0,0.0,0.0,0.0,0.0,0.0,0.0,0.0,0.0,0.0,0.0,conservative
NXU8505,0.09306042034949331,0.19387587572811107,0.0,0.09306042034949331,low,11420.070053032705,0.3642226855866666,6556.00834056,11443.99165944,18000.0,0.6357773144133334,0.4552783569833333,0.6357773144133333,0.0,0.0,0.0,0.0,0.0,0.0,0.0,0.0,0.0,0.0,0.0,0.0,0.0,conservative
NUK9880,0.11148064222888891,0.2322513379768519,0.0,0.11148064222888891,low,11685.321248096,0.0099876494444444,179.77768999999998,17820.22231,18000.0,0.9900123505555556,0.012484561805555554,0.9900123505555556,0.0,0.0,0.0,0.0,0.0,0.0,0.0,0.0,0.0,0.0,0.0,0.0,0.0,conservative
A0814M,0.11156987772444445,0.23243724525925927,0.0,0.11156987772444445,low,11686.606239232002,0.0082715822222222,148.88848,17851.11152,18000.0,0.9917284177777778,0.010339477777777778,0.9917284177777776,0.0,0.0,0.0,0.0,0.0,0.0,0.0,0.0,0.0,0.0,0.0,0.0,0.0,conservative
NKH9513,0.10240253720444445,0.21333861917592592,0.0,0.10240253720444445,low,11554.596535744,0.1845665922222222,3322.19866,14677.80134,18000.0,0.8154334077777778,0.23070824027777778,0.8154334077777777,0.0,0.0,0.0,0.0,0.0,0.0,0.0,0.0,0.0,0.0,0.0,0.0,0.0,conservative
LG14267,0.0940396849,0.19591601020833335,0.0,0.0940396849,low,11434.17146256,0.345390675,6217.03215,11782.96785,18000.0,0.654609325,0.43173834375,0.654609325,0.0,0.0,0.0,0.0,0.0,0.0,0.0,0.0,0.0,0.0,0.0,0.0,0.0,conservative
PEF5712,0.11065592887333335,0.2305331851527778,0.0,0.11065592887333335,low,11673.445375775998,0.0258475216666666,465.25539,17534.74461,18000.0,0.9741524783333334,0.032309402083333334,0.9741524783333334,0.0,0.0,0.0,0.0,0.0,0.0,0.0,0.0,0.0,0.0,0.0,0.0,0.0,conservative
A-05355-A,0.075,0.0,0.625,0.075,low,11160.0,0.0,0.0,0.0,0.0,0.0,0.0,0.0,1.0,0.25,1.0,195.2092116900146,0.0,1.0,17328.0,687.0,3431.0,8045.0,0.0,445.0,0.6257134122625997,conservative
TXB978B,0.10962994467600001,0.22839571807500003,0.0,0.10962994467600001,low,11658.671203334401,0.0455779869999999,820.4037659999999,17179.596234,18000.0,0.9544220130000001,0.05697248374999999,0.9544220130000001,0.0,0.0,0.0,0.0,0.0,0.0,0.0,0.0,0.0,0.0,0.0,0.0,0.0,conservative
LKC143B,0.094857149028,0.19761906047500002,0.0,0.094857149028,low,11445.9429460032,0.3296702109999999,5934.063797999999,12065.936202,18000.0,0.6703297890000002,0.41208776374999995,0.6703297890000001,0.0,0.0,0.0,0.0,0.0,0.0,0.0,0.0,0.0,0.0,0.0,0.0,0.0,conservative
MBH168A,0.11112083197000001,0.23150173327083334,0.0,0.11112083197000001,low,11680.139980368,0.0169070775,304.327395,17695.672605,18000.0,0.9830929225,0.021133846875,0.9830929225,0.0,0.0,0.0,0.0,0.0,0.0,0.0,0.0,0.0,0.0,0.0,0.0,0.0,conservative
MAF974B,0.1084776816622222,0.22599517012962958,0.0,0.1084776816622222,low,11642.078615936,0.0677368911111111,1219.26404,16780.735959999998,18000.0,0.9322631088888889,0.08467111388888889,0.9322631088888887,0.0,0.0,0.0,0.0,0.0,0.0,0.0,0.0,0.0,0.0,0.0,0.0,0.0,conservative
A77254D,0.06841430122666667,0.14252979422222223,0.0,0.06841430122666667,low,11065.165937664002,0.8177294533333332,14719.13016,3280.8698399999994,18000.0,0.18227054666666676,1.0,0.18227054666666664,0.0,0.0,0.0,0.0,0.0,0.0,0.0,0.0,0.0,0.0,0.0,0.0,0.0,conservative
MNA244B,0.10857496231177778,0.22619783814953706,0.0,0.10857496231177778,low,11643.479457289599,0.0658661093888889,1185.589969,16814.410031,18000.0,0.9341338906111111,0.08233263673611112,0.9341338906111111,0.0,0.0,0.0,0.0,0.0,0.0,0.0,0.0,0.0,0.0,0.0,0.0,0.0,conservative
A2490E,0.1073734770397778,0.22369474383287039,0.0,0.1073734770397778,low,11626.1780693728,0.0889715953888888,1601.488717,16398.511283,18000.0,0.9110284046111112,0.11121449423611111,0.9110284046111111,0.0,0.0,0.0,0.0,0.0,0.0,0.0,0.0,0.0,0.0,0.0,0.0,0.0,conservative
A02062A,0.07047877711111111,0.14683078564814814,0.0,0.07047877711111111,low,11094.894390399999,0.7984850555555555,14372.731,3627.269,18000.0,0.2015149444444445,0.9981063194444444,0.20151494444444443,0.0,0.0,0.0,0.0,0.0,0.0,0.0,0.0,0.0,0.0,0.0,0.0,0.0,conservative
GYM770,-0.15412084512000002,-0.32108509400000007,0.0,-0.15412084512000002,low,7860.659830272,4.158138205,74846.48769000001,0.0,18000.0,-3.158138205,1.0,0.0,0.0,0.0,0.0,0.0,0.0,0.0,0.0,0.0,0.0,0.0,0.0,0.0,0.0,conservative
D45BME,0.1106393201108889,0.23049858356435185,0.0,0.1106393201108889,low,11673.2062095968,0.0261669209444444,471.004577,17528.995423,18000.0,0.9738330790555556,0.032708651180555555,0.9738330790555556,0.0,0.0,0.0,0.0,0.0,0.0,0.0,0.0,0.0,0.0,0.0,0.0,0.0,conservative
W43BEE,0.11171062865800001,0.23273047637083333,0.0,0.11171062865800001,low,11688.633052675199,0.0055648335,100.167003,17899.832997,18000.0,0.9944351665,0.006956041874999999,0.9944351665000001,0.0,0.0,0.0,0.0,0.0,0.0,0.0,0.0,0.0,0.0,0.0,0.0,0.0,conservative
A84209D,0.05579753034666668,0.1162448548888889,0.0,0.05579753034666668,low,10883.484436992001,0.9303791933333332,16746.82548,1253.1745200000005,18000.0,0.06962080666666681,1.0,0.06962080666666669,0.0,0.0,0.0,0.0,0.0,0.0,0.0,0.0,0.0,0.0,0.0,0.0,0.0,conservative
M30AFK,0.10668796017600003,0.22226658370000005,0.0,0.10668796017600003,low,11616.3066265344,0.1021546119999999,1838.783016,16161.216984,18000.0,0.8978453880000001,0.127693265,0.897845388,0.0,0.0,0.0,0.0,0.0,0.0,0.0,0.0,0.0,0.0,0.0,0.0,0.0,conservative
CR5838,-0.2027364138666667,-0.4223675288888889,0.0,-0.2027364138666667,low,7160.59564032,4.917756466666667,88519.6164,0.0,18000.0,-3.917756466666667,1.0,0.0,0.0,0.0,0.0,0.0,0.0,0.0,0.0,0.0,0.0,0.0,0.0,0.0,0.0,conservative
NSG8670,0.11007556239111113,0.22932408831481485,0.0,0.11007556239111113,low,11665.088098432001,0.0370084155555555,666.15148,17333.84852,18000.0,0.9629915844444445,0.046260519444444446,0.9629915844444444,0.0,0.0,0.0,0.0,0.0,0.0,0.0,0.0,0.0,0.0,0.0,0.0,0.0,conservative
L89ADJ,0.0996184440628889,0.20753842513101853,0.0,0.0996184440628889,low,11514.505594505601,0.2381068449444444,4285.923209,13714.076791,18000.0,0.7618931550555557,0.29763355618055554,0.7618931550555555,0.0,0.0,0.0,0.0,0.0,0.0,0.0,0.0,0.0,0.0,0.0,0.0,0.0,conservative
A01905A,0.06818846367999999,0.14205929933333333,0.0,0.06818846367999999,low,11061.913876992,0.81974586,14755.42548,3244.57452,18000.0,0.18025413999999995,1.0,0.18025414,0.0,0.0,0.0,0.0,0.0,0.0,0.0,0.0,0.0,0.0,0.0,0.0,0.0,conservative
NCH8736,0.10880262174666665,0.22667212863888886,0.0,0.10880262174666665,low,11646.757753152,0.0614880433333333,1106.7847800000002,16893.21522,18000.0,0.9385119566666666,0.07686005416666668,0.9385119566666665,0.0,0.0,0.0,0.0,0.0,0.0,0.0,0.0,0.0,0.0,0.0,0.0,0.0,conservative
PDE4380,0.10788073547111111,0.22475153223148148,0.0,0.10788073547111111,low,11633.482590783999,0.0792166255555555,1425.89926,16574.10074,18000.0,0.9207833744444445,0.09902078194444444,0.9207833744444446,0.0,0.0,0.0,0.0,0.0,0.0,0.0,0.0,0.0,0.0,0.0,0.0,0.0,conservative
A03991A,0.07922559700533334,0.16505332709444445,0.0,0.07922559700533334,low,11220.8485968768,0.6302769806666666,11344.985652,6655.014348000001,18000.0,0.3697230193333334,0.7878462258333333,0.36972301933333335,0.0,0.0,0.0,0.0,0.0,0.0,0.0,0.0,0.0,0.0,0.0,0.0,0.0,conservative
PCK8847,0.09450264457466667,0.19688050953055555,0.0,0.09450264457466667,low,11440.8380818752,0.3364876043333333,6056.776878,11943.223122,18000.0,0.6635123956666666,0.42060950541666664,0.6635123956666666,0.0,0.0,0.0,0.0,0.0,0.0,0.0,0.0,0.0,0.0,0.0,0.0,0.0,conservative
A00865A,0.07412838555555555,0.15443413657407407,0.0,0.07412838555555555,low,11147.448752,0.7283002777777777,13109.405,4890.594999999999,18000.0,0.2716997222222223,0.9103753472222222,0.27169972222222216,0.0,0.0,0.0,0.0,0.0,0.0,0.0,0.0,0.0,0.0,0.0,0.0,0.0,conservative
NYX6756,0.09747684329711112,0.2030767568689815,0.0,0.09747684329711112,low,11483.6665434784,0.2792914750555555,5027.246551,12972.753449,18000.0,0.7207085249444445,0.34911434381944445,0.7207085249444445,0.0,0.0,0.0,0.0,0.0,0.0,0.0,0.0,0.0,0.0,0.0,0.0,0.0,conservative
MKH203A,0.09095558411463554,0.18949080023882406,0.0,0.09095558411463554,low,11389.760411250752,0.4047003054877778,7284.605498780001,10715.394501219998,18000.0,0.5952996945122222,0.5058753818597223,0.5952996945122221,0.0,0.0,0.0,0.0,0.0,0.0,0.0,0.0,0.0,0.0,0.0,0.0,0.0,conservative
NWH8687,0.1115604177197778,0.23241753691620373,0.0,0.1115604177197778,low,11686.4700151648,0.0084535053888888,152.163097,17847.836903,18000.0,0.9915464946111112,0.010566881736111111,0.9915464946111111,0.0,0.0,0.0,0.0,0.0,0.0,0.0,0.0,0.0,0.0,0.0,0.0,0.0,conservative
T47BEC,0.11166664464,0.232638843,0.0,0.11166664464,low,11687.999682816,0.0064106799999999,115.39224,17884.60776,18000.0,0.9935893200000001,0.00801335,0.9935893199999999,0.0,0.0,0.0,0.0,0.0,0.0,0.0,0.0,0.0,0.0,0.0,0.0,0.0,conservative
LC33624,0.08310982380373334,0.1731454662577778,0.0,0.08310982380373334,low,11276.78146277376,0.5555803114666666,10000.4456064,7999.554393599999,18000.0,0.44441968853333336,0.6944753893333334,0.44441968853333325,0.0,0.0,0.0,0.0,0.0,0.0,0.0,0.0,0.0,0.0,0.0,0.0,0.0,conservative
LSC039A,0.1115444820511111,0.23238433760648147,0.0,0.1115444820511111,low,11686.240541536,0.0087599605555555,157.67928999999998,17842.32071,18000.0,0.9912400394444445,0.010949950694444443,0.9912400394444444,0.0,0.0,0.0,0.0,0.0,0.0,0.0,0.0,0.0,0.0,0.0,0.0,0.0,conservative
NDA827B,0.08250741677080001,0.17189045160583336,0.0,0.08250741677080001,low,11268.10680149952,0.5671650621000001,10208.971117800002,7791.028882199998,18000.0,0.43283493789999994,0.7089563276250002,0.43283493789999994,0.0,0.0,0.0,0.0,0.0,0.0,0.0,0.0,0.0,0.0,0.0,0.0,0.0,conservative
A00253A,0.0838800637111111,0.17475013273148146,0.0,0.0838800637111111,low,11287.87291744,0.5407680055555556,9733.8241,8266.1759,18000.0,0.4592319944444444,0.6759600069444445,0.45923199444444446,0.0,0.0,0.0,0.0,0.0,0.0,0.0,0.0,0.0,0.0,0.0,0.0,0.0,conservative
PCM9650,0.10924666826733336,0.22759722555694448,0.0,0.10924666826733336,low,11653.1520230496,0.0529486871666666,953.076369,17046.923631,18000.0,0.9470513128333334,0.06618585895833333,0.9470513128333334,0.0,0.0,0.0,0.0,0.0,0.0,0.0,0.0,0.0,0.0,0.0,0.0,0.0,conservative
NEE554A,0.09754623200466668,0.2032213166763889,0.0,0.09754623200466668,low,11484.665740867202,0.2779570768333333,5003.227383,12996.772617,18000.0,0.7220429231666667,0.3474463460416667,0.7220429231666667,0.0,0.0,0.0,0.0,0.0,0.0,0.0,0.0,0.0,0.0,0.0,0.0,0.0,conservative
A2175A,0.10853675150133335,0.22611823229444447,0.0,0.10853675150133335,low,11642.9292216192,0.0666009326666666,1198.816788,16801.183212,18000.0,0.9333990673333334,0.08325116583333333,0.9333990673333333,0.0,0.0,0.0,0.0,0.0,0.0,0.0,0.0,0.0,0.0,0.0,0.0,0.0,conservative
A05247A,0.07448608022333333,0.1551793337986111,0.0,0.07448608022333333,low,11152.599555216,0.7214215341666667,12985.587615,5014.412385,18000.0,0.27857846583333334,0.9017769177083333,0.2785784658333333,0.0,0.0,0.0,0.0,0.0,0.0,0.0,0.0,0.0,0.0,0.0,0.0,0.0,conservative
1800827,0.11001269062111112,0.22919310546064817,0.0,0.11001269062111112,low,11664.182744944,0.0382174880555555,687.9147849999999,17312.085215,18000.0,0.9617825119444445,0.04777186006944444,0.9617825119444444,0.0,0.0,0.0,0.0,0.0,0.0,0.0,0.0,0.0,0.0,0.0,0.0,0.0,conservative
LRV397A,0.09706774708,0.20222447308333336,0.0,0.09706774708,low,11477.775557952,0.28715871,5168.85678,12831.14322,18000.0,0.7128412900000001,0.3589483875,0.71284129,0.0,0.0,0.0,0.0,0.0,0.0,0.0,0.0,0.0,0.0,0.0,0.0,0.0,conservative
NJT3798,0.11150060156222225,0.23229291992129633,0.0,0.11150060156222225,low,11685.608662496,0.0096038161111111,172.86869,17827.13131,18000.0,0.990396183888889,0.012004770138888888,0.990396183888889,0.0,0.0,0.0,0.0,0.0,0.0,0.0,0.0,0.0,0.0,0.0,0.0,0.0,conservative
X91BEH,0.11019094001999999,0.22956445837499997,0.0,0.11019094001999999,low,11666.749536288,0.034789615,626.21307,17373.78693,18000.0,0.965210385,0.04348701875,0.9652103849999999,0.0,0.0,0.0,0.0,0.0,0.0,0.0,0.0,0.0,0.0,0.0,0.0,0.0,conservative
B49AGZ,0.11147925440666669,0.23224844668055558,0.0,0.11147925440666669,low,11685.301263456,0.0100143383333333,180.25809,17819.74191,18000.0,0.9899856616666667,0.012517922916666667,0.9899856616666667,0.0,0.0,0.0,0.0,0.0,0.0,0.0,0.0,0.0,0.0,0.0,0.0,0.0,conservative
P0320,0.09539084348222222,0.1987309239212963,0.0,0.09539084348222222,low,11453.628146144001,0.3194068561111111,5749.32341,12250.67659,18000.0,0.6805931438888889,0.3992585701388889,0.6805931438888888,0.0,0.0,0.0,0.0,0.0,0.0,0.0,0.0,0.0,0.0,0.0,0.0,0.0,conservative
A04128A,0.08359767064971332,0.17416181385356944,0.0,0.08359767064971332,low,11283.806457355873,0.5461986413516667,9831.57554433,8168.42445567,18000.0,0.45380135864833326,0.6827483016895833,0.4538013586483333,0.0,0.0,0.0,0.0,0.0,0.0,0.0,0.0,0.0,0.0,0.0,0.0,0.0,conservative
A7861D,0.11162602328,0.23255421516666663,0.0,0.11162602328,low,11687.414735232,0.00719186,129.45348,17870.54652,18000.0,0.99280814,0.008989825000000002,0.99280814,0.0,0.0,0.0,0.0,0.0,0.0,0.0,0.0,0.0,0.0,0.0,0.0,0.0,conservative
P801079,0.11018243570888889,0.22954674106018516,0.0,0.11018243570888889,low,11666.627074208,0.0349531594444444,629.15687,17370.84313,18000.0,0.9650468405555556,0.04369144930555556,0.9650468405555556,0.0,0.0,0.0,0.0,0.0,0.0,0.0,0.0,0.0,0.0,0.0,0.0,0.0,conservative
A9933G,0.11106116602311113,0.23137742921481483,0.0,0.11106116602311113,low,11679.2807907328,0.0180544995555555,324.980992,17675.019008,18000.0,0.9819455004444445,0.022568124444444445,0.9819455004444444,0.0,0.0,0.0,0.0,0.0,0.0,0.0,0.0,0.0,0.0,0.0,0.0,0.0,conservative
NNY176A,0.08516558013233333,0.1774282919423611,0.0,0.08516558013233333,low,11306.3843539056,0.5160465359166668,9288.837646500002,8711.162353499998,18000.0,0.4839534640833332,0.6450581698958334,0.48395346408333323,0.0,0.0,0.0,0.0,0.0,0.0,0.0,0.0,0.0,0.0,0.0,0.0,0.0,conservative
ECA312,0.07106005516777777,0.14804178159953704,0.0,0.07106005516777777,low,11103.264794416,0.7873066313888889,14171.519365,3828.480635,18000.0,0.2126933686111111,0.9841332892361111,0.2126933686111111,0.0,0.0,0.0,0.0,0.0,0.0,0.0,0.0,0.0,0.0,0.0,0.0,0.0,conservative
A3315E,0.11149661142888888,0.2322846071435185,0.0,0.11149661142888888,low,11685.551204576,0.0096805494444444,174.24989,17825.75011,18000.0,0.9903194505555556,0.012100686805555556,0.9903194505555556,0.0,0.0,0.0,0.0,0.0,0.0,0.0,0.0,0.0,0.0,0.0,0.0,0.0,conservative
A29015E,0.05038572264000001,0.10497025550000001,0.0,0.05038572264000001,low,10805.554406016,0.978698905,17616.580289999998,383.41971000000194,18000.0,0.021301094999999992,1.0,0.021301095000000107,0.0,0.0,0.0,0.0,0.0,0.0,0.0,0.0,0.0,0.0,0.0,0.0,0.0,conservative
701TL011C,0.05358177599466668,0.11162869998888891,0.0,0.05358177599466668,low,10851.5775743232,0.9501627143333332,17102.928858,897.0711420000007,18000.0,0.049837285666666786,1.0,0.0498372856666667,0.0,0.0,0.0,0.0,0.0,0.0,0.0,0.0,0.0,0.0,0.0,0.0,0.0,conservative
FVV484A,0.11169572691688891,0.23269943107685187,0.0,0.11169572691688891,low,11688.4184676032,0.0058514054444444,105.325298,17894.674702,18000.0,0.9941485945555556,0.007314256805555556,0.9941485945555556,0.0,0.0,0.0,0.0,0.0,0.0,0.0,0.0,0.0,0.0,0.0,0.0,0.0,conservative
NZT6199,0.09808335716755555,0.2043403274324074,0.0,0.09808335716755555,low,11492.400343212801,0.2676277467777777,4817.299442,13182.700558,18000.0,0.7323722532222223,0.33453468347222226,0.7323722532222222,0.0,0.0,0.0,0.0,0.0,0.0,0.0,0.0,0.0,0.0,0.0,0.0,0.0,conservative
A0576E,0.09463067695822223,0.19714724366296296,0.0,0.09463067695822223,low,11442.6817481984,0.3340254431111111,6012.457976,11987.542024,18000.0,0.6659745568888888,0.4175318038888889,0.665974556888889,0.0,0.0,0.0,0.0,0.0,0.0,0.0,0.0,0.0,0.0,0.0,0.0,0.0,conservative
A05501A,0.05791585719824,0.12065803582966667,0.0,0.05791585719824,low,10913.988343654657,0.91146556073,16406.38009314,1593.61990686,18000.0,0.08853443927000004,1.0,0.08853443927,0.0,0.0,0.0,0.0,0.0,0.0,0.0,0.0,0.0,0.0,0.0,0.0,0.0,conservative
330C,0.06323006706666666,0.13172930638888888,0.0,0.06323006706666666,low,10990.51296576,0.8640172583333333,15552.31065,2447.689350000001,18000.0,0.13598274166666668,1.0,0.1359827416666667,0.0,0.0,0.0,0.0,0.0,0.0,0.0,0.0,0.0,0.0,0.0,0.0,0.0,conservative
A5208G,0.10222329878000001,0.21296520579166667,0.0,0.10222329878000001,low,11552.015502432001,0.188013485,3384.24273,14615.75727,18000.0,0.811986515,0.23501685625,0.811986515,0.0,0.0,0.0,0.0,0.0,0.0,0.0,0.0,0.0,0.0,0.0,0.0,0.0,conservative
A04251A,0.07660132602266667,0.15958609588055558,0.0,0.07660132602266667,low,11183.059094726399,0.6807437303333334,12253.387146,5746.612854000001,18000.0,0.31925626966666665,0.8509296629166666,0.3192562696666667,0.0,0.0,0.0,0.0,0.0,0.0,0.0,0.0,0.0,0.0,0.0,0.0,0.0,conservative
V45ALS,0.11114812077555555,0.23155858494907408,0.0,0.11114812077555555,low,11680.532939168,0.0163822927777777,294.88127,17705.11873,18000.0,0.9836177072222223,0.02047786597222222,0.9836177072222221,0.0,0.0,0.0,0.0,0.0,0.0,0.0,0.0,0.0,0.0,0.0,0.0,0.0,conservative
4000009,0.1088893746148889,0.22685286378101854,0.0,0.1088893746148889,low,11648.006994454401,0.0598197189444444,1076.754941,16923.245059,18000.0,0.9401802810555556,0.07477464868055556,0.9401802810555556,0.0,0.0,0.0,0.0,0.0,0.0,0.0,0.0,0.0,0.0,0.0,0.0,0.0,conservative
NXR1067,0.09695727794777778,0.20199432905787038,0.0,0.09695727794777778,low,11476.184802447999,0.2892831163888889,5207.096095000001,12792.903905,18000.0,0.7107168836111111,0.36160389548611116,0.7107168836111111,0.0,0.0,0.0,0.0,0.0,0.0,0.0,0.0,0.0,0.0,0.0,0.0,0.0,conservative
A7563G,0.330858448,0.2297628111111111,0.0,0.330858448,high,23336.2411008,0.0329586666666666,593.256,17406.744,18000.0,0.9670413333333334,0.04119833333333333,0.9670413333333333,0.0,0.0,0.0,0.0,0.0,0.0,0.0,0.0,0.0,0.0,0.0,0.0,0.0,aggressive
A7874H,0.2928343759486667,0.2033572055199074,0.0,0.2928343759486667,high,22971.2100091072,0.2767027182777777,4980.648929,13019.351071,18000.0,0.7232972817222223,0.34587839784722224,0.7232972817222222,0.0,0.0,0.0,0.0,0.0,0.0,0.0,0.0,0.0,0.0,0.0,0.0,0.0,aggressive
CR5860,0.18087979008000005,0.12561096533333335,0.0,0.18087979008000005,high,21896.445984767997,0.8902387199999999,16024.29696,1975.7030400000003,18000.0,0.10976128000000007,1.0,0.10976128000000002,0.0,0.0,0.0,0.0,0.0,0.0,0.0,0.0,0.0,0.0,0.0,0.0,0.0,aggressive
A02018A,0.2547390046,0.17690208652777775,0.0,0.2547390046,high,22605.494444160002,0.5209038166666667,9376.2687,8623.7313,18000.0,0.47909618333333326,0.6511297708333333,0.4790961833333333,0.0,0.0,0.0,0.0,0.0,0.0,0.0,0.0,0.0,0.0,0.0,0.0,0.0,aggressive
L37AZX,0.3342899601533334,0.23214580566203705,0.0,0.3342899601533334,high,23369.183617472,0.0109617938888888,197.31229,17802.68771,18000.0,0.9890382061111112,0.01370224236111111,0.989038206111111,0.0,0.0,0.0,0.0,0.0,0.0,0.0,0.0,0.0,0.0,0.0,0.0,0.0,aggressive
PCD3001,0.28295463056666664,0.19649627122685184,0.0,0.28295463056666664,high,22876.364453439997,0.3400344194444444,6120.619549999999,11879.38045,18000.0,0.6599655805555555,0.4250430243055555,0.6599655805555555,0.0,0.0,0.0,0.0,0.0,0.0,0.0,0.0,0.0,0.0,0.0,0.0,0.0,aggressive
A04305A,0.27843080644800006,0.1933547267,0.0,0.27843080644800006,high,22832.9357419008,0.3690332919999999,6642.599256,11357.400744,18000.0,0.6309667080000001,0.46129161500000004,0.630966708,0.0,0.0,0.0,0.0,0.0,0.0,0.0,0.0,0.0,0.0,0.0,0.0,0.0,aggressive
A23350E,0.11976765845333341,0.08317198503703709,0.0,0.11976765845333341,high,21309.769521152,1.126210112222222,20271.78202,0.0,18000.0,-0.1262101122222219,1.0,0.0,0.0,0.0,0.0,0.0,0.0,0.0,0.0,0.0,0.0,0.0,0.0,0.0,0.0,aggressive
Y01BBX,0.33470665782000003,0.23243517904166666,0.0,0.33470665782000003,high,23373.183915072,0.008290655,149.23179,17850.76821,18000.0,0.991709345,0.01036331875,0.991709345,0.0,0.0,0.0,0.0,0.0,0.0,0.0,0.0,0.0,0.0,0.0,0.0,0.0,aggressive
LUP764B,0.2839692819706667,0.1972008902574074,0.0,0.2839692819706667,high,22886.1051069184,0.3335302437777778,6003.544388,11996.455612,18000.0,0.6664697562222222,0.41691280472222225,0.6664697562222222,0.0,0.0,0.0,0.0,0.0,0.0,0.0,0.0,0.0,0.0,0.0,0.0,0.0,aggressive
NFW3006,0.29272350648,0.20328021283333333,0.0,0.29272350648,high,22970.145662208,0.2774134199999999,4993.441559999999,13006.55844,18000.0,0.7225865800000001,0.34676677499999997,0.7225865800000001,0.0,0.0,0.0,0.0,0.0,0.0,0.0,0.0,0.0,0.0,0.0,0.0,0.0,aggressive
A8675A,0.33414178962000013,0.2320429094583334,0.0,0.33414178962000013,high,23367.761180351998,0.0119116049999999,214.40889,17785.59111,18000.0,0.9880883950000001,0.01488950625,0.9880883950000001,0.0,0.0,0.0,0.0,0.0,0.0,0.0,0.0,0.0,0.0,0.0,0.0,0.0,aggressive
A7878L,0.33434720782000005,0.23218556098611112,0.0,0.33434720782000005,high,23369.733195072,0.0105948216666666,190.70679,17809.29321,18000.0,0.9894051783333334,0.013243527083333335,0.9894051783333333,0.0,0.0,0.0,0.0,0.0,0.0,0.0,0.0,0.0,0.0,0.0,0.0,0.0,aggressive
A24616E,0.12899122880000005,0.08957724222222224,0.0,0.12899122880000005,high,21398.31579648,1.078170683333333,19407.0723,0.0,18000.0,-0.0781706833333331,1.0,0.0,0.0,0.0,0.0,0.0,0.0,0.0,0.0,0.0,0.0,0.0,0.0,0.0,0.0,aggressive
A3358A,0.32489916052733336,0.22562441703287037,0.0,0.32489916052733336,high,23279.031941062403,0.0711592273888889,1280.866093,16719.133907,18000.0,0.9288407726111111,0.08894903423611111,0.9288407726111111,0.0,0.0,0.0,0.0,0.0,0.0,0.0,0.0,0.0,0.0,0.0,0.0,0.0,aggressive
CR5899,0.13577388492800002,0.09428742008888889,0.0,0.13577388492800002,high,21463.4292953088,1.0428443493333333,18771.198288,0.0,18000.0,-0.042844349333333254,1.0,0.0,0.0,0.0,0.0,0.0,0.0,0.0,0.0,0.0,0.0,0.0,0.0,0.0,0.0,aggressive
A3151A,0.3345407882026667,0.2323199918074074,0.0,0.3345407882026667,high,23371.5915667456,0.0093539217777777,168.370592,17831.629408,18000.0,0.9906460782222223,0.01169240222222222,0.9906460782222223,0.0,0.0,0.0,0.0,0.0,0.0,0.0,0.0,0.0,0.0,0.0,0.0,0.0,aggressive
T07BAW,0.33422020126933333,0.2320973619925926,0.0,0.33422020126933333,high,23368.513932185597,0.0114089662222222,205.361392,17794.638608,18000.0,0.9885910337777778,0.014261207777777778,0.9885910337777778,0.0,0.0,0.0,0.0,0.0,0.0,0.0,0.0,0.0,0.0,0.0,0.0,0.0,aggressive
NAE825A,0.31914251294666673,0.22162674510185187,0.0,0.31914251294666673,high,23223.768124288003,0.1080608144444444,1945.09466,16054.90534,18000.0,0.8919391855555556,0.13507601805555555,0.8919391855555555,0.0,0.0,0.0,0.0,0.0,0.0,0.0,0.0,0.0,0.0,0.0,0.0,0.0,aggressive
A05012A,0.19231238363018663,0.13355026640985182,0.0,0.19231238363018663,high,22006.198882849792,0.8562131439577778,15411.83659124,2588.16340876,18000.0,0.1437868560422222,1.0,0.14378685604222222,0.0,0.0,0.0,0.0,0.0,0.0,0.0,0.0,0.0,0.0,0.0,0.0,0.0,aggressive
NZT6199,0.2942500715026667,0.2043403274324074,0.0,0.2942500715026667,high,22984.800686425602,0.2676277467777777,4817.299442,13182.700558,18000.0,0.7323722532222223,0.33453468347222226,0.7323722532222222,0.0,0.0,0.0,0.0,0.0,0.0,0.0,0.0,0.0,0.0,0.0,0.0,0.0,aggressive
A266JME,0.28080277909,0.19500192992361112,0.0,0.28080277909,high,22855.706679263996,0.3538283391666666,6368.910105,11631.089895,18000.0,0.6461716608333334,0.4422854239583333,0.6461716608333333,0.0,0.0,0.0,0.0,0.0,0.0,0.0,0.0,0.0,0.0,0.0,0.0,0.0,aggressive
NYX9511,0.28133399029866674,0.19537082659629632,0.0,0.28133399029866674,high,22860.8063068672,0.3504231391111111,6307.616504,11692.383496,18000.0,0.6495768608888889,0.43802892388888887,0.6495768608888889,0.0,0.0,0.0,0.0,0.0,0.0,0.0,0.0,0.0,0.0,0.0,0.0,0.0,aggressive
A8944C,0.3107609227686667,0.2158061963671296,0.0,0.3107609227686667,high,23143.3048585792,0.1617889566111111,2912.201219,15087.798781,18000.0,0.838211043388889,0.2022361957638889,0.8382110433888889,0.0,0.0,0.0,0.0,0.0,0.0,0.0,0.0,0.0,0.0,0.0,0.0,0.0,aggressive
MXG194A,0.3296365367293334,0.22891426161759262,0.0,0.3296365367293334,high,23324.5107526016,0.0407914312222222,734.245762,17265.754238,18000.0,0.9592085687777778,0.05098928902777778,0.9592085687777778,0.0,0.0,0.0,0.0,0.0,0.0,0.0,0.0,0.0,0.0,0.0,0.0,0.0,aggressive
1804586,0.3342680290926667,0.23213057575879628,0.0,0.3342680290926667,high,23368.9730792896,0.0111023776111111,199.842797,17800.157203,18000.0,0.9888976223888889,0.013877972013888889,0.9888976223888888,0.0,0.0,0.0,0.0,0.0,0.0,0.0,0.0,0.0,0.0,0.0,0.0,0.0,aggressive
LYX364A,0.28361904540000005,0.19695767041666667,0.0,0.28361904540000005,high,22882.742835840003,0.33577535,6043.9563,11956.0437,18000.0,0.66422465,0.4197191875,0.66422465,0.0,0.0,0.0,0.0,0.0,0.0,0.0,0.0,0.0,0.0,0.0,0.0,0.0,aggressive
A114JLB,0.28957488659,0.20109367124305555,0.0,0.28957488659,high,22939.918911264,0.2975968808333333,5356.743855,12643.256145,18000.0,0.7024031191666666,0.37199610104166664,0.7024031191666666,0.0,0.0,0.0,0.0,0.0,0.0,0.0,0.0,0.0,0.0,0.0,0.0,0.0,aggressive
PAX7437,0.28151375260000006,0.19549566152777778,0.0,0.28151375260000006,high,22862.53202496,0.3492708166666666,6286.874699999999,11713.1253,18000.0,0.6507291833333334,0.43658852083333327,0.6507291833333333,0.0,0.0,0.0,0.0,0.0,0.0,0.0,0.0,0.0,0.0,0.0,0.0,0.0,aggressive
NUT6571,0.33102173249800004,0.22987620312361112,0.0,0.33102173249800004,high,23337.808631980803,0.0319119711666666,574.415481,17425.584519,18000.0,0.9680880288333334,0.03988996395833333,0.9680880288333333,0.0,0.0,0.0,0.0,0.0,0.0,0.0,0.0,0.0,0.0,0.0,0.0,0.0,aggressive
NEE554A,0.29263869601400005,0.2032213166763889,0.0,0.29263869601400005,high,22969.331481734403,0.2779570768333333,5003.227383,12996.772617,18000.0,0.7220429231666667,0.3474463460416667,0.7220429231666667,0.0,0.0,0.0,0.0,0.0,0.0,0.0,0.0,0.0,0.0,0.0,0.0,0.0,aggressive
CR5852,-0.9430643519786668,-0.6549057999851852,0.0,-0.9430643519786668,high,11106.582221004799,6.661793499888889,119912.282998,0.0,18000.0,-5.661793499888889,1.0,0.0,0.0,0.0,0.0,0.0,0.0,0.0,0.0,0.0,0.0,0.0,0.0,0.0,0.0,aggressive
RA000224,-1.7190398556565336,-1.1937776775392595,0.0,-1.7190398556565336,high,3657.2173856972763,10.703332581544446,192659.9864678,0.0,18000.0,-9.703332581544446,1.0,0.0,0.0,0.0,0.0,0.0,0.0,0.0,0.0,0.0,0.0,0.0,0.0,0.0,0.0,aggressive
T99AZF,0.3327763815066667,0.23109470937962964,0.0,0.3327763815066667,high,23354.653262464,0.0206642211111111,371.95598,17628.04402,18000.0,0.9793357788888889,0.02583027638888889,0.979335778888889,0.0,0.0,0.0,0.0,0.0,0.0,0.0,0.0,0.0,0.0,0.0,0.0,0.0,aggressive
A05410A,0.15928738762133332,0.11061624140370369,0.0,0.15928738762133332,high,21689.1589211648,0.9545018225555556,17181.032806,818.9671940000007,18000.0,0.0454981774444444,1.0,0.04549817744444449,0.0,0.0,0.0,0.0,0.0,0.0,0.0,0.0,0.0,0.0,0.0,0.0,0.0,aggressive
NWY3792,0.28887459775400004,0.2006073595513889,0.0,0.28887459775400004,high,22933.1961384384,0.3020859118333333,5437.546413,12562.453587,18000.0,0.6979140881666668,0.3776073897916667,0.6979140881666667,0.0,0.0,0.0,0.0,0.0,0.0,0.0,0.0,0.0,0.0,0.0,0.0,0.0,aggressive
J75AUP,0.3329150793733335,0.23119102734259264,0.0,0.3329150793733335,high,23355.984761984,0.0197751322222222,355.95237999999995,17644.04762,18000.0,0.9802248677777778,0.024718915277777774,0.9802248677777778,0.0,0.0,0.0,0.0,0.0,0.0,0.0,0.0,0.0,0.0,0.0,0.0,0.0,aggressive
A01202A,0.3039439058,0.21107215680555558,0.0,0.3039439058,high,23077.86149568,0.2054877833333333,3698.7801,14301.2199,18000.0,0.7945122166666667,0.25685972916666666,0.7945122166666667,0.0,0.0,0.0,0.0,0.0,0.0,0.0,0.0,0.0,0.0,0.0,0.0,0.0,aggressive
MXM893A,0.29857005793533337,0.20734031801064814,0.0,0.29857005793533337,high,23026.272556179203,0.2399355260555555,4318.839469,13681.160531,18000.0,0.7600644739444445,0.2999194075694444,0.7600644739444444,0.0,0.0,0.0,0.0,0.0,0.0,0.0,0.0,0.0,0.0,0.0,0.0,0.0,aggressive
A0604A,0.32039090979333334,0.22249368735648148,0.0,0.32039090979333334,high,23235.752734016,0.1000582705555555,1801.04887,16198.95113,18000.0,0.8999417294444445,0.12507283819444445,0.8999417294444444,0.0,0.0,0.0,0.0,0.0,0.0,0.0,0.0,0.0,0.0,0.0,0.0,0.0,aggressive
A77634D,0.19066823716800005,0.13240849803333335,0.0,0.19066823716800005,high,21990.415076812802,0.861106437,15499.915866,2500.0841340000006,18000.0,0.138893563,1.0,0.13889356300000003,0.0,0.0,0.0,0.0,0.0,0.0,0.0,0.0,0.0,0.0,0.0,0.0,0.0,aggressive
A7876M,0.2906284948253334,0.20182534362870372,0.0,0.2906284948253334,high,22950.033550323198,0.2908429818888889,5235.173674000001,12764.826326,18000.0,0.7091570181111111,0.36355372736111113,0.7091570181111111,0.0,0.0,0.0,0.0,0.0,0.0,0.0,0.0,0.0,0.0,0.0,0.0,0.0,aggressive
NWT2578,0.29039055744600006,0.2016601093375,0.0,0.29039055744600006,high,22947.7493514816,0.2923682214999999,5262.627987,12737.372013,18000.0,0.7076317785000001,0.365460276875,0.7076317785,0.0,0.0,0.0,0.0,0.0,0.0,0.0,0.0,0.0,0.0,0.0,0.0,0.0,aggressive
A3083D,0.3332310469733334,0.23141044928703705,0.0,0.3332310469733334,high,23359.018050944,0.0177496988888888,319.49458000000004,17680.50542,18000.0,0.9822503011111112,0.022187123611111113,0.9822503011111112,0.0,0.0,0.0,0.0,0.0,0.0,0.0,0.0,0.0,0.0,0.0,0.0,0.0,aggressive
A7606J,0.32900259688600014,0.22847402561527783,0.0,0.32900259688600014,high,23318.4249301056,0.0448551481666666,807.392667,17192.607333,18000.0,0.9551448518333334,0.05606893520833333,0.9551448518333333,0.0,0.0,0.0,0.0,0.0,0.0,0.0,0.0,0.0,0.0,0.0,0.0,0.0,aggressive
NYE3957,0.29712289316,0.2063353424722222,0.0,0.29712289316,high,23012.379774336,0.2492122233333333,4485.82002,13514.17998,18000.0,0.7507877766666667,0.31151527916666666,0.7507877766666667,0.0,0.0,0.0,0.0,0.0,0.0,0.0,0.0,0.0,0.0,0.0,0.0,0.0,aggressive
CR5733,-0.5822128564266666,-0.4043144836296296,0.0,-0.5822128564266666,high,14570.756578304003,4.782358627222222,86082.45529,0.0,18000.0,-3.782358627222222,1.0,0.0,0.0,0.0,0.0,0.0,0.0,0.0,0.0,0.0,0.0,0.0,0.0,0.0,0.0,aggressive
H34AEZ,0.27698521749800004,0.19235084548472225,0.0,0.27698521749800004,high,22819.0580879808,0.3782998878333333,6809.397980999999,11190.602019000002,18000.0,0.6217001121666668,0.4728748597916666,0.6217001121666668,0.0,0.0,0.0,0.0,0.0,0.0,0.0,0.0,0.0,0.0,0.0,0.0,0.0,aggressive
A00300A,0.2324228804666667,0.16140477810185186,0.0,0.2324228804666667,high,22391.259652480003,0.6639558944444444,11951.2061,6048.793900000001,18000.0,0.33604410555555564,0.8299448680555556,0.3360441055555556,0.0,0.0,0.0,0.0,0.0,0.0,0.0,0.0,0.0,0.0,0.0,0.0,0.0,aggressive
A1178C,0.334806167568,0.23250428303333334,0.0,0.334806167568,high,23374.139208652803,0.007652772,137.749896,17862.250104,18000.0,0.992347228,0.009565965000000001,0.992347228,0.0,0.0,0.0,0.0,0.0,0.0,0.0,0.0,0.0,0.0,0.0,0.0,0.0,aggressive
A0022K,0.32286788429333335,0.224213808537037,0.0,0.32286788429333335,high,23259.531689216,0.0841802288888888,1515.2441199999998,16484.75588,18000.0,0.9158197711111112,0.1052252861111111,0.9158197711111111,0.0,0.0,0.0,0.0,0.0,0.0,0.0,0.0,0.0,0.0,0.0,0.0,0.0,aggressive
A04692A,0.21481767853529332,0.14917894342728702,0.0,0.21481767853529332,high,22222.249713938814,0.7768097529788889,13982.57555362,4017.424446380001,18000.0,0.22319024702111112,0.971012191223611,0.22319024702111118,0.0,0.0,0.0,0.0,0.0,0.0,0.0,0.0,0.0,0.0,0.0,0.0,0.0,aggressive
A01937A,0.22562482340000004,0.15668390513888888,0.0,0.22562482340000004,high,22325.99830464,0.7075331833333334,12735.5973,5264.402700000001,18000.0,0.29246681666666663,0.8844164791666667,0.2924668166666667,0.0,0.0,0.0,0.0,0.0,0.0,0.0,0.0,0.0,0.0,0.0,0.0,0.0,aggressive
MJV798B,0.33297359324000003,0.23123166197222222,0.0,0.33297359324000003,high,23356.546495104,0.0194000433333333,349.20078,17650.79922,18000.0,0.9805999566666667,0.024250054166666667,0.9805999566666667,0.0,0.0,0.0,0.0,0.0,0.0,0.0,0.0,0.0,0.0,0.0,0.0,0.0,aggressive
NZG6214,0.3216710984,0.22338270722222223,0.0,0.3216710984,high,23248.04254464,0.0918519333333333,1653.3348,16346.6652,18000.0,0.9081480666666667,0.11481491666666667,0.9081480666666666,0.0,0.0,0.0,0.0,0.0,0.0,0.0,0.0,0.0,0.0,0.0,0.0,0.0,aggressive
A00091A,0.2693520125333333,0.1870500087037037,0.0,0.2693520125333333,high,22745.779320319998,0.4272306888888888,7690.152399999999,10309.8476,18000.0,0.5727693111111112,0.534038361111111,0.5727693111111111,0.0,0.0,0.0,0.0,0.0,0.0,0.0,0.0,0.0,0.0,0.0,0.0,0.0,aggressive
A05292A,0.22897105931466666,0.15900768007962962,0.0,0.22897105931466666,high,22358.1221694208,0.6860829531111111,12349.493156,5650.506844,18000.0,0.3139170468888889,0.8576036913888889,0.3139170468888889,0.0,0.0,0.0,0.0,0.0,0.0,0.0,0.0,0.0,0.0,0.0,0.0,0.0,aggressive
LMS927B,0.28145689005400004,0.19545617364861112,0.0,0.28145689005400004,high,22861.9861445184,0.3496353201666666,6293.435763,11706.564237,18000.0,0.6503646798333333,0.43704415020833337,0.6503646798333333,0.0,0.0,0.0,0.0,0.0,0.0,0.0,0.0,0.0,0.0,0.0,0.0,0.0,aggressive
LZG813A,0.3304448671613333,0.22947560219537036,0.0,0.3304448671613333,high,23332.2707247488,0.0356098258888888,640.976866,17359.023134,18000.0,0.9643901741111112,0.04451228236111111,0.964390174111111,0.0,0.0,0.0,0.0,0.0,0.0,0.0,0.0,0.0,0.0,0.0,0.0,0.0,aggressive
PBR6692,0.28859648449,0.20041422534027778,0.0,0.28859648449,high,22930.526251104002,0.3038686891666666,5469.636404999999,12530.363595,18000.0,0.6961313108333333,0.37983586145833326,0.6961313108333333,0.0,0.0,0.0,0.0,0.0,0.0,0.0,0.0,0.0,0.0,0.0,0.0,0.0,aggressive
1708MDF054,0.33264407797600004,0.2310028319277778,0.0,0.33264407797600004,high,23353.3831485696,0.0215123206666666,387.221772,17612.778228,18000.0,0.9784876793333334,0.02689040083333333,0.9784876793333332,0.0,0.0,0.0,0.0,0.0,0.0,0.0,0.0,0.0,0.0,0.0,0.0,0.0,aggressive
NYJY115A,0.2906708371426667,0.20185474801574074,0.0,0.2906708371426667,high,22950.4400365696,0.2905715567777777,5230.288022,12769.711978,18000.0,0.7094284432222223,0.3632144459722222,0.7094284432222222,0.0,0.0,0.0,0.0,0.0,0.0,0.0,0.0,0.0,0.0,0.0,0.0,0.0,aggressive
A02262A,0.2737693579333334,0.19011760967592595,0.0,0.2737693579333334,high,22788.185836160003,0.3989143722222222,7180.4587,10819.5413,18000.0,0.6010856277777779,0.4986429652777778,0.6010856277777779,0.0,0.0,0.0,0.0,0.0,0.0,0.0,0.0,0.0,0.0,0.0,0.0,0.0,aggressive
A05356A,0.23883642899498,0.16585863124651387,0.0,0.23883642899498,high,22452.829718351808,0.6228434038783334,11211.18126981,6788.81873019,18000.0,0.37715659612166663,0.7785542548479167,0.37715659612166663,0.0,0.0,0.0,0.0,0.0,0.0,0.0,0.0,0.0,0.0,0.0,0.0,0.0,aggressive
69AY8K,0.3255674974866667,0.2260885399212963,0.0,0.3255674974866667,high,23285.447975872,0.0668750161111111,1203.75029,16796.24971,18000.0,0.9331249838888889,0.08359377013888888,0.9331249838888889,0.0,0.0,0.0,0.0,0.0,0.0,0.0,0.0,0.0,0.0,0.0,0.0,0.0,aggressive
A0465C,0.31866180778666675,0.2212929220740741,0.0,0.31866180778666675,high,23219.153354752,0.1111422577777777,2000.56064,15999.43936,18000.0,0.8888577422222224,0.13892782222222222,0.8888577422222222,0.0,0.0,0.0,0.0,0.0,0.0,0.0,0.0,0.0,0.0,0.0,0.0,0.0,aggressive
MXD895A,0.29578896830800006,0.20540900576944446,0.0,0.29578896830800006,high,22999.5740957568,0.2577630236666666,4639.734426,13360.265574,18000.0,0.7422369763333334,0.32220377958333335,0.7422369763333333,0.0,0.0,0.0,0.0,0.0,0.0,0.0,0.0,0.0,0.0,0.0,0.0,0.0,aggressive
FVV484A,0.33508718075066674,0.23269943107685187,0.0,0.33508718075066674,high,23376.8369352064,0.0058514054444444,105.325298,17894.674702,18000.0,0.9941485945555556,0.007314256805555556,0.9941485945555556,0.0,0.0,0.0,0.0,0.0,0.0,0.0,0.0,0.0,0.0,0.0,0.0,0.0,aggressive
PAZ7154,0.2864043232633334,0.19889189115509262,0.0,0.2864043232633334,high,22909.481503328003,0.3179210047222222,5722.578085,12277.421915,18000.0,0.6820789952777778,0.3974012559027778,0.6820789952777778,0.0,0.0,0.0,0.0,0.0,0.0,0.0,0.0,0.0,0.0,0.0,0.0,0.0,aggressive
370,0.32793770940000005,0.22773452041666667,0.0,0.32793770940000005,high,23308.20201024,0.0516813499999999,930.2643,17069.7357,18000.0,0.9483186500000002,0.0646016875,0.94831865,0.0,0.0,0.0,0.0,0.0,0.0,0.0,0.0,0.0,0.0,0.0,0.0,0.0,aggressive
MSP256A,0.2805968725233333,0.1948589392523148,0.0,0.2805968725233333,high,22853.729976224,0.3551482530555556,6392.668555,11607.331445,18000.0,0.6448517469444444,0.44393531631944444,0.6448517469444445,0.0,0.0,0.0,0.0,0.0,0.0,0.0,0.0,0.0,0.0,0.0,0.0,0.0,aggressive
A1805G,0.3343169914606667,0.23216457740324073,0.0,0.3343169914606667,high,23369.443118022402,0.0107885162777777,194.193293,17805.806707,18000.0,0.9892114837222223,0.013485645347222222,0.9892114837222222,0.0,0.0,0.0,0.0,0.0,0.0,0.0,0.0,0.0,0.0,0.0,0.0,0.0,aggressive
71BA4V,-1.115856868682667,-0.7749006032518521,0.0,-1.115856868682667,high,9447.774060646396,7.561754524388889,136111.581439,0.0,18000.0,-6.561754524388889,1.0,0.0,0.0,0.0,0.0,0.0,0.0,0.0,0.0,0.0,0.0,0.0,0.0,0.0,0.0,aggressive
A84663D,0.09716860870399999,0.06747820048888888,0.0,0.09716860870399999,high,21092.8186435584,1.2439134963333334,22390.442934,0.0,18000.0,-0.24391349633333337,1.0,0.0,0.0,0.0,0.0,0.0,0.0,0.0,0.0,0.0,0.0,0.0,0.0,0.0,0.0,aggressive
NRD541A,0.33372980734800006,0.23175681065833334,0.0,0.33372980734800006,high,23363.8061505408,0.0145525169999999,261.945306,17738.054694,18000.0,0.9854474830000001,0.01819064625,0.985447483,0.0,0.0,0.0,0.0,0.0,0.0,0.0,0.0,0.0,0.0,0.0,0.0,0.0,aggressive
LRK797A,0.32240798382200003,0.22389443320972222,0.0,0.32240798382200003,high,23255.1166446912,0.0871283088333333,1568.309559,16431.690441,18000.0,0.9128716911666667,0.10891038604166667,0.9128716911666666,0.0,0.0,0.0,0.0,0.0,0.0,0.0,0.0,0.0,0.0,0.0,0.0,0.0,aggressive
G07BJK,0.2904644567346667,0.20171142828796296,0.0,0.2904644567346667,high,22948.4587846528,0.2918945081111111,5254.101146,12745.898854,18000.0,0.7081054918888889,0.3648681351388889,0.7081054918888888,0.0,0.0,0.0,0.0,0.0,0.0,0.0,0.0,0.0,0.0,0.0,0.0,0.0,aggressive
A05160A,0.22066834889866668,0.1532419089574074,0.0,0.22066834889866668,high,22278.416149427198,0.7393054557777777,13307.498204,4692.5017960000005,18000.0,0.26069454422222227,0.9241318197222221,0.26069454422222227,0.0,0.0,0.0,0.0,0.0,0.0,0.0,0.0,0.0,0.0,0.0,0.0,0.0,aggressive
A00180A,0.16256551760000007,0.11289272055555559,0.0,0.16256551760000007,high,21720.62896896,0.9447454833333332,17005.4187,994.5813000000016,18000.0,0.05525451666666681,1.0,0.05525451666666676,0.0,0.0,0.0,0.0,0.0,0.0,0.0,0.0,0.0,0.0,0.0,0.0,0.0,aggressive
770680J,0.12602595065599997,0.08751802128888887,0.0,0.12602595065599997,high,21369.8491262976,1.0936148403333334,19685.067126,0.0,18000.0,-0.09361484033333345,1.0,0.0,0.0,0.0,0.0,0.0,0.0,0.0,0.0,0.0,0.0,0.0,0.0,0.0,0.0,aggressive
NYU750B,0.2910919533880001,0.2021471898527778,0.0,0.2910919533880001,high,22954.4827525248,0.2878720936666666,5181.697686,12818.302314,18000.0,0.7121279063333334,0.35984011708333336,0.7121279063333333,0.0,0.0,0.0,0.0,0.0,0.0,0.0,0.0,0.0,0.0,0.0,0.0,0.0,aggressive
1387JGE,0.3317618303326667,0.23039015995324075,0.0,0.3317618303326667,high,23344.9135711936,0.0271677542777777,489.019577,17510.980423,18000.0,0.9728322457222223,0.03395969284722222,0.9728322457222223,0.0,0.0,0.0,0.0,0.0,0.0,0.0,0.0,0.0,0.0,0.0,0.0,0.0,aggressive
P801079,0.3305473071266667,0.22954674106018516,0.0,0.3305473071266667,high,23333.254148416,0.0349531594444444,629.15687,17370.84313,18000.0,0.9650468405555556,0.04369144930555556,0.9650468405555556,0.0,0.0,0.0,0.0,0.0,0.0,0.0,0.0,0.0,0.0,0.0,0.0,0.0,aggressive
061238K,0.2235147856866667,0.1552186011712963,0.0,0.2235147856866667,high,22305.741942592,0.721059066111111,12979.06319,5020.936809999999,18000.0,0.27894093388888896,0.9013238326388889,0.27894093388888885,0.0,0.0,0.0,0.0,0.0,0.0,0.0,0.0,0.0,0.0,0.0,0.0,0.0,aggressive
NUP773A,0.2896746885173334,0.20116297813703707,0.0,0.2896746885173334,high,22940.8770097664,0.2969571248888888,5345.228247999999,12654.771752,18000.0,0.7030428751111112,0.3711964061111111,0.7030428751111112,0.0,0.0,0.0,0.0,0.0,0.0,0.0,0.0,0.0,0.0,0.0,0.0,0.0,aggressive
LG58491,0.26694355213232,0.18537746675855557,0.0,0.26694355213232,high,22722.658100470275,0.4426695376133333,7968.05167704,10031.94832296,18000.0,0.5573304623866667,0.5533369220166666,0.5573304623866666,0.0,0.0,0.0,0.0,0.0,0.0,0.0,0.0,0.0,0.0,0.0,0.0,0.0,aggressive
NXK6292,0.27861194720866667,0.1934805188949074,0.0,0.27861194720866667,high,22834.6746932032,0.3678721332777778,6621.698399,11378.301601,18000.0,0.6321278667222222,0.4598401665972222,0.6321278667222222,0.0,0.0,0.0,0.0,0.0,0.0,0.0,0.0,0.0,0.0,0.0,0.0,0.0,aggressive
A278JMF,0.3269901097600001,0.22707646511111115,0.0,0.3269901097600001,high,23299.105053696,0.0577557066666666,1039.60272,16960.39728,18000.0,0.9422442933333334,0.07219463333333334,0.9422442933333334,0.0,0.0,0.0,0.0,0.0,0.0,0.0,0.0,0.0,0.0,0.0,0.0,0.0,aggressive
MWW205A,0.3225537148706667,0.22399563532685185,0.0,0.3225537148706667,high,23256.5156627584,0.0861941354444444,1551.494438,16448.505562,18000.0,0.9138058645555556,0.10774266930555555,0.9138058645555555,0.0,0.0,0.0,0.0,0.0,0.0,0.0,0.0,0.0,0.0,0.0,0.0,0.0,aggressive
A3625B,0.29203426179400005,0.2028015706902778,0.0,0.29203426179400005,high,22963.5289132224,0.2818316551666667,5072.969793,12927.030207,18000.0,0.7181683448333334,0.35228956895833335,0.7181683448333334,0.0,0.0,0.0,0.0,0.0,0.0,0.0,0.0,0.0,0.0,0.0,0.0,0.0,aggressive
1247JGE,0.33225256774,0.23073094981944445,0.0,0.33225256774,high,23349.624650304002,0.0240220016666666,432.39603,17567.60397,18000.0,0.9759779983333334,0.030027502083333334,0.9759779983333333,0.0,0.0,0.0,0.0,0.0,0.0,0.0,0.0,0.0,0.0,0.0,0.0,0.0,aggressive
PES7501,0.32466088910000007,0.2254589507638889,0.0,0.32466088910000007,high,23276.744535359998,0.0726866083333333,1308.35895,16691.64105,18000.0,0.9273133916666667,0.09085826041666667,0.9273133916666666,0.0,0.0,0.0,0.0,0.0,0.0,0.0,0.0,0.0,0.0,0.0,0.0,0.0,aggressive
CR6097,0.02302899444266666,0.015992357251851847,0.0,0.02302899444266666,high,20381.0783466496,1.630057320611111,29341.031771,0.0,18000.0,-0.6300573206111111,1.0,0.0,0.0,0.0,0.0,0.0,0.0,0.0,0.0,0.0,0.0,0.0,0.0,0.0,0.0,aggressive
LMG569A,0.27860709577333337,0.1934771498425926,0.0,0.27860709577333337,high,22834.628119424,0.3679032322222222,6622.25818,11377.74182,18000.0,0.6320967677777778,0.45987904027777776,0.6320967677777778,0.0,0.0,0.0,0.0,0.0,0.0,0.0,0.0,0.0,0.0,0.0,0.0,0.0,aggressive
NCL940A,0.266965877648,0.1853929705888889,0.0,0.266965877648,high,22722.8724254208,0.4425264253333333,7965.475656,10034.524344,18000.0,0.5574735746666667,0.5531580316666667,0.5574735746666666,0.0,0.0,0.0,0.0,0.0,0.0,0.0,0.0,0.0,0.0,0.0,0.0,0.0,aggressive
LMB124C,0.3199065151293333,0.22215730217314814,0.0,0.3199065151293333,high,23231.1025452416,0.1031633645555555,1856.940562,16143.059438,18000.0,0.8968366354444445,0.12895420569444443,0.8968366354444445,0.0,0.0,0.0,0.0,0.0,0.0,0.0,0.0,0.0,0.0,0.0,0.0,0.0,aggressive
A2889E,0.3309408155233334,0.2298200107800926,0.0,0.3309408155233334,high,23337.031829024,0.0324306697222222,583.7520549999999,17416.247945,18000.0,0.9675693302777778,0.04053833715277777,0.9675693302777777,0.0,0.0,0.0,0.0,0.0,0.0,0.0,0.0,0.0,0.0,0.0,0.0,0.0,aggressive
A8482M,0.3274561296000001,0.22740009000000003,0.0,0.3274561296000001,high,23303.57884416,0.0547683999999999,985.8312,17014.1688,18000.0,0.9452316000000001,0.0684605,0.9452316,0.0,0.0,0.0,0.0,0.0,0.0,0.0,0.0,0.0,0.0,0.0,0.0,0.0,aggressive
B49AGZ,0.3344377632200001,0.23224844668055558,0.0,0.3344377632200001,high,23370.602526912,0.0100143383333333,180.25809,17819.74191,18000.0,0.9899856616666667,0.012517922916666667,0.9899856616666667,0.0,0.0,0.0,0.0,0.0,0.0,0.0,0.0,0.0,0.0,0.0,0.0,0.0,aggressive
CR5770,-0.15831949243733334,-0.10994409197037038,0.0,-0.15831949243733334,high,18640.1328726016,2.5745806897777777,46342.452416,0.0,18000.0,-1.5745806897777777,1.0,0.0,0.0,0.0,0.0,0.0,0.0,0.0,0.0,0.0,0.0,0.0,0.0,0.0,0.0,aggressive
LLZ105A,0.29046214528266673,0.20170982311296295,0.0,0.29046214528266673,high,22948.4365947136,0.2919093251111111,5254.367852,12745.632148,18000.0,0.7080906748888889,0.3648866563888889,0.7080906748888889,0.0,0.0,0.0,0.0,0.0,0.0,0.0,0.0,0.0,0.0,0.0,0.0,0.0,aggressive
A04591A,0.24275555670800006,0.1685802477138889,0.0,0.24275555670800006,high,22490.4533443968,0.5977207903333334,10758.974226,7241.025774,18000.0,0.40227920966666664,0.7471509879166667,0.40227920966666664,0.0,0.0,0.0,0.0,0.0,0.0,0.0,0.0,0.0,0.0,0.0,0.0,0.0,aggressive
A00148A,0.19770031706666671,0.13729188685185187,0.0,0.19770031706666671,high,22057.92304384,0.8401776277777777,15123.1973,2876.8027,18000.0,0.1598223722222223,1.0,0.15982237222222223,0.0,0.0,0.0,0.0,0.0,0.0,0.0,0.0,0.0,0.0,0.0,0.0,0.0,aggressive
8163JES,0.2877062040426667,0.19979597502962965,0.0,0.2877062040426667,high,22921.9795588096,0.3095756151111111,5572.361072,12427.638928,18000.0,0.6904243848888889,0.38696951888888886,0.6904243848888889,0.0,0.0,0.0,0.0,0.0,0.0,0.0,0.0,0.0,0.0,0.0,0.0,0.0,aggressive
A9592J,0.28430555974800004,0.19743441649166668,0.0,0.28430555974800004,high,22889.333373580797,0.331374617,5964.743106,12035.256894,18000.0,0.668625383,0.41421827125,0.668625383,0.0,0.0,0.0,0.0,0.0,0.0,0.0,0.0,0.0,0.0,0.0,0.0,0.0,aggressive
PDV1717,0.33143492533866675,0.2301631425962963,0.0,0.33143492533866675,high,23341.7752832512,0.0292632991111111,526.739384,17473.260616,18000.0,0.9707367008888889,0.036579123888888884,0.9707367008888889,0.0,0.0,0.0,0.0,0.0,0.0,0.0,0.0,0.0,0.0,0.0,0.0,0.0,aggressive
54AM8P,-1.29857412,-0.9017875833333333,0.0,-1.29857412,high,7693.688448,8.513406875,153241.32374999998,0.0,18000.0,-7.513406874999999,1.0,0.0,0.0,0.0,0.0,0.0,0.0,0.0,0.0,0.0,0.0,0.0,0.0,0.0,0.0,aggressive
A7642C,0.3305160586540001,0.22952504073194446,0.0,0.3305160586540001,high,23332.9541630784,0.0351534701666666,632.762463,17367.237537,18000.0,0.9648465298333334,0.043941837708333334,0.9648465298333334,0.0,0.0,0.0,0.0,0.0,0.0,0.0,0.0,0.0,0.0,0.0,0.0,0.0,aggressive
A6525L,0.2867489580386667,0.1991312208601852,0.0,0.2867489580386667,high,22912.789997171203,0.3157118074444444,5682.812534,12317.187466,18000.0,0.6842881925555556,0.39463975930555556,0.6842881925555555,0.0,0.0,0.0,0.0,0.0,0.0,0.0,0.0,0.0,0.0,0.0,0.0,0.0,aggressive
A0240L,0.3178040245400001,0.22069723926388893,0.0,0.3178040245400001,high,23210.918635584003,0.1166408683333333,2099.53563,15900.46437,18000.0,0.8833591316666667,0.14580108541666667,0.8833591316666667,0.0,0.0,0.0,0.0,0.0,0.0,0.0,0.0,0.0,0.0,0.0,0.0,0.0,aggressive
NVK163A,0.33172330785733334,0.23036340823425927,0.0,0.33172330785733334,high,23344.5437554304,0.0274146932222222,493.464478,17506.535522,18000.0,0.9725853067777778,0.034268366527777774,0.9725853067777777,0.0,0.0,0.0,0.0,0.0,0.0,0.0,0.0,0.0,0.0,0.0,0.0,0.0,aggressive
MBB284A,0.30915843755533334,0.21469335941342593,0.0,0.30915843755533334,high,23127.9210005312,0.1720612977222222,3097.103359,14902.896641,18000.0,0.8279387022777778,0.21507662215277779,0.8279387022777778,0.0,0.0,0.0,0.0,0.0,0.0,0.0,0.0,0.0,0.0,0.0,0.0,0.0,aggressive
A3472C,0.3352616598,0.23282059708333333,0.0,0.3352616598,high,23378.51193408,0.00473295,85.19309999999999,17914.8069,18000.0,0.99526705,0.005916187499999999,0.9952670499999999,0.0,0.0,0.0,0.0,0.0,0.0,0.0,0.0,0.0,0.0,0.0,0.0,0.0,aggressive
A26160E,0.32478380028666676,0.22554430575462966,0.0,0.32478380028666676,high,23277.924482752,0.0718987161111111,1294.17689,16705.82311,18000.0,0.9281012838888889,0.08987339513888888,0.9281012838888889,0.0,0.0,0.0,0.0,0.0,0.0,0.0,0.0,0.0,0.0,0.0,0.0,0.0,aggressive
TR62,-1.1683034310041605,-0.8113218270862225,0.0,-1.1683034310041605,high,8944.28706236006,7.834913703146667,141028.44665664,0.0,18000.0,-6.834913703146667,1.0,0.0,0.0,0.0,0.0,0.0,0.0,0.0,0.0,0.0,0.0,0.0,0.0,0.0,0.0,aggressive
GOLDEN05,-0.12959650435200007,-0.08999757246666672,0.0,-0.12959650435200007,high,18915.8735582208,2.4249817935,43649.672283,0.0,18000.0,-1.4249817935000002,1.0,0.0,0.0,0.0,0.0,0.0,0.0,0.0,0.0,0.0,0.0,0.0,0.0,0.0,0.0,aggressive
NVS700A,0.29022220520133335,0.20154319805648147,0.0,0.29022220520133335,high,22946.1331699328,0.2934474025555555,5282.053246,12717.946754,18000.0,0.7065525974444444,0.36680925319444446,0.7065525974444444,0.0,0.0,0.0,0.0,0.0,0.0,0.0,0.0,0.0,0.0,0.0,0.0,0.0,aggressive
A24778E,0.16420081746666668,0.11402834546296296,0.0,0.16420081746666668,high,21736.32784768,0.9398785194444444,16917.81335,1082.1866499999996,18000.0,0.06012148055555555,1.0,0.06012148055555554,0.0,0.0,0.0,0.0,0.0,0.0,0.0,0.0,0.0,0.0,0.0,0.0,0.0,aggressive
Z53BEA,0.2760890375120001,0.19172849827222224,0.0,0.2760890375120001,high,22810.4547601152,0.3840446313333333,6912.803363999999,11087.196636,18000.0,0.6159553686666668,0.48005578916666664,0.6159553686666667,0.0,0.0,0.0,0.0,0.0,0.0,0.0,0.0,0.0,0.0,0.0,0.0,0.0,aggressive
770792J,0.09680134470400002,0.06722315604444445,0.0,0.09680134470400002,high,21089.2929091584,1.2458263296666665,22424.873934,0.0,18000.0,-0.2458263296666665,1.0,0.0,0.0,0.0,0.0,0.0,0.0,0.0,0.0,0.0,0.0,0.0,0.0,0.0,0.0,aggressive
A9675D,0.33395698690666675,0.23191457424074077,0.0,0.33395698690666675,high,23365.987074304,0.0130962377777777,235.73227999999995,17764.26772,18000.0,0.9869037622222223,0.01637029722222222,0.9869037622222222,0.0,0.0,0.0,0.0,0.0,0.0,0.0,0.0,0.0,0.0,0.0,0.0,0.0,aggressive
LSA232A,0.2927672990600001,0.20331062434722225,0.0,0.2927672990600001,high,22970.566070976,0.2771326983333333,4988.38857,13011.61143,18000.0,0.7228673016666667,0.34641587291666665,0.7228673016666667,0.0,0.0,0.0,0.0,0.0,0.0,0.0,0.0,0.0,0.0,0.0,0.0,0.0,aggressive
A83112D,0.22025303897333334,0.15295349928703703,0.0,0.22025303897333334,high,22274.429174144,0.7419676988888889,13355.41858,4644.58142,18000.0,0.2580323011111111,0.9274596236111111,0.25803230111111114,0.0,0.0,0.0,0.0,0.0,0.0,0.0,0.0,0.0,0.0,0.0,0.0,0.0,aggressive
PEC9204,0.2976048018426667,0.20667000127962964,0.0,0.2976048018426667,high,23017.006097689602,0.2461230651111111,4430.215172,13569.784828,18000.0,0.753876934888889,0.3076538313888889,0.7538769348888888,0.0,0.0,0.0,0.0,0.0,0.0,0.0,0.0,0.0,0.0,0.0,0.0,0.0,aggressive
PBG2889,0.3195352918266667,0.22189950821296298,0.0,0.3195352918266667,high,23227.538801535997,0.1055430011111111,1899.77402,16100.22598,18000.0,0.8944569988888889,0.1319287513888889,0.8944569988888889,0.0,0.0,0.0,0.0,0.0,0.0,0.0,0.0,0.0,0.0,0.0,0.0,0.0,aggressive
A8395L,0.32866855154666674,0.22824204968518522,0.0,0.32866855154666674,high,23315.218094847998,0.0469964644444444,845.9363599999999,17154.06364,18000.0,0.9530035355555556,0.05874558055555555,0.9530035355555556,0.0,0.0,0.0,0.0,0.0,0.0,0.0,0.0,0.0,0.0,0.0,0.0,0.0,aggressive
754292J,0.197324941096,0.13703120909444444,0.0,0.197324941096,high,22054.319434521603,0.8412948181666666,15143.306727,2856.6932730000008,18000.0,0.15870518183333338,1.0,0.15870518183333338,0.0,0.0,0.0,0.0,0.0,0.0,0.0,0.0,0.0,0.0,0.0,0.0,0.0,aggressive
NXR1067,0.29087183384333337,0.20199432905787038,0.0,0.29087183384333337,high,22952.369604895997,0.2892831163888889,5207.096095000001,12792.903905,18000.0,0.7107168836111111,0.36160389548611116,0.7107168836111111,0.0,0.0,0.0,0.0,0.0,0.0,0.0,0.0,0.0,0.0,0.0,0.0,0.0,aggressive
A05157A,0.2271062939672,0.15771270414388888,0.0,0.2271062939672,high,22340.22042208512,0.6980365771333333,12564.6583884,5435.341611600001,18000.0,0.30196342286666666,0.8725457214166666,0.3019634228666667,0.0,0.0,0.0,0.0,0.0,0.0,0.0,0.0,0.0,0.0,0.0,0.0,0.0,aggressive
PDZ7437,0.3327797146633334,0.23109702407175928,0.0,0.3327797146633334,high,23354.685260768,0.0206428547222222,371.571385,17628.428615,18000.0,0.9793571452777778,0.02580356840277778,0.9793571452777778,0.0,0.0,0.0,0.0,0.0,0.0,0.0,0.0,0.0,0.0,0.0,0.0,0.0,aggressive
A25907,0.33484474208666676,0.23253107089351857,0.0,0.33484474208666676,high,23374.509524032,0.0074054994444444,133.29899,17866.70101,18000.0,0.9925945005555556,0.009256874305555557,0.9925945005555556,0.0,0.0,0.0,0.0,0.0,0.0,0.0,0.0,0.0,0.0,0.0,0.0,0.0,aggressive
Z17BDN,0.3089440853133334,0.21454450368981481,0.0,0.3089440853133334,high,23125.863219008002,0.1734353505555555,3121.83631,14878.16369,18000.0,0.8265646494444445,0.21679418819444446,0.8265646494444444,0.0,0.0,0.0,0.0,0.0,0.0,0.0,0.0,0.0,0.0,0.0,0.0,0.0,aggressive
MFR854B,0.2888947275866667,0.20062133860185186,0.0,0.2888947275866667,high,22933.389384832,0.3019568744444444,5435.223739999999,12564.77626,18000.0,0.6980431255555556,0.37744609305555554,0.6980431255555556,0.0,0.0,0.0,0.0,0.0,0.0,0.0,0.0,0.0,0.0,0.0,0.0,0.0,aggressive
A04592A,0.23295496323866674,0.16177428002685187,0.0,0.23295496323866674,high,22396.367647091203,0.6605451074444444,11889.811934,6110.188066000001,18000.0,0.3394548925555556,0.8256813843055555,0.3394548925555556,0.0,0.0,0.0,0.0,0.0,0.0,0.0,0.0,0.0,0.0,0.0,0.0,0.0,aggressive
A6140E,0.3118066625026667,0.21653240451574074,0.0,0.3118066625026667,high,23153.3439600256,0.1550854967777777,2791.538942,15208.461058,18000.0,0.8449145032222223,0.19385687097222223,0.8449145032222223,0.0,0.0,0.0,0.0,0.0,0.0,0.0,0.0,0.0,0.0,0.0,0.0,0.0,aggressive
457C,0.15288314761599997,0.10616885251111108,0.0,0.15288314761599997,high,21627.6782171136,0.9735620606666668,17524.117092,475.8829079999996,18000.0,0.02643793933333316,1.0,0.02643793933333331,0.0,0.0,0.0,0.0,0.0,0.0,0.0,0.0,0.0,0.0,0.0,0.0,0.0,aggressive
NDV064A,0.29102672900904003,0.20210189514516666,0.0,0.29102672900904003,high,22953.856598486786,0.28829019866,5189.223575880001,12810.776424119998,18000.0,0.7117098013400001,0.36036274832500004,0.71170980134,0.0,0.0,0.0,0.0,0.0,0.0,0.0,0.0,0.0,0.0,0.0,0.0,0.0,aggressive
NUT3437,0.32343168637200004,0.22460533775833336,0.0,0.32343168637200004,high,23264.9441891712,0.080566113,1450.190034,16549.809966,18000.0,0.9194338870000001,0.10070764125,0.9194338870000001,0.0,0.0,0.0,0.0,0.0,0.0,0.0,0.0,0.0,0.0,0.0,0.0,0.0,aggressive
A6784G,0.3192052312126667,0.22167029945324077,0.0,0.3192052312126667,high,23224.370219641598,0.1076587742777777,1937.857937,16062.142063,18000.0,0.8923412257222223,0.1345734678472222,0.8923412257222222,0.0,0.0,0.0,0.0,0.0,0.0,0.0,0.0,0.0,0.0,0.0,0.0,0.0,aggressive
A7371K,0.29715591083733345,0.20635827141481486,0.0,0.29715591083733345,high,23012.696744038403,0.2490005715555555,4482.010288,13517.989712,18000.0,0.7509994284444446,0.31125071444444447,0.7509994284444445,0.0,0.0,0.0,0.0,0.0,0.0,0.0,0.0,0.0,0.0,0.0,0.0,0.0,aggressive
A04684A,0.22299479782,0.1548574984861111,0.0,0.22299479782,high,22300.750059072,0.7243923216666668,13039.061790000002,4960.938209999998,18000.0,0.2756076783333332,0.9054904020833334,0.2756076783333333,0.0,0.0,0.0,0.0,0.0,0.0,0.0,0.0,0.0,0.0,0.0,0.0,0.0,aggressive
C89BFD,0.28988461042,0.2013087572361111,0.0,0.28988461042,high,22942.892260032,0.2956114716666667,5321.00649,12678.99351,18000.0,0.7043885283333333,0.3695143395833333,0.7043885283333333,0.0,0.0,0.0,0.0,0.0,0.0,0.0,0.0,0.0,0.0,0.0,0.0,0.0,aggressive
PDR8767,0.33413855521999997,0.2320406633472222,0.0,0.33413855521999997,high,23367.730130112,0.0119323383333333,214.78209,17785.21791,18000.0,0.9880676616666667,0.014915422916666667,0.9880676616666666,0.0,0.0,0.0,0.0,0.0,0.0,0.0,0.0,0.0,0.0,0.0,0.0,0.0,aggressive
RAF432D,0.2890639128626667,0.20073882837685186,0.0,0.2890639128626667,high,22935.0135634816,0.3008723534444444,5415.702362,12584.297638,18000.0,0.6991276465555556,0.37609044180555556,0.6991276465555556,0.0,0.0,0.0,0.0,0.0,0.0,0.0,0.0,0.0,0.0,0.0,0.0,0.0,aggressive
LKC143B,0.28457144708400006,0.19761906047500002,0.0,0.28457144708400006,high,22891.8858920064,0.3296702109999999,5934.063797999999,12065.936202,18000.0,0.6703297890000002,0.41208776374999995,0.6703297890000001,0.0,0.0,0.0,0.0,0.0,0.0,0.0,0.0,0.0,0.0,0.0,0.0,0.0,aggressive
CR5768,0.306845495296,0.2130871495111111,0.0,0.306845495296,high,23105.7167548416,0.1868878506666666,3363.981312,14636.018688,18000.0,0.8131121493333334,0.23360981333333333,0.8131121493333333,0.0,0.0,0.0,0.0,0.0,0.0,0.0,0.0,0.0,0.0,0.0,0.0,0.0,aggressive
A2101H,0.3342118951533333,0.23209159385648148,0.0,0.3342118951533333,high,23368.434193472,0.0114622105555555,206.31979,17793.68021,18000.0,0.9885377894444445,0.014327763194444445,0.9885377894444444,0.0,0.0,0.0,0.0,0.0,0.0,0.0,0.0,0.0,0.0,0.0,0.0,0.0,aggressive
MCZ173A,0.32367763751466666,0.22477613716296296,0.0,0.32367763751466666,high,23267.305320140804,0.0789895031111111,1421.811056,16578.188944,18000.0,0.9210104968888889,0.0987368788888889,0.9210104968888889,0.0,0.0,0.0,0.0,0.0,0.0,0.0,0.0,0.0,0.0,0.0,0.0,0.0,aggressive
A26052E,0.14836334976,0.103030104,0.0,0.14836334976,high,21584.288157696003,0.98701384,17766.24912,233.7508799999996,18000.0,0.012986159999999969,1.0,0.012986159999999978,0.0,0.0,0.0,0.0,0.0,0.0,0.0,0.0,0.0,0.0,0.0,0.0,0.0,aggressive
A04248A,0.23961964926666662,0.16640253421296294,0.0,0.23961964926666662,high,22460.34863296,0.6178227611111111,11120.8097,6879.1903,18000.0,0.3821772388888889,0.7722784513888888,0.3821772388888889,0.0,0.0,0.0,0.0,0.0,0.0,0.0,0.0,0.0,0.0,0.0,0.0,0.0,aggressive
PAZ1744,0.28524649823133336,0.19808784599398147,0.0,0.28524649823133336,high,22898.3663830208,0.3253429600555555,5856.173280999999,12143.826719,18000.0,0.6746570399444445,0.4066787000694444,0.6746570399444445,0.0,0.0,0.0,0.0,0.0,0.0,0.0,0.0,0.0,0.0,0.0,0.0,0.0,aggressive
A1861G,0.29523760002733335,0.2050261111300926,0.0,0.29523760002733335,high,22994.280960262404,0.2612974357222222,4703.353843,13296.646157,18000.0,0.7387025642777778,0.32662179465277774,0.7387025642777777,0.0,0.0,0.0,0.0,0.0,0.0,0.0,0.0,0.0,0.0,0.0,0.0,0.0,aggressive
HEC477G,0.2888833422733334,0.20061343213425928,0.0,0.2888833422733334,high,22933.280085824,0.3020298572222222,5436.53743,12563.46257,18000.0,0.6979701427777778,0.3775373215277778,0.6979701427777778,0.0,0.0,0.0,0.0,0.0,0.0,0.0,0.0,0.0,0.0,0.0,0.0,0.0,aggressive
A9560B,0.3162347584866667,0.2196074711712963,0.0,0.3162347584866667,high,23195.853681472,0.1267002661111111,2280.60479,15719.39521,18000.0,0.8732997338888889,0.15837533263888887,0.8732997338888889,0.0,0.0,0.0,0.0,0.0,0.0,0.0,0.0,0.0,0.0,0.0,0.0,0.0,aggressive
NUZ7516,0.3302702683993334,0.22935435305509258,0.0,0.3302702683993334,high,23330.5945766336,0.0367290487222222,661.122877,17338.877123,18000.0,0.9632709512777778,0.04591131090277778,0.9632709512777777,0.0,0.0,0.0,0.0,0.0,0.0,0.0,0.0,0.0,0.0,0.0,0.0,0.0,aggressive
A1118K,0.3345491359533334,0.2323257888564815,0.0,0.3345491359533334,high,23371.671705152,0.0093004105555555,167.40739,17832.59261,18000.0,0.9906995894444445,0.011625513194444444,0.9906995894444445,0.0,0.0,0.0,0.0,0.0,0.0,0.0,0.0,0.0,0.0,0.0,0.0,0.0,aggressive
A3820J,0.32144334048,0.223224542,0.0,0.32144334048,high,23245.856068608,0.0933119199999999,1679.61456,16320.38544,18000.0,0.9066880800000001,0.1166399,0.90668808,0.0,0.0,0.0,0.0,0.0,0.0,0.0,0.0,0.0,0.0,0.0,0.0,0.0,aggressive
K0088915,0.3219064842,0.22354616958333332,0.0,0.3219064842,high,23250.302248320004,0.09034305,1626.1749,16373.8251,18000.0,0.90965695,0.1129288125,0.90965695,0.0,0.0,0.0,0.0,0.0,0.0,0.0,0.0,0.0,0.0,0.0,0.0,0.0,aggressive
9026746,0.2561448950860001,0.1778783993652778,0.0,0.2561448950860001,high,22618.9909928256,0.5118916981666666,9214.050566999998,8785.949433000002,18000.0,0.4881083018333334,0.6398646227083332,0.4881083018333334,0.0,0.0,0.0,0.0,0.0,0.0,0.0,0.0,0.0,0.0,0.0,0.0,0.0,aggressive
J0074334,0.22850609122666665,0.15868478557407406,0.0,0.22850609122666665,high,22353.658475776,0.6890635177777777,12403.14332,5596.856680000001,18000.0,0.31093648222222225,0.8613293972222221,0.31093648222222225,0.0,0.0,0.0,0.0,0.0,0.0,0.0,0.0,0.0,0.0,0.0,0.0,0.0,aggressive
A04254A,0.2782697340733334,0.19324287088425926,0.0,0.2782697340733334,high,22831.389447104,0.3700658072222222,6661.18453,11338.81547,18000.0,0.6299341927777777,0.46258225902777783,0.6299341927777777,0.0,0.0,0.0,0.0,0.0,0.0,0.0,0.0,0.0,0.0,0.0,0.0,0.0,aggressive
K0088237,0.15740694672799999,0.1093103796722222,0.0,0.15740694672799999,high,21671.1066885888,0.9600983728333334,17281.770711,718.229288999999,18000.0,0.039901627166666565,1.0,0.039901627166666606,0.0,0.0,0.0,0.0,0.0,0.0,0.0,0.0,0.0,0.0,0.0,0.0,0.0,aggressive
A25096E,0.23832385098800002,0.16550267429722224,0.0,0.23832385098800002,high,22447.9089694848,0.6261291603333333,11270.324886,6729.675114,18000.0,0.3738708396666667,0.7826614504166667,0.3738708396666666,0.0,0.0,0.0,0.0,0.0,0.0,0.0,0.0,0.0,0.0,0.0,0.0,0.0,aggressive
A7315E,0.3346994160400001,0.2324301500277778,0.0,0.3346994160400001,high,23373.114393984,0.0083370766666666,150.06738,17849.93262,18000.0,0.9916629233333334,0.010421345833333335,0.9916629233333333,0.0,0.0,0.0,0.0,0.0,0.0,0.0,0.0,0.0,0.0,0.0,0.0,0.0,aggressive
A0466L,0.281744609356,0.19565597871944443,0.0,0.281744609356,high,22864.7482498176,0.3477909656666666,6260.237381999999,11739.762618,18000.0,0.6522090343333333,0.4347387070833333,0.6522090343333333,0.0,0.0,0.0,0.0,0.0,0.0,0.0,0.0,0.0,0.0,0.0,0.0,0.0,aggressive
X40BLP,0.3291914981266667,0.22860520703240741,0.0,0.3291914981266667,high,23320.238382016003,0.0436442427777777,785.59637,17214.40363,18000.0,0.9563557572222223,0.05455530347222222,0.9563557572222222,0.0,0.0,0.0,0.0,0.0,0.0,0.0,0.0,0.0,0.0,0.0,0.0,0.0,aggressive
NPM6657,0.31440081399333336,0.21833389860648147,0.0,0.31440081399333336,high,23178.247814336002,0.1384563205555555,2492.21377,15507.78623,18000.0,0.8615436794444444,0.17307040069444443,0.8615436794444444,0.0,0.0,0.0,0.0,0.0,0.0,0.0,0.0,0.0,0.0,0.0,0.0,0.0,aggressive
A0646E,0.289911796748,0.20132763663055556,0.0,0.289911796748,high,22943.1532487808,0.2954372003333333,5317.869606,12682.130394,18000.0,0.7045627996666667,0.3692965004166667,0.7045627996666667,0.0,0.0,0.0,0.0,0.0,0.0,0.0,0.0,0.0,0.0,0.0,0.0,0.0,aggressive
LPM957A,0.3144815180626668,0.2183899430990741,0.0,0.3144815180626668,high,23179.0225734016,0.1379389867777777,2482.901762,15517.098238,18000.0,0.8620610132222223,0.17242373347222223,0.8620610132222223,0.0,0.0,0.0,0.0,0.0,0.0,0.0,0.0,0.0,0.0,0.0,0.0,0.0,aggressive
MYZ280A,0.33304726944000007,0.23128282600000002,0.0,0.33304726944000007,high,23357.253786624,0.01892776,340.69968,17659.30032,18000.0,0.98107224,0.0236597,0.9810722399999999,0.0,0.0,0.0,0.0,0.0,0.0,0.0,0.0,0.0,0.0,0.0,0.0,0.0,aggressive
PBN5416,0.29072956301333336,0.20189552987037038,0.0,0.29072956301333336,high,22951.003804927997,0.2901951088888889,5223.51196,12776.48804,18000.0,0.7098048911111111,0.3627438861111111,0.7098048911111111,0.0,0.0,0.0,0.0,0.0,0.0,0.0,0.0,0.0,0.0,0.0,0.0,0.0,aggressive
NVM9692,0.3154395500466667,0.21905524308796295,0.0,0.3154395500466667,high,23188.219680448,0.1317977561111111,2372.35961,15627.64039,18000.0,0.8682022438888889,0.16474719513888889,0.8682022438888889,0.0,0.0,0.0,0.0,0.0,0.0,0.0,0.0,0.0,0.0,0.0,0.0,0.0,aggressive
CR5763,-0.05954079104000006,-0.0413477715555556,0.0,-0.05954079104000006,high,19588.408406016,2.060108286666667,37081.94916,0.0,18000.0,-1.060108286666667,1.0,0.0,0.0,0.0,0.0,0.0,0.0,0.0,0.0,0.0,0.0,0.0,0.0,0.0,0.0,aggressive
LWZ452A,0.27208367940200007,0.18894699958472225,0.0,0.27208367940200007,high,22772.0033222592,0.4097200038333333,7374.960069,10625.039931,18000.0,0.5902799961666667,0.5121500047916666,0.5902799961666666,0.0,0.0,0.0,0.0,0.0,0.0,0.0,0.0,0.0,0.0,0.0,0.0,0.0,aggressive
A6505B,0.2701240127926667,0.1875861199949074,0.0,0.2701240127926667,high,22753.1905228096,0.4222819692777777,7601.075446999999,10398.924553,18000.0,0.5777180307222223,0.5278524615972222,0.5777180307222223,0.0,0.0,0.0,0.0,0.0,0.0,0.0,0.0,0.0,0.0,0.0,0.0,0.0,aggressive
A3606J,0.31556128859000004,0.21913978374305557,0.0,0.31556128859000004,high,23189.388370464003,0.1310173808333333,2358.312855,15641.687145,18000.0,0.8689826191666667,0.16377172604166668,0.8689826191666666,0.0,0.0,0.0,0.0,0.0,0.0,0.0,0.0,0.0,0.0,0.0,0.0,0.0,aggressive
A6277E,0.33003286766000006,0.22918949143055556,0.0,0.33003286766000006,high,23328.315529536,0.0382508483333333,688.51527,17311.48473,18000.0,0.9617491516666667,0.047813560416666664,0.9617491516666666,0.0,0.0,0.0,0.0,0.0,0.0,0.0,0.0,0.0,0.0,0.0,0.0,0.0,aggressive
A9933E,0.33450224491,0.23229322563194443,0.0,0.33450224491,high,23371.221551136,0.0096009941666666,172.817895,17827.182105,18000.0,0.9903990058333334,0.012001242708333333,0.9903990058333333,0.0,0.0,0.0,0.0,0.0,0.0,0.0,0.0,0.0,0.0,0.0,0.0,0.0,aggressive
A9448K,0.3342379168200001,0.23210966445833336,0.0,0.3342379168200001,high,23368.684001472,0.011295405,203.31729,17796.68271,18000.0,0.988704595,0.014119256250000002,0.9887045950000001,0.0,0.0,0.0,0.0,0.0,0.0,0.0,0.0,0.0,0.0,0.0,0.0,0.0,aggressive
A84130D,0.20606614248800004,0.1431014878388889,0.0,0.20606614248800004,high,22138.234967884797,0.8152793378333333,14675.028081,3324.971919,18000.0,0.18472066216666672,1.0,0.18472066216666666,0.0,0.0,0.0,0.0,0.0,0.0,0.0,0.0,0.0,0.0,0.0,0.0,0.0,aggressive
A01327A,0.16234816479999994,0.11274178111111106,0.0,0.16234816479999994,high,21718.54238208,0.9453923666666668,17017.0626,982.9373999999988,18000.0,0.05460763333333318,1.0,0.054607633333333266,0.0,0.0,0.0,0.0,0.0,0.0,0.0,0.0,0.0,0.0,0.0,0.0,0.0,aggressive
A28624E,0.17636978808,0.1224790195,0.0,0.17636978808,high,21853.149965568,0.903661345,16265.90421,1734.0957899999994,18000.0,0.09633865500000005,1.0,0.09633865499999997,0.0,0.0,0.0,0.0,0.0,0.0,0.0,0.0,0.0,0.0,0.0,0.0,0.0,aggressive
A2761B,0.3116291270493333,0.21640911600648147,0.0,0.3116291270493333,high,23151.639619673602,0.1562235445555555,2812.023802,15187.976198,18000.0,0.8437764554444445,0.19527943069444445,0.8437764554444445,0.0,0.0,0.0,0.0,0.0,0.0,0.0,0.0,0.0,0.0,0.0,0.0,0.0,aggressive
LMM734A,0.26684232527152,0.18530717032744445,0.0,0.26684232527152,high,22721.68632260659,0.4433184277466667,7979.731699440001,10020.26830056,18000.0,0.5566815722533334,0.5541480346833334,0.5566815722533333,0.0,0.0,0.0,0.0,0.0,0.0,0.0,0.0,0.0,0.0,0.0,0.0,0.0,aggressive
PZL117C,0.3351693884000001,0.23275651972222225,0.0,0.3351693884000001,high,23377.62612864,0.0053244333333333,95.8398,17904.1602,18000.0,0.9946755666666667,0.006655541666666666,0.9946755666666666,0.0,0.0,0.0,0.0,0.0,0.0,0.0,0.0,0.0,0.0,0.0,0.0,0.0,aggressive
A6175M,0.28107681930666667,0.19519223562962962,0.0,0.28107681930666667,high,22858.337465344,0.3520716711111111,6337.29008,11662.70992,18000.0,0.6479283288888888,0.4400895888888889,0.6479283288888888,0.0,0.0,0.0,0.0,0.0,0.0,0.0,0.0,0.0,0.0,0.0,0.0,0.0,aggressive
A9913D,0.3344349699533334,0.23224650691203708,0.0,0.3344349699533334,high,23370.575711552003,0.0100322438888888,180.58039,17819.41961,18000.0,0.9899677561111112,0.01254030486111111,0.9899677561111112,0.0,0.0,0.0,0.0,0.0,0.0,0.0,0.0,0.0,0.0,0.0,0.0,0.0,aggressive
B73AVH,0.2940807402886667,0.20422273631157406,0.0,0.2940807402886667,high,22983.175106771203,0.2687132032777777,4836.837659,13163.162341,18000.0,0.7312867967222223,0.3358915040972222,0.7312867967222222,0.0,0.0,0.0,0.0,0.0,0.0,0.0,0.0,0.0,0.0,0.0,0.0,0.0,aggressive
A7739H,0.3279056880600001,0.22771228337500002,0.0,0.3279056880600001,high,23307.894605376,0.051886615,933.95907,17066.04093,18000.0,0.948113385,0.06485826875,0.948113385,0.0,0.0,0.0,0.0,0.0,0.0,0.0,0.0,0.0,0.0,0.0,0.0,0.0,aggressive
A4267D,0.30061953731533336,0.2087635675800926,0.0,0.30061953731533336,high,23045.9475582272,0.2267978377222222,4082.361079,13917.638921,18000.0,0.7732021622777778,0.28349729715277777,0.7732021622777777,0.0,0.0,0.0,0.0,0.0,0.0,0.0,0.0,0.0,0.0,0.0,0.0,0.0,aggressive
ECA275,-0.04555875596799997,-0.031638024977777755,0.0,-0.04555875596799997,high,19722.635942707202,1.987285187333333,35771.133372,0.0,18000.0,-0.987285187333333,1.0,0.0,0.0,0.0,0.0,0.0,0.0,0.0,0.0,0.0,0.0,0.0,0.0,0.0,0.0,aggressive
NWD2314,0.328460232492,0.228097383675,0.0,0.328460232492,high,23313.218231923198,0.048331843,869.973174,17130.026826,18000.0,0.951668157,0.060414803749999996,0.9516681570000001,0.0,0.0,0.0,0.0,0.0,0.0,0.0,0.0,0.0,0.0,0.0,0.0,0.0,aggressive
A4521C,0.2946171916066667,0.2045952719490741,0.0,0.2946171916066667,high,22988.325039424002,0.2652744127777778,4774.93943,13225.06057,18000.0,0.7347255872222223,0.33159301597222224,0.7347255872222223,0.0,0.0,0.0,0.0,0.0,0.0,0.0,0.0,0.0,0.0,0.0,0.0,0.0,aggressive
M30AFK,0.3200638805280001,0.22226658370000005,0.0,0.3200638805280001,high,23232.6132530688,0.1021546119999999,1838.783016,16161.216984,18000.0,0.8978453880000001,0.127693265,0.897845388,0.0,0.0,0.0,0.0,0.0,0.0,0.0,0.0,0.0,0.0,0.0,0.0,0.0,aggressive
E9003344,0.17792121712000003,0.1235564007777778,0.0,0.17792121712000003,high,21868.043684352,0.8990439966666666,16182.79194,1817.2080600000008,18000.0,0.10095600333333343,1.0,0.10095600333333338,0.0,0.0,0.0,0.0,0.0,0.0,0.0,0.0,0.0,0.0,0.0,0.0,0.0,aggressive
A04584A,0.20016756329856003,0.13900525229066668,0.0,0.20016756329856003,high,22081.608607666178,0.8328346330399999,14991.02339472,3008.9766052800005,18000.0,0.16716536696000006,1.0,0.16716536696000003,0.0,0.0,0.0,0.0,0.0,0.0,0.0,0.0,0.0,0.0,0.0,0.0,0.0,aggressive
M76BDV,0.33520137481333334,0.23277873250925926,0.0,0.33520137481333334,high,23377.933198208,0.0051193922222222,92.14906,17907.85094,18000.0,0.9948806077777778,0.006399240277777778,0.9948806077777778,0.0,0.0,0.0,0.0,0.0,0.0,0.0,0.0,0.0,0.0,0.0,0.0,0.0,aggressive
A04229A,0.22300672427133328,0.15486578074398144,0.0,0.22300672427133328,high,22300.864553004798,0.7243158700555556,13037.685661,4962.3143390000005,18000.0,0.27568412994444436,0.9053948375694444,0.27568412994444447,0.0,0.0,0.0,0.0,0.0,0.0,0.0,0.0,0.0,0.0,0.0,0.0,0.0,aggressive
NJB4766,0.3336232091333334,0.23168278412037038,0.0,0.3336232091333334,high,23362.78280768,0.0152358388888888,274.2451,17725.7549,18000.0,0.9847641611111112,0.01904479861111111,0.9847641611111111,0.0,0.0,0.0,0.0,0.0,0.0,0.0,0.0,0.0,0.0,0.0,0.0,0.0,aggressive
P802569,0.27158741938666675,0.1886023745740741,0.0,0.27158741938666675,high,22767.239226112,0.4129011577777777,7432.22084,10567.77916,18000.0,0.5870988422222223,0.5161264472222222,0.5870988422222222,0.0,0.0,0.0,0.0,0.0,0.0,0.0,0.0,0.0,0.0,0.0,0.0,0.0,aggressive
A02939A,0.21682889034465336,0.15057561829489816,0.0,0.21682889034465336,high,22241.55734730867,0.7639173695855556,13750.51265254,4249.487347460001,18000.0,0.23608263041444444,0.9548967119819444,0.2360826304144445,0.0,0.0,0.0,0.0,0.0,0.0,0.0,0.0,0.0,0.0,0.0,0.0,0.0,aggressive
L97BKG,0.3015446323866667,0.20940599471296298,0.0,0.3015446323866667,high,23054.828470912,0.2208677411111111,3975.61934,14024.38066,18000.0,0.7791322588888889,0.2760846763888889,0.7791322588888889,0.0,0.0,0.0,0.0,0.0,0.0,0.0,0.0,0.0,0.0,0.0,0.0,0.0,aggressive
A0623N,0.2886702654526667,0.20046546211990743,0.0,0.2886702654526667,high,22931.2345483456,0.3033957342777778,5461.123217,12538.876783,18000.0,0.6966042657222222,0.3792446678472222,0.6966042657222222,0.0,0.0,0.0,0.0,0.0,0.0,0.0,0.0,0.0,0.0,0.0,0.0,0.0,aggressive
A77364D,0.12754333452800004,0.08857176008888891,0.0,0.12754333452800004,high,21384.4160114688,1.0857117993333332,19542.812388,0.0,18000.0,-0.08571179933333317,1.0,0.0,0.0,0.0,0.0,0.0,0.0,0.0,0.0,0.0,0.0,0.0,0.0,0.0,0.0,aggressive
UPZ963G,0.2872626079200001,0.1994879221666667,0.0,0.2872626079200001,high,22917.721036032002,0.3124191799999999,5623.54524,12376.45476,18000.0,0.6875808200000001,0.390523975,0.68758082,0.0,0.0,0.0,0.0,0.0,0.0,0.0,0.0,0.0,0.0,0.0,0.0,0.0,aggressive
A0582H,0.33504601242000004,0.23267084195833335,0.0,0.33504601242000004,high,23376.441719231996,0.006115305,110.07549,17889.92451,18000.0,0.993884695,0.00764413125,0.9938846950000001,0.0,0.0,0.0,0.0,0.0,0.0,0.0,0.0,0.0,0.0,0.0,0.0,0.0,aggressive
A4821E,0.33258063262000004,0.23095877265277778,0.0,0.33258063262000004,high,23352.774073152,0.0219190216666666,394.5423899999999,17605.45761,18000.0,0.9780809783333334,0.027398777083333326,0.9780809783333334,0.0,0.0,0.0,0.0,0.0,0.0,0.0,0.0,0.0,0.0,0.0,0.0,0.0,aggressive
MXH354A,0.3292287355780001,0.22863106637361116,0.0,0.3292287355780001,high,23320.5958615488,0.0434055411666666,781.2997409999999,17218.700259,18000.0,0.9565944588333334,0.05425692645833333,0.9565944588333334,0.0,0.0,0.0,0.0,0.0,0.0,0.0,0.0,0.0,0.0,0.0,0.0,0.0,aggressive
NWM1788,0.335138224852,0.23273487836944443,0.0,0.335138224852,high,23377.3269585792,0.0055241996666666,99.435594,17900.564406,18000.0,0.9944758003333334,0.006905249583333333,0.9944758003333334,0.0,0.0,0.0,0.0,0.0,0.0,0.0,0.0,0.0,0.0,0.0,0.0,0.0,aggressive
A2175A,0.32561025450400005,0.22611823229444447,0.0,0.32561025450400005,high,23285.8584432384,0.0666009326666666,1198.816788,16801.183212,18000.0,0.9333990673333334,0.08325116583333333,0.9333990673333333,0.0,0.0,0.0,0.0,0.0,0.0,0.0,0.0,0.0,0.0,0.0,0.0,0.0,aggressive
A1343H,0.28806437382000005,0.20004470404166666,0.0,0.28806437382000005,high,22925.417988672,0.307279655,5531.03379,12468.96621,18000.0,0.692720345,0.38409956875,0.692720345,0.0,0.0,0.0,0.0,0.0,0.0,0.0,0.0,0.0,0.0,0.0,0.0,0.0,aggressive
A3730M,0.3126242091286667,0.21710014522824075,0.0,0.3126242091286667,high,23161.1924076352,0.1498448132777777,2697.206639,15302.793361,18000.0,0.8501551867222223,0.18730601659722224,0.8501551867222222,0.0,0.0,0.0,0.0,0.0,0.0,0.0,0.0,0.0,0.0,0.0,0.0,0.0,aggressive
K008854,0.08137236707199996,0.05650858824444441,0.0,0.08137236707199996,high,20941.1747238912,1.3261855881666669,23871.340587,0.0,18000.0,-0.3261855881666669,1.0,0.0,0.0,0.0,0.0,0.0,0.0,0.0,0.0,0.0,0.0,0.0,0.0,0.0,0.0,aggressive
A3612C,0.28708146872800006,0.19936213106111111,0.0,0.28708146872800006,high,22915.982099788802,0.3135803286666666,5644.445916,12355.554084,18000.0,0.6864196713333335,0.3919754108333333,0.6864196713333333,0.0,0.0,0.0,0.0,0.0,0.0,0.0,0.0,0.0,0.0,0.0,0.0,0.0,aggressive
A6934H,0.33443151802000004,0.23224410973611112,0.0,0.33443151802000004,high,23370.542572992,0.0100543716666666,180.97869,17819.02131,18000.0,0.9899456283333334,0.012567964583333334,0.9899456283333333,0.0,0.0,0.0,0.0,0.0,0.0,0.0,0.0,0.0,0.0,0.0,0.0,0.0,aggressive
J75BNH,0.2930108431313334,0.20347975217453707,0.0,0.2930108431313334,high,22972.904094060803,0.2755715183888889,4960.287331,13039.712669,18000.0,0.7244284816111111,0.3444643979861111,0.7244284816111112,0.0,0.0,0.0,0.0,0.0,0.0,0.0,0.0,0.0,0.0,0.0,0.0,0.0,aggressive
F42BCG,0.285250301,0.19809048680555555,0.0,0.285250301,high,22898.402889599998,0.3253185833333333,5855.7345,12144.2655,18000.0,0.6746814166666667,0.40664822916666665,0.6746814166666666,0.0,0.0,0.0,0.0,0.0,0.0,0.0,0.0,0.0,0.0,0.0,0.0,0.0,aggressive
A9862H,0.3004373435286667,0.2086370441171296,0.0,0.3004373435286667,high,23044.1984978752,0.2279657466111111,4103.383439,13896.616561,18000.0,0.7720342533888889,0.2849571832638889,0.772034253388889,0.0,0.0,0.0,0.0,0.0,0.0,0.0,0.0,0.0,0.0,0.0,0.0,0.0,aggressive
NES3833,0.3295227928306667,0.2288352727990741,0.0,0.3295227928306667,high,23323.4188111744,0.0415205587777777,747.370058,17252.629942,18000.0,0.9584794412222223,0.05190069847222222,0.9584794412222222,0.0,0.0,0.0,0.0,0.0,0.0,0.0,0.0,0.0,0.0,0.0,0.0,0.0,aggressive
A7778M,0.3155441238233333,0.21912786376620366,0.0,0.3155441238233333,high,23189.223588704,0.1311274113888889,2360.293405,15639.706595,18000.0,0.868872588611111,0.1639092642361111,0.868872588611111,0.0,0.0,0.0,0.0,0.0,0.0,0.0,0.0,0.0,0.0,0.0,0.0,0.0,aggressive
A2525C,0.2944273273346667,0.2044634217601852,0.0,0.2944273273346667,high,22986.5023424128,0.2664914914444444,4796.846846,13203.153154,18000.0,0.7335085085555556,0.3331143643055556,0.7335085085555555,0.0,0.0,0.0,0.0,0.0,0.0,0.0,0.0,0.0,0.0,0.0,0.0,0.0,aggressive
A4096M,0.3075107378306667,0.2135491234935185,0.0,0.3075107378306667,high,23112.1030831744,0.1826234754444444,3287.222558,14712.777442,18000.0,0.8173765245555555,0.22827934430555555,0.8173765245555555,0.0,0.0,0.0,0.0,0.0,0.0,0.0,0.0,0.0,0.0,0.0,0.0,0.0,aggressive
A274JMF,0.275807892726,0.19153325883749997,0.0,0.275807892726,high,22807.755770169602,0.3858468415,6945.243147,11054.756853,18000.0,0.6141531585,0.482308551875,0.6141531585000001,0.0,0.0,0.0,0.0,0.0,0.0,0.0,0.0,0.0,0.0,0.0,0.0,0.0,aggressive
NWR6510,0.23365354860666668,0.16225940875462963,0.0,0.23365354860666668,high,22403.074066624,0.6560669961111111,11809.20593,6190.79407,18000.0,0.3439330038888889,0.8200837451388889,0.34393300388888887,0.0,0.0,0.0,0.0,0.0,0.0,0.0,0.0,0.0,0.0,0.0,0.0,0.0,aggressive
L62AYS,0.2874248339580001,0.19960057913750004,0.0,0.2874248339580001,high,22919.2784059968,0.3113792695,5604.826851,12395.173149,18000.0,0.6886207305000001,0.389224086875,0.6886207305000001,0.0,0.0,0.0,0.0,0.0,0.0,0.0,0.0,0.0,0.0,0.0,0.0,0.0,aggressive
7681JFL,0.29987720906200005,0.2082480618486111,0.0,0.29987720906200005,high,23038.8212069952,0.2315563521666666,4168.014339,13831.985661,18000.0,0.7684436478333334,0.28944544020833335,0.7684436478333334,0.0,0.0,0.0,0.0,0.0,0.0,0.0,0.0,0.0,0.0,0.0,0.0,0.0,aggressive
ECO028,0.3319259573953333,0.23050413708009257,0.0,0.3319259573953333,high,23346.4891909952,0.0261156577222222,470.081839,17529.918161,18000.0,0.9738843422777778,0.03264457215277778,0.9738843422777779,0.0,0.0,0.0,0.0,0.0,0.0,0.0,0.0,0.0,0.0,0.0,0.0,0.0,aggressive
1912VLL28,0.33578474877333336,0.2331838533148148,0.0,0.33578474877333336,high,23383.533588224003,0.0013798155555555,24.83668,17975.16332,18000.0,0.9986201844444444,0.0017247694444444445,0.9986201844444444,0.0,0.0,0.0,0.0,0.0,0.0,0.0,0.0,0.0,0.0,0.0,0.0,0.0,aggressive
PBW4091,0.2787276583886667,0.19356087388101853,0.0,0.2787276583886667,high,22835.7855205312,0.3671303949444444,6608.347108999999,11391.652891000002,18000.0,0.6328696050555556,0.4589129936805555,0.6328696050555557,0.0,0.0,0.0,0.0,0.0,0.0,0.0,0.0,0.0,0.0,0.0,0.0,0.0,aggressive
NTK9602,0.2933362572333334,0.20370573418981483,0.0,0.2933362572333334,high,22976.02806944,0.2734855305555555,4922.739549999999,13077.260450000002,18000.0,0.7265144694444445,0.3418569131944444,0.7265144694444445,0.0,0.0,0.0,0.0,0.0,0.0,0.0,0.0,0.0,0.0,0.0,0.0,0.0,aggressive
1712MDF162,0.31899980068,0.2215276393611111,0.0,0.31899980068,high,23222.398086528003,0.1089756366666666,1961.56146,16038.43854,18000.0,0.8910243633333335,0.13621954583333332,0.8910243633333332,0.0,0.0,0.0,0.0,0.0,0.0,0.0,0.0,0.0,0.0,0.0,0.0,0.0,aggressive
PDE4380,0.32364220641333336,0.22475153223148148,0.0,0.32364220641333336,high,23266.965181567997,0.0792166255555555,1425.89926,16574.10074,18000.0,0.9207833744444445,0.09902078194444444,0.9207833744444446,0.0,0.0,0.0,0.0,0.0,0.0,0.0,0.0,0.0,0.0,0.0,0.0,0.0,aggressive
A9341M,0.3242815328586667,0.2251955089296296,0.0,0.3242815328586667,high,23273.1027154432,0.0751183791111111,1352.1308239999998,16647.869176,18000.0,0.9248816208888889,0.09389797388888887,0.9248816208888889,0.0,0.0,0.0,0.0,0.0,0.0,0.0,0.0,0.0,0.0,0.0,0.0,0.0,aggressive
A23757E,0.12121454101333334,0.0841767645925926,0.0,0.12121454101333334,high,21323.659593728,1.1186742655555555,20136.13678,0.0,18000.0,-0.11867426555555549,1.0,0.0,0.0,0.0,0.0,0.0,0.0,0.0,0.0,0.0,0.0,0.0,0.0,0.0,0.0,aggressive
A04344A,0.2172794774126667,0.15088852598101854,0.0,0.2172794774126667,high,22245.8829831616,0.7610289909444444,13698.521837,4301.478163,18000.0,0.23897100905555557,0.9512862386805556,0.23897100905555554,0.0,0.0,0.0,0.0,0.0,0.0,0.0,0.0,0.0,0.0,0.0,0.0,0.0,aggressive
MKM030B,0.30502502367108,0.21182293310491665,0.0,0.30502502367108,high,23088.240227242368,0.19855754057,3574.03573026,14425.96426974,18000.0,0.80144245943,0.24819692571250002,0.8014424594299999,0.0,0.0,0.0,0.0,0.0,0.0,0.0,0.0,0.0,0.0,0.0,0.0,0.0,aggressive
A02226A,0.23775896966666665,0.16511039560185184,0.0,0.23775896966666665,high,22442.4861088,0.6297501944444445,11335.5035,6664.496499999999,18000.0,0.37024980555555553,0.7871877430555556,0.37024980555555553,0.0,0.0,0.0,0.0,0.0,0.0,0.0,0.0,0.0,0.0,0.0,0.0,0.0,aggressive
A5685J,0.3190655234800001,0.22157328019444447,0.0,0.3190655234800001,high,23223.029025408,0.1085543366666666,1953.97806,16046.02194,18000.0,0.8914456633333334,0.1356929208333333,0.8914456633333334,0.0,0.0,0.0,0.0,0.0,0.0,0.0,0.0,0.0,0.0,0.0,0.0,0.0,aggressive
CR5779,-0.18023706229333333,-0.1251646265925926,0.0,-0.18023706229333333,high,18429.724201983998,2.6887346994444443,48397.22459,0.0,18000.0,-1.6887346994444443,1.0,0.0,0.0,0.0,0.0,0.0,0.0,0.0,0.0,0.0,0.0,0.0,0.0,0.0,0.0,aggressive
838745J,0.19260877606853335,0.13375609449203704,0.0,0.19260877606853335,high,22009.04425025792,0.8553310236055556,15395.9584249,2604.0415751,18000.0,0.14466897639444443,1.0,0.14466897639444445,0.0,0.0,0.0,0.0,0.0,0.0,0.0,0.0,0.0,0.0,0.0,0.0,0.0,aggressive
A00383A,0.2329002352666667,0.16173627449074074,0.0,0.2329002352666667,high,22395.842258560002,0.6608959277777777,11896.1267,6103.873299999999,18000.0,0.3391040722222223,0.8261199097222223,0.33910407222222216,0.0,0.0,0.0,0.0,0.0,0.0,0.0,0.0,0.0,0.0,0.0,0.0,0.0,aggressive
A05408A,0.21294160232133333,0.14787611272314813,0.0,0.21294160232133333,high,22204.2393822848,0.7888358825555556,14199.045886,3800.954114,18000.0,0.2111641174444444,0.9860448531944445,0.21116411744444444,0.0,0.0,0.0,0.0,0.0,0.0,0.0,0.0,0.0,0.0,0.0,0.0,0.0,aggressive
A-05504-A,0.225,0.0,0.625,0.225,high,22320.0,0.0,0.0,0.0,0.0,0.0,0.0,0.0,1.0,0.25,1.0,309.576705773754,0.0,1.0,27360.0,316.0,10575.0,20894.0,0.0,685.0,0.6239343623546304,aggressive
A9254H,0.3346983187533334,0.23242938802314814,0.0,0.3346983187533334,high,23373.103860032,0.0083441105555555,150.19399,17849.80601,18000.0,0.9916558894444445,0.010430138194444445,0.9916558894444445,0.0,0.0,0.0,0.0,0.0,0.0,0.0,0.0,0.0,0.0,0.0,0.0,0.0,aggressive
B05BJN,0.28735627251266666,0.19955296702268518,0.0,0.28735627251266666,high,22918.6202161216,0.3118187659444444,5612.737787,12387.262213,18000.0,0.6881812340555555,0.3897734574305556,0.6881812340555555,0.0,0.0,0.0,0.0,0.0,0.0,0.0,0.0,0.0,0.0,0.0,0.0,0.0,aggressive
CR5643,-0.879059183232,-0.6104577661333334,0.0,-0.879059183232,high,11721.031840972799,6.328433246,113911.798428,0.0,18000.0,-5.328433246,1.0,0.0,0.0,0.0,0.0,0.0,0.0,0.0,0.0,0.0,0.0,0.0,0.0,0.0,0.0,aggressive
CR5837,0.23105607084933336,0.1604556047564815,0.0,0.23105607084933336,high,22378.138280153602,0.6727174945555555,12108.914902,5891.085098,18000.0,0.3272825054444445,0.8408968681944444,0.3272825054444444,0.0,0.0,0.0,0.0,0.0,0.0,0.0,0.0,0.0,0.0,0.0,0.0,0.0,aggressive
PCE9619,0.27288594901248,0.18950413125866664,0.0,0.27288594901248,high,22779.705110519808,0.40457724992,7282.39049856,10717.60950144,18000.0,0.59542275008,0.5057215624,0.59542275008,0.0,0.0,0.0,0.0,0.0,0.0,0.0,0.0,0.0,0.0,0.0,0.0,0.0,aggressive
A954AA,0.24762611439999999,0.1719625794444444,0.0,0.24762611439999999,high,22537.21069824,0.5664992666666667,10196.9868,7803.013199999999,18000.0,0.4335007333333333,0.7081240833333333,0.4335007333333333,0.0,0.0,0.0,0.0,0.0,0.0,0.0,0.0,0.0,0.0,0.0,0.0,0.0,aggressive
MRH677A,0.3287329499673333,0.2282867708106481,0.0,0.3287329499673333,high,23315.8363196864,0.0465836540555555,838.505773,17161.494227,18000.0,0.9534163459444445,0.058229567569444446,0.9534163459444444,0.0,0.0,0.0,0.0,0.0,0.0,0.0,0.0,0.0,0.0,0.0,0.0,0.0,aggressive
A00770A,0.2200846714666667,0.15283657740740741,0.0,0.2200846714666667,high,22272.81284608,0.7430469777777777,13374.8456,4625.154399999999,18000.0,0.25695302222222227,0.9288087222222222,0.2569530222222222,0.0,0.0,0.0,0.0,0.0,0.0,0.0,0.0,0.0,0.0,0.0,0.0,0.0,aggressive
A03985A,0.1912507375819734,0.13281301220970373,0.0,0.1912507375819734,high,21996.007080786945,0.8593728048155554,15468.710486679998,2531.289513320002,18000.0,0.14062719518444455,1.0,0.14062719518444455,0.0,0.0,0.0,0.0,0.0,0.0,0.0,0.0,0.0,0.0,0.0,0.0,0.0,aggressive
Y64ANF,0.268600777928,0.18652831800555555,0.0,0.268600777928,high,22738.5674681088,0.4320462953333333,7776.833316,10223.166684,18000.0,0.5679537046666667,0.5400578691666666,0.5679537046666666,0.0,0.0,0.0,0.0,0.0,0.0,0.0,0.0,0.0,0.0,0.0,0.0,0.0,aggressive
A8143L,0.2867719339353334,0.1991471763439815,0.0,0.2867719339353334,high,22913.0105657792,0.3155645260555555,5680.161469,12319.838531,18000.0,0.6844354739444445,0.3944556575694444,0.6844354739444444,0.0,0.0,0.0,0.0,0.0,0.0,0.0,0.0,0.0,0.0,0.0,0.0,0.0,aggressive
A8527J,0.28463432026666663,0.19766272240740737,0.0,0.28463432026666663,high,22892.48947456,0.3292671777777778,5926.809200000001,12073.1908,18000.0,0.6707328222222222,0.41158397222222226,0.6707328222222222,0.0,0.0,0.0,0.0,0.0,0.0,0.0,0.0,0.0,0.0,0.0,0.0,0.0,aggressive
MFR854B,0.28871753753466667,0.20049828995462962,0.0,0.28871753753466667,high,22931.688360332802,0.3030927081111111,5455.668746,12544.331254,18000.0,0.6969072918888889,0.3788658851388889,0.6969072918888889,0.0,0.0,0.0,0.0,0.0,0.0,0.0,0.0,0.0,0.0,0.0,0.0,0.0,aggressive
A04249A,0.25012323491203337,0.17369669091113427,0.0,0.25012323491203337,high,22561.18305515552,0.5504920838972222,9908.85751015,8091.142489850001,18000.0,0.44950791610277785,0.6881151048715277,0.44950791610277785,0.0,0.0,0.0,0.0,0.0,0.0,0.0,0.0,0.0,0.0,0.0,0.0,0.0,aggressive
A05001A,0.16306488838874666,0.1132395058255185,0.0,0.16306488838874666,high,21725.422928531967,0.9432592607477778,16978.66669346,1021.3333065400002,18000.0,0.05674073925222223,1.0,0.056740739252222235,0.0,0.0,0.0,0.0,0.0,0.0,0.0,0.0,0.0,0.0,0.0,0.0,0.0,aggressive
NZJ9353,0.32531835950666665,0.22591552743518517,0.0,0.32531835950666665,high,23283.056251264003,0.0684720544444444,1232.49698,16767.50302,18000.0,0.9315279455555556,0.08559006805555555,0.9315279455555555,0.0,0.0,0.0,0.0,0.0,0.0,0.0,0.0,0.0,0.0,0.0,0.0,0.0,aggressive
NXZ2150,0.28225195179333334,0.1960082998564815,0.0,0.28225195179333334,high,22869.618737216002,0.3445387705555555,6201.69787,11798.30213,18000.0,0.6554612294444445,0.43067346319444444,0.6554612294444444,0.0,0.0,0.0,0.0,0.0,0.0,0.0,0.0,0.0,0.0,0.0,0.0,0.0,aggressive
A05016A,0.21463441942662004,0.14905168015737502,0.0,0.21463441942662004,high,22220.49042649555,0.7779844908549999,14003.72083539,3996.27916461,18000.0,0.22201550914500012,0.97248061356875,0.22201550914499998,0.0,0.0,0.0,0.0,0.0,0.0,0.0,0.0,0.0,0.0,0.0,0.0,0.0,aggressive
A0278C,0.33485193888666664,0.23253606867129628,0.0,0.33485193888666664,high,23374.578613312,0.0073593661111111,132.46859,17867.53141,18000.0,0.9926406338888889,0.009199207638888889,0.9926406338888889,0.0,0.0,0.0,0.0,0.0,0.0,0.0,0.0,0.0,0.0,0.0,0.0,0.0,aggressive
A03966A,0.225850186226,0.15684040710138888,0.0,0.225850186226,high,22328.1617877696,0.7060885498333334,12709.593897,5290.406102999999,18000.0,0.29391145016666664,0.8826106872916667,0.29391145016666664,0.0,0.0,0.0,0.0,0.0,0.0,0.0,0.0,0.0,0.0,0.0,0.0,0.0,aggressive
PEC1932,0.30420795738,0.2112555259583333,0.0,0.30420795738,high,23080.396390848,0.203795145,3668.31261,14331.68739,18000.0,0.796204855,0.25474393125,0.7962048549999999,0.0,0.0,0.0,0.0,0.0,0.0,0.0,0.0,0.0,0.0,0.0,0.0,0.0,aggressive
A2705K,0.31378478802000004,0.21790610279166667,0.0,0.31378478802000004,high,23172.333964992,0.142405205,2563.29369,15436.70631,18000.0,0.857594795,0.17800650625,0.857594795,0.0,0.0,0.0,0.0,0.0,0.0,0.0,0.0,0.0,0.0,0.0,0.0,0.0,aggressive
837757J,0.18451770520000008,0.1281372952777778,0.0,0.18451770520000008,high,21931.36996992,0.8794115916666666,15829.40865,2170.5913500000006,18000.0,0.1205884083333334,1.0,0.12058840833333337,0.0,0.0,0.0,0.0,0.0,0.0,0.0,0.0,0.0,0.0,0.0,0.0,0.0,aggressive
A5829B,0.33444861822,0.232255984875,0.0,0.33444861822,high,23370.706734912,0.009944755,179.00558999999998,17820.99441,18000.0,0.990055245,0.01243094375,0.990055245,0.0,0.0,0.0,0.0,0.0,0.0,0.0,0.0,0.0,0.0,0.0,0.0,0.0,aggressive
A3757E,0.2855581233026666,0.19830425229351847,0.0,0.2855581233026666,high,22901.357983705602,0.3233453634444445,5820.216542,12179.783458,18000.0,0.6766546365555555,0.40418170430555556,0.6766546365555556,0.0,0.0,0.0,0.0,0.0,0.0,0.0,0.0,0.0,0.0,0.0,0.0,0.0,aggressive
A0748J,0.2898379077640001,0.20127632483611113,0.0,0.2898379077640001,high,22942.443914534404,0.2959108476666667,5326.3952580000005,12673.604742,18000.0,0.7040891523333332,0.3698885595833334,0.7040891523333334,0.0,0.0,0.0,0.0,0.0,0.0,0.0,0.0,0.0,0.0,0.0,0.0,0.0,aggressive
NXY5000,0.3261128075333333,0.2264672274537037,0.0,0.3261128075333333,high,23290.68295232,0.0633794388888888,1140.8299,16859.1701,18000.0,0.9366205611111111,0.0792242986111111,0.936620561111111,0.0,0.0,0.0,0.0,0.0,0.0,0.0,0.0,0.0,0.0,0.0,0.0,0.0,aggressive
NZN9885,0.2835256525593334,0.19689281427731484,0.0,0.2835256525593334,high,22881.8462645696,0.3363740220555555,6054.732397,11945.267603,18000.0,0.6636259779444444,0.42046752756944444,0.6636259779444444,0.0,0.0,0.0,0.0,0.0,0.0,0.0,0.0,0.0,0.0,0.0,0.0,0.0,aggressive
A04686A,0.23153225980716666,0.16078629153275462,0.0,0.23153225980716666,high,22382.709694148798,0.6696650012361111,12053.97002225,5946.02997775,18000.0,0.33033499876388894,0.8370812515451389,0.3303349987638889,0.0,0.0,0.0,0.0,0.0,0.0,0.0,0.0,0.0,0.0,0.0,0.0,0.0,aggressive
A2464C,0.26881797689266673,0.18667915061990745,0.0,0.26881797689266673,high,22740.6525781696,0.4306539942777777,7751.771897,10248.228103,18000.0,0.5693460057222224,0.5383174928472222,0.5693460057222222,0.0,0.0,0.0,0.0,0.0,0.0,0.0,0.0,0.0,0.0,0.0,0.0,0.0,aggressive
CR5902,0.30128898662400005,0.20922846293333333,0.0,0.30128898662400005,high,23052.3742715904,0.222506496,4005.116928,13994.883072,18000.0,0.777493504,0.27813312,0.7774935040000001,0.0,0.0,0.0,0.0,0.0,0.0,0.0,0.0,0.0,0.0,0.0,0.0,0.0,aggressive
A1185K,0.32792962899,0.22772890902083331,0.0,0.32792962899,high,23308.124438304003,0.0517331475,931.196655,17068.803345,18000.0,0.9482668525,0.064666434375,0.9482668525,0.0,0.0,0.0,0.0,0.0,0.0,0.0,0.0,0.0,0.0,0.0,0.0,0.0,aggressive
400TL319,0.17667438042400002,0.12269054196111111,0.0,0.17667438042400002,high,21856.0740520704,0.9027548201666666,16249.586763,1750.413237000001,18000.0,0.09724517983333336,1.0,0.09724517983333339,0.0,0.0,0.0,0.0,0.0,0.0,0.0,0.0,0.0,0.0,0.0,0.0,0.0,aggressive
MST069A,0.2801228964666667,0.19452978921296296,0.0,0.2801228964666667,high,22849.179806080003,0.3581865611111111,6447.3581,11552.6419,18000.0,0.641813438888889,0.4477332013888889,0.6418134388888889,0.0,0.0,0.0,0.0,0.0,0.0,0.0,0.0,0.0,0.0,0.0,0.0,0.0,aggressive
A04697A,0.23234023427351336,0.16134738491216205,0.0,0.23234023427351336,high,22390.46624902573,0.6644856777338888,11960.74219921,6039.257800789999,18000.0,0.3355143222661112,0.8306070971673611,0.33551432226611105,0.0,0.0,0.0,0.0,0.0,0.0,0.0,0.0,0.0,0.0,0.0,0.0,0.0,aggressive
P803547,0.3346990207533333,0.23242987552314812,0.0,0.3346990207533333,high,23373.110599232,0.0083396105555555,150.11299,17849.88701,18000.0,0.9916603894444445,0.010424513194444445,0.9916603894444443,0.0,0.0,0.0,0.0,0.0,0.0,0.0,0.0,0.0,0.0,0.0,0.0,0.0,aggressive
PCK8847,0.283507933724,0.19688050953055555,0.0,0.283507933724,high,22881.6761637504,0.3364876043333333,6056.776878,11943.223122,18000.0,0.6635123956666666,0.42060950541666664,0.6635123956666666,0.0,0.0,0.0,0.0,0.0,0.0,0.0,0.0,0.0,0.0,0.0,0.0,0.0,aggressive
A01710A,0.25559648147133335,0.1774975565773148,0.0,0.25559648147133335,high,22613.726222124802,0.5154071700555556,9277.329061,8722.670939,18000.0,0.4845928299444444,0.6442589625694445,0.4845928299444444,0.0,0.0,0.0,0.0,0.0,0.0,0.0,0.0,0.0,0.0,0.0,0.0,0.0,aggressive
NZA2706,0.3201282093206667,0.2223112564726852,0.0,0.3201282093206667,high,23233.230809478402,0.1017422479444444,1831.360463,16168.639537,18000.0,0.8982577520555556,0.12717780993055555,0.8982577520555555,0.0,0.0,0.0,0.0,0.0,0.0,0.0,0.0,0.0,0.0,0.0,0.0,0.0,aggressive
A9588H,0.27963671733600004,0.19419216481666668,0.0,0.27963671733600004,high,22844.512486425603,0.361303094,6503.455692,11496.544308,18000.0,0.6386969060000001,0.45162886750000003,0.6386969060000001,0.0,0.0,0.0,0.0,0.0,0.0,0.0,0.0,0.0,0.0,0.0,0.0,0.0,aggressive
A05274A,0.2182204537806867,0.1515419817921435,0.0,0.2182204537806867,high,22254.91635629459,0.7549970911494445,13589.94764069,4410.052359310001,18000.0,0.24500290885055553,0.9437463639368056,0.2450029088505556,0.0,0.0,0.0,0.0,0.0,0.0,0.0,0.0,0.0,0.0,0.0,0.0,0.0,aggressive
PAJ2909,0.28277908654,0.19637436565277777,0.0,0.28277908654,high,22874.679230784,0.3411597016666667,6140.87463,11859.12537,18000.0,0.6588402983333332,0.42644962708333334,0.6588402983333334,0.0,0.0,0.0,0.0,0.0,0.0,0.0,0.0,0.0,0.0,0.0,0.0,0.0,aggressive
A6859J,0.28837718186533334,0.2002619318509259,0.0,0.28837718186533334,high,22928.4209459072,0.3052744752222223,5494.940554000001,12505.059446,18000.0,0.6947255247777777,0.3815930940277778,0.6947255247777777,0.0,0.0,0.0,0.0,0.0,0.0,0.0,0.0,0.0,0.0,0.0,0.0,0.0,aggressive
A02415A,0.21431745669715999,0.14883156715080553,0.0,0.21431745669715999,high,22217.447584292735,0.7800163032233334,14040.29345802,3959.70654198,18000.0,0.21998369677666663,0.9750203790291666,0.21998369677666668,0.0,0.0,0.0,0.0,0.0,0.0,0.0,0.0,0.0,0.0,0.0,0.0,0.0,aggressive
A9502L,0.33230835386000007,0.23076969018055557,0.0,0.33230835386000007,high,23350.160197056,0.0236643983333333,425.95917,17574.04083,18000.0,0.9763356016666667,0.029580497916666663,0.9763356016666668,0.0,0.0,0.0,0.0,0.0,0.0,0.0,0.0,0.0,0.0,0.0,0.0,0.0,aggressive
A04440A,0.2595648565486667,0.18025337260324073,0.0,0.2595648565486667,high,22651.8226228672,0.4899688682777778,8819.439629,9180.560371,18000.0,0.5100311317222221,0.6124610853472222,0.5100311317222223,0.0,0.0,0.0,0.0,0.0,0.0,0.0,0.0,0.0,0.0,0.0,0.0,0.0,aggressive
NDE466A,0.3342346901333334,0.2321074237037037,0.0,0.3342346901333334,high,23368.65302528,0.0113160888888888,203.6896,17796.3104,18000.0,0.9886839111111112,0.014145111111111112,0.988683911111111,0.0,0.0,0.0,0.0,0.0,0.0,0.0,0.0,0.0,0.0,0.0,0.0,0.0,aggressive
A3392G,0.32530795816333336,0.2259083042800926,0.0,0.32530795816333336,high,23282.956398368002,0.0685387297222222,1233.697135,16766.302865,18000.0,0.9314612702777778,0.08567341215277777,0.9314612702777778,0.0,0.0,0.0,0.0,0.0,0.0,0.0,0.0,0.0,0.0,0.0,0.0,0.0,aggressive
NSM4747,0.3336716853533334,0.23171644816203707,0.0,0.3336716853533334,high,23363.248179392,0.0149250938888888,268.65169000000003,17731.34831,18000.0,0.9850749061111111,0.018656367361111113,0.9850749061111111,0.0,0.0,0.0,0.0,0.0,0.0,0.0,0.0,0.0,0.0,0.0,0.0,0.0,aggressive
NZN4071,0.2873688220886667,0.19956168200601854,0.0,0.2873688220886667,high,22918.7406920512,0.3117383199444444,5611.289759,12388.710241,18000.0,0.6882616800555557,0.3896728999305556,0.6882616800555555,0.0,0.0,0.0,0.0,0.0,0.0,0.0,0.0,0.0,0.0,0.0,0.0,0.0,aggressive
A0528N,0.28847393307400004,0.2003291201902778,0.0,0.28847393307400004,high,22929.3497575104,0.3046542751666666,5483.776953,12516.223047,18000.0,0.6953457248333335,0.3808178439583333,0.6953457248333333,0.0,0.0,0.0,0.0,0.0,0.0,0.0,0.0,0.0,0.0,0.0,0.0,0.0,aggressive
A02321A,0.25454823653333336,0.1767696087037037,0.0,0.25454823653333336,high,22603.66307072,0.5221266888888889,9398.2804,8601.7196,18000.0,0.4778733111111111,0.6526583611111111,0.47787331111111114,0.0,0.0,0.0,0.0,0.0,0.0,0.0,0.0,0.0,0.0,0.0,0.0,0.0,aggressive
LUJ963A,0.130671098784,0.09074381859999998,0.0,0.130671098784,high,21414.4425483264,1.0694213605,19249.584489,0.0,18000.0,-0.06942136050000003,1.0,0.0,0.0,0.0,0.0,0.0,0.0,0.0,0.0,0.0,0.0,0.0,0.0,0.0,0.0,aggressive
A6869D,0.33336993810666665,0.23150690146296293,0.0,0.33336993810666665,high,23360.351405824,0.0168593711111111,303.46868,17696.53132,18000.0,0.9831406288888889,0.02107421388888889,0.9831406288888888,0.0,0.0,0.0,0.0,0.0,0.0,0.0,0.0,0.0,0.0,0.0,0.0,0.0,aggressive
NSV5525,0.33537065622,0.23289628904166668,0.0,0.33537065622,high,23379.558299712,0.004034255,72.61659,17927.38341,18000.0,0.995965745,0.00504281875,0.9959657449999999,0.0,0.0,0.0,0.0,0.0,0.0,0.0,0.0,0.0,0.0,0.0,0.0,0.0,aggressive
1050,0.3274005677733333,0.22736150539814814,0.0,0.3274005677733333,high,23303.045450624,0.0551245655555555,992.24218,17007.75782,18000.0,0.9448754344444446,0.06890570694444444,0.9448754344444443,0.0,0.0,0.0,0.0,0.0,0.0,0.0,0.0,0.0,0.0,0.0,0.0,0.0,aggressive
HCF283E,0.29660286762800003,0.20597421363055557,0.0,0.29660286762800003,high,23007.3875292288,0.2525457203333333,4545.822966,13454.177034,18000.0,0.7474542796666668,0.31568215041666664,0.7474542796666667,0.0,0.0,0.0,0.0,0.0,0.0,0.0,0.0,0.0,0.0,0.0,0.0,0.0,aggressive
MCJ790B,0.32747072218666673,0.22741022374074074,0.0,0.32747072218666673,high,23303.718932992004,0.0546748577777777,984.14744,17015.85256,18000.0,0.9453251422222223,0.06834357222222222,0.9453251422222222,0.0,0.0,0.0,0.0,0.0,0.0,0.0,0.0,0.0,0.0,0.0,0.0,0.0,aggressive
A8584C,0.299769671086,0.2081733826986111,0.0,0.299769671086,high,23037.7888424256,0.2322456981666666,4180.422567,13819.577433,18000.0,0.7677543018333334,0.2903071227083333,0.7677543018333334,0.0,0.0,0.0,0.0,0.0,0.0,0.0,0.0,0.0,0.0,0.0,0.0,0.0,aggressive
A4913C,0.33485094135333343,0.23253537593981485,0.0,0.33485094135333343,high,23374.569036992,0.0073657605555555,132.58369,17867.41631,18000.0,0.9926342394444445,0.009207200694444443,0.9926342394444445,0.0,0.0,0.0,0.0,0.0,0.0,0.0,0.0,0.0,0.0,0.0,0.0,0.0,aggressive
NWE4850,0.29293510462,0.20342715598611108,0.0,0.29293510462,high,22972.177004352,0.2760570216666667,4969.02639,13030.97361,18000.0,0.7239429783333333,0.34507127708333335,0.7239429783333333,0.0,0.0,0.0,0.0,0.0,0.0,0.0,0.0,0.0,0.0,0.0,0.0,0.0,aggressive
A4792J,0.32235146341000004,0.22385518292361115,0.0,0.32235146341000004,high,23254.574048736,0.0874906191666666,1574.831145,16425.168855,18000.0,0.9125093808333334,0.10936327395833334,0.9125093808333333,0.0,0.0,0.0,0.0,0.0,0.0,0.0,0.0,0.0,0.0,0.0,0.0,0.0,aggressive
A00068A,0.14668985360000006,0.1018679538888889,0.0,0.14668985360000006,high,21568.22259456,0.9919944833333332,17855.9007,144.09930000000168,18000.0,0.008005516666666823,1.0,0.008005516666666759,0.0,0.0,0.0,0.0,0.0,0.0,0.0,0.0,0.0,0.0,0.0,0.0,0.0,aggressive
A2901C,0.3351651643533334,0.2327535863564815,0.0,0.3351651643533334,high,23377.585577792,0.0053515105555555,96.32719,17903.67281,18000.0,0.9946484894444445,0.006689388194444444,0.9946484894444444,0.0,0.0,0.0,0.0,0.0,0.0,0.0,0.0,0.0,0.0,0.0,0.0,0.0,aggressive
A2381G,0.33453664555333334,0.23231711496759258,0.0,0.33453664555333334,high,23371.551797312,0.0093804772222222,168.84859,17831.15141,18000.0,0.9906195227777778,0.011725596527777778,0.9906195227777777,0.0,0.0,0.0,0.0,0.0,0.0,0.0,0.0,0.0,0.0,0.0,0.0,0.0,aggressive
772,0.33591891648666666,0.23327702533796293,0.0,0.33591891648666666,high,23384.821598272,0.0005197661111111,9.35579,17990.64421,18000.0,0.9994802338888888,0.000649707638888889,0.9994802338888888,0.0,0.0,0.0,0.0,0.0,0.0,0.0,0.0,0.0,0.0,0.0,0.0,0.0,aggressive
A01722A,0.1418589984,0.09851319333333332,0.0,0.1418589984,high,21521.846384639997,1.01115105,18200.7189,0.0,18000.0,-0.011151050000000051,1.0,0.0,0.0,0.0,0.0,0.0,0.0,0.0,0.0,0.0,0.0,0.0,0.0,0.0,0.0,aggressive
A4177K,0.31088507499600004,0.21589241319166666,0.0,0.31088507499600004,high,23144.4967199616,0.160993109,2897.875962,15102.124038,18000.0,0.839006891,0.20124138625000002,0.839006891,0.0,0.0,0.0,0.0,0.0,0.0,0.0,0.0,0.0,0.0,0.0,0.0,0.0,aggressive
A04526A,0.23046925884,0.16004809641666665,0.0,0.23046925884,high,22372.504884864,0.6764791099999999,12176.623979999998,5823.3760200000015,18000.0,0.32352089000000006,0.8455988874999999,0.32352089000000006,0.0,0.0,0.0,0.0,0.0,0.0,0.0,0.0,0.0,0.0,0.0,0.0,0.0,aggressive
NYF7608,0.2971047864133334,0.20632276834259258,0.0,0.2971047864133334,high,23012.205949568,0.2493282922222222,4487.90926,13512.09074,18000.0,0.7506717077777778,0.3116603652777778,0.7506717077777778,0.0,0.0,0.0,0.0,0.0,0.0,0.0,0.0,0.0,0.0,0.0,0.0,0.0,aggressive
NTD7180,0.33463510062000007,0.23238548654166669,0.0,0.33463510062000007,high,23372.496965952,0.008749355,157.48839,17842.51161,18000.0,0.991250645,0.01093669375,0.991250645,0.0,0.0,0.0,0.0,0.0,0.0,0.0,0.0,0.0,0.0,0.0,0.0,0.0,aggressive
MAW556B,0.272317108156,0.18910910288611113,0.0,0.272317108156,high,22774.2442382976,0.4082236656666667,7348.025982,10651.974018,18000.0,0.5917763343333333,0.5102795820833333,0.5917763343333334,0.0,0.0,0.0,0.0,0.0,0.0,0.0,0.0,0.0,0.0,0.0,0.0,0.0,aggressive
1260079,0.2708433079666667,0.18808563053240743,0.0,0.2708433079666667,high,22760.09575648,0.4176711027777778,7518.07985,10481.92015,18000.0,0.5823288972222223,0.5220888784722222,0.5823288972222223,0.0,0.0,0.0,0.0,0.0,0.0,0.0,0.0,0.0,0.0,0.0,0.0,0.0,aggressive
A4307J,0.29874272123133333,0.20746022307731482,0.0,0.29874272123133333,high,23027.9301238208,0.2388287100555555,4298.916781,13701.083219,18000.0,0.7611712899444445,0.29853588756944444,0.7611712899444445,0.0,0.0,0.0,0.0,0.0,0.0,0.0,0.0,0.0,0.0,0.0,0.0,0.0,aggressive
061288K,0.18436474215200002,0.1280310709388889,0.0,0.18436474215200002,high,21929.901524659203,0.8798668388333333,15837.603099,2162.396901,18000.0,0.12013316116666672,1.0,0.12013316116666667,0.0,0.0,0.0,0.0,0.0,0.0,0.0,0.0,0.0,0.0,0.0,0.0,0.0,aggressive
A546JMF,0.29037657613666673,0.20165040009490742,0.0,0.29037657613666673,high,22947.615130912,0.2924578452777778,5264.241215,12735.758785,18000.0,0.7075421547222223,0.36557230659722223,0.7075421547222223,0.0,0.0,0.0,0.0,0.0,0.0,0.0,0.0,0.0,0.0,0.0,0.0,0.0,aggressive
CR5662,0.33598345022000004,0.23332184043055557,0.0,0.33598345022000004,high,23385.441122112,0.0001060883333333,1.90959,17998.09041,18000.0,0.9998939116666667,0.00013261041666666666,0.9998939116666667,0.0,0.0,0.0,0.0,0.0,0.0,0.0,0.0,0.0,0.0,0.0,0.0,0.0,aggressive
PCA9362,0.285998855456,0.1986103162888889,0.0,0.285998855456,high,22905.5890123776,0.3205201573333333,5769.362832,12230.637168,18000.0,0.6794798426666667,0.4006501966666667,0.6794798426666666,0.0,0.0,0.0,0.0,0.0,0.0,0.0,0.0,0.0,0.0,0.0,0.0,0.0,aggressive
P802435,0.26051196590666664,0.18091108743518516,0.0,0.26051196590666664,high,22660.914872704,0.4838976544444444,8710.15778,9289.84222,18000.0,0.5161023455555556,0.6048720680555555,0.5161023455555556,0.0,0.0,0.0,0.0,0.0,0.0,0.0,0.0,0.0,0.0,0.0,0.0,0.0,aggressive
A02033A,0.26253394422000004,0.18231523904166666,0.0,0.26253394422000004,high,22680.325864511997,0.470936255,8476.85259,9523.14741,18000.0,0.529063745,0.58867031875,0.529063745,0.0,0.0,0.0,0.0,0.0,0.0,0.0,0.0,0.0,0.0,0.0,0.0,0.0,aggressive
A01960A,0.21160495363999998,0.1469478844722222,0.0,0.21160495363999998,high,22191.407554944,0.7974041433333334,14353.27458,3646.7254200000007,18000.0,0.20259585666666657,0.9967551791666667,0.2025958566666667,0.0,0.0,0.0,0.0,0.0,0.0,0.0,0.0,0.0,0.0,0.0,0.0,0.0,aggressive
A03961A,0.21986680015066667,0.1526852778824074,0.0,0.21986680015066667,high,22270.7212814464,0.7444435887777777,13399.984598,4600.015402000001,18000.0,0.2555564112222223,0.9305544859722221,0.2555564112222223,0.0,0.0,0.0,0.0,0.0,0.0,0.0,0.0,0.0,0.0,0.0,0.0,0.0,aggressive
A9933G,0.3331834980693334,0.23137742921481483,0.0,0.3331834980693334,high,23358.5615814656,0.0180544995555555,324.980992,17675.019008,18000.0,0.9819455004444445,0.022568124444444445,0.9819455004444444,0.0,0.0,0.0,0.0,0.0,0.0,0.0,0.0,0.0,0.0,0.0,0.0,0.0,aggressive
K95AVE,0.29169775331,0.20256788424305552,0.0,0.29169775331,high,22960.298431776,0.2839887608333333,5111.797695,12888.202305,18000.0,0.7160112391666666,0.3549859510416667,0.7160112391666668,0.0,0.0,0.0,0.0,0.0,0.0,0.0,0.0,0.0,0.0,0.0,0.0,0.0,aggressive
MKA084B,0.281669977474,0.1956041510236111,0.0,0.281669977474,high,22864.0317837504,0.3482693751666667,6268.848753,11731.151247,18000.0,0.6517306248333333,0.43533671895833337,0.6517306248333333,0.0,0.0,0.0,0.0,0.0,0.0,0.0,0.0,0.0,0.0,0.0,0.0,0.0,aggressive
CR5838,-0.6082092416000001,-0.4223675288888889,0.0,-0.6082092416000001,high,14321.19128064,4.917756466666667,88519.6164,0.0,18000.0,-3.917756466666667,1.0,0.0,0.0,0.0,0.0,0.0,0.0,0.0,0.0,0.0,0.0,0.0,0.0,0.0,0.0,aggressive
2000012,0.33259449244,0.23096839752777779,0.0,0.33259449244,high,23352.907127423998,0.0218301766666666,392.94318,17607.05682,18000.0,0.9781698233333334,0.02728772083333333,0.9781698233333335,0.0,0.0,0.0,0.0,0.0,0.0,0.0,0.0,0.0,0.0,0.0,0.0,0.0,aggressive
CR6078,0.3090124715186667,0.21459199411018517,0.0,0.3090124715186667,high,23126.5197265792,0.1729969774444444,3113.9455940000003,14886.054406,18000.0,0.8270030225555556,0.21624622180555558,0.8270030225555555,0.0,0.0,0.0,0.0,0.0,0.0,0.0,0.0,0.0,0.0,0.0,0.0,0.0,aggressive
A831JMD,0.2863152855006667,0.19883005937546297,0.0,0.2863152855006667,high,22908.6267408064,0.3184917596111111,5732.851673,12267.148327,18000.0,0.6815082403888889,0.3981146995138889,0.6815082403888889,0.0,0.0,0.0,0.0,0.0,0.0,0.0,0.0,0.0,0.0,0.0,0.0,0.0,aggressive
A30514E,0.16661883181599998,0.11570752209444442,0.0,0.16661883181599998,high,21759.540785433597,0.9326820481666668,16788.276867,1211.7231329999995,18000.0,0.06731795183333322,1.0,0.0673179518333333,0.0,0.0,0.0,0.0,0.0,0.0,0.0,0.0,0.0,0.0,0.0,0.0,0.0,aggressive
ECO049,0.2977690362333334,0.20678405293981483,0.0,0.2977690362333334,high,23018.582747840002,0.2450702805555555,4411.26505,13588.73495,18000.0,0.7549297194444445,0.30633785069444447,0.7549297194444444,0.0,0.0,0.0,0.0,0.0,0.0,0.0,0.0,0.0,0.0,0.0,0.0,0.0,aggressive
A00896A,0.29582990640000006,0.205437435,0.0,0.29582990640000006,high,22999.96710144,0.2575006,4635.0108,13364.9892,18000.0,0.7424994,0.32187575,0.7424994,0.0,0.0,0.0,0.0,0.0,0.0,0.0,0.0,0.0,0.0,0.0,0.0,0.0,aggressive
NZY8710,0.28144603186466677,0.19544863323935188,0.0,0.28144603186466677,high,22861.8819059008,0.3497049239444444,6294.688631,11705.311369,18000.0,0.6502950760555556,0.43713115493055554,0.6502950760555555,0.0,0.0,0.0,0.0,0.0,0.0,0.0,0.0,0.0,0.0,0.0,0.0,0.0,aggressive
A77404D,0.18265761804800007,0.12684556808888892,0.0,0.18265761804800007,high,21913.5131332608,0.8849475653333332,15929.056175999998,2070.9438240000018,18000.0,0.11505243466666681,1.0,0.11505243466666676,0.0,0.0,0.0,0.0,0.0,0.0,0.0,0.0,0.0,0.0,0.0,0.0,0.0,aggressive
1712MDF125,0.33250383295333336,0.23090543955092593,0.0,0.33250383295333336,high,23352.036796352,0.0224113272222222,403.40389,17596.59611,18000.0,0.9775886727777778,0.028014159027777777,0.9775886727777777,0.0,0.0,0.0,0.0,0.0,0.0,0.0,0.0,0.0,0.0,0.0,0.0,0.0,aggressive
A03987A,0.24841621170800002,0.17251125813055557,0.0,0.24841621170800002,high,22544.7956323968,0.5614345403333333,10105.821726,7894.178274,18000.0,0.4385654596666667,0.7017931754166666,0.43856545966666666,0.0,0.0,0.0,0.0,0.0,0.0,0.0,0.0,0.0,0.0,0.0,0.0,0.0,aggressive
NCZ4998,0.33417858742000006,0.23206846348611113,0.0,0.33417858742000006,high,23368.114439232,0.0116757216666666,210.16299,17789.83701,18000.0,0.9883242783333334,0.014594652083333335,0.9883242783333333,0.0,0.0,0.0,0.0,0.0,0.0,0.0,0.0,0.0,0.0,0.0,0.0,0.0,aggressive
ECA557,0.2724554267866667,0.18920515749074074,0.0,0.2724554267866667,high,22775.572097152002,0.4073370077777777,7332.06614,10667.93386,18000.0,0.5926629922222223,0.5091712597222222,0.5926629922222222,0.0,0.0,0.0,0.0,0.0,0.0,0.0,0.0,0.0,0.0,0.0,0.0,0.0,aggressive
A03978A,0.14668828581504,0.10186686514933334,0.0,0.14668828581504,high,21568.207543824385,0.99199914936,17855.98468848,144.01531152000098,18000.0,0.008000850640000001,1.0,0.008000850640000055,0.0,0.0,0.0,0.0,0.0,0.0,0.0,0.0,0.0,0.0,0.0,0.0,0.0,aggressive
A03851A,0.23016567497066673,0.1598372742851852,0.0,0.23016567497066673,high,22369.5904797184,0.6784251604444445,12211.652888,5788.347112,18000.0,0.32157483955555555,0.8480314505555556,0.3215748395555556,0.0,0.0,0.0,0.0,0.0,0.0,0.0,0.0,0.0,0.0,0.0,0.0,0.0,aggressive
U48BKJ,0.28499612034599997,0.19791397246249998,0.0,0.28499612034599997,high,22895.962755321598,0.3269479465,5885.063037,12114.936963,18000.0,0.6730520535,0.408684933125,0.6730520535,0.0,0.0,0.0,0.0,0.0,0.0,0.0,0.0,0.0,0.0,0.0,0.0,0.0,aggressive
122432K,0.22400284278000002,0.15555752970833334,0.0,0.22400284278000002,high,22310.427290688,0.7179304950000001,12922.74891,5077.25109,18000.0,0.28206950499999994,0.8974131187500001,0.282069505,0.0,0.0,0.0,0.0,0.0,0.0,0.0,0.0,0.0,0.0,0.0,0.0,0.0,aggressive
A0689J,0.28400896506000006,0.19722844795833336,0.0,0.28400896506000006,high,22886.486064576,0.333275865,5998.96557,12001.03443,18000.0,0.6667241349999999,0.41659483125,0.6667241349999999,0.0,0.0,0.0,0.0,0.0,0.0,0.0,0.0,0.0,0.0,0.0,0.0,0.0,aggressive
A00201A,0.2713513601866667,0.1884384445740741,0.0,0.2713513601866667,high,22764.973057791998,0.4144143577777777,7459.458439999999,10540.54156,18000.0,0.5855856422222223,0.5180179472222222,0.5855856422222222,0.0,0.0,0.0,0.0,0.0,0.0,0.0,0.0,0.0,0.0,0.0,0.0,0.0,aggressive
MBK588A,0.288968254408,0.20067239889444444,0.0,0.288968254408,high,22934.095242316802,0.3014855486666666,5426.739876,12573.260124,18000.0,0.6985144513333335,0.3768569358333333,0.6985144513333333,0.0,0.0,0.0,0.0,0.0,0.0,0.0,0.0,0.0,0.0,0.0,0.0,0.0,aggressive
203ZCT,0.32314310610600006,0.22440493479583334,0.0,0.32314310610600006,high,23262.1738186176,0.0824159865,1483.487757,16516.512243,18000.0,0.9175840135,0.103019983125,0.9175840135000001,0.0,0.0,0.0,0.0,0.0,0.0,0.0,0.0,0.0,0.0,0.0,0.0,0.0,aggressive
A00232A,0.26416243073333334,0.1834461324537037,0.0,0.26416243073333334,high,22695.95933504,0.4604972388888889,8288.9503,9711.0497,18000.0,0.5395027611111112,0.5756215486111111,0.5395027611111111,0.0,0.0,0.0,0.0,0.0,0.0,0.0,0.0,0.0,0.0,0.0,0.0,0.0,aggressive
MFN464A,0.28300374720133337,0.19653038000092593,0.0,0.28300374720133337,high,22876.835973132802,0.3397195692222222,6114.952246,11885.047754,18000.0,0.6602804307777779,0.42464946152777777,0.6602804307777778,0.0,0.0,0.0,0.0,0.0,0.0,0.0,0.0,0.0,0.0,0.0,0.0,0.0,aggressive
PDS9475,0.3063846214973334,0.21276709826203707,0.0,0.3063846214973334,high,23101.2923663744,0.1898421698888889,3417.159058,14582.840942,18000.0,0.8101578301111111,0.2373027123611111,0.8101578301111112,0.0,0.0,0.0,0.0,0.0,0.0,0.0,0.0,0.0,0.0,0.0,0.0,0.0,aggressive
A4272L,0.33202014125999996,0.23056954254166664,0.0,0.33202014125999996,high,23347.393356096,0.025511915,459.21447,17540.78553,18000.0,0.974488085,0.03188989375,0.9744880850000001,0.0,0.0,0.0,0.0,0.0,0.0,0.0,0.0,0.0,0.0,0.0,0.0,0.0,aggressive
A04725A,0.21821478245000003,0.15153804336805557,0.0,0.21821478245000003,high,22254.861911519998,0.7550334458333332,13590.602024999998,4409.397975000002,18000.0,0.2449665541666668,0.9437918072916666,0.24496655416666677,0.0,0.0,0.0,0.0,0.0,0.0,0.0,0.0,0.0,0.0,0.0,0.0,0.0,aggressive
