placa,alert_type,severity,details,triggered_at,code,diagnostic_id
A01202A,downtime,high,166.7 h sin movimiento en 30d | Cobertura 14d: 0.00,2019-01-28T00:00:00,,
A00367A,safety,high,Seatbelt 0.35 | Alta velocidad 0.43,2019-03-08T00:00:00,,
A00191A,downtime,high,137.3 h sin movimiento en 30d | Cobertura 14d: 0.17,2019-05-22T00:00:00,,
A00191A,telemetry,high,Salud de telemetría 0.37,2019-05-22T00:00:00,,
A00234A,downtime,high,139.1 h sin movimiento en 30d | Cobertura 14d: 0.19,2019-09-23T00:00:00,,
A00053A,downtime,high,160.4 h sin movimiento en 30d | Cobertura 14d: 0.26,2019-10-05T00:00:00,,
A00053A,telemetry,high,Salud de telemetría 0.38,2019-10-05T00:00:00,,
A00897A,safety,high,Seatbelt 0.41 | Alta velocidad 0.41,2020-04-02T00:00:00,,
A01901A,downtime,high,185.8 h sin movimiento en 30d | Cobertura 14d: 0.10,2020-04-13T00:00:00,,
A00334A,telemetry,high,Salud de telemetría 0.40,2020-06-08T00:00:00,,
A00943A,downtime,high,203.4 h sin movimiento en 30d | Cobertura 14d: 0.22,2020-10-31T00:00:00,,
A01216A,safety,high,Seatbelt 0.41 | Alta velocidad 0.50,2021-03-07T00:00:00,,
A00217A,downtime,high,216.9 h sin movimiento en 30d | Cobertura 14d: 0.18,2021-09-13T00:00:00,,
A00217A,telemetry,high,Salud de telemetría 0.31,2021-09-13T00:00:00,,
A00368A,downtime,high,126.1 h sin movimiento en 30d | Cobertura 14d: 0.00,2022-02-02T00:00:00,,
A01747A,downtime,high,200.0 h sin movimiento en 30d | Cobertura 14d: 0.18,2022-02-18T00:00:00,,
A00329A,downtime,high,135.3 h sin movimiento en 30d | Cobertura 14d: 0.00,2022-03-01T00:00:00,,
A00214A,safety,high,Seatbelt 0.37 | Alta velocidad 0.52,2022-04-15T00:00:00,,
A00001A,downtime,high,172.7 h sin movimiento en 30d | Cobertura 14d: 0.03,2022-07-07T00:00:00,,
A00001A,safety,high,Seatbelt 0.49 | Alta velocidad 0.38,2022-07-07T00:00:00,,
A00252A,safety,high,Seatbelt 0.36 | Alta velocidad 0.40,2022-11-01T00:00:00,,
A00983A,telemetry,high,Salud de telemetría 0.36,2023-01-10T00:00:00,,
A00276A,downtime,high,209.5 h sin movimiento en 30d | Cobertura 14d: 0.06,2023-01-13T00:00:00,,
A01155A,safety,high,Seatbelt 0.35 | Alta velocidad 0.41,2023-02-03T00:00:00,,
A01332A,safety,high,Seatbelt 0.50 | Alta velocidad 0.40,2023-03-22T00:00:00,,
A00895A,safety,high,Seatbelt 0.38 | Alta velocidad 0.49,2023-04-05T00:00:00,,
A01973A,safety,high,Seatbelt 0.38 | Alta velocidad 0.39,2023-04-06T00:00:00,,
A00241A,downtime,high,151.2 h sin movimiento en 30d | Cobertura 14d: 0.12,2023-05-16T00:00:00,,
A01937A,downtime,high,179.1 h sin movimiento en 30d | Cobertura 14d: 0.10,2023-08-02T00:00:00,,
A01937A,telemetry,high,Salud de telemetría 0.35,2023-08-02T00:00:00,,
A02233A,safety,high,Seatbelt 0.36 | Alta velocidad 0.41,2023-08-15T00:00:00,,
A03864A,downtime,high,149.4 h sin movimiento en 30d | Cobertura 14d: 0.08,2023-08-16T00:00:00,,
A0278C,downtime,high,168.1 h sin movimiento en 30d | Cobertura 14d: 0.00,2023-09-13T00:00:00,,
E44BFC,downtime,high,132.5 h sin movimiento en 30d | Cobertura 14d: 0.00,2023-10-04T00:00:00,,
E44BFC,telemetry,high,Salud de telemetría 0.38,2023-10-04T00:00:00,,
PCG7490,downtime,high,192.7 h sin movimiento en 30d | Cobertura 14d: 0.00,2023-10-18T00:00:00,,
PCG7490,telemetry,high,Salud de telemetría 0.38,2023-10-18T00:00:00,,
K0088915,downtime,high,130.8 h sin movimiento en 30d | Cobertura 14d: 0.00,2023-10-24T00:00:00,,
K0088915,telemetry,high,Salud de telemetría 0.33,2023-10-24T00:00:00,,
NZG6214,downtime,high,142.7 h sin movimiento en 30d | Cobertura 14d: 0.00,2023-11-02T00:00:00,,
NZG6214,safety,high,Seatbelt 0.38 | Alta velocidad 0.48,2023-11-02T00:00:00,,
PEP9965,downtime,high,156.9 h sin movimiento en 30d | Cobertura 14d: 0.00,2023-11-02T00:00:00,,
PEP9965,telemetry,high,Salud de telemetría 0.40,2023-11-02T00:00:00,,
1711MDF017,safety,high,Seatbelt 0.38 | Alta velocidad 0.43,2023-11-21T00:00:00,,
A00275A,telemetry,high,Salud de telemetría 0.36,2023-11-21T00:00:00,,
RAN627C,downtime,high,158.5 h sin movimiento en 30d | Cobertura 14d: 0.00,2023-12-01T00:00:00,,
PBV4760,downtime,high,182.4 h sin movimiento en 30d | Cobertura 14d: 0.00,2023-12-04T00:00:00,,
PBV4760,telemetry,high,Salud de telemetría 0.27,2023-12-04T00:00:00,,
ECO15,safety,high,Seatbelt 0.49 | Alta velocidad 0.39,2023-12-15T00:00:00,,
ECO026R,downtime,high,133.4 h sin movimiento en 30d | Cobertura 14d: 0.00,2023-12-30T00:00:00,,
ECO026R,telemetry,high,Salud de telemetría 0.31,2023-12-30T00:00:00,,
2617JGE,safety,high,Seatbelt 0.36 | Alta velocidad 0.43,2024-01-06T00:00:00,,
A4385LA,downtime,high,167.2 h sin movimiento en 30d | Cobertura 14d: 0.00,2024-01-11T00:00:00,,
B36AYC,safety,high,Seatbelt 0.47 | Alta velocidad 0.45,2024-01-12T00:00:00,,
P08BJW,safety,high,Seatbelt 0.47 | Alta velocidad 0.51,2024-02-02T00:00:00,,
NZW4553,downtime,high,195.8 h sin movimiento en 30d | Cobertura 14d: 0.00,2024-02-11T00:00:00,,
NZW4553,telemetry,high,Salud de telemetría 0.34,2024-02-11T00:00:00,,
A2901C,downtime,high,165.6 h sin movimiento en 30d | Cobertura 14d: 0.00,2024-02-12T00:00:00,,
A4614H,downtime,high,130.5 h sin movimiento en 30d | Cobertura 14d: 0.00,2024-02-13T00:00:00,,
NJT3798,downtime,high,151.7 h sin movimiento en 30d | Cobertura 14d: 0.00,2024-02-19T00:00:00,,
NJT3798,safety,high,Seatbelt 0.49 | Alta velocidad 0.45,2024-02-19T00:00:00,,
NJT3798,telemetry,high,Salud de telemetría 0.35,2024-02-19T00:00:00,,
LUY792A,downtime,high,200.0 h sin movimiento en 30d | Cobertura 14d: 0.00,2024-03-02T00:00:00,,
LUY792A,telemetry,high,Salud de telemetría 0.37,2024-03-02T00:00:00,,
A02350A,downtime,high,125.6 h sin movimiento en 30d | Cobertura 14d: 0.23,2024-03-05T00:00:00,,
A02350A,telemetry,high,Salud de telemetría 0.32,2024-03-05T00:00:00,,
NSV2306,downtime,high,214.1 h sin movimiento en 30d | Cobertura 14d: 0.00,2024-03-13T00:00:00,,
69AY8K,safety,high,Seatbelt 0.45 | Alta velocidad 0.49,2024-03-25T00:00:00,,
A4649L,safety,high,Seatbelt 0.45 | Alta velocidad 0.51,2024-04-01T00:00:00,,
UPZ963G,safety,high,Seatbelt 0.37 | Alta velocidad 0.48,2024-04-04T00:00:00,,
PBG6023,downtime,high,197.0 h sin movimiento en 30d | Cobertura 14d: 0.00,2024-04-11T00:00:00,,
PBG6023,telemetry,high,Salud de telemetría 0.31,2024-04-11T00:00:00,,
A00172A,downtime,high,208.0 h sin movimiento en 30d | Cobertura 14d: 0.13,2024-04-17T00:00:00,,
A00172A,telemetry,high,Salud de telemetría 0.35,2024-04-17T00:00:00,,
1706MDF121,downtime,high,217.0 h sin movimiento en 30d | Cobertura 14d: 0.00,2024-04-19T00:00:00,,
1706MDF121,telemetry,high,Salud de telemetría 0.37,2024-04-19T00:00:00,,
A3315J,downtime,high,171.1 h sin movimiento en 30d | Cobertura 14d: 0.00,2024-04-21T00:00:00,,
A559JMC,downtime,high,165.4 h sin movimiento en 30d | Cobertura 14d: 0.00,2024-04-25T00:00:00,,
A5425L,downtime,high,191.3 h sin movimiento en 30d | Cobertura 14d: 0.00,2024-05-25T00:00:00,,
A5425L,telemetry,high,Salud de telemetría 0.39,2024-05-25T00:00:00,,
A6058C,safety,high,Seatbelt 0.35 | Alta velocidad 0.39,2024-05-28T00:00:00,,
A4821E,downtime,high,210.2 h sin movimiento en 30d | Cobertura 14d: 0.00,2024-05-30T00:00:00,,
A4821E,telemetry,high,Salud de telemetría 0.34,2024-05-30T00:00:00,,
A4193A,safety,high,Seatbelt 0.47 | Alta velocidad 0.42,2024-06-05T00:00:00,,
1712MDF018,downtime,high,214.1 h sin movimiento en 30d | Cobertura 14d: 0.00,2024-06-08T00:00:00,,
1712MDF018,telemetry,high,Salud de telemetría 0.39,2024-06-08T00:00:00,,
M05ADW,safety,high,Seatbelt 0.45 | Alta velocidad 0.51,2024-06-17T00:00:00,,
A9675D,safety,high,Seatbelt 0.44 | Alta velocidad 0.39,2024-06-19T00:00:00,,
Z50BGG,safety,high,Seatbelt 0.47 | Alta velocidad 0.47,2024-06-23T00:00:00,,
A00296A,safety,high,Seatbelt 0.37 | Alta velocidad 0.45,2024-07-09T00:00:00,,
A7563G,safety,high,Seatbelt 0.37 | Alta velocidad 0.44,2024-07-11T00:00:00,,
ECO508,downtime,high,211.4 h sin movimiento en 30d | Cobertura 14d: 0.00,2024-07-16T00:00:00,,
ECO508,safety,high,Seatbelt 0.40 | Alta velocidad 0.41,2024-07-16T00:00:00,,
NKH9513,downtime,high,193.0 h sin movimiento en 30d | Cobertura 14d: 0.00,2024-07-16T00:00:00,,
NKH9513,telemetry,high,Salud de telemetría 0.32,2024-07-16T00:00:00,,
F15BEA,downtime,high,159.4 h sin movimiento en 30d | Cobertura 14d: 0.05,2024-07-20T00:00:00,,
467TL118,downtime,high,146.6 h sin movimiento en 30d | Cobertura 14d: 0.00,2024-07-24T00:00:00,,
ECO035,downtime,high,181.7 h sin movimiento en 30d | Cobertura 14d: 0.17,2024-07-24T00:00:00,,
A59BEB,downtime,high,132.5 h sin movimiento en 30d | Cobertura 14d: 0.00,2024-07-25T00:00:00,,
NKT1129,safety,high,Seatbelt 0.44 | Alta velocidad 0.53,2024-07-30T00:00:00,,
A7049M,downtime,high,190.7 h sin movimiento en 30d | Cobertura 14d: 0.00,2024-08-04T00:00:00,,
A1297B,safety,high,Seatbelt 0.38 | Alta velocidad 0.43,2024-08-10T00:00:00,,
NJK7453,safety,high,Seatbelt 0.45 | Alta velocidad 0.42,2024-08-17T00:00:00,,
A0858A,safety,high,Seatbelt 0.36 | Alta velocidad 0.45,2024-08-22T00:00:00,,
A00158A,safety,high,Seatbelt 0.46 | Alta velocidad 0.45,2024-08-27T00:00:00,,
K52BEM,downtime,high,162.5 h sin movimiento en 30d | Cobertura 14d: 0.00,2024-09-01T00:00:00,,
K52BEM,telemetry,high,Salud de telemetría 0.38,2024-09-01T00:00:00,,
A9502L,safety,high,Seatbelt 0.38 | Alta velocidad 0.47,2024-09-03T00:00:00,,
305,safety,high,Seatbelt 0.46 | Alta velocidad 0.52,2024-09-04T00:00:00,,
A064,safety,high,Seatbelt 0.49 | Alta velocidad 0.47,2024-09-04T00:00:00,,
370,downtime,high,181.3 h sin movimiento en 30d | Cobertura 14d: 0.00,2024-09-11T00:00:00,,
370,telemetry,high,Salud de telemetría 0.39,2024-09-11T00:00:00,,
CR5986,downtime,high,210.9 h sin movimiento en 30d | Cobertura 14d: 0.03,2024-09-13T00:00:00,,
A2797B,downtime,high,163.8 h sin movimiento en 30d | Cobertura 14d: 0.00,2024-09-15T00:00:00,,
A2797B,telemetry,high,Salud de telemetría 0.36,2024-09-15T00:00:00,,
1610MDF004,downtime,high,183.2 h sin movimiento en 30d | Cobertura 14d: 0.00,2024-09-18T00:00:00,,
640NZ022M,downtime,high,123.3 h sin movimiento en 30d | Cobertura 14d: 0.00,2024-09-23T00:00:00,,
A1343H,safety,high,Seatbelt 0.48 | Alta velocidad 0.49,2024-10-03T00:00:00,,
LKH469A,downtime,high,150.4 h sin movimiento en 30d | Cobertura 14d: 0.00,2024-10-03T00:00:00,,
LKH469A,telemetry,high,Salud de telemetría 0.33,2024-10-03T00:00:00,,
LKH469A,telemetry,high,Salud de telemetría 0.35,2024-10-03T00:00:00,,
PCT9966,downtime,high,164.8 h sin movimiento en 30d | Cobertura 14d: 0.00,2024-10-03T00:00:00,,
PCT9966,telemetry,high,Salud de telemetría 0.30,2024-10-03T00:00:00,,
LMN574A,telemetry,high,Salud de telemetría 0.37,2024-10-05T00:00:00,,
NJT3199,safety,high,Seatbelt 0.47 | Alta velocidad 0.40,2024-10-14T00:00:00,,
NYM4040,downtime,high,219.4 h sin movimiento en 30d | Cobertura 14d: 0.00,2024-10-14T00:00:00,,
A2164D,telemetry,high,Salud de telemetría 0.35,2024-10-17T00:00:00,,
A25250E,downtime,high,219.9 h sin movimiento en 30d | Cobertura 14d: 0.00,2024-10-21T00:00:00,,
A25250E,telemetry,high,Salud de telemetría 0.39,2024-10-21T00:00:00,,
PBE4208,downtime,high,198.3 h sin movimiento en 30d | Cobertura 14d: 0.00,2024-10-21T00:00:00,,
NPR7970,downtime,high,163.7 h sin movimiento en 30d | Cobertura 14d: 0.00,2024-10-24T00:00:00,,
NPR7970,telemetry,high,Salud de telemetría 0.35,2024-10-24T00:00:00,,
1712MDF126,safety,high,Seatbelt 0.38 | Alta velocidad 0.45,2024-10-26T00:00:00,,
A24472E,downtime,high,213.1 h sin movimiento en 30d | Cobertura 14d: 0.14,2024-10-26T00:00:00,,
A24472E,telemetry,high,Salud de telemetría 0.40,2024-10-26T00:00:00,,
PBZ4742,downtime,high,163.2 h sin movimiento en 30d | Cobertura 14d: 0.00,2024-10-26T00:00:00,,
PBZ4742,telemetry,high,Salud de telemetría 0.30,2024-10-26T00:00:00,,
LYX364A,downtime,high,143.9 h sin movimiento en 30d | Cobertura 14d: 0.00,2024-10-27T00:00:00,,
LYX364A,telemetry,high,Salud de telemetría 0.34,2024-10-27T00:00:00,,
NHT5940,downtime,high,150.0 h sin movimiento en 30d | Cobertura 14d: 0.00,2024-10-27T00:00:00,,
A24778E,downtime,high,211.2 h sin movimiento en 30d | Cobertura 14d: 0.18,2024-10-29T00:00:00,,
A24778E,telemetry,high,Salud de telemetría 0.31,2024-10-29T00:00:00,,
A2591J,downtime,high,121.3 h sin movimiento en 30d | Cobertura 14d: 0.00,2024-10-29T00:00:00,,
A2591J,telemetry,high,Salud de telemetría 0.32,2024-10-29T00:00:00,,
PDV9084,downtime,high,165.5 h sin movimiento en 30d | Cobertura 14d: 0.00,2024-11-02T00:00:00,,
PDV9084,telemetry,high,Salud de telemetría 0.40,2024-11-02T00:00:00,,
121368K,downtime,high,190.0 h sin movimiento en 30d | Cobertura 14d: 0.00,2024-11-07T00:00:00,,
P801079,downtime,high,219.7 h sin movimiento en 30d | Cobertura 14d: 0.00,2024-11-07T00:00:00,,
P801079,safety,high,Seatbelt 0.34 | Alta velocidad 0.42,2024-11-07T00:00:00,,
MAF974B,downtime,high,173.6 h sin movimiento en 30d | Cobertura 14d: 0.00,2024-11-08T00:00:00,,
MAF974B,telemetry,high,Salud de telemetría 0.39,2024-11-08T00:00:00,,
NAN301A,safety,high,Seatbelt 0.43 | Alta velocidad 0.46,2024-11-11T00:00:00,,
807703J,safety,high,Seatbelt 0.40 | Alta velocidad 0.44,2024-11-14T00:00:00,,
V25AUE,downtime,high,133.8 h sin movimiento en 30d | Cobertura 14d: 0.00,2024-11-18T00:00:00,,
V25AUE,telemetry,high,Salud de telemetría 0.29,2024-11-18T00:00:00,,
A2945E,downtime,high,191.6 h sin movimiento en 30d | Cobertura 14d: 0.00,2024-11-20T00:00:00,,
LVJ213A,downtime,high,200.8 h sin movimiento en 30d | Cobertura 14d: 0.00,2024-11-24T00:00:00,,
N86BHC,downtime,high,139.4 h sin movimiento en 30d | Cobertura 14d: 0.00,2024-11-26T00:00:00,,
N86BHC,telemetry,high,Salud de telemetría 0.32,2024-11-26T00:00:00,,
NSF7001,downtime,high,176.7 h sin movimiento en 30d | Cobertura 14d: 0.00,2024-11-26T00:00:00,,
A00012,downtime,high,134.6 h sin movimiento en 30d | Cobertura 14d: 0.00,2024-11-30T00:00:00,,
NYM9892,safety,high,Seatbelt 0.43 | Alta velocidad 0.40,2024-12-01T00:00:00,,
P802569,downtime,high,164.8 h sin movimiento en 30d | Cobertura 14d: 0.19,2024-12-11T00:00:00,,
P802569,safety,high,Seatbelt 0.46 | Alta velocidad 0.40,2024-12-11T00:00:00,,
NWC5697,downtime,high,205.9 h sin movimiento en 30d | Cobertura 14d: 0.00,2024-12-13T00:00:00,,
NWC5697,telemetry,high,Salud de telemetría 0.39,2024-12-13T00:00:00,,
A6323E,downtime,high,219.8 h sin movimiento en 30d | Cobertura 14d: 0.00,2024-12-20T00:00:00,,
NXD1136,downtime,high,132.9 h sin movimiento en 30d | Cobertura 14d: 0.00,2024-12-31T00:00:00,,
A04684A,safety,high,Seatbelt 0.48 | Alta velocidad 0.48,2025-01-10T00:00:00,,
A0814M,downtime,high,141.0 h sin movimiento en 30d | Cobertura 14d: 0.00,2025-01-16T00:00:00,,
A0814M,telemetry,high,Salud de telemetría 0.30,2025-01-16T00:00:00,,
LYD851A,downtime,high,128.1 h sin movimiento en 30d | Cobertura 14d: 0.00,2025-01-17T00:00:00,,
LYD851A,telemetry,high,Salud de telemetría 0.36,2025-01-17T00:00:00,,
NZW4847,downtime,high,206.2 h sin movimiento en 30d | Cobertura 14d: 0.00,2025-01-18T00:00:00,,
NZW4847,telemetry,high,Salud de telemetría 0.36,2025-01-18T00:00:00,,
NZE5695,safety,high,Seatbelt 0.43 | Alta velocidad 0.52,2025-01-21T00:00:00,,
PDR6179,safety,high,Seatbelt 0.44 | Alta velocidad 0.46,2025-01-23T00:00:00,,
PEZ7226,downtime,high,199.0 h sin movimiento en 30d | Cobertura 14d: 0.00,2025-01-24T00:00:00,,
PEZ7226,telemetry,high,Salud de telemetría 0.29,2025-01-24T00:00:00,,
A6899H,safety,high,Seatbelt 0.35 | Alta velocidad 0.51,2025-01-26T00:00:00,,
A25907,downtime,high,204.7 h sin movimiento en 30d | Cobertura 14d: 0.00,2025-01-27T00:00:00,,
CR5838,downtime,high,123.3 h sin movimiento en 30d | Cobertura 14d: 1.00,2025-01-27T00:00:00,,
1912VLL28,downtime,high,162.8 h sin movimiento en 30d | Cobertura 14d: 0.00,2025-01-28T00:00:00,,
A67282,downtime,high,184.3 h sin movimiento en 30d | Cobertura 14d: 0.00,2025-01-30T00:00:00,,
A26052E,downtime,high,216.0 h sin movimiento en 30d | Cobertura 14d: 0.24,2025-02-07T00:00:00,,
A3861B,downtime,high,202.2 h sin movimiento en 30d | Cobertura 14d: 0.00,2025-02-09T00:00:00,,
A3861B,telemetry,high,Salud de telemetría 0.29,2025-02-09T00:00:00,,
F87AEX,downtime,high,181.8 h sin movimiento en 30d | Cobertura 14d: 0.00,2025-02-10T00:00:00,,
F87AEX,telemetry,high,Salud de telemetría 0.31,2025-02-10T00:00:00,,
1603MDF019,downtime,high,177.0 h sin movimiento en 30d | Cobertura 14d: 0.00,2025-02-11T00:00:00,,
1603MDF019,telemetry,high,Salud de telemetría 0.35,2025-02-11T00:00:00,,
A23757E,downtime,high,209.6 h sin movimiento en 30d | Cobertura 14d: 0.28,2025-02-12T00:00:00,,
A23757E,telemetry,high,Salud de telemetría 0.39,2025-02-12T00:00:00,,
MHJ174B,downtime,high,175.7 h sin movimiento en 30d | Cobertura 14d: 0.00,2025-02-16T00:00:00,,
MHJ174B,safety,high,Seatbelt 0.50 | Alta velocidad 0.45,2025-02-16T00:00:00,,
460TL122,downtime,high,211.2 h sin movimiento en 30d | Cobertura 14d: 0.24,2025-02-18T00:00:00,,
W96AUN,downtime,high,141.2 h sin movimiento en 30d | Cobertura 14d: 0.00,2025-02-18T00:00:00,,
W96AUN,telemetry,high,Salud de telemetría 0.36,2025-02-18T00:00:00,,
1711MDF126,downtime,high,206.9 h sin movimiento en 30d | Cobertura 14d: 0.00,2025-02-20T00:00:00,,
1711MDF126,safety,high,Seatbelt 0.39 | Alta velocidad 0.42,2025-02-20T00:00:00,,
1711MDF126,telemetry,high,Salud de telemetría 0.35,2025-02-20T00:00:00,,
A00926A,safety,high,Seatbelt 0.43 | Alta velocidad 0.49,2025-02-21T00:00:00,,
A1343HA,downtime,high,122.3 h sin movimiento en 30d | Cobertura 14d: 0.00,2025-02-23T00:00:00,,
E9003344,downtime,high,217.6 h sin movimiento en 30d | Cobertura 14d: 0.16,2025-02-23T00:00:00,,
E9003344,telemetry,high,Salud de telemetría 0.38,2025-02-23T00:00:00,,
A28624E,downtime,high,177.2 h sin movimiento en 30d | Cobertura 14d: 0.19,2025-02-24T00:00:00,,
B01923,downtime,high,160.4 h sin movimiento en 30d | Cobertura 14d: 0.00,2025-03-01T00:00:00,,
A8204H,safety,high,Seatbelt 0.45 | Alta velocidad 0.48,2025-03-02T00:00:00,,
A4766C,downtime,high,171.3 h sin movimiento en 30d | Cobertura 14d: 0.00,2025-03-06T00:00:00,,
NTT7520,downtime,high,135.7 h sin movimiento en 30d | Cobertura 14d: 0.00,2025-03-09T00:00:00,,
NTT7520,telemetry,high,Salud de telemetría 0.38,2025-03-09T00:00:00,,
A1939N,downtime,high,131.1 h sin movimiento en 30d | Cobertura 14d: 0.00,2025-03-10T00:00:00,,
L37AZX,downtime,high,202.9 h sin movimiento en 30d | Cobertura 14d: 0.00,2025-03-17T00:00:00,,
L37AZX,telemetry,high,Salud de telemetría 0.29,2025-03-17T00:00:00,,
A02033A,downtime,high,169.5 h sin movimiento en 30d | Cobertura 14d: 0.01,2025-03-23T00:00:00,,
A02033A,telemetry,high,Salud de telemetría 0.30,2025-03-23T00:00:00,,
X28ABB,safety,high,Seatbelt 0.45 | Alta velocidad 0.49,2025-03-23T00:00:00,,
6CS8F90,safety,high,Seatbelt 0.48 | Alta velocidad 0.41,2025-03-25T00:00:00,,
LE41033,safety,high,Seatbelt 0.38 | Alta velocidad 0.50,2025-03-31T00:00:00,,
403TL180,safety,high,Seatbelt 0.45 | Alta velocidad 0.52,2025-04-01T00:00:00,,
A4521C,downtime,high,155.1 h sin movimiento en 30d | Cobertura 14d: 0.00,2025-04-02T00:00:00,,
A4521C,telemetry,high,Salud de telemetría 0.31,2025-04-02T00:00:00,,
M02696,downtime,high,158.2 h sin movimiento en 30d | Cobertura 14d: 0.00,2025-04-06T00:00:00,,
LGX501B,safety,high,Seatbelt 0.45 | Alta velocidad 0.43,2025-04-08T00:00:00,,
A26374E,safety,high,Seatbelt 0.43 | Alta velocidad 0.40,2025-04-09T00:00:00,,
A5208G,safety,high,Seatbelt 0.48 | Alta velocidad 0.50,2025-04-10T00:00:00,,
A0148G,downtime,high,209.5 h sin movimiento en 30d | Cobertura 14d: 0.00,2025-04-13T00:00:00,,
NXK8810,safety,high,Seatbelt 0.46 | Alta velocidad 0.52,2025-04-13T00:00:00,,
8E9003481,safety,high,Seatbelt 0.44 | Alta velocidad 0.44,2025-04-14T00:00:00,,
A04526A,downtime,high,189.4 h sin movimiento en 30d | Cobertura 14d: 0.07,2025-04-14T00:00:00,,
K009100,downtime,high,140.5 h sin movimiento en 30d | Cobertura 14d: 0.16,2025-04-14T00:00:00,,
K009100,safety,high,Seatbelt 0.41 | Alta velocidad 0.51,2025-04-14T00:00:00,,
K009100,telemetry,high,Salud de telemetría 0.37,2025-04-14T00:00:00,,
PCZ3897,telemetry,high,Salud de telemetría 0.39,2025-04-15T00:00:00,,
A5948A,safety,high,Seatbelt 0.46 | Alta velocidad 0.47,2025-04-16T00:00:00,,
MDF887A,downtime,high,125.8 h sin movimiento en 30d | Cobertura 14d: 0.00,2025-04-17T00:00:00,,
A5007M,downtime,high,147.5 h sin movimiento en 30d | Cobertura 14d: 0.00,2025-04-18T00:00:00,,
A5007M,telemetry,high,Salud de telemetría 0.26,2025-04-18T00:00:00,,
A6090C,downtime,high,218.5 h sin movimiento en 30d | Cobertura 14d: 0.00,2025-04-20T00:00:00,,
LHT976A,downtime,high,160.2 h sin movimiento en 30d | Cobertura 14d: 0.00,2025-04-21T00:00:00,,
NAE825A,safety,high,Seatbelt 0.45 | Alta velocidad 0.48,2025-04-21T00:00:00,,
A2473G,downtime,high,140.7 h sin movimiento en 30d | Cobertura 14d: 0.00,2025-04-24T00:00:00,,
A2473G,telemetry,high,Salud de telemetría 0.37,2025-04-24T00:00:00,,
PDE3038,safety,high,Seatbelt 0.50 | Alta velocidad 0.37,2025-04-24T00:00:00,,
PDE3038,telemetry,high,Salud de telemetría 0.40,2025-04-24T00:00:00,,
A9933E,downtime,high,167.0 h sin movimiento en 30d | Cobertura 14d: 0.00,2025-04-28T00:00:00,,
MDC441A,safety,high,Seatbelt 0.38 | Alta velocidad 0.46,2025-04-28T00:00:00,,
LHJ272C,downtime,high,159.8 h sin movimiento en 30d | Cobertura 14d: 0.00,2025-04-29T00:00:00,,
LHJ272C,telemetry,high,Salud de telemetría 0.39,2025-04-29T00:00:00,,
MBK588A,downtime,high,142.3 h sin movimiento en 30d | Cobertura 14d: 0.00,2025-04-29T00:00:00,,
NJU829B,downtime,high,193.1 h sin movimiento en 30d | Cobertura 14d: 0.00,2025-04-29T00:00:00,,
PWR358D,downtime,high,160.7 h sin movimiento en 30d | Cobertura 14d: 0.00,2025-04-30T00:00:00,,
PWR358D,telemetry,high,Salud de telemetría 0.33,2025-04-30T00:00:00,,
A6041C,safety,high,Seatbelt 0.42 | Alta velocidad 0.43,2025-05-03T00:00:00,,
NWT2578,downtime,high,178.2 h sin movimiento en 30d | Cobertura 14d: 0.00,2025-05-03T00:00:00,,
NWT2578,telemetry,high,Salud de telemetría 0.29,2025-05-03T00:00:00,,
NXW6665,downtime,high,184.0 h sin movimiento en 30d | Cobertura 14d: 0.36,2025-05-04T00:00:00,,
NXW6665,safety,high,Seatbelt 0.47 | Alta velocidad 0.51,2025-05-04T00:00:00,,
NXW6665,telemetry,high,Salud de telemetría 0.33,2025-05-04T00:00:00,,
A03851A,safety,high,Seatbelt 0.36 | Alta velocidad 0.40,2025-05-06T00:00:00,,
MTC009A,safety,high,Seatbelt 0.39 | Alta velocidad 0.53,2025-05-07T00:00:00,,
NFN637A,safety,high,Seatbelt 0.37 | Alta velocidad 0.49,2025-05-11T00:00:00,,
A0282D,downtime,high,199.3 h sin movimiento en 30d | Cobertura 14d: 0.00,2025-05-16T00:00:00,,
A2203E,safety,high,Seatbelt 0.46 | Alta velocidad 0.47,2025-05-16T00:00:00,,
MMX820A,safety,high,Seatbelt 0.38 | Alta velocidad 0.50,2025-05-16T00:00:00,,
754292J,downtime,high,188.6 h sin movimiento en 30d | Cobertura 14d: 0.06,2025-05-17T00:00:00,,
403TL113,downtime,high,149.7 h sin movimiento en 30d | Cobertura 14d: 0.00,2025-05-19T00:00:00,,
A03975A,downtime,high,120.6 h sin movimiento en 30d | Cobertura 14d: 0.09,2025-05-19T00:00:00,,
PDR246A,downtime,high,163.4 h sin movimiento en 30d | Cobertura 14d: 0.10,2025-05-20T00:00:00,,
PDR246A,telemetry,high,Salud de telemetría 0.38,2025-05-20T00:00:00,,
CR5896,downtime,high,173.5 h sin movimiento en 30d | Cobertura 14d: 1.00,2025-05-21T00:00:00,,
CR5896,telemetry,high,Salud de telemetría 0.39,2025-05-21T00:00:00,,
CR5763,safety,high,Seatbelt 0.47 | Alta velocidad 0.37,2025-05-22T00:00:00,,
A05238A,safety,high,Seatbelt 0.35 | Alta velocidad 0.42,2025-05-27T00:00:00,,
MVB471B,safety,high,Seatbelt 0.37 | Alta velocidad 0.40,2025-05-28T00:00:00,,
MUS763B,telemetry,high,Salud de telemetría 0.36,2025-05-29T00:00:00,,
PCD3001,safety,high,Seatbelt 0.34 | Alta velocidad 0.50,2025-05-29T00:00:00,,
A04511A,safety,high,Seatbelt 0.48 | Alta velocidad 0.39,2025-06-02T00:00:00,,
MMJ562A,downtime,high,214.7 h sin movimiento en 30d | Cobertura 14d: 0.00,2025-06-02T00:00:00,,
MMJ562A,safety,high,Seatbelt 0.36 | Alta velocidad 0.39,2025-06-02T00:00:00,,
A28124E,downtime,high,164.3 h sin movimiento en 30d | Cobertura 14d: 0.11,2025-06-05T00:00:00,,
NYR2020,downtime,high,125.1 h sin movimiento en 30d | Cobertura 14d: 0.00,2025-06-05T00:00:00,,
NYR2020,telemetry,high,Salud de telemetría 0.40,2025-06-05T00:00:00,,
A0089L,downtime,high,133.3 h sin movimiento en 30d | Cobertura 14d: 0.00,2025-06-06T00:00:00,,
NA000011,downtime,high,190.6 h sin movimiento en 30d | Cobertura 14d: 1.00,2025-06-07T00:00:00,,
NA000011,telemetry,high,Salud de telemetría 0.34,2025-06-07T00:00:00,,
A2988C,downtime,high,176.1 h sin movimiento en 30d | Cobertura 14d: 0.00,2025-06-08T00:00:00,,
MDX643A,downtime,high,125.4 h sin movimiento en 30d | Cobertura 14d: 0.00,2025-06-08T00:00:00,,
MDX643A,telemetry,high,Salud de telemetría 0.39,2025-06-08T00:00:00,,
T07BAW,downtime,high,203.4 h sin movimiento en 30d | Cobertura 14d: 0.00,2025-06-08T00:00:00,,
B73AVH,safety,high,Seatbelt 0.40 | Alta velocidad 0.41,2025-06-10T00:00:00,,
8163JES,downtime,high,192.2 h sin movimiento en 30d | Cobertura 14d: 0.00,2025-06-11T00:00:00,,
8163JES,telemetry,high,Salud de telemetría 0.34,2025-06-11T00:00:00,,
A7861A,safety,high,Seatbelt 0.50 | Alta velocidad 0.41,2025-06-12T00:00:00,,
3866GMK,downtime,high,125.0 h sin movimiento en 30d | Cobertura 14d: 0.00,2025-06-14T00:00:00,,
A24630E,safety,high,Seatbelt 0.37 | Alta velocidad 0.47,2025-06-16T00:00:00,,
X21BBW,downtime,high,164.1 h sin movimiento en 30d | Cobertura 14d: 0.00,2025-06-17T00:00:00,,
X21BBW,safety,high,Seatbelt 0.35 | Alta velocidad 0.52,2025-06-17T00:00:00,,
X21BBW,telemetry,high,Salud de telemetría 0.35,2025-06-17T00:00:00,,
2000705,downtime,high,172.9 h sin movimiento en 30d | Cobertura 14d: 0.00,2025-06-18T00:00:00,,
2000705,telemetry,high,Salud de telemetría 0.40,2025-06-18T00:00:00,,
A0028N,safety,high,Seatbelt 0.34 | Alta velocidad 0.45,2025-06-18T00:00:00,,
A0921D,safety,high,Seatbelt 0.50 | Alta velocidad 0.43,2025-06-19T00:00:00,,
B49BEB,downtime,high,142.1 h sin movimiento en 30d | Cobertura 14d: 0.00,2025-06-19T00:00:00,,
B49BEB,telemetry,high,Salud de telemetría 0.30,2025-06-19T00:00:00,,
S4078349,downtime,high,181.8 h sin movimiento en 30d | Cobertura 14d: 0.00,2025-06-19T00:00:00,,
A7642C,downtime,high,193.6 h sin movimiento en 30d | Cobertura 14d: 0.00,2025-06-20T00:00:00,,
A3864B,safety,high,Seatbelt 0.47 | Alta velocidad 0.36,2025-06-23T00:00:00,,
A3864B,telemetry,high,Salud de telemetría 0.36,2025-06-23T00:00:00,,
0NXA9936,downtime,high,144.4 h sin movimiento en 30d | Cobertura 14d: 0.00,2025-06-24T00:00:00,,
A4981E,downtime,high,163.4 h sin movimiento en 30d | Cobertura 14d: 0.00,2025-06-24T00:00:00,,
A4981E,telemetry,high,Salud de telemetría 0.28,2025-06-24T00:00:00,,
A3606J,downtime,high,137.3 h sin movimiento en 30d | Cobertura 14d: 0.00,2025-06-26T00:00:00,,
A5026G,safety,high,Seatbelt 0.50 | Alta velocidad 0.50,2025-06-26T00:00:00,,
K74BDK,safety,high,Seatbelt 0.35 | Alta velocidad 0.46,2025-06-27T00:00:00,,
CR5759,downtime,high,178.5 h sin movimiento en 30d | Cobertura 14d: 1.00,2025-06-30T00:00:00,,
CR5759,safety,high,Seatbelt 0.43 | Alta velocidad 0.50,2025-06-30T00:00:00,,
CR5759,telemetry,high,Salud de telemetría 0.35,2025-06-30T00:00:00,,
NPD9651,downtime,high,165.1 h sin movimiento en 30d | Cobertura 14d: 0.00,2025-06-30T00:00:00,,
NPD9651,telemetry,high,Salud de telemetría 0.36,2025-06-30T00:00:00,,
A1861G,downtime,high,182.8 h sin movimiento en 30d | Cobertura 14d: 0.00,2025-07-01T00:00:00,,
CR5818,downtime,high,176.3 h sin movimiento en 30d | Cobertura 14d: 1.00,2025-07-02T00:00:00,,
CR5818,telemetry,high,Salud de telemetría 0.35,2025-07-02T00:00:00,,
NYT3731,safety,high,Seatbelt 0.45 | Alta velocidad 0.41,2025-07-02T00:00:00,,
CR5729,downtime,high,131.3 h sin movimiento en 30d | Cobertura 14d: 1.00,2025-07-05T00:00:00,,
PDM6702,downtime,high,181.1 h sin movimiento en 30d | Cobertura 14d: 0.00,2025-07-05T00:00:00,,
A04610A,safety,high,Seatbelt 0.37 | Alta velocidad 0.40,2025-07-06T00:00:00,,
NTJ047A,safety,high,Seatbelt 0.49 | Alta velocidad 0.42,2025-07-06T00:00:00,,
PCK8847,safety,high,Seatbelt 0.36 | Alta velocidad 0.42,2025-07-06T00:00:00,,
MXH354A,downtime,high,177.4 h sin movimiento en 30d | Cobertura 14d: 0.00,2025-07-07T00:00:00,,
A04588A,downtime,high,194.1 h sin movimiento en 30d | Cobertura 14d: 0.07,2025-07-08T00:00:00,,
A04588A,telemetry,high,Salud de telemetría 0.36,2025-07-08T00:00:00,,
CR5898,downtime,high,135.2 h sin movimiento en 30d | Cobertura 14d: 0.05,2025-07-09T00:00:00,,
CR5898,telemetry,high,Salud de telemetría 0.38,2025-07-09T00:00:00,,
NHU5137,safety,high,Seatbelt 0.47 | Alta velocidad 0.49,2025-07-10T00:00:00,,
A01710A,safety,high,Seatbelt 0.46 | Alta velocidad 0.40,2025-07-11T00:00:00,,
A01913A,safety,high,Seatbelt 0.35 | Alta velocidad 0.49,2025-07-12T00:00:00,,
A6814G,safety,high,Seatbelt 0.38 | Alta velocidad 0.52,2025-07-12T00:00:00,,
NYD3632,downtime,high,179.0 h sin movimiento en 30d | Cobertura 14d: 0.00,2025-07-12T00:00:00,,
744733J,downtime,high,126.5 h sin movimiento en 30d | Cobertura 14d: 0.23,2025-07-13T00:00:00,,
A2539C,safety,high,Seatbelt 0.37 | Alta velocidad 0.44,2025-07-13T00:00:00,,
A3816H,downtime,high,191.7 h sin movimiento en 30d | Cobertura 14d: 0.00,2025-07-13T00:00:00,,
LGM538A,downtime,high,167.0 h sin movimiento en 30d | Cobertura 14d: 0.00,2025-07-13T00:00:00,,
LGM538A,telemetry,high,Salud de telemetría 0.31,2025-07-13T00:00:00,,
PBR6322,downtime,high,121.3 h sin movimiento en 30d | Cobertura 14d: 0.00,2025-07-13T00:00:00,,
A4792J,downtime,high,152.0 h sin movimiento en 30d | Cobertura 14d: 0.00,2025-07-14T00:00:00,,
A4792J,telemetry,high,Salud de telemetría 0.29,2025-07-14T00:00:00,,
A7876M,safety,high,Seatbelt 0.35 | Alta velocidad 0.43,2025-07-14T00:00:00,,
CR5673,downtime,high,204.2 h sin movimiento en 30d | Cobertura 14d: 0.47,2025-07-14T00:00:00,,
CR5903,downtime,high,138.7 h sin movimiento en 30d | Cobertura 14d: 0.20,2025-07-14T00:00:00,,
CR5903,safety,high,Seatbelt 0.48 | Alta velocidad 0.46,2025-07-14T00:00:00,,
CR5903,telemetry,high,Salud de telemetría 0.28,2025-07-14T00:00:00,,
CR5903,telemetry,high,Salud de telemetría 0.31,2025-07-14T00:00:00,,
PCP7656,downtime,high,124.5 h sin movimiento en 30d | Cobertura 14d: 0.00,2025-07-14T00:00:00,,
PCP7656,safety,high,Seatbelt 0.43 | Alta velocidad 0.36,2025-07-14T00:00:00,,
A3750L,telemetry,high,Salud de telemetría 0.32,2025-07-15T00:00:00,,
A4342L,safety,high,Seatbelt 0.43 | Alta velocidad 0.52,2025-07-15T00:00:00,,
NWH8687,downtime,high,135.1 h sin movimiento en 30d | Cobertura 14d: 0.00,2025-07-15T00:00:00,,
YNF452A,safety,high,Seatbelt 0.42 | Alta velocidad 0.47,2025-07-15T00:00:00,,
A4267D,downtime,high,153.7 h sin movimiento en 30d | Cobertura 14d: 0.00,2025-07-16T00:00:00,,
D41AKT,downtime,high,168.4 h sin movimiento en 30d | Cobertura 14d: 0.00,2025-07-16T00:00:00,,
D41AKT,telemetry,high,Salud de telemetría 0.39,2025-07-16T00:00:00,,
0116YXA,downtime,high,173.4 h sin movimiento en 30d | Cobertura 14d: 0.00,2025-07-17T00:00:00,,
0116YXA,safety,high,Seatbelt 0.48 | Alta velocidad 0.40,2025-07-17T00:00:00,,
0116YXA,telemetry,high,Salud de telemetría 0.34,2025-07-17T00:00:00,,
A3086D,downtime,high,207.1 h sin movimiento en 30d | Cobertura 14d: 0.00,2025-07-17T00:00:00,,
A7515C,safety,high,Seatbelt 0.48 | Alta velocidad 0.52,2025-07-17T00:00:00,,
A831JMD,downtime,high,142.3 h sin movimiento en 30d | Cobertura 14d: 0.00,2025-07-17T00:00:00,,
A2674M,telemetry,high,Salud de telemetría 0.39,2025-07-18T00:00:00,,
NVK163A,downtime,high,168.7 h sin movimiento en 30d | Cobertura 14d: 0.00,2025-07-18T00:00:00,,
NVK163A,telemetry,high,Salud de telemetría 0.35,2025-07-18T00:00:00,,
NYE3957,safety,high,Seatbelt 0.48 | Alta velocidad 0.48,2025-07-18T00:00:00,,
Z87ACD,safety,high,Seatbelt 0.44 | Alta velocidad 0.42,2025-07-18T00:00:00,,
A3358A,telemetry,high,Salud de telemetría 0.35,2025-07-19T00:00:00,,
A9592J,downtime,high,191.1 h sin movimiento en 30d | Cobertura 14d: 0.00,2025-07-19T00:00:00,,
A9592J,safety,high,Seatbelt 0.35 | Alta velocidad 0.50,2025-07-19T00:00:00,,
A9592J,telemetry,high,Salud de telemetría 0.40,2025-07-19T00:00:00,,
CR5831,downtime,high,189.9 h sin movimiento en 30d | Cobertura 14d: 1.00,2025-07-19T00:00:00,,
LMF749A,safety,high,Seatbelt 0.35 | Alta velocidad 0.43,2025-07-19T00:00:00,,
N28BEP,safety,high,Seatbelt 0.48 | Alta velocidad 0.45,2025-07-19T00:00:00,,
A1830K,downtime,high,135.9 h sin movimiento en 30d | Cobertura 14d: 0.00,2025-07-20T00:00:00,,
A2490E,downtime,high,215.8 h sin movimiento en 30d | Cobertura 14d: 0.00,2025-07-20T00:00:00,,
A3512J,safety,high,Seatbelt 0.36 | Alta velocidad 0.48,2025-07-20T00:00:00,,
A8402L,safety,high,Seatbelt 0.48 | Alta velocidad 0.38,2025-07-20T00:00:00,,
MVJ923A,safety,high,Seatbelt 0.47 | Alta velocidad 0.48,2025-07-20T00:00:00,,
NUT6571,downtime,high,201.3 h sin movimiento en 30d | Cobertura 14d: 0.00,2025-07-20T00:00:00,,
NUT6571,telemetry,high,Salud de telemetría 0.34,2025-07-20T00:00:00,,
PCM9650,safety,high,Seatbelt 0.42 | Alta velocidad 0.43,2025-07-20T00:00:00,,
6CS4L60,safety,high,Seatbelt 0.46 | Alta velocidad 0.44,2025-07-21T00:00:00,,
A2657C,telemetry,high,Salud de telemetría 0.35,2025-07-21T00:00:00,,
NUD6464,downtime,high,172.1 h sin movimiento en 30d | Cobertura 14d: 0.00,2025-07-21T00:00:00,,
457C,safety,high,Seatbelt 0.41 | Alta velocidad 0.51,2025-07-22T00:00:00,,
A9130A,downtime,high,126.8 h sin movimiento en 30d | Cobertura 14d: 0.00,2025-07-22T00:00:00,,
H02BNA,downtime,high,165.4 h sin movimiento en 30d | Cobertura 14d: 0.00,2025-07-22T00:00:00,,
MFN464A,downtime,high,157.5 h sin movimiento en 30d | Cobertura 14d: 0.00,2025-07-22T00:00:00,,
060863K,downtime,high,173.8 h sin movimiento en 30d | Cobertura 14d: 0.00,2025-07-23T00:00:00,,
060863K,telemetry,high,Salud de telemetría 0.38,2025-07-23T00:00:00,,
A2761B,downtime,high,169.2 h sin movimiento en 30d | Cobertura 14d: 0.00,2025-07-23T00:00:00,,
A6069L,downtime,high,197.7 h sin movimiento en 30d | Cobertura 14d: 0.00,2025-07-23T00:00:00,,
A6069L,telemetry,high,Salud de telemetría 0.31,2025-07-23T00:00:00,,
LB46147,safety,high,Seatbelt 0.37 | Alta velocidad 0.49,2025-07-23T00:00:00,,
FVV484A,safety,high,Seatbelt 0.42 | Alta velocidad 0.41,2025-07-24T00:00:00,,
NZJ2375,safety,high,Seatbelt 0.50 | Alta velocidad 0.44,2025-07-24T00:00:00,,
W24APU,safety,high,Seatbelt 0.40 | Alta velocidad 0.44,2025-07-24T00:00:00,,
770778J,downtime,high,166.5 h sin movimiento en 30d | Cobertura 14d: 0.00,2025-07-25T00:00:00,,
770778J,telemetry,high,Salud de telemetría 0.39,2025-07-25T00:00:00,,
A05286A,downtime,high,159.5 h sin movimiento en 30d | Cobertura 14d: 0.05,2025-07-25T00:00:00,,
A05286A,safety,high,Seatbelt 0.41 | Alta velocidad 0.40,2025-07-25T00:00:00,,
A05286A,telemetry,high,Salud de telemetría 0.40,2025-07-25T00:00:00,,
A6525L,downtime,high,148.0 h sin movimiento en 30d | Cobertura 14d: 0.00,2025-07-25T00:00:00,,
NYM3174,downtime,high,143.2 h sin movimiento en 30d | Cobertura 14d: 0.00,2025-07-25T00:00:00,,
A04429A,safety,high,Seatbelt 0.46 | Alta velocidad 0.50,2025-07-26T00:00:00,,
A05175A,downtime,high,185.6 h sin movimiento en 30d | Cobertura 14d: 0.12,2025-07-26T00:00:00,,
A05175A,telemetry,high,Salud de telemetría 0.33,2025-07-26T00:00:00,,
PEF6461,downtime,high,212.8 h sin movimiento en 30d | Cobertura 14d: 0.00,2025-07-26T00:00:00,,
PEF6461,telemetry,high,Salud de telemetría 0.39,2025-07-26T00:00:00,,
A0030N,downtime,high,133.5 h sin movimiento en 30d | Cobertura 14d: 0.00,2025-07-27T00:00:00,,
A0030N,telemetry,high,Salud de telemetría 0.35,2025-07-27T00:00:00,,
A04626A,downtime,high,208.1 h sin movimiento en 30d | Cobertura 14d: 0.07,2025-07-27T00:00:00,,
A1506D,downtime,high,214.5 h sin movimiento en 30d | Cobertura 14d: 0.00,2025-07-27T00:00:00,,
A1506D,telemetry,high,Salud de telemetría 0.37,2025-07-27T00:00:00,,
A2092L,downtime,high,178.8 h sin movimiento en 30d | Cobertura 14d: 0.00,2025-07-27T00:00:00,,
A2092L,telemetry,high,Salud de telemetría 0.38,2025-07-27T00:00:00,,
A274JMF,downtime,high,177.1 h sin movimiento en 30d | Cobertura 14d: 0.02,2025-07-27T00:00:00,,
A274JMF,safety,high,Seatbelt 0.40 | Alta velocidad 0.42,2025-07-27T00:00:00,,
A274JMF,telemetry,high,Salud de telemetría 0.38,2025-07-27T00:00:00,,
A4404M,downtime,high,170.1 h sin movimiento en 30d | Cobertura 14d: 0.00,2025-07-27T00:00:00,,
A4404M,telemetry,high,Salud de telemetría 0.31,2025-07-27T00:00:00,,
A6316G,downtime,high,209.5 h sin movimiento en 30d | Cobertura 14d: 0.00,2025-07-27T00:00:00,,
A6316G,telemetry,high,Salud de telemetría 0.37,2025-07-27T00:00:00,,
A6839B,downtime,high,166.0 h sin movimiento en 30d | Cobertura 14d: 0.00,2025-07-27T00:00:00,,
A6839B,telemetry,high,Salud de telemetría 0.33,2025-07-27T00:00:00,,
A7886M,downtime,high,150.0 h sin movimiento en 30d | Cobertura 14d: 0.00,2025-07-27T00:00:00,,
NAV388A,downtime,high,182.0 h sin movimiento en 30d | Cobertura 14d: 0.01,2025-07-27T00:00:00,,
NAV388A,telemetry,high,Salud de telemetría 0.38,2025-07-27T00:00:00,,
A8046M,downtime,high,188.7 h sin movimiento en 30d | Cobertura 14d: 0.00,2025-07-28T00:00:00,,
A9895M,safety,high,Seatbelt 0.35 | Alta velocidad 0.43,2025-07-28T00:00:00,,
LKC143B,downtime,high,174.5 h sin movimiento en 30d | Cobertura 14d: 0.00,2025-07-28T00:00:00,,
LKC143B,telemetry,high,Salud de telemetría 0.37,2025-07-28T00:00:00,,
NZT1108,safety,high,Seatbelt 0.50 | Alta velocidad 0.51,2025-07-28T00:00:00,,
PDP9133,safety,high,Seatbelt 0.49 | Alta velocidad 0.39,2025-07-28T00:00:00,,
A04664E,downtime,high,185.9 h sin movimiento en 30d | Cobertura 14d: 0.18,2025-07-29T00:00:00,,
CR5851,safety,high,Seatbelt 0.48 | Alta velocidad 0.51,2025-07-29T00:00:00,,
LHN874B,downtime,high,217.2 h sin movimiento en 30d | Cobertura 14d: 0.00,2025-07-29T00:00:00,,
LHN874B,telemetry,high,Salud de telemetría 0.27,2025-07-29T00:00:00,,
NTD7979,downtime,high,149.3 h sin movimiento en 30d | Cobertura 14d: 0.00,2025-07-29T00:00:00,,
NTD7979,telemetry,high,Salud de telemetría 0.32,2025-07-29T00:00:00,,
NZT5678,downtime,high,128.3 h sin movimiento en 30d | Cobertura 14d: 0.00,2025-07-29T00:00:00,,
PBP3281,safety,high,Seatbelt 0.40 | Alta velocidad 0.37,2025-07-29T00:00:00,,
PEF2218,safety,high,Seatbelt 0.47 | Alta velocidad 0.38,2025-07-29T00:00:00,,
PEM2390,downtime,high,168.8 h sin movimiento en 30d | Cobertura 14d: 0.00,2025-07-29T00:00:00,,
PEM2390,safety,high,Seatbelt 0.40 | Alta velocidad 0.45,2025-07-29T00:00:00,,
TR56,downtime,high,187.8 h sin movimiento en 30d | Cobertura 14d: 1.00,2025-07-29T00:00:00,,
TR56,telemetry,high,Salud de telemetría 0.29,2025-07-29T00:00:00,,
203ZCT,downtime,high,218.5 h sin movimiento en 30d | Cobertura 14d: 0.00,2025-07-30T00:00:00,,
203ZCT,telemetry,high,Salud de telemetría 0.31,2025-07-30T00:00:00,,
770957J,downtime,high,153.9 h sin movimiento en 30d | Cobertura 14d: 0.21,2025-07-30T00:00:00,,
8162,downtime,high,177.6 h sin movimiento en 30d | Cobertura 14d: 0.09,2025-07-30T00:00:00,,
A03951A,safety,high,Seatbelt 0.40 | Alta velocidad 0.46,2025-07-30T00:00:00,,
A04251A,downtime,high,218.1 h sin movimiento en 30d | Cobertura 14d: 0.06,2025-07-30T00:00:00,,
A04251A,telemetry,high,Salud de telemetría 0.34,2025-07-30T00:00:00,,
A4307J,downtime,high,149.9 h sin movimiento en 30d | Cobertura 14d: 0.00,2025-07-30T00:00:00,,
A6859J,downtime,high,162.2 h sin movimiento en 30d | Cobertura 14d: 0.00,2025-07-30T00:00:00,,
A8527J,downtime,high,170.8 h sin movimiento en 30d | Cobertura 14d: 0.00,2025-07-30T00:00:00,,
A8527J,telemetry,high,Salud de telemetría 0.39,2025-07-30T00:00:00,,
A8584C,safety,high,Seatbelt 0.50 | Alta velocidad 0.48,2025-07-30T00:00:00,,
AEW266B,downtime,high,124.1 h sin movimiento en 30d | Cobertura 14d: 0.00,2025-07-30T00:00:00,,
CR5850,downtime,high,200.0 h sin movimiento en 30d | Cobertura 14d: 0.51,2025-07-30T00:00:00,,
CR5850,telemetry,high,Salud de telemetría 0.29,2025-07-30T00:00:00,,
CR5858,downtime,high,178.7 h sin movimiento en 30d | Cobertura 14d: 1.00,2025-07-30T00:00:00,,
CR5858,safety,high,Seatbelt 0.49 | Alta velocidad 0.50,2025-07-30T00:00:00,,
LTY048A,downtime,high,186.4 h sin movimiento en 30d | Cobertura 14d: 0.00,2025-07-30T00:00:00,,
LTY048A,telemetry,high,Salud de telemetría 0.32,2025-07-30T00:00:00,,
NYB2200,safety,high,Seatbelt 0.39 | Alta velocidad 0.53,2025-07-30T00:00:00,,
PAA8087,safety,high,Seatbelt 0.42 | Alta velocidad 0.47,2025-07-30T00:00:00,,
PAY7657,safety,high,Seatbelt 0.44 | Alta velocidad 0.43,2025-07-30T00:00:00,,
PBW4091,downtime,high,132.3 h sin movimiento en 30d | Cobertura 14d: 0.00,2025-07-30T00:00:00,,
PDR4456,safety,high,Seatbelt 0.45 | Alta velocidad 0.52,2025-07-30T00:00:00,,
701TL011C,safety,high,Seatbelt 0.50 | Alta velocidad 0.44,2025-07-31T00:00:00,,
770804J,downtime,high,188.7 h sin movimiento en 30d | Cobertura 14d: 0.16,2025-07-31T00:00:00,,
770804J,telemetry,high,Salud de telemetría 0.38,2025-07-31T00:00:00,,
906068,safety,high,Seatbelt 0.39 | Alta velocidad 0.48,2025-07-31T00:00:00,,
9312JES,safety,high,Seatbelt 0.39 | Alta velocidad 0.36,2025-07-31T00:00:00,,
A02013A,safety,high,Seatbelt 0.45 | Alta velocidad 0.40,2025-07-31T00:00:00,,
A02294A,downtime,high,193.4 h sin movimiento en 30d | Cobertura 14d: 0.04,2025-07-31T00:00:00,,
A02294A,telemetry,high,Salud de telemetría 0.37,2025-07-31T00:00:00,,
A03988A,safety,high,Seatbelt 0.40 | Alta velocidad 0.47,2025-07-31T00:00:00,,
A04128A,downtime,high,179.8 h sin movimiento en 30d | Cobertura 14d: 0.00,2025-07-31T00:00:00,,
A04229A,safety,high,Seatbelt 0.47 | Alta velocidad 0.38,2025-07-31T00:00:00,,
A04230A,downtime,high,192.9 h sin movimiento en 30d | Cobertura 14d: 0.05,2025-07-31T00:00:00,,
A04249A,downtime,high,212.1 h sin movimiento en 30d | Cobertura 14d: 0.05,2025-07-31T00:00:00,,
A04250A,downtime,high,120.3 h sin movimiento en 30d | Cobertura 14d: 0.00,2025-07-31T00:00:00,,
A04501A,downtime,high,178.7 h sin movimiento en 30d | Cobertura 14d: 0.14,2025-07-31T00:00:00,,
A04502A,safety,high,Seatbelt 0.44 | Alta velocidad 0.47,2025-07-31T00:00:00,,
A04509A,downtime,high,180.3 h sin movimiento en 30d | Cobertura 14d: 0.15,2025-07-31T00:00:00,,
A04512A,downtime,high,121.5 h sin movimiento en 30d | Cobertura 14d: 0.01,2025-07-31T00:00:00,,
A04512A,telemetry,high,Salud de telemetría 0.37,2025-07-31T00:00:00,,
A04516A,downtime,high,164.2 h sin movimiento en 30d | Cobertura 14d: 0.05,2025-07-31T00:00:00,,
A04516A,safety,high,Seatbelt 0.35 | Alta velocidad 0.39,2025-07-31T00:00:00,,
A04521A,downtime,high,194.7 h sin movimiento en 30d | Cobertura 14d: 0.18,2025-07-31T00:00:00,,
A04549A,downtime,high,141.9 h sin movimiento en 30d | Cobertura 14d: 0.10,2025-07-31T00:00:00,,
A04552A,safety,high,Seatbelt 0.46 | Alta velocidad 0.47,2025-07-31T00:00:00,,
A04559A,downtime,high,149.9 h sin movimiento en 30d | Cobertura 14d: 0.03,2025-07-31T00:00:00,,
A04559A,telemetry,high,Salud de telemetría 0.33,2025-07-31T00:00:00,,
A04568A,downtime,high,157.2 h sin movimiento en 30d | Cobertura 14d: 0.13,2025-07-31T00:00:00,,
A04568A,telemetry,high,Salud de telemetría 0.38,2025-07-31T00:00:00,,
A04573A,safety,high,Seatbelt 0.37 | Alta velocidad 0.39,2025-07-31T00:00:00,,
A04584A,safety,high,Seatbelt 0.38 | Alta velocidad 0.46,2025-07-31T00:00:00,,
A04600A,safety,high,Seatbelt 0.35 | Alta velocidad 0.46,2025-07-31T00:00:00,,
A04661A,downtime,high,177.7 h sin movimiento en 30d | Cobertura 14d: 0.00,2025-07-31T00:00:00,,
A04661A,telemetry,high,Salud de telemetría 0.35,2025-07-31T00:00:00,,
A04671A,downtime,high,147.1 h sin movimiento en 30d | Cobertura 14d: 0.09,2025-07-31T00:00:00,,
A04671A,telemetry,high,Salud de telemetría 0.34,2025-07-31T00:00:00,,
A04695A,downtime,high,211.0 h sin movimiento en 30d | Cobertura 14d: 0.04,2025-07-31T00:00:00,,
A04695A,telemetry,high,Salud de telemetría 0.37,2025-07-31T00:00:00,,
A05011A,safety,high,Seatbelt 0.37 | Alta velocidad 0.43,2025-07-31T00:00:00,,
A05022A,downtime,high,176.6 h sin movimiento en 30d | Cobertura 14d: 0.18,2025-07-31T00:00:00,,
A05022A,telemetry,high,Salud de telemetría 0.37,2025-07-31T00:00:00,,
A05109A,safety,high,Seatbelt 0.45 | Alta velocidad 0.53,2025-07-31T00:00:00,,
A05142A,downtime,high,150.1 h sin movimiento en 30d | Cobertura 14d: 0.15,2025-07-31T00:00:00,,
A05151A,safety,high,Seatbelt 0.49 | Alta velocidad 0.43,2025-07-31T00:00:00,,
A05155A,safety,high,Seatbelt 0.40 | Alta velocidad 0.44,2025-07-31T00:00:00,,
A05157A,telemetry,high,Salud de telemetría 0.34,2025-07-31T00:00:00,,
A05164A,safety,high,Seatbelt 0.47 | Alta velocidad 0.52,2025-07-31T00:00:00,,
A05165A,downtime,high,204.1 h sin movimiento en 30d | Cobertura 14d: 0.02,2025-07-31T00:00:00,,
A05165A,telemetry,high,Salud de telemetría 0.40,2025-07-31T00:00:00,,
A05188A,downtime,high,165.8 h sin movimiento en 30d | Cobertura 14d: 0.18,2025-07-31T00:00:00,,
A05214A,downtime,high,150.5 h sin movimiento en 30d | Cobertura 14d: 0.03,2025-07-31T00:00:00,,
A05229A,downtime,high,135.5 h sin movimiento en 30d | Cobertura 14d: 0.20,2025-07-31T00:00:00,,
A05229A,telemetry,high,Salud de telemetría 0.39,2025-07-31T00:00:00,,
A05354A,safety,high,Seatbelt 0.37 | Alta velocidad 0.37,2025-07-31T00:00:00,,
A05355A,downtime,high,184.4 h sin movimiento en 30d | Cobertura 14d: 0.08,2025-07-31T00:00:00,,
A05503A,downtime,high,130.5 h sin movimiento en 30d | Cobertura 14d: 0.15,2025-07-31T00:00:00,,
A05506A,telemetry,high,Salud de telemetría 0.38,2025-07-31T00:00:00,,
A05509A,downtime,high,126.7 h sin movimiento en 30d | Cobertura 14d: 0.00,2025-07-31T00:00:00,,
A23232E,downtime,high,183.6 h sin movimiento en 30d | Cobertura 14d: 0.26,2025-07-31T00:00:00,,
A23443E,downtime,high,202.9 h sin movimiento en 30d | Cobertura 14d: 0.04,2025-07-31T00:00:00,,
A23443E,telemetry,high,Salud de telemetría 0.37,2025-07-31T00:00:00,,
A2862L,safety,high,Seatbelt 0.43 | Alta velocidad 0.51,2025-07-31T00:00:00,,
A346JMC,downtime,high,159.2 h sin movimiento en 30d | Cobertura 14d: 0.00,2025-07-31T00:00:00,,
A346JMC,safety,high,Seatbelt 0.40 | Alta velocidad 0.37,2025-07-31T00:00:00,,
A399JMB,downtime,high,170.5 h sin movimiento en 30d | Cobertura 14d: 0.00,2025-07-31T00:00:00,,
A399JMB,telemetry,high,Salud de telemetría 0.36,2025-07-31T00:00:00,,
A7138G,downtime,high,154.8 h sin movimiento en 30d | Cobertura 14d: 0.00,2025-07-31T00:00:00,,
A7138G,telemetry,high,Salud de telemetría 0.37,2025-07-31T00:00:00,,
A7738C,downtime,high,140.4 h sin movimiento en 30d | Cobertura 14d: 0.00,2025-07-31T00:00:00,,
A77526D,downtime,high,174.7 h sin movimiento en 30d | Cobertura 14d: 0.00,2025-07-31T00:00:00,,
A77526D,telemetry,high,Salud de telemetría 0.35,2025-07-31T00:00:00,,
A83496D,downtime,high,151.3 h sin movimiento en 30d | Cobertura 14d: 0.12,2025-07-31T00:00:00,,
A84113D,downtime,high,178.1 h sin movimiento en 30d | Cobertura 14d: 0.09,2025-07-31T00:00:00,,
A84113D,safety,high,Seatbelt 0.38 | Alta velocidad 0.50,2025-07-31T00:00:00,,
A84209D,downtime,high,180.9 h sin movimiento en 30d | Cobertura 14d: 0.22,2025-07-31T00:00:00,,
A84209D,telemetry,high,Salud de telemetría 0.35,2025-07-31T00:00:00,,
A84782D,downtime,high,189.1 h sin movimiento en 30d | Cobertura 14d: 0.21,2025-07-31T00:00:00,,
A85439D,downtime,high,187.0 h sin movimiento en 30d | Cobertura 14d: 0.15,2025-07-31T00:00:00,,
A85597D,downtime,high,197.8 h sin movimiento en 30d | Cobertura 14d: 0.29,2025-07-31T00:00:00,,
A929JMF,downtime,high,209.1 h sin movimiento en 30d | Cobertura 14d: 0.00,2025-07-31T00:00:00,,
A929JMF,telemetry,high,Salud de telemetría 0.32,2025-07-31T00:00:00,,
A9425H,safety,high,Seatbelt 0.47 | Alta velocidad 0.36,2025-07-31T00:00:00,,
A9588H,downtime,high,195.4 h sin movimiento en 30d | Cobertura 14d: 0.00,2025-07-31T00:00:00,,
A9926G,downtime,high,183.3 h sin movimiento en 30d | Cobertura 14d: 0.00,2025-07-31T00:00:00,,
A9926G,telemetry,high,Salud de telemetría 0.33,2025-07-31T00:00:00,,
CR5815,downtime,high,190.6 h sin movimiento en 30d | Cobertura 14d: 1.00,2025-07-31T00:00:00,,
CR5815,safety,high,Seatbelt 0.50 | Alta velocidad 0.47,2025-07-31T00:00:00,,
CR5815,telemetry,high,Salud de telemetría 0.40,2025-07-31T00:00:00,,
CR5847,safety,high,Seatbelt 0.46 | Alta velocidad 0.42,2025-07-31T00:00:00,,
CR5855,downtime,high,127.7 h sin movimiento en 30d | Cobertura 14d: 1.00,2025-07-31T00:00:00,,
CR5855,telemetry,high,Salud de telemetría 0.31,2025-07-31T00:00:00,,
ECA312,downtime,high,186.7 h sin movimiento en 30d | Cobertura 14d: 0.06,2025-07-31T00:00:00,,
G60APY,downtime,high,127.9 h sin movimiento en 30d | Cobertura 14d: 0.00,2025-07-31T00:00:00,,
GOLDEN02,downtime,high,165.8 h sin movimiento en 30d | Cobertura 14d: 1.00,2025-07-31T00:00:00,,
GOLDEN02,telemetry,high,Salud de telemetría 0.39,2025-07-31T00:00:00,,
GOLDEN03,downtime,high,172.5 h sin movimiento en 30d | Cobertura 14d: 1.00,2025-07-31T00:00:00,,
GOLDEN05,downtime,high,203.8 h sin movimiento en 30d | Cobertura 14d: 0.84,2025-07-31T00:00:00,,
GOLDEN05,telemetry,high,Salud de telemetría 0.35,2025-07-31T00:00:00,,
LB46149,safety,high,Seatbelt 0.46 | Alta velocidad 0.46,2025-07-31T00:00:00,,
LMM734A,downtime,high,213.5 h sin movimiento en 30d | Cobertura 14d: 0.00,2025-07-31T00:00:00,,
M88BHK,downtime,high,187.3 h sin movimiento en 30d | Cobertura 14d: 0.00,2025-07-31T00:00:00,,
M88BHK,telemetry,high,Salud de telemetría 0.37,2025-07-31T00:00:00,,
MFR854B,downtime,high,212.9 h sin movimiento en 30d | Cobertura 14d: 0.00,2025-07-31T00:00:00,,
MFR854B,safety,high,Seatbelt 0.35 | Alta velocidad 0.39,2025-07-31T00:00:00,,
MHC436A,safety,high,Seatbelt 0.50 | Alta velocidad 0.53,2025-07-31T00:00:00,,
MMY372A,safety,high,Seatbelt 0.35 | Alta velocidad 0.52,2025-07-31T00:00:00,,
MSR447A,safety,high,Seatbelt 0.45 | Alta velocidad 0.40,2025-07-31T00:00:00,,
MUE429B,downtime,high,213.1 h sin movimiento en 30d | Cobertura 14d: 0.00,2025-07-31T00:00:00,,
MUE429B,telemetry,high,Salud de telemetría 0.38,2025-07-31T00:00:00,,
MVR221B,downtime,high,143.1 h sin movimiento en 30d | Cobertura 14d: 0.00,2025-07-31T00:00:00,,
MVR221B,safety,high,Seatbelt 0.38 | Alta velocidad 0.40,2025-07-31T00:00:00,,
MXM893A,telemetry,high,Salud de telemetría 0.32,2025-07-31T00:00:00,,
MZM886B,safety,high,Seatbelt 0.49 | Alta velocidad 0.38,2025-07-31T00:00:00,,
MZY949B,downtime,high,218.3 h sin movimiento en 30d | Cobertura 14d: 0.00,2025-07-31T00:00:00,,
MZY949B,telemetry,high,Salud de telemetría 0.32,2025-07-31T00:00:00,,
NBF241A,downtime,high,201.1 h sin movimiento en 30d | Cobertura 14d: 0.04,2025-07-31T00:00:00,,
NBF241A,telemetry,high,Salud de telemetría 0.30,2025-07-31T00:00:00,,
NDJ498A,downtime,high,218.4 h sin movimiento en 30d | Cobertura 14d: 0.00,2025-07-31T00:00:00,,
NLZ606A,safety,high,Seatbelt 0.39 | Alta velocidad 0.52,2025-07-31T00:00:00,,
NVP3635,safety,high,Seatbelt 0.50 | Alta velocidad 0.47,2025-07-31T00:00:00,,
NYX6756,downtime,high,207.1 h sin movimiento en 30d | Cobertura 14d: 0.00,2025-07-31T00:00:00,,
NYX6756,telemetry,high,Salud de telemetría 0.28,2025-07-31T00:00:00,,
NZN4071,downtime,high,162.0 h sin movimiento en 30d | Cobertura 14d: 0.00,2025-07-31T00:00:00,,
NZN4071,safety,high,Seatbelt 0.44 | Alta velocidad 0.50,2025-07-31T00:00:00,,
PAA6858,downtime,high,129.2 h sin movimiento en 30d | Cobertura 14d: 0.00,2025-07-31T00:00:00,,
PAA6858,safety,high,Seatbelt 0.50 | Alta velocidad 0.46,2025-07-31T00:00:00,,
PCZ5897,safety,high,Seatbelt 0.36 | Alta velocidad 0.44,2025-07-31T00:00:00,,
PEC9204,downtime,high,177.5 h sin movimiento en 30d | Cobertura 14d: 0.00,2025-07-31T00:00:00,,
PEC9204,telemetry,high,Salud de telemetría 0.39,2025-07-31T00:00:00,,
S05BKH,downtime,high,122.3 h sin movimiento en 30d | Cobertura 14d: 0.00,2025-07-31T00:00:00,,
S05BKH,telemetry,high,Salud de telemetría 0.37,2025-07-31T00:00:00,,
W71BJA,downtime,high,206.0 h sin movimiento en 30d | Cobertura 14d: 0.00,2025-07-31T00:00:00,,
A-05355-A,enhanced_safety,high,Frenado brusco frecuente: 11 eventos (>5),2025-08-29,,
A-05355-A,enhanced_safety,high,Maniobras bruscas: 244 eventos (>50),2025-08-29,,
A-05355-A,enhanced_safety,high,Exceso de velocidad: 54 eventos (>20),2025-08-29,,
A-05502-A,enhanced_safety,high,Frenado brusco frecuente: 9 eventos (>5),2025-08-29,,
A-05502-A,enhanced_safety,high,Maniobras bruscas: 186 eventos (>50),2025-08-29,,
A-05502-A,enhanced_safety,high,Exceso de velocidad: 30 eventos (>20),2025-08-29,,
A-05503-A,enhanced_safety,high,Maniobras bruscas: 140 eventos (>50),2025-08-29,,
A-05504-A,enhanced_safety,high,Exceso de velocidad: 150 eventos (>20),2025-08-29,,
A-05507-A,enhanced_safety,high,Frenado brusco frecuente: 11 eventos (>5),2025-08-29,,
A-05507-A,enhanced_safety,high,Maniobras bruscas: 245 eventos (>50),2025-08-29,,
A-05507-A,enhanced_safety,high,Exceso de velocidad: 75 eventos (>20),2025-08-29,,
A-05355-A,enhanced_safety,high,Frenado brusco frecuente: 38 eventos (>5),2025-08-30,,
A-05355-A,enhanced_safety,high,Maniobras bruscas: 905 eventos (>50),2025-08-30,,
A-05355-A,enhanced_safety,high,Exceso de velocidad: 127 eventos (>20),2025-08-30,,
A-05502-A,enhanced_safety,high,Frenado brusco frecuente: 16 eventos (>5),2025-08-30,,
A-05502-A,enhanced_safety,high,Maniobras bruscas: 242 eventos (>50),2025-08-30,,
A-05502-A,enhanced_safety,high,Exceso de velocidad: 427 eventos (>20),2025-08-30,,
A-05504-A,enhanced_safety,high,Frenado brusco frecuente: 11 eventos (>5),2025-08-30,,
A-05504-A,enhanced_safety,high,Maniobras bruscas: 402 eventos (>50),2025-08-30,,
A-05504-A,enhanced_safety,high,Exceso de velocidad: 194 eventos (>20),2025-08-30,,
A-05507-A,enhanced_safety,high,Frenado brusco frecuente: 16 eventos (>5),2025-08-30,,
A-05507-A,enhanced_safety,high,Maniobras bruscas: 615 eventos (>50),2025-08-30,,
A-05507-A,enhanced_safety,high,Exceso de velocidad: 238 eventos (>20),2025-08-30,,
A-05355-A,enhanced_safety,high,Maniobras bruscas: 142 eventos (>50),2025-08-31,,
A-05502-A,enhanced_safety,high,Frenado brusco frecuente: 27 eventos (>5),2025-08-31,,
A-05502-A,enhanced_safety,high,Maniobras bruscas: 509 eventos (>50),2025-08-31,,
A-05502-A,enhanced_safety,high,Exceso de velocidad: 133 eventos (>20),2025-08-31,,
A-05503-A,enhanced_safety,high,Frenado brusco frecuente: 7 eventos (>5),2025-08-31,,
A-05503-A,enhanced_safety,high,Maniobras bruscas: 306 eventos (>50),2025-08-31,,
A-05504-A,enhanced_safety,high,Frenado brusco frecuente: 7 eventos (>5),2025-08-31,,
A-05504-A,enhanced_safety,high,Maniobras bruscas: 408 eventos (>50),2025-08-31,,
A-05504-A,enhanced_safety,high,Exceso de velocidad: 187 eventos (>20),2025-08-31,,
A-05507-A,enhanced_safety,high,Frenado brusco frecuente: 30 eventos (>5),2025-08-31,,
A-05507-A,enhanced_safety,high,Maniobras bruscas: 741 eventos (>50),2025-08-31,,
A-05507-A,enhanced_safety,high,Exceso de velocidad: 97 eventos (>20),2025-08-31,,
A-05355-A,enhanced_safety,high,Frenado brusco frecuente: 50 eventos (>5),2025-09-01,,
A-05355-A,enhanced_safety,high,Maniobras bruscas: 843 eventos (>50),2025-09-01,,
A-05355-A,enhanced_safety,high,Exceso de velocidad: 143 eventos (>20),2025-09-01,,
A-05502-A,enhanced_safety,high,Frenado brusco frecuente: 82 eventos (>5),2025-09-01,,
A-05502-A,enhanced_safety,high,Maniobras bruscas: 1524 eventos (>50),2025-09-01,,
A-05502-A,enhanced_safety,high,Exceso de velocidad: 356 eventos (>20),2025-09-01,,
A-05503-A,enhanced_safety,high,Frenado brusco frecuente: 17 eventos (>5),2025-09-01,,
A-05503-A,enhanced_safety,high,Maniobras bruscas: 454 eventos (>50),2025-09-01,,
A-05504-A,enhanced_safety,high,Maniobras bruscas: 231 eventos (>50),2025-09-01,,
A-05504-A,enhanced_safety,high,Exceso de velocidad: 210 eventos (>20),2025-09-01,,
A-05507-A,enhanced_safety,high,Frenado brusco frecuente: 25 eventos (>5),2025-09-01,,
A-05507-A,enhanced_safety,high,Maniobras bruscas: 1162 eventos (>50),2025-09-01,,
A-05507-A,enhanced_safety,high,Exceso de velocidad: 337 eventos (>20),2025-09-01,,
A-05355-A,enhanced_safety,high,Frenado brusco frecuente: 24 eventos (>5),2025-09-02,,
A-05355-A,enhanced_safety,high,Maniobras bruscas: 493 eventos (>50),2025-09-02,,
A-05355-A,enhanced_safety,high,Exceso de velocidad: 88 eventos (>20),2025-09-02,,
A-05502-A,enhanced_safety,high,Frenado brusco frecuente: 59 eventos (>5),2025-09-02,,
A-05502-A,enhanced_safety,high,Maniobras bruscas: 1369 eventos (>50),2025-09-02,,
A-05502-A,enhanced_safety,high,Exceso de velocidad: 271 eventos (>20),2025-09-02,,
A-05503-A,enhanced_safety,high,Frenado brusco frecuente: 14 eventos (>5),2025-09-02,,
A-05503-A,enhanced_safety,high,Maniobras bruscas: 666 eventos (>50),2025-09-02,,
A-05504-A,enhanced_safety,high,Maniobras bruscas: 283 eventos (>50),2025-09-02,,
A-05504-A,enhanced_safety,high,Exceso de velocidad: 209 eventos (>20),2025-09-02,,
A-05507-A,enhanced_safety,high,Frenado brusco frecuente: 12 eventos (>5),2025-09-02,,
A-05507-A,enhanced_safety,high,Maniobras bruscas: 670 eventos (>50),2025-09-02,,
A-05507-A,enhanced_safety,high,Exceso de velocidad: 164 eventos (>20),2025-09-02,,
A-05355-A,enhanced_safety,high,Frenado brusco frecuente: 41 eventos (>5),2025-09-03,,
A-05355-A,enhanced_safety,high,Maniobras bruscas: 574 eventos (>50),2025-09-03,,
A-05355-A,enhanced_safety,high,Exceso de velocidad: 74 eventos (>20),2025-09-03,,
A-05502-A,enhanced_safety,high,Frenado brusco frecuente: 53 eventos (>5),2025-09-03,,
A-05502-A,enhanced_safety,high,Maniobras bruscas: 925 eventos (>50),2025-09-03,,
A-05502-A,enhanced_safety,high,Exceso de velocidad: 250 eventos (>20),2025-09-03,,
A-05503-A,enhanced_safety,high,Frenado brusco frecuente: 6 eventos (>5),2025-09-03,,
A-05503-A,enhanced_safety,high,Maniobras bruscas: 323 eventos (>50),2025-09-03,,
A-05504-A,enhanced_safety,high,Frenado brusco frecuente: 6 eventos (>5),2025-09-03,,
A-05504-A,enhanced_safety,high,Maniobras bruscas: 355 eventos (>50),2025-09-03,,
A-05504-A,enhanced_safety,high,Exceso de velocidad: 207 eventos (>20),2025-09-03,,
A-05507-A,enhanced_safety,high,Frenado brusco frecuente: 24 eventos (>5),2025-09-03,,
A-05507-A,enhanced_safety,high,Maniobras bruscas: 1006 eventos (>50),2025-09-03,,
A-05507-A,enhanced_safety,high,Exceso de velocidad: 222 eventos (>20),2025-09-03,,
A-05355-A,enhanced_safety,high,Frenado brusco frecuente: 20 eventos (>5),2025-09-04,,
A-05355-A,enhanced_safety,high,Maniobras bruscas: 442 eventos (>50),2025-09-04,,
A-05355-A,enhanced_safety,high,Exceso de velocidad: 46 eventos (>20),2025-09-04,,
A-05502-A,enhanced_safety,high,Maniobras bruscas: 922 eventos (>50),2025-09-04,,
A-05502-A,enhanced_safety,high,Exceso de velocidad: 246 eventos (>20),2025-09-04,,
A-05503-A,enhanced_safety,high,Maniobras bruscas: 296 eventos (>50),2025-09-04,,
A-05504-A,enhanced_safety,high,Maniobras bruscas: 279 eventos (>50),2025-09-04,,
A-05507-A,enhanced_safety,high,Maniobras bruscas: 711 eventos (>50),2025-09-04,,
A-05507-A,enhanced_safety,high,Exceso de velocidad: 199 eventos (>20),2025-09-04,,
A-05502-A,enhanced_safety,high,Frenado brusco frecuente: 60 eventos (>5),2025-09-05,,
A-05502-A,enhanced_safety,high,Maniobras bruscas: 1325 eventos (>50),2025-09-05,,
A-05502-A,enhanced_safety,high,Exceso de velocidad: 351 eventos (>20),2025-09-05,,
A-05503-A,enhanced_safety,high,Maniobras bruscas: 998 eventos (>50),2025-09-05,,
A-05504-A,enhanced_safety,high,Frenado brusco frecuente: 9 eventos (>5),2025-09-05,,
A-05504-A,enhanced_safety,high,Maniobras bruscas: 523 eventos (>50),2025-09-05,,
A-05504-A,enhanced_safety,high,Exceso de velocidad: 261 eventos (>20),2025-09-05,,
A-05507-A,enhanced_safety,high,Frenado brusco frecuente: 45 eventos (>5),2025-09-05,,
A-05507-A,enhanced_safety,high,Maniobras bruscas: 689 eventos (>50),2025-09-05,,
A-05507-A,enhanced_safety,high,Exceso de velocidad: 288 eventos (>20),2025-09-05,,
A-05502-A,enhanced_safety,high,Frenado brusco frecuente: 30 eventos (>5),2025-09-06,,
A-05502-A,enhanced_safety,high,Maniobras bruscas: 670 eventos (>50),2025-09-06,,
A-05502-A,enhanced_safety,high,Exceso de velocidad: 162 eventos (>20),2025-09-06,,
A-05503-A,enhanced_safety,high,Maniobras bruscas: 246 eventos (>50),2025-09-06,,
A-05504-A,enhanced_safety,high,Frenado brusco frecuente: 8 eventos (>5),2025-09-06,,
A-05504-A,enhanced_safety,high,Maniobras bruscas: 229 eventos (>50),2025-09-06,,
A-05507-A,enhanced_safety,high,Frenado brusco frecuente: 8 eventos (>5),2025-09-06,,
A-05507-A,enhanced_safety,high,Maniobras bruscas: 397 eventos (>50),2025-09-06,,
A-05507-A,enhanced_safety,high,Exceso de velocidad: 27 eventos (>20),2025-09-06,,
A-05502-A,enhanced_safety,high,Frenado brusco frecuente: 35 eventos (>5),2025-09-07,,
A-05502-A,enhanced_safety,high,Maniobras bruscas: 796 eventos (>50),2025-09-07,,
A-05502-A,enhanced_safety,high,Exceso de velocidad: 185 eventos (>20),2025-09-07,,
A-05504-A,enhanced_safety,high,Maniobras bruscas: 396 eventos (>50),2025-09-07,,
A-05504-A,enhanced_safety,high,Exceso de velocidad: 145 eventos (>20),2025-09-07,,
A-05507-A,enhanced_safety,high,Maniobras bruscas: 644 eventos (>50),2025-09-07,,
A-05507-A,enhanced_safety,high,Exceso de velocidad: 106 eventos (>20),2025-09-07,,
A-05502-A,enhanced_safety,high,Frenado brusco frecuente: 45 eventos (>5),2025-09-08,,
A-05502-A,enhanced_safety,high,Maniobras bruscas: 1152 eventos (>50),2025-09-08,,
A-05502-A,enhanced_safety,high,Exceso de velocidad: 410 eventos (>20),2025-09-08,,
A-05503-A,enhanced_safety,high,Frenado brusco frecuente: 9 eventos (>5),2025-09-08,,
A-05503-A,enhanced_safety,high,Maniobras bruscas: 518 eventos (>50),2025-09-08,,
A-05504-A,enhanced_safety,high,Maniobras bruscas: 348 eventos (>50),2025-09-08,,
A-05504-A,enhanced_safety,high,Exceso de velocidad: 177 eventos (>20),2025-09-08,,
A-05507-A,enhanced_safety,high,Maniobras bruscas: 1155 eventos (>50),2025-09-08,,
A-05507-A,enhanced_safety,high,Exceso de velocidad: 309 eventos (>20),2025-09-08,,
A-05502-A,enhanced_safety,high,Frenado brusco frecuente: 64 eventos (>5),2025-09-09,,
A-05502-A,enhanced_safety,high,Maniobras bruscas: 1306 eventos (>50),2025-09-09,,
A-05502-A,enhanced_safety,high,Exceso de velocidad: 392 eventos (>20),2025-09-09,,
A-05503-A,enhanced_safety,high,Maniobras bruscas: 88 eventos (>50),2025-09-09,,
A-05504-A,enhanced_safety,high,Maniobras bruscas: 221 eventos (>50),2025-09-09,,
A-05504-A,enhanced_safety,high,Exceso de velocidad: 165 eventos (>20),2025-09-09,,
A-05507-A,enhanced_safety,high,Frenado brusco frecuente: 17 eventos (>5),2025-09-09,,
A-05507-A,enhanced_safety,high,Maniobras bruscas: 776 eventos (>50),2025-09-09,,
A-05507-A,enhanced_safety,high,Exceso de velocidad: 248 eventos (>20),2025-09-09,,
A-05502-A,enhanced_safety,high,Frenado brusco frecuente: 38 eventos (>5),2025-09-10,,
A-05502-A,enhanced_safety,high,Maniobras bruscas: 1095 eventos (>50),2025-09-10,,
A-05502-A,enhanced_safety,high,Exceso de velocidad: 302 eventos (>20),2025-09-10,,
A-05503-A,enhanced_safety,high,Frenado brusco frecuente: 13 eventos (>5),2025-09-10,,
A-05503-A,enhanced_safety,high,Maniobras bruscas: 543 eventos (>50),2025-09-10,,
A-05504-A,enhanced_safety,high,Frenado brusco frecuente: 17 eventos (>5),2025-09-10,,
A-05504-A,enhanced_safety,high,Maniobras bruscas: 613 eventos (>50),2025-09-10,,
A-05504-A,enhanced_safety,high,Exceso de velocidad: 206 eventos (>20),2025-09-10,,
A-05507-A,enhanced_safety,high,Maniobras bruscas: 493 eventos (>50),2025-09-10,,
A-05507-A,enhanced_safety,high,Exceso de velocidad: 147 eventos (>20),2025-09-10,,
A-05502-A,enhanced_safety,high,Frenado brusco frecuente: 52 eventos (>5),2025-09-11,,
A-05502-A,enhanced_safety,high,Maniobras bruscas: 1456 eventos (>50),2025-09-11,,
A-05502-A,enhanced_safety,high,Exceso de velocidad: 293 eventos (>20),2025-09-11,,
A-05503-A,enhanced_safety,high,Frenado brusco frecuente: 29 eventos (>5),2025-09-11,,
A-05503-A,enhanced_safety,high,Maniobras bruscas: 990 eventos (>50),2025-09-11,,
A-05504-A,enhanced_safety,high,Frenado brusco frecuente: 12 eventos (>5),2025-09-11,,
A-05504-A,enhanced_safety,high,Maniobras bruscas: 455 eventos (>50),2025-09-11,,
A-05504-A,enhanced_safety,high,Exceso de velocidad: 132 eventos (>20),2025-09-11,,
A-05507-A,enhanced_safety,high,Frenado brusco frecuente: 14 eventos (>5),2025-09-11,,
A-05507-A,enhanced_safety,high,Maniobras bruscas: 850 eventos (>50),2025-09-11,,
A-05507-A,enhanced_safety,high,Exceso de velocidad: 219 eventos (>20),2025-09-11,,
A-05502-A,enhanced_safety,high,Maniobras bruscas: 1282 eventos (>50),2025-09-12,,
A-05502-A,enhanced_safety,high,Exceso de velocidad: 354 eventos (>20),2025-09-12,,
A-05503-A,enhanced_safety,high,Frenado brusco frecuente: 22 eventos (>5),2025-09-12,,
A-05503-A,enhanced_safety,high,Maniobras bruscas: 731 eventos (>50),2025-09-12,,
A-05504-A,enhanced_safety,high,Maniobras bruscas: 461 eventos (>50),2025-09-12,,
A-05504-A,enhanced_safety,high,Exceso de velocidad: 200 eventos (>20),2025-09-12,,
A-05507-A,enhanced_safety,high,Maniobras bruscas: 881 eventos (>50),2025-09-12,,
A-05507-A,enhanced_safety,high,Exceso de velocidad: 276 eventos (>20),2025-09-12,,
A-05508-A,enhanced_safety,high,Maniobras bruscas: 342 eventos (>50),2025-09-12,,
A-05508-A,enhanced_safety,high,Exceso de velocidad: 62 eventos (>20),2025-09-12,,
 A-05501-A,enhanced_safety,high,Frenado brusco frecuente: 10 eventos (>5),2025-09-13,,
 A-05501-A,enhanced_safety,high,Maniobras bruscas: 113 eventos (>50),2025-09-13,,
 A-05501-A,enhanced_safety,high,Exceso de velocidad: 55 eventos (>20),2025-09-13,,
A-05502-A,enhanced_safety,high,Frenado brusco frecuente: 21 eventos (>5),2025-09-13,,
A-05502-A,enhanced_safety,high,Maniobras bruscas: 584 eventos (>50),2025-09-13,,
A-05502-A,enhanced_safety,high,Exceso de velocidad: 255 eventos (>20),2025-09-13,,
A-05503-A,enhanced_safety,high,Maniobras bruscas: 276 eventos (>50),2025-09-13,,
A-05504-A,enhanced_safety,high,Frenado brusco frecuente: 15 eventos (>5),2025-09-13,,
A-05504-A,enhanced_safety,high,Maniobras bruscas: 190 eventos (>50),2025-09-13,,
A-05507-A,enhanced_safety,high,Frenado brusco frecuente: 23 eventos (>5),2025-09-13,,
A-05507-A,enhanced_safety,high,Maniobras bruscas: 968 eventos (>50),2025-09-13,,
A-05507-A,enhanced_safety,high,Exceso de velocidad: 181 eventos (>20),2025-09-13,,
A-05508-A,enhanced_safety,high,Frenado brusco frecuente: 9 eventos (>5),2025-09-13,,
A-05508-A,enhanced_safety,high,Maniobras bruscas: 934 eventos (>50),2025-09-13,,
A-05508-A,enhanced_safety,high,Exceso de velocidad: 79 eventos (>20),2025-09-13,,
 A-05501-A,enhanced_safety,high,Frenado brusco frecuente: 7 eventos (>5),2025-09-14,,
 A-05501-A,enhanced_safety,high,Maniobras bruscas: 637 eventos (>50),2025-09-14,,
 A-05501-A,enhanced_safety,high,Exceso de velocidad: 232 eventos (>20),2025-09-14,,
A-05502-A,enhanced_safety,high,Frenado brusco frecuente: 10 eventos (>5),2025-09-14,,
A-05502-A,enhanced_safety,high,Maniobras bruscas: 641 eventos (>50),2025-09-14,,
A-05502-A,enhanced_safety,high,Exceso de velocidad: 126 eventos (>20),2025-09-14,,
A-05503-A,enhanced_safety,high,Maniobras bruscas: 314 eventos (>50),2025-09-14,,
A-05504-A,enhanced_safety,high,Maniobras bruscas: 277 eventos (>50),2025-09-14,,
A-05504-A,enhanced_safety,high,Exceso de velocidad: 128 eventos (>20),2025-09-14,,
A-05507-A,enhanced_safety,high,Maniobras bruscas: 340 eventos (>50),2025-09-14,,
A-05507-A,enhanced_safety,high,Exceso de velocidad: 101 eventos (>20),2025-09-14,,
A-05508-A,enhanced_safety,high,Frenado brusco frecuente: 8 eventos (>5),2025-09-14,,
A-05508-A,enhanced_safety,high,Maniobras bruscas: 863 eventos (>50),2025-09-14,,
 A-05501-A,enhanced_safety,high,Maniobras bruscas: 593 eventos (>50),2025-09-15,,
 A-05501-A,enhanced_safety,high,Exceso de velocidad: 195 eventos (>20),2025-09-15,,
A-05502-A,enhanced_safety,high,Exceso de velocidad: 277 eventos (>20),2025-09-15,,
A-05503-A,enhanced_safety,high,Frenado brusco frecuente: 12 eventos (>5),2025-09-15,,
A-05503-A,enhanced_safety,high,Maniobras bruscas: 509 eventos (>50),2025-09-15,,
A-05504-A,enhanced_safety,high,Exceso de velocidad: 162 eventos (>20),2025-09-15,,
A-05507-A,enhanced_safety,high,Maniobras bruscas: 1122 eventos (>50),2025-09-15,,
A-05507-A,enhanced_safety,high,Exceso de velocidad: 268 eventos (>20),2025-09-15,,
A-05508-A,enhanced_safety,high,Maniobras bruscas: 629 eventos (>50),2025-09-15,,
A-05508-A,enhanced_safety,high,Exceso de velocidad: 93 eventos (>20),2025-09-15,,
 A-05501-A,enhanced_safety,high,Frenado brusco frecuente: 19 eventos (>5),2025-09-16,,
 A-05501-A,enhanced_safety,high,Maniobras bruscas: 632 eventos (>50),2025-09-16,,
 A-05501-A,enhanced_safety,high,Exceso de velocidad: 287 eventos (>20),2025-09-16,,
A-05502-A,enhanced_safety,high,Frenado brusco frecuente: 22 eventos (>5),2025-09-16,,
A-05502-A,enhanced_safety,high,Maniobras bruscas: 1113 eventos (>50),2025-09-16,,
A-05503-A,enhanced_safety,high,Maniobras bruscas: 265 eventos (>50),2025-09-16,,
A-05504-A,enhanced_safety,high,Maniobras bruscas: 188 eventos (>50),2025-09-16,,
A-05504-A,enhanced_safety,high,Exceso de velocidad: 90 eventos (>20),2025-09-16,,
A-05507-A,enhanced_safety,high,Maniobras bruscas: 553 eventos (>50),2025-09-16,,
A-05507-A,enhanced_safety,high,Exceso de velocidad: 188 eventos (>20),2025-09-16,,
A-05508-A,enhanced_safety,high,Frenado brusco frecuente: 11 eventos (>5),2025-09-16,,
A-05508-A,enhanced_safety,high,Maniobras bruscas: 750 eventos (>50),2025-09-16,,
A-05508-A,enhanced_safety,high,Exceso de velocidad: 58 eventos (>20),2025-09-16,,
 A-05501-A,enhanced_safety,high,Maniobras bruscas: 533 eventos (>50),2025-09-17,,
 A-05501-A,enhanced_safety,high,Exceso de velocidad: 239 eventos (>20),2025-09-17,,
A-05502-A,enhanced_safety,high,Frenado brusco frecuente: 14 eventos (>5),2025-09-17,,
A-05502-A,enhanced_safety,high,Maniobras bruscas: 392 eventos (>50),2025-09-17,,
A-05502-A,enhanced_safety,high,Exceso de velocidad: 156 eventos (>20),2025-09-17,,
A-05503-A,enhanced_safety,high,Maniobras bruscas: 430 eventos (>50),2025-09-17,,
A-05504-A,enhanced_safety,high,Maniobras bruscas: 326 eventos (>50),2025-09-17,,
A-05504-A,enhanced_safety,high,Exceso de velocidad: 104 eventos (>20),2025-09-17,,
A-05507-A,enhanced_safety,high,Frenado brusco frecuente: 32 eventos (>5),2025-09-17,,
A-05507-A,enhanced_safety,high,Maniobras bruscas: 1416 eventos (>50),2025-09-17,,
A-05507-A,enhanced_safety,high,Exceso de velocidad: 331 eventos (>20),2025-09-17,,
A-05508-A,enhanced_safety,high,Maniobras bruscas: 507 eventos (>50),2025-09-17,,
A-05508-A,enhanced_safety,high,Exceso de velocidad: 91 eventos (>20),2025-09-17,,
 A-05501-A,enhanced_safety,high,Frenado brusco frecuente: 13 eventos (>5),2025-09-18,,
 A-05501-A,enhanced_safety,high,Maniobras bruscas: 396 eventos (>50),2025-09-18,,
 A-05501-A,enhanced_safety,high,Exceso de velocidad: 226 eventos (>20),2025-09-18,,
A-05502-A,enhanced_safety,high,Maniobras bruscas: 1114 eventos (>50),2025-09-18,,
A-05502-A,enhanced_safety,high,Exceso de velocidad: 396 eventos (>20),2025-09-18,,
A-05503-A,enhanced_safety,high,Maniobras bruscas: 759 eventos (>50),2025-09-18,,
A-05504-A,enhanced_safety,high,Maniobras bruscas: 378 eventos (>50),2025-09-18,,
A-05504-A,enhanced_safety,high,Exceso de velocidad: 176 eventos (>20),2025-09-18,,
A-05507-A,enhanced_safety,high,Frenado brusco frecuente: 21 eventos (>5),2025-09-18,,
A-05507-A,enhanced_safety,high,Maniobras bruscas: 932 eventos (>50),2025-09-18,,
A-05507-A,enhanced_safety,high,Exceso de velocidad: 176 eventos (>20),2025-09-18,,
A-05508-A,enhanced_safety,high,Frenado brusco frecuente: 6 eventos (>5),2025-09-18,,
A-05508-A,enhanced_safety,high,Maniobras bruscas: 624 eventos (>50),2025-09-18,,
A-05508-A,enhanced_safety,high,Exceso de velocidad: 88 eventos (>20),2025-09-18,,
 A-05501-A,enhanced_safety,high,Frenado brusco frecuente: 16 eventos (>5),2025-09-19,,
 A-05501-A,enhanced_safety,high,Maniobras bruscas: 662 eventos (>50),2025-09-19,,
 A-05501-A,enhanced_safety,high,Exceso de velocidad: 332 eventos (>20),2025-09-19,,
A-05502-A,enhanced_safety,high,Frenado brusco frecuente: 18 eventos (>5),2025-09-19,,
A-05502-A,enhanced_safety,high,Maniobras bruscas: 947 eventos (>50),2025-09-19,,
A-05502-A,enhanced_safety,high,Exceso de velocidad: 307 eventos (>20),2025-09-19,,
A-05503-A,enhanced_safety,high,Frenado brusco frecuente: 11 eventos (>5),2025-09-19,,
A-05503-A,enhanced_safety,high,Maniobras bruscas: 552 eventos (>50),2025-09-19,,
A-05504-A,enhanced_safety,high,Maniobras bruscas: 444 eventos (>50),2025-09-19,,
A-05504-A,enhanced_safety,high,Exceso de velocidad: 186 eventos (>20),2025-09-19,,
A-05507-A,enhanced_safety,high,Maniobras bruscas: 638 eventos (>50),2025-09-19,,
A-05507-A,enhanced_safety,high,Exceso de velocidad: 252 eventos (>20),2025-09-19,,
A-05508-A,enhanced_safety,high,Maniobras bruscas: 595 eventos (>50),2025-09-19,,
A-05508-A,enhanced_safety,high,Exceso de velocidad: 104 eventos (>20),2025-09-19,,
 A-05501-A,enhanced_safety,high,Maniobras bruscas: 790 eventos (>50),2025-09-20,,
 A-05501-A,enhanced_safety,high,Exceso de velocidad: 295 eventos (>20),2025-09-20,,
A-05502-A,enhanced_safety,high,Maniobras bruscas: 808 eventos (>50),2025-09-20,,
A-05502-A,enhanced_safety,high,Exceso de velocidad: 254 eventos (>20),2025-09-20,,
A-05503-A,enhanced_safety,high,Frenado brusco frecuente: 8 eventos (>5),2025-09-20,,
A-05503-A,enhanced_safety,high,Maniobras bruscas: 444 eventos (>50),2025-09-20,,
A-05504-A,enhanced_safety,high,Maniobras bruscas: 340 eventos (>50),2025-09-20,,
A-05504-A,enhanced_safety,high,Exceso de velocidad: 220 eventos (>20),2025-09-20,,
A-05507-A,enhanced_safety,high,Frenado brusco frecuente: 19 eventos (>5),2025-09-20,,
A-05507-A,enhanced_safety,high,Maniobras bruscas: 841 eventos (>50),2025-09-20,,
A-05507-A,enhanced_safety,high,Exceso de velocidad: 234 eventos (>20),2025-09-20,,
A-05508-A,enhanced_safety,high,Maniobras bruscas: 513 eventos (>50),2025-09-20,,
A-05508-A,enhanced_safety,high,Exceso de velocidad: 124 eventos (>20),2025-09-20,,
 A-05501-A,enhanced_safety,high,Frenado brusco frecuente: 8 eventos (>5),2025-09-21,,
 A-05501-A,enhanced_safety,high,Maniobras bruscas: 247 eventos (>50),2025-09-21,,
 A-05501-A,enhanced_safety,high,Exceso de velocidad: 110 eventos (>20),2025-09-21,,
A-05502-A,enhanced_safety,high,Frenado brusco frecuente: 31 eventos (>5),2025-09-21,,
A-05502-A,enhanced_safety,high,Exceso de velocidad: 317 eventos (>20),2025-09-21,,
A-05504-A,enhanced_safety,high,Maniobras bruscas: 118 eventos (>50),2025-09-21,,
A-05504-A,enhanced_safety,high,Exceso de velocidad: 88 eventos (>20),2025-09-21,,
A-05507-A,enhanced_safety,high,Maniobras bruscas: 532 eventos (>50),2025-09-21,,
A-05507-A,enhanced_safety,high,Exceso de velocidad: 148 eventos (>20),2025-09-21,,
A-05508-A,enhanced_safety,high,Maniobras bruscas: 395 eventos (>50),2025-09-21,,
 A-05501-A,enhanced_safety,high,Frenado brusco frecuente: 14 eventos (>5),2025-09-22,,
 A-05501-A,enhanced_safety,high,Maniobras bruscas: 378 eventos (>50),2025-09-22,,
 A-05501-A,enhanced_safety,high,Exceso de velocidad: 189 eventos (>20),2025-09-22,,
A-05502-A,enhanced_safety,high,Maniobras bruscas: 1059 eventos (>50),2025-09-22,,
A-05502-A,enhanced_safety,high,Exceso de velocidad: 335 eventos (>20),2025-09-22,,
A-05503-A,enhanced_safety,high,Maniobras bruscas: 684 eventos (>50),2025-09-22,,
A-05504-A,enhanced_safety,high,Maniobras bruscas: 245 eventos (>50),2025-09-22,,
A-05504-A,enhanced_safety,high,Exceso de velocidad: 143 eventos (>20),2025-09-22,,
A-05507-A,enhanced_safety,high,Frenado brusco frecuente: 22 eventos (>5),2025-09-22,,
A-05507-A,enhanced_safety,high,Maniobras bruscas: 792 eventos (>50),2025-09-22,,
A-05507-A,enhanced_safety,high,Exceso de velocidad: 182 eventos (>20),2025-09-22,,
A-05508-A,enhanced_safety,high,Frenado brusco frecuente: 7 eventos (>5),2025-09-22,,
A-05508-A,enhanced_safety,high,Maniobras bruscas: 514 eventos (>50),2025-09-22,,
A-05508-A,enhanced_safety,high,Exceso de velocidad: 85 eventos (>20),2025-09-22,,
 A-05501-A,enhanced_safety,high,Maniobras bruscas: 271 eventos (>50),2025-09-23,,
A-05502-A,enhanced_safety,high,Maniobras bruscas: 940 eventos (>50),2025-09-23,,
A-05502-A,enhanced_safety,high,Exceso de velocidad: 324 eventos (>20),2025-09-23,,
A-05503-A,enhanced_safety,high,Frenado brusco frecuente: 50 eventos (>5),2025-09-23,,
A-05503-A,enhanced_safety,high,Maniobras bruscas: 769 eventos (>50),2025-09-23,,
A-05504-A,enhanced_safety,high,Maniobras bruscas: 225 eventos (>50),2025-09-23,,
A-05504-A,enhanced_safety,high,Exceso de velocidad: 136 eventos (>20),2025-09-23,,
A-05507-A,enhanced_safety,high,Maniobras bruscas: 832 eventos (>50),2025-09-23,,
A-05507-A,enhanced_safety,high,Exceso de velocidad: 172 eventos (>20),2025-09-23,,
A-05508-A,enhanced_safety,high,Frenado brusco frecuente: 12 eventos (>5),2025-09-23,,
A-05508-A,enhanced_safety,high,Maniobras bruscas: 432 eventos (>50),2025-09-23,,
A-05508-A,enhanced_safety,high,Exceso de velocidad: 136 eventos (>20),2025-09-23,,
 A-05501-A,enhanced_safety,high,Maniobras bruscas: 382 eventos (>50),2025-09-24,,
 A-05501-A,enhanced_safety,high,Exceso de velocidad: 185 eventos (>20),2025-09-24,,
A-05502-A,enhanced_safety,high,Frenado brusco frecuente: 26 eventos (>5),2025-09-24,,
A-05502-A,enhanced_safety,high,Maniobras bruscas: 751 eventos (>50),2025-09-24,,
A-05502-A,enhanced_safety,high,Exceso de velocidad: 341 eventos (>20),2025-09-24,,
A-05503-A,enhanced_safety,high,Maniobras bruscas: 439 eventos (>50),2025-09-24,,
A-05504-A,enhanced_safety,high,Maniobras bruscas: 162 eventos (>50),2025-09-24,,
A-05504-A,enhanced_safety,high,Exceso de velocidad: 93 eventos (>20),2025-09-24,,
A-05507-A,enhanced_safety,high,Frenado brusco frecuente: 7 eventos (>5),2025-09-24,,
A-05507-A,enhanced_safety,high,Maniobras bruscas: 310 eventos (>50),2025-09-24,,
A-05507-A,enhanced_safety,high,Exceso de velocidad: 201 eventos (>20),2025-09-24,,
A-05508-A,enhanced_safety,high,Maniobras bruscas: 393 eventos (>50),2025-09-24,,
A-05508-A,enhanced_safety,high,Exceso de velocidad: 125 eventos (>20),2025-09-24,,
 A-05501-A,enhanced_safety,high,Maniobras bruscas: 502 eventos (>50),2025-09-25,,
 A-05501-A,enhanced_safety,high,Exceso de velocidad: 273 eventos (>20),2025-09-25,,
A-05502-A,enhanced_safety,high,Maniobras bruscas: 1275 eventos (>50),2025-09-25,,
A-05502-A,enhanced_safety,high,Exceso de velocidad: 309 eventos (>20),2025-09-25,,
A-05503-A,enhanced_safety,high,Maniobras bruscas: 367 eventos (>50),2025-09-25,,
A-05504-A,enhanced_safety,high,Maniobras bruscas: 252 eventos (>50),2025-09-25,,
A-05504-A,enhanced_safety,high,Exceso de velocidad: 217 eventos (>20),2025-09-25,,
A-05507-A,enhanced_safety,high,Maniobras bruscas: 458 eventos (>50),2025-09-25,,
A-05507-A,enhanced_safety,high,Exceso de velocidad: 259 eventos (>20),2025-09-25,,
A-05508-A,enhanced_safety,high,Maniobras bruscas: 601 eventos (>50),2025-09-25,,
A-05508-A,enhanced_safety,high,Exceso de velocidad: 147 eventos (>20),2025-09-25,,
 A-05501-A,enhanced_safety,high,Maniobras bruscas: 445 eventos (>50),2025-09-26,,
 A-05501-A,enhanced_safety,high,Exceso de velocidad: 297 eventos (>20),2025-09-26,,
A-05502-A,enhanced_safety,high,Maniobras bruscas: 1012 eventos (>50),2025-09-26,,
A-05502-A,enhanced_safety,high,Exceso de velocidad: 280 eventos (>20),2025-09-26,,
A-05503-A,enhanced_safety,high,Maniobras bruscas: 622 eventos (>50),2025-09-26,,
A-05504-A,enhanced_safety,high,Maniobras bruscas: 288 eventos (>50),2025-09-26,,
A-05504-A,enhanced_safety,high,Exceso de velocidad: 173 eventos (>20),2025-09-26,,
A-05507-A,enhanced_safety,high,Frenado brusco frecuente: 34 eventos (>5),2025-09-26,,
A-05507-A,enhanced_safety,high,Maniobras bruscas: 549 eventos (>50),2025-09-26,,
A-05507-A,enhanced_safety,high,Exceso de velocidad: 372 eventos (>20),2025-09-26,,
A-05508-A,enhanced_safety,high,Maniobras bruscas: 707 eventos (>50),2025-09-26,,
A-05508-A,enhanced_safety,high,Exceso de velocidad: 149 eventos (>20),2025-09-26,,
 A-05501-A,enhanced_safety,high,Frenado brusco frecuente: 15 eventos (>5),2025-09-27,,
 A-05501-A,enhanced_safety,high,Maniobras bruscas: 675 eventos (>50),2025-09-27,,
 A-05501-A,enhanced_safety,high,Exceso de velocidad: 271 eventos (>20),2025-09-27,,
A-05502-A,enhanced_safety,high,Frenado brusco frecuente: 50 eventos (>5),2025-09-27,,
A-05502-A,enhanced_safety,high,Maniobras bruscas: 1327 eventos (>50),2025-09-27,,
A-05502-A,enhanced_safety,high,Exceso de velocidad: 322 eventos (>20),2025-09-27,,
A-05503-A,enhanced_safety,high,Maniobras bruscas: 540 eventos (>50),2025-09-27,,
A-05504-A,enhanced_safety,high,Maniobras bruscas: 318 eventos (>50),2025-09-27,,
A-05504-A,enhanced_safety,high,Exceso de velocidad: 188 eventos (>20),2025-09-27,,
A-05507-A,enhanced_safety,high,Frenado brusco frecuente: 18 eventos (>5),2025-09-27,,
A-05507-A,enhanced_safety,high,Maniobras bruscas: 482 eventos (>50),2025-09-27,,
A-05507-A,enhanced_safety,high,Exceso de velocidad: 225 eventos (>20),2025-09-27,,
A-05508-A,enhanced_safety,high,Maniobras bruscas: 575 eventos (>50),2025-09-27,,
A-05508-A,enhanced_safety,high,Exceso de velocidad: 108 eventos (>20),2025-09-27,,
 A-05501-A,enhanced_safety,high,Frenado brusco frecuente: 31 eventos (>5),2025-09-28,,
 A-05501-A,enhanced_safety,high,Maniobras bruscas: 673 eventos (>50),2025-09-28,,
 A-05501-A,enhanced_safety,high,Exceso de velocidad: 416 eventos (>20),2025-09-28,,
A-05502-A,enhanced_safety,high,Maniobras bruscas: 514 eventos (>50),2025-09-28,,
A-05502-A,enhanced_safety,high,Exceso de velocidad: 406 eventos (>20),2025-09-28,,
A-05503-A,enhanced_safety,high,Maniobras bruscas: 126 eventos (>50),2025-09-28,,
A-05504-A,enhanced_safety,high,Maniobras bruscas: 99 eventos (>50),2025-09-28,,
A-05504-A,enhanced_safety,high,Exceso de velocidad: 129 eventos (>20),2025-09-28,,
A-05507-A,enhanced_safety,high,Frenado brusco frecuente: 15 eventos (>5),2025-09-28,,
A-05507-A,enhanced_safety,high,Maniobras bruscas: 623 eventos (>50),2025-09-28,,
A-05508-A,enhanced_safety,high,Maniobras bruscas: 1263 eventos (>50),2025-09-28,,
 A-05501-A,enhanced_safety,high,Maniobras bruscas: 374 eventos (>50),2025-09-29,,
 A-05501-A,enhanced_safety,high,Exceso de velocidad: 253 eventos (>20),2025-09-29,,
A-05502-A,enhanced_safety,high,Maniobras bruscas: 1040 eventos (>50),2025-09-29,,
A-05502-A,enhanced_safety,high,Exceso de velocidad: 473 eventos (>20),2025-09-29,,
A-05503-A,enhanced_safety,high,Maniobras bruscas: 506 eventos (>50),2025-09-29,,
A-05504-A,enhanced_safety,high,Maniobras bruscas: 260 eventos (>50),2025-09-29,,
A-05507-A,enhanced_safety,high,Maniobras bruscas: 605 eventos (>50),2025-09-29,,
A-05507-A,enhanced_safety,high,Exceso de velocidad: 151 eventos (>20),2025-09-29,,
A-05508-A,enhanced_safety,high,Maniobras bruscas: 360 eventos (>50),2025-09-29,,
A-05508-A,enhanced_safety,high,Exceso de velocidad: 185 eventos (>20),2025-09-29,,
 A-05501-A,enhanced_safety,high,Maniobras bruscas: 493 eventos (>50),2025-09-30,,
 A-05501-A,enhanced_safety,high,Exceso de velocidad: 223 eventos (>20),2025-09-30,,
A-05502-A,enhanced_safety,high,Frenado brusco frecuente: 37 eventos (>5),2025-09-30,,
A-05502-A,enhanced_safety,high,Maniobras bruscas: 896 eventos (>50),2025-09-30,,
A-05502-A,enhanced_safety,high,Exceso de velocidad: 259 eventos (>20),2025-09-30,,
A-05503-A,enhanced_safety,high,Maniobras bruscas: 335 eventos (>50),2025-09-30,,
A-05504-A,enhanced_safety,high,Maniobras bruscas: 266 eventos (>50),2025-09-30,,
A-05504-A,enhanced_safety,high,Exceso de velocidad: 179 eventos (>20),2025-09-30,,
A-05507-A,enhanced_safety,high,Frenado brusco frecuente: 10 eventos (>5),2025-09-30,,
A-05507-A,enhanced_safety,high,Maniobras bruscas: 300 eventos (>50),2025-09-30,,
A-05508-A,enhanced_safety,high,Maniobras bruscas: 829 eventos (>50),2025-09-30,,
A-05508-A,enhanced_safety,high,Exceso de velocidad: 110 eventos (>20),2025-09-30,,
 A-05501-A,enhanced_safety,high,Frenado brusco frecuente: 40 eventos (>5),2025-10-01,,
 A-05501-A,enhanced_safety,high,Maniobras bruscas: 1009 eventos (>50),2025-10-01,,
 A-05501-A,enhanced_safety,high,Exceso de velocidad: 183 eventos (>20),2025-10-01,,
A-05355-A,enhanced_safety,high,Maniobras bruscas: 165 eventos (>50),2025-10-01,,
A-05502-A,enhanced_safety,high,Frenado brusco frecuente: 29 eventos (>5),2025-10-01,,
A-05502-A,enhanced_safety,high,Maniobras bruscas: 851 eventos (>50),2025-10-01,,
A-05502-A,enhanced_safety,high,Exceso de velocidad: 275 eventos (>20),2025-10-01,,
A-05503-A,enhanced_safety,high,Maniobras bruscas: 722 eventos (>50),2025-10-01,,
A-05504-A,enhanced_safety,high,Maniobras bruscas: 237 eventos (>50),2025-10-01,,
A-05507-A,enhanced_safety,high,Frenado brusco frecuente: 26 eventos (>5),2025-10-01,,
A-05507-A,enhanced_safety,high,Maniobras bruscas: 564 eventos (>50),2025-10-01,,
A-05507-A,enhanced_safety,high,Exceso de velocidad: 197 eventos (>20),2025-10-01,,
A-05508-A,enhanced_safety,high,Frenado brusco frecuente: 16 eventos (>5),2025-10-01,,
A-05508-A,enhanced_safety,high,Maniobras bruscas: 493 eventos (>50),2025-10-01,,
A-05508-A,enhanced_safety,high,Exceso de velocidad: 142 eventos (>20),2025-10-01,,
 A-05501-A,enhanced_safety,high,Frenado brusco frecuente: 9 eventos (>5),2025-10-02,,
 A-05501-A,enhanced_safety,high,Maniobras bruscas: 718 eventos (>50),2025-10-02,,
 A-05501-A,enhanced_safety,high,Exceso de velocidad: 276 eventos (>20),2025-10-02,,
A-05355-A,enhanced_safety,high,Frenado brusco frecuente: 22 eventos (>5),2025-10-02,,
A-05355-A,enhanced_safety,high,Maniobras bruscas: 460 eventos (>50),2025-10-02,,
A-05355-A,enhanced_safety,high,Exceso de velocidad: 44 eventos (>20),2025-10-02,,
A-05502-A,enhanced_safety,high,Frenado brusco frecuente: 19 eventos (>5),2025-10-02,,
A-05502-A,enhanced_safety,high,Maniobras bruscas: 707 eventos (>50),2025-10-02,,
A-05502-A,enhanced_safety,high,Exceso de velocidad: 345 eventos (>20),2025-10-02,,
A-05503-A,enhanced_safety,high,Frenado brusco frecuente: 25 eventos (>5),2025-10-02,,
A-05503-A,enhanced_safety,high,Maniobras bruscas: 597 eventos (>50),2025-10-02,,
A-05504-A,enhanced_safety,high,Maniobras bruscas: 171 eventos (>50),2025-10-02,,
A-05507-A,enhanced_safety,high,Maniobras bruscas: 732 eventos (>50),2025-10-02,,
A-05507-A,enhanced_safety,high,Exceso de velocidad: 212 eventos (>20),2025-10-02,,
A-05508-A,enhanced_safety,high,Exceso de velocidad: 119 eventos (>20),2025-10-02,,
 A-05501-A,enhanced_safety,high,Maniobras bruscas: 926 eventos (>50),2025-10-03,,
 A-05501-A,enhanced_safety,high,Exceso de velocidad: 376 eventos (>20),2025-10-03,,
A-05502-A,enhanced_safety,high,Frenado brusco frecuente: 34 eventos (>5),2025-10-03,,
A-05502-A,enhanced_safety,high,Maniobras bruscas: 827 eventos (>50),2025-10-03,,
A-05502-A,enhanced_safety,high,Exceso de velocidad: 276 eventos (>20),2025-10-03,,
A-05503-A,enhanced_safety,high,Frenado brusco frecuente: 21 eventos (>5),2025-10-03,,
A-05503-A,enhanced_safety,high,Maniobras bruscas: 536 eventos (>50),2025-10-03,,
A-05504-A,enhanced_safety,high,Maniobras bruscas: 284 eventos (>50),2025-10-03,,
A-05504-A,enhanced_safety,high,Exceso de velocidad: 249 eventos (>20),2025-10-03,,
A-05507-A,enhanced_safety,high,Maniobras bruscas: 567 eventos (>50),2025-10-03,,
A-05507-A,enhanced_safety,high,Exceso de velocidad: 242 eventos (>20),2025-10-03,,
A-05508-A,enhanced_safety,high,Frenado brusco frecuente: 10 eventos (>5),2025-10-03,,
A-05508-A,enhanced_safety,high,Maniobras bruscas: 535 eventos (>50),2025-10-03,,
A-05508-A,enhanced_safety,high,Exceso de velocidad: 96 eventos (>20),2025-10-03,,
 A-05501-A,enhanced_safety,high,Maniobras bruscas: 574 eventos (>50),2025-10-04,,
 A-05501-A,enhanced_safety,high,Exceso de velocidad: 331 eventos (>20),2025-10-04,,
A-05502-A,enhanced_safety,high,Frenado brusco frecuente: 11 eventos (>5),2025-10-04,,
A-05502-A,enhanced_safety,high,Maniobras bruscas: 494 eventos (>50),2025-10-04,,
A-05502-A,enhanced_safety,high,Exceso de velocidad: 158 eventos (>20),2025-10-04,,
A-05503-A,enhanced_safety,high,Maniobras bruscas: 339 eventos (>50),2025-10-04,,
A-05504-A,enhanced_safety,high,Maniobras bruscas: 364 eventos (>50),2025-10-04,,
A-05504-A,enhanced_safety,high,Exceso de velocidad: 225 eventos (>20),2025-10-04,,
A-05507-A,enhanced_safety,high,Frenado brusco frecuente: 27 eventos (>5),2025-10-04,,
A-05507-A,enhanced_safety,high,Maniobras bruscas: 555 eventos (>50),2025-10-04,,
A-05508-A,enhanced_safety,high,Maniobras bruscas: 275 eventos (>50),2025-10-04,,
A-05508-A,enhanced_safety,high,Exceso de velocidad: 134 eventos (>20),2025-10-04,,
 A-05501-A,enhanced_safety,high,Frenado brusco frecuente: 33 eventos (>5),2025-10-05,,
 A-05501-A,enhanced_safety,high,Maniobras bruscas: 623 eventos (>50),2025-10-05,,
 A-05501-A,enhanced_safety,high,Exceso de velocidad: 208 eventos (>20),2025-10-05,,
A-05502-A,enhanced_safety,high,Frenado brusco frecuente: 8 eventos (>5),2025-10-05,,
A-05503-A,enhanced_safety,high,Maniobras bruscas: 281 eventos (>50),2025-10-05,,
A-05504-A,enhanced_safety,high,Maniobras bruscas: 253 eventos (>50),2025-10-05,,
A-05507-A,enhanced_safety,high,Frenado brusco frecuente: 20 eventos (>5),2025-10-05,,
A-05507-A,enhanced_safety,high,Maniobras bruscas: 683 eventos (>50),2025-10-05,,
A-05507-A,enhanced_safety,high,Exceso de velocidad: 173 eventos (>20),2025-10-05,,
A-05508-A,enhanced_safety,high,Maniobras bruscas: 515 eventos (>50),2025-10-05,,
A-05508-A,enhanced_safety,high,Exceso de velocidad: 44 eventos (>20),2025-10-05,,
 A-05501-A,enhanced_safety,high,Maniobras bruscas: 507 eventos (>50),2025-10-06,,
 A-05501-A,enhanced_safety,high,Exceso de velocidad: 161 eventos (>20),2025-10-06,,
A-05355-A,enhanced_safety,high,Maniobras bruscas: 221 eventos (>50),2025-10-06,,
A-05355-A,enhanced_safety,high,Exceso de velocidad: 49 eventos (>20),2025-10-06,,
A-05502-A,enhanced_safety,high,Maniobras bruscas: 927 eventos (>50),2025-10-06,,
A-05502-A,enhanced_safety,high,Exceso de velocidad: 353 eventos (>20),2025-10-06,,
A-05503-A,enhanced_safety,high,Maniobras bruscas: 502 eventos (>50),2025-10-06,,
A-05504-A,enhanced_safety,high,Maniobras bruscas: 204 eventos (>50),2025-10-06,,
A-05504-A,enhanced_safety,high,Exceso de velocidad: 141 eventos (>20),2025-10-06,,
A-05507-A,enhanced_safety,high,Maniobras bruscas: 531 eventos (>50),2025-10-06,,
A-05507-A,enhanced_safety,high,Exceso de velocidad: 233 eventos (>20),2025-10-06,,
A-05508-A,enhanced_safety,high,Frenado brusco frecuente: 14 eventos (>5),2025-10-06,,
A-05508-A,enhanced_safety,high,Maniobras bruscas: 572 eventos (>50),2025-10-06,,
A-05508-A,enhanced_safety,high,Exceso de velocidad: 109 eventos (>20),2025-10-06,,
 A-05501-A,enhanced_safety,high,Frenado brusco frecuente: 11 eventos (>5),2025-10-07,,
 A-05501-A,enhanced_safety,high,Maniobras bruscas: 467 eventos (>50),2025-10-07,,
 A-05501-A,enhanced_safety,high,Exceso de velocidad: 233 eventos (>20),2025-10-07,,
A-05355-A,enhanced_safety,high,Frenado brusco frecuente: 27 eventos (>5),2025-10-07,,
A-05355-A,enhanced_safety,high,Maniobras bruscas: 458 eventos (>50),2025-10-07,,
A-05355-A,enhanced_safety,high,Exceso de velocidad: 146 eventos (>20),2025-10-07,,
A-05502-A,enhanced_safety,high,Frenado brusco frecuente: 23 eventos (>5),2025-10-07,,
A-05502-A,enhanced_safety,high,Maniobras bruscas: 958 eventos (>50),2025-10-07,,
A-05502-A,enhanced_safety,high,Exceso de velocidad: 429 eventos (>20),2025-10-07,,
A-05503-A,enhanced_safety,high,Frenado brusco frecuente: 26 eventos (>5),2025-10-07,,
A-05503-A,enhanced_safety,high,Maniobras bruscas: 623 eventos (>50),2025-10-07,,
A-05504-A,enhanced_safety,high,Maniobras bruscas: 239 eventos (>50),2025-10-07,,
A-05504-A,enhanced_safety,high,Exceso de velocidad: 135 eventos (>20),2025-10-07,,
A-05507-A,enhanced_safety,high,Maniobras bruscas: 425 eventos (>50),2025-10-07,,
A-05507-A,enhanced_safety,high,Exceso de velocidad: 208 eventos (>20),2025-10-07,,
A-05508-A,enhanced_safety,high,Frenado brusco frecuente: 13 eventos (>5),2025-10-07,,
A-05508-A,enhanced_safety,high,Maniobras bruscas: 931 eventos (>50),2025-10-07,,
A-05508-A,enhanced_safety,high,Exceso de velocidad: 188 eventos (>20),2025-10-07,,
 A-05501-A,enhanced_safety,high,Maniobras bruscas: 411 eventos (>50),2025-10-08,,
 A-05501-A,enhanced_safety,high,Exceso de velocidad: 230 eventos (>20),2025-10-08,,
A-05355-A,enhanced_safety,high,Maniobras bruscas: 546 eventos (>50),2025-10-08,,
A-05355-A,enhanced_safety,high,Exceso de velocidad: 129 eventos (>20),2025-10-08,,
A-05502-A,enhanced_safety,high,Maniobras bruscas: 840 eventos (>50),2025-10-08,,
A-05502-A,enhanced_safety,high,Exceso de velocidad: 464 eventos (>20),2025-10-08,,
A-05503-A,enhanced_safety,high,Frenado brusco frecuente: 16 eventos (>5),2025-10-08,,
A-05503-A,enhanced_safety,high,Maniobras bruscas: 520 eventos (>50),2025-10-08,,
A-05504-A,enhanced_safety,high,Maniobras bruscas: 274 eventos (>50),2025-10-08,,
A-05504-A,enhanced_safety,high,Exceso de velocidad: 137 eventos (>20),2025-10-08,,
A-05508-A,enhanced_safety,high,Maniobras bruscas: 593 eventos (>50),2025-10-08,,
A-05508-A,enhanced_safety,high,Exceso de velocidad: 118 eventos (>20),2025-10-08,,
 A-05501-A,enhanced_safety,high,Maniobras bruscas: 474 eventos (>50),2025-10-09,,
 A-05501-A,enhanced_safety,high,Exceso de velocidad: 254 eventos (>20),2025-10-09,,
A-05355-A,enhanced_safety,high,Frenado brusco frecuente: 31 eventos (>5),2025-10-09,,
A-05355-A,enhanced_safety,high,Maniobras bruscas: 446 eventos (>50),2025-10-09,,
A-05355-A,enhanced_safety,high,Exceso de velocidad: 142 eventos (>20),2025-10-09,,
A-05502-A,enhanced_safety,high,Frenado brusco frecuente: 25 eventos (>5),2025-10-09,,
A-05502-A,enhanced_safety,high,Maniobras bruscas: 933 eventos (>50),2025-10-09,,
A-05503-A,enhanced_safety,high,Maniobras bruscas: 354 eventos (>50),2025-10-09,,
A-05504-A,enhanced_safety,high,Maniobras bruscas: 304 eventos (>50),2025-10-09,,
A-05504-A,enhanced_safety,high,Exceso de velocidad: 222 eventos (>20),2025-10-09,,
A-05508-A,enhanced_safety,high,Maniobras bruscas: 311 eventos (>50),2025-10-09,,
 A-05501-A,enhanced_safety,high,Frenado brusco frecuente: 12 eventos (>5),2025-10-10,,
 A-05501-A,enhanced_safety,high,Maniobras bruscas: 557 eventos (>50),2025-10-10,,
 A-05501-A,enhanced_safety,high,Exceso de velocidad: 343 eventos (>20),2025-10-10,,
A-05355-A,enhanced_safety,high,Frenado brusco frecuente: 15 eventos (>5),2025-10-10,,
A-05355-A,enhanced_safety,high,Maniobras bruscas: 367 eventos (>50),2025-10-10,,
A-05355-A,enhanced_safety,high,Exceso de velocidad: 183 eventos (>20),2025-10-10,,
A-05502-A,enhanced_safety,high,Maniobras bruscas: 709 eventos (>50),2025-10-10,,
A-05502-A,enhanced_safety,high,Exceso de velocidad: 337 eventos (>20),2025-10-10,,
A-05503-A,enhanced_safety,high,Frenado brusco frecuente: 24 eventos (>5),2025-10-10,,
A-05503-A,enhanced_safety,high,Maniobras bruscas: 750 eventos (>50),2025-10-10,,
A-05504-A,enhanced_safety,high,Maniobras bruscas: 349 eventos (>50),2025-10-10,,
A-05504-A,enhanced_safety,high,Exceso de velocidad: 320 eventos (>20),2025-10-10,,
A-05508-A,enhanced_safety,high,Maniobras bruscas: 642 eventos (>50),2025-10-10,,
A-05508-A,enhanced_safety,high,Exceso de velocidad: 133 eventos (>20),2025-10-10,,
 A-05501-A,enhanced_safety,high,Maniobras bruscas: 643 eventos (>50),2025-10-11,,
 A-05501-A,enhanced_safety,high,Exceso de velocidad: 280 eventos (>20),2025-10-11,,
A-05355-A,enhanced_safety,high,Frenado brusco frecuente: 13 eventos (>5),2025-10-11,,
A-05355-A,enhanced_safety,high,Maniobras bruscas: 432 eventos (>50),2025-10-11,,
A-05355-A,enhanced_safety,high,Exceso de velocidad: 135 eventos (>20),2025-10-11,,
A-05502-A,enhanced_safety,high,Frenado brusco frecuente: 15 eventos (>5),2025-10-11,,
A-05502-A,enhanced_safety,high,Maniobras bruscas: 626 eventos (>50),2025-10-11,,
A-05502-A,enhanced_safety,high,Exceso de velocidad: 109 eventos (>20),2025-10-11,,
A-05503-A,enhanced_safety,high,Maniobras bruscas: 137 eventos (>50),2025-10-11,,
A-05504-A,enhanced_safety,high,Maniobras bruscas: 75 eventos (>50),2025-10-11,,
A-05504-A,enhanced_safety,high,Exceso de velocidad: 227 eventos (>20),2025-10-11,,
A-05508-A,enhanced_safety,high,Maniobras bruscas: 529 eventos (>50),2025-10-11,,
A-05508-A,enhanced_safety,high,Exceso de velocidad: 101 eventos (>20),2025-10-11,,
 A-05501-A,enhanced_safety,high,Maniobras bruscas: 706 eventos (>50),2025-10-12,,
 A-05501-A,enhanced_safety,high,Exceso de velocidad: 267 eventos (>20),2025-10-12,,
A-05355-A,enhanced_safety,high,Frenado brusco frecuente: 66 eventos (>5),2025-10-12,,
A-05355-A,enhanced_safety,high,Maniobras bruscas: 931 eventos (>50),2025-10-12,,
A-05355-A,enhanced_safety,high,Exceso de velocidad: 242 eventos (>20),2025-10-12,,
A-05502-A,enhanced_safety,high,Maniobras bruscas: 917 eventos (>50),2025-10-12,,
A-05502-A,enhanced_safety,high,Exceso de velocidad: 320 eventos (>20),2025-10-12,,
A-05503-A,enhanced_safety,high,Maniobras bruscas: 333 eventos (>50),2025-10-12,,
A-05504-A,enhanced_safety,high,Maniobras bruscas: 210 eventos (>50),2025-10-12,,
A-05504-A,enhanced_safety,high,Exceso de velocidad: 276 eventos (>20),2025-10-12,,
A-05508-A,enhanced_safety,high,Maniobras bruscas: 144 eventos (>50),2025-10-12,,
 A-05501-A,enhanced_safety,high,Maniobras bruscas: 678 eventos (>50),2025-10-13,,
A-05355-A,enhanced_safety,high,Maniobras bruscas: 90 eventos (>50),2025-10-13,,
A-05502-A,enhanced_safety,high,Maniobras bruscas: 1079 eventos (>50),2025-10-13,,
A-05502-A,enhanced_safety,high,Exceso de velocidad: 371 eventos (>20),2025-10-13,,
A-05503-A,enhanced_safety,high,Maniobras bruscas: 531 eventos (>50),2025-10-13,,
A-05504-A,enhanced_safety,high,Maniobras bruscas: 323 eventos (>50),2025-10-13,,
A-05504-A,enhanced_safety,high,Exceso de velocidad: 229 eventos (>20),2025-10-13,,
A-05508-A,enhanced_safety,high,Maniobras bruscas: 372 eventos (>50),2025-10-13,,
A-05508-A,enhanced_safety,high,Exceso de velocidad: 138 eventos (>20),2025-10-13,,
 A-05501-A,enhanced_safety,high,Maniobras bruscas: 323 eventos (>50),2025-10-14,,
 A-05501-A,enhanced_safety,high,Exceso de velocidad: 268 eventos (>20),2025-10-14,,
A-05355-A,enhanced_safety,high,Frenado brusco frecuente: 26 eventos (>5),2025-10-14,,
A-05355-A,enhanced_safety,high,Maniobras bruscas: 431 eventos (>50),2025-10-14,,
A-05355-A,enhanced_safety,high,Exceso de velocidad: 121 eventos (>20),2025-10-14,,
A-05502-A,enhanced_safety,high,Maniobras bruscas: 495 eventos (>50),2025-10-14,,
A-05502-A,enhanced_safety,high,Exceso de velocidad: 217 eventos (>20),2025-10-14,,
A-05503-A,enhanced_safety,high,Maniobras bruscas: 465 eventos (>50),2025-10-14,,
A-05504-A,enhanced_safety,high,Maniobras bruscas: 366 eventos (>50),2025-10-14,,
A-05504-A,enhanced_safety,high,Exceso de velocidad: 215 eventos (>20),2025-10-14,,
A-05508-A,enhanced_safety,high,Maniobras bruscas: 727 eventos (>50),2025-10-14,,
A-05508-A,enhanced_safety,high,Exceso de velocidad: 135 eventos (>20),2025-10-14,,
 A-05501-A,enhanced_safety,high,Maniobras bruscas: 505 eventos (>50),2025-10-15,,
A-05355-A,enhanced_safety,high,Maniobras bruscas: 353 eventos (>50),2025-10-15,,
A-05355-A,enhanced_safety,high,Exceso de velocidad: 97 eventos (>20),2025-10-15,,
A-05502-A,enhanced_safety,high,Frenado brusco frecuente: 24 eventos (>5),2025-10-15,,
A-05502-A,enhanced_safety,high,Maniobras bruscas: 931 eventos (>50),2025-10-15,,
A-05502-A,enhanced_safety,high,Exceso de velocidad: 326 eventos (>20),2025-10-15,,
A-05503-A,enhanced_safety,high,Maniobras bruscas: 437 eventos (>50),2025-10-15,,
A-05504-A,enhanced_safety,high,Maniobras bruscas: 175 eventos (>50),2025-10-15,,
A-05504-A,enhanced_safety,high,Exceso de velocidad: 218 eventos (>20),2025-10-15,,
A-05508-A,enhanced_safety,high,Maniobras bruscas: 484 eventos (>50),2025-10-15,,
 A-05501-A,enhanced_safety,high,Frenado brusco frecuente: 25 eventos (>5),2025-10-16,,
 A-05501-A,enhanced_safety,high,Maniobras bruscas: 610 eventos (>50),2025-10-16,,
 A-05501-A,enhanced_safety,high,Exceso de velocidad: 308 eventos (>20),2025-10-16,,
A-05355-A,enhanced_safety,high,Frenado brusco frecuente: 30 eventos (>5),2025-10-16,,
A-05355-A,enhanced_safety,high,Maniobras bruscas: 321 eventos (>50),2025-10-16,,
A-05355-A,enhanced_safety,high,Exceso de velocidad: 151 eventos (>20),2025-10-16,,
A-05502-A,enhanced_safety,high,Frenado brusco frecuente: 28 eventos (>5),2025-10-16,,
A-05502-A,enhanced_safety,high,Maniobras bruscas: 784 eventos (>50),2025-10-16,,
A-05503-A,enhanced_safety,high,Maniobras bruscas: 408 eventos (>50),2025-10-16,,
A-05504-A,enhanced_safety,high,Maniobras bruscas: 327 eventos (>50),2025-10-16,,
A-05508-A,enhanced_safety,high,Maniobras bruscas: 366 eventos (>50),2025-10-16,,
A-05508-A,enhanced_safety,high,Exceso de velocidad: 154 eventos (>20),2025-10-16,,
 A-05501-A,enhanced_safety,high,Maniobras bruscas: 771 eventos (>50),2025-10-17,,
A-05355-A,enhanced_safety,high,Maniobras bruscas: 478 eventos (>50),2025-10-17,,
A-05502-A,enhanced_safety,high,Frenado brusco frecuente: 43 eventos (>5),2025-10-17,,
A-05502-A,enhanced_safety,high,Maniobras bruscas: 1164 eventos (>50),2025-10-17,,
A-05502-A,enhanced_safety,high,Exceso de velocidad: 386 eventos (>20),2025-10-17,,
A-05503-A,enhanced_safety,high,Frenado brusco frecuente: 37 eventos (>5),2025-10-17,,
A-05503-A,enhanced_safety,high,Maniobras bruscas: 852 eventos (>50),2025-10-17,,
A-05504-A,enhanced_safety,high,Maniobras bruscas: 291 eventos (>50),2025-10-17,,
A-05504-A,enhanced_safety,high,Exceso de velocidad: 460 eventos (>20),2025-10-17,,
A-05508-A,enhanced_safety,high,Maniobras bruscas: 392 eventos (>50),2025-10-17,,
A-05508-A,enhanced_safety,high,Exceso de velocidad: 106 eventos (>20),2025-10-17,,
 A-05501-A,enhanced_safety,high,Maniobras bruscas: 373 eventos (>50),2025-10-18,,
 A-05501-A,enhanced_safety,high,Exceso de velocidad: 281 eventos (>20),2025-10-18,,
A-05355-A,enhanced_safety,high,Frenado brusco frecuente: 23 eventos (>5),2025-10-18,,
A-05355-A,enhanced_safety,high,Maniobras bruscas: 372 eventos (>50),2025-10-18,,
A-05355-A,enhanced_safety,high,Exceso de velocidad: 173 eventos (>20),2025-10-18,,
A-05502-A,enhanced_safety,high,Maniobras bruscas: 759 eventos (>50),2025-10-18,,
A-05502-A,enhanced_safety,high,Exceso de velocidad: 242 eventos (>20),2025-10-18,,
A-05503-A,enhanced_safety,high,Maniobras bruscas: 401 eventos (>50),2025-10-18,,
A-05504-A,enhanced_safety,high,Maniobras bruscas: 217 eventos (>50),2025-10-18,,
A-05504-A,enhanced_safety,high,Exceso de velocidad: 308 eventos (>20),2025-10-18,,
A-05508-A,enhanced_safety,high,Maniobras bruscas: 600 eventos (>50),2025-10-18,,
 A-05501-A,enhanced_safety,high,Frenado brusco frecuente: 29 eventos (>5),2025-10-19,,
 A-05501-A,enhanced_safety,high,Maniobras bruscas: 671 eventos (>50),2025-10-19,,
 A-05501-A,enhanced_safety,high,Exceso de velocidad: 251 eventos (>20),2025-10-19,,
A-05355-A,enhanced_safety,high,Maniobras bruscas: 429 eventos (>50),2025-10-19,,
A-05355-A,enhanced_safety,high,Exceso de velocidad: 115 eventos (>20),2025-10-19,,
A-05502-A,enhanced_safety,high,Maniobras bruscas: 906 eventos (>50),2025-10-19,,
A-05502-A,enhanced_safety,high,Exceso de velocidad: 300 eventos (>20),2025-10-19,,
A-05504-A,enhanced_safety,high,Maniobras bruscas: 178 eventos (>50),2025-10-19,,
A-05504-A,enhanced_safety,high,Exceso de velocidad: 175 eventos (>20),2025-10-19,,
A-05508-A,enhanced_safety,high,Maniobras bruscas: 133 eventos (>50),2025-10-19,,
 A-05501-A,enhanced_safety,high,Maniobras bruscas: 606 eventos (>50),2025-10-20,,
 A-05501-A,enhanced_safety,high,Exceso de velocidad: 219 eventos (>20),2025-10-20,,
A-05355-A,enhanced_safety,high,Frenado brusco frecuente: 8 eventos (>5),2025-10-20,,
A-05355-A,enhanced_safety,high,Maniobras bruscas: 346 eventos (>50),2025-10-20,,
A-05355-A,enhanced_safety,high,Exceso de velocidad: 125 eventos (>20),2025-10-20,,
A-05502-A,enhanced_safety,high,Maniobras bruscas: 995 eventos (>50),2025-10-20,,
A-05502-A,enhanced_safety,high,Exceso de velocidad: 329 eventos (>20),2025-10-20,,
A-05503-A,enhanced_safety,high,Maniobras bruscas: 525 eventos (>50),2025-10-20,,
A-05504-A,enhanced_safety,high,Frenado brusco frecuente: 13 eventos (>5),2025-10-20,,
A-05504-A,enhanced_safety,high,Maniobras bruscas: 426 eventos (>50),2025-10-20,,
A-05504-A,enhanced_safety,high,Exceso de velocidad: 184 eventos (>20),2025-10-20,,
A-05508-A,enhanced_safety,high,Maniobras bruscas: 628 eventos (>50),2025-10-20,,
A-05508-A,enhanced_safety,high,Exceso de velocidad: 120 eventos (>20),2025-10-20,,
 A-05501-A,enhanced_safety,high,Maniobras bruscas: 416 eventos (>50),2025-10-21,,
 A-05501-A,enhanced_safety,high,Exceso de velocidad: 205 eventos (>20),2025-10-21,,
A-05355-A,enhanced_safety,high,Frenado brusco frecuente: 33 eventos (>5),2025-10-21,,
A-05355-A,enhanced_safety,high,Maniobras bruscas: 503 eventos (>50),2025-10-21,,
A-05355-A,enhanced_safety,high,Exceso de velocidad: 283 eventos (>20),2025-10-21,,
A-05502-A,enhanced_safety,high,Frenado brusco frecuente: 33 eventos (>5),2025-10-21,,
A-05502-A,enhanced_safety,high,Exceso de velocidad: 263 eventos (>20),2025-10-21,,
A-05503-A,enhanced_safety,high,Maniobras bruscas: 542 eventos (>50),2025-10-21,,
A-05504-A,enhanced_safety,high,Maniobras bruscas: 321 eventos (>50),2025-10-21,,
A-05504-A,enhanced_safety,high,Exceso de velocidad: 197 eventos (>20),2025-10-21,,
 A-05501-A,enhanced_safety,high,Exceso de velocidad: 212 eventos (>20),2025-10-22,,
A-05355-A,enhanced_safety,high,Frenado brusco frecuente: 54 eventos (>5),2025-10-22,,
A-05355-A,enhanced_safety,high,Maniobras bruscas: 964 eventos (>50),2025-10-22,,
A-05355-A,enhanced_safety,high,Exceso de velocidad: 241 eventos (>20),2025-10-22,,
A-05502-A,enhanced_safety,high,Frenado brusco frecuente: 42 eventos (>5),2025-10-22,,
A-05502-A,enhanced_safety,high,Maniobras bruscas: 943 eventos (>50),2025-10-22,,
A-05502-A,enhanced_safety,high,Exceso de velocidad: 373 eventos (>20),2025-10-22,,
A-05503-A,enhanced_safety,high,Frenado brusco frecuente: 10 eventos (>5),2025-10-22,,
A-05503-A,enhanced_safety,high,Maniobras bruscas: 574 eventos (>50),2025-10-22,,
A-05504-A,enhanced_safety,high,Maniobras bruscas: 721 eventos (>50),2025-10-22,,
A-05504-A,enhanced_safety,high,Exceso de velocidad: 203 eventos (>20),2025-10-22,,
A-05508-A,enhanced_safety,high,Maniobras bruscas: 439 eventos (>50),2025-10-22,,
A-05508-A,enhanced_safety,high,Exceso de velocidad: 122 eventos (>20),2025-10-22,,
 A-05501-A,enhanced_safety,high,Frenado brusco frecuente: 18 eventos (>5),2025-10-23,,
 A-05501-A,enhanced_safety,high,Maniobras bruscas: 436 eventos (>50),2025-10-23,,
 A-05501-A,enhanced_safety,high,Exceso de velocidad: 217 eventos (>20),2025-10-23,,
A-05355-A,enhanced_safety,high,Frenado brusco frecuente: 19 eventos (>5),2025-10-23,,
A-05355-A,enhanced_safety,high,Maniobras bruscas: 427 eventos (>50),2025-10-23,,
A-05502-A,enhanced_safety,high,Maniobras bruscas: 1165 eventos (>50),2025-10-23,,
A-05502-A,enhanced_safety,high,Exceso de velocidad: 362 eventos (>20),2025-10-23,,
A-05503-A,enhanced_safety,high,Maniobras bruscas: 567 eventos (>50),2025-10-23,,
A-05504-A,enhanced_safety,high,Maniobras bruscas: 273 eventos (>50),2025-10-23,,
A-05508-A,enhanced_safety,high,Maniobras bruscas: 329 eventos (>50),2025-10-23,,
A-05508-A,enhanced_safety,high,Exceso de velocidad: 151 eventos (>20),2025-10-23,,
 A-05501-A,enhanced_safety,high,Frenado brusco frecuente: 24 eventos (>5),2025-10-24,,
 A-05501-A,enhanced_safety,high,Maniobras bruscas: 519 eventos (>50),2025-10-24,,
 A-05501-A,enhanced_safety,high,Exceso de velocidad: 388 eventos (>20),2025-10-24,,
A-05355-A,enhanced_safety,high,Frenado brusco frecuente: 21 eventos (>5),2025-10-24,,
A-05355-A,enhanced_safety,high,Maniobras bruscas: 480 eventos (>50),2025-10-24,,
A-05355-A,enhanced_safety,high,Exceso de velocidad: 140 eventos (>20),2025-10-24,,
A-05502-A,enhanced_safety,high,Maniobras bruscas: 858 eventos (>50),2025-10-24,,
A-05502-A,enhanced_safety,high,Exceso de velocidad: 301 eventos (>20),2025-10-24,,
A-05503-A,enhanced_safety,high,Maniobras bruscas: 572 eventos (>50),2025-10-24,,
A-05504-A,enhanced_safety,high,Maniobras bruscas: 232 eventos (>50),2025-10-24,,
A-05508-A,enhanced_safety,high,Exceso de velocidad: 170 eventos (>20),2025-10-24,,
 A-05501-A,enhanced_safety,high,Maniobras bruscas: 165 eventos (>50),2025-10-25,,
 A-05501-A,enhanced_safety,high,Exceso de velocidad: 138 eventos (>20),2025-10-25,,
A-05355-A,enhanced_safety,high,Maniobras bruscas: 217 eventos (>50),2025-10-25,,
A-05355-A,enhanced_safety,high,Exceso de velocidad: 66 eventos (>20),2025-10-25,,
A-05503-A,enhanced_safety,high,Maniobras bruscas: 73 eventos (>50),2025-10-25,,
A-05504-A,enhanced_safety,high,Exceso de velocidad: 52 eventos (>20),2025-10-25,,
A-05508-A,enhanced_safety,high,Maniobras bruscas: 112 eventos (>50),2025-10-25,,
A00316A,consumption,medium,Consumo cayó 0% y sólo registra 797 L en 30d,2019-05-08T00:00:00,,
A00070A,consumption,medium,"Consumo cayó 0% y sólo registra 1,042 L en 30d",2019-09-05T00:00:00,,
A01146A,consumption,medium,Consumo cayó 0% y sólo registra 373 L en 30d,2020-03-18T00:00:00,,
A02018A,consumption,medium,Consumo cayó 0% y sólo registra 613 L en 30d,2020-10-13T00:00:00,,
A00786A,consumption,medium,Consumo cayó 0% y sólo registra 955 L en 30d,2021-02-09T00:00:00,,
A01216A,consumption,medium,Consumo cayó 0% y sólo registra 495 L en 30d,2021-03-07T00:00:00,,
A00368A,consumption,medium,Consumo cayó 0% y sólo registra 801 L en 30d,2022-02-02T00:00:00,,
A00214A,idle,medium,Ralenti 0.65 de horas activas,2022-04-15T00:00:00,,
A00796A,consumption,medium,Consumo cayó 0% y sólo registra 349 L en 30d,2022-05-13T00:00:00,,
A00242A,consumption,medium,Consumo cayó 0% y sólo registra 792 L en 30d,2022-05-17T00:00:00,,
A00001A,consumption,medium,Consumo cayó 0% y sólo registra 886 L en 30d,2022-07-07T00:00:00,,
A00150A,consumption,medium,"Consumo cayó 0% y sólo registra 1,004 L en 30d",2022-09-08T00:00:00,,
A01726A,consumption,medium,Consumo cayó 0% y sólo registra 456 L en 30d,2022-10-19T00:00:00,,
A00252A,consumption,medium,Consumo cayó 0% y sólo registra 262 L en 30d,2022-11-01T00:00:00,,
A00798A,consumption,medium,Consumo cayó 0% y sólo registra 617 L en 30d,2022-12-27T00:00:00,,
A00982A,consumption,medium,Consumo cayó 0% y sólo registra 865 L en 30d,2023-06-11T00:00:00,,
A03864A,consumption,medium,Consumo cayó 0% y sólo registra 879 L en 30d,2023-08-16T00:00:00,,
B36AYC,idle,medium,Ralenti 0.66 de horas activas,2024-01-12T00:00:00,,
MST069A,consumption,medium,Consumo cayó 0% y sólo registra 381 L en 30d,2024-01-29T00:00:00,,
A02468A,consumption,medium,Consumo cayó 0% y sólo registra 619 L en 30d,2024-03-05T00:00:00,,
A5993L,consumption,medium,Consumo cayó 0% y sólo registra 247 L en 30d,2024-05-10T00:00:00,,
A04232A,consumption,medium,Consumo cayó 0% y sólo registra 968 L en 30d,2024-05-18T00:00:00,,
A4193A,idle,medium,Ralenti 0.65 de horas activas,2024-06-05T00:00:00,,
A9675D,idle,medium,Ralenti 0.62 de horas activas,2024-06-19T00:00:00,,
Z50BGG,idle,medium,Ralenti 0.64 de horas activas,2024-06-23T00:00:00,,
A04685A,consumption,medium,"Consumo cayó 0% y sólo registra 1,109 L en 30d",2024-07-05T00:00:00,,
A00296A,idle,medium,Ralenti 0.62 de horas activas,2024-07-09T00:00:00,,
F15BEA,consumption,medium,Consumo cayó 0% y sólo registra 269 L en 30d,2024-07-20T00:00:00,,
A1297B,idle,medium,Ralenti 0.64 de horas activas,2024-08-10T00:00:00,,
A064,idle,medium,Ralenti 0.61 de horas activas,2024-09-04T00:00:00,,
A29057E,consumption,medium,Consumo cayó 0% y sólo registra 837 L en 30d,2024-09-05T00:00:00,,
A13857,consumption,medium,Consumo cayó 0% y sólo registra 305 L en 30d,2024-09-07T00:00:00,,
NJT3199,idle,medium,Ralenti 0.61 de horas activas,2024-10-14T00:00:00,,
M90632,consumption,medium,Consumo cayó 0% y sólo registra 918 L en 30d,2024-10-22T00:00:00,,
1712MDF126,idle,medium,Ralenti 0.64 de horas activas,2024-10-26T00:00:00,,
PEF6959,consumption,medium,Consumo cayó 0% y sólo registra 212 L en 30d,2024-11-03T00:00:00,,
NAN301A,consumption,medium,Consumo cayó 0% y sólo registra 494 L en 30d,2024-11-11T00:00:00,,
PDN2241,consumption,medium,Consumo cayó 0% y sólo registra 213 L en 30d,2024-11-12T00:00:00,,
807703J,idle,medium,Ralenti 0.61 de horas activas,2024-11-14T00:00:00,,
A04691A,consumption,medium,"Consumo cayó 0% y sólo registra 1,082 L en 30d",2024-11-15T00:00:00,,
902246,consumption,medium,"Consumo cayó 0% y sólo registra 1,242 L en 30d",2024-11-23T00:00:00,,
LF95269,consumption,medium,Consumo cayó 0% y sólo registra 326 L en 30d,2024-12-23T00:00:00,,
A04684A,idle,medium,Ralenti 0.67 de horas activas,2025-01-10T00:00:00,,
A00115A,consumption,medium,Consumo cayó 0% y sólo registra 686 L en 30d,2025-01-23T00:00:00,,
L57AZT,consumption,medium,Consumo cayó 0% y sólo registra 357 L en 30d,2025-02-23T00:00:00,,
X28ABB,idle,medium,Ralenti 0.64 de horas activas,2025-03-23T00:00:00,,
403TL180,idle,medium,Ralenti 0.61 de horas activas,2025-04-01T00:00:00,,
CR5846,consumption,medium,Consumo cayó 0% y sólo registra 368 L en 30d,2025-04-23T00:00:00,,
MDC441A,idle,medium,Ralenti 0.60 de horas activas,2025-04-28T00:00:00,,
NXW6665,idle,medium,Ralenti 0.64 de horas activas,2025-05-04T00:00:00,,
NFN637A,idle,medium,Ralenti 0.67 de horas activas,2025-05-11T00:00:00,,
MMX820A,idle,medium,Ralenti 0.71 de horas activas,2025-05-16T00:00:00,,
CR5763,consumption,medium,Consumo cayó 0% y sólo registra 260 L en 30d,2025-05-22T00:00:00,,
A05238A,idle,medium,Ralenti 0.67 de horas activas,2025-05-27T00:00:00,,
PCD3001,idle,medium,Ralenti 0.66 de horas activas,2025-05-29T00:00:00,,
A05160A,consumption,medium,"Consumo cayó 0% y sólo registra 1,282 L en 30d",2025-05-31T00:00:00,,
PAZ1744,consumption,medium,Consumo cayó 0% y sólo registra 231 L en 30d,2025-05-31T00:00:00,,
NA000011,consumption,medium,Consumo cayó 0% y sólo registra 412 L en 30d,2025-06-07T00:00:00,,
A7861A,idle,medium,Ralenti 0.73 de horas activas,2025-06-12T00:00:00,,
A04206A,consumption,medium,"Consumo cayó 0% y sólo registra 1,181 L en 30d",2025-06-16T00:00:00,,
A24630E,idle,medium,Ralenti 0.61 de horas activas,2025-06-16T00:00:00,,
A4147E,consumption,medium,Consumo cayó 0% y sólo registra 217 L en 30d,2025-06-17T00:00:00,,
X21BBW,idle,medium,Ralenti 0.68 de horas activas,2025-06-17T00:00:00,,
NA00003,consumption,medium,"Consumo cayó 0% y sólo registra 1,093 L en 30d",2025-06-18T00:00:00,,
CR5901,consumption,medium,"Consumo cayó 0% y sólo registra 3,500 L en 30d",2025-06-30T00:00:00,,
A04610A,idle,medium,Ralenti 0.70 de horas activas,2025-07-06T00:00:00,,
PCK8847,idle,medium,Ralenti 0.64 de horas activas,2025-07-06T00:00:00,,
MJA605A,consumption,medium,Consumo cayó 0% y sólo registra 242 L en 30d,2025-07-07T00:00:00,,
CR5768,consumption,medium,Consumo cayó 0% y sólo registra 219 L en 30d,2025-07-09T00:00:00,,
A01710A,idle,medium,Ralenti 0.66 de horas activas,2025-07-11T00:00:00,,
CR5835,consumption,medium,Consumo cayó 0% y sólo registra 591 L en 30d,2025-07-11T00:00:00,,
LMF749A,idle,medium,Ralenti 0.65 de horas activas,2025-07-19T00:00:00,,
6CS4L60,consumption,medium,"Consumo cayó 0% y sólo registra 1,340 L en 30d",2025-07-21T00:00:00,,
6CS4L60,idle,medium,Ralenti 0.67 de horas activas,2025-07-21T00:00:00,,
583371,consumption,medium,"Consumo cayó 0% y sólo registra 1,548 L en 30d",2025-07-23T00:00:00,,
A6069L,consumption,medium,Consumo cayó 0% y sólo registra 327 L en 30d,2025-07-23T00:00:00,,
S8M9064,consumption,medium,"Consumo cayó 0% y sólo registra 1,163 L en 30d",2025-07-24T00:00:00,,
A05286A,consumption,medium,"Consumo cayó 0% y sólo registra 1,088 L en 30d",2025-07-25T00:00:00,,
LUB299B,consumption,medium,Consumo cayó 0% y sólo registra 207 L en 30d,2025-07-28T00:00:00,,
11G896,consumption,medium,Consumo cayó 0% y sólo registra 220 L en 30d,2025-07-29T00:00:00,,
A77524D,consumption,medium,Consumo cayó 0% y sólo registra 475 L en 30d,2025-07-29T00:00:00,,
LG58491,consumption,medium,Consumo cayó 0% y sólo registra 229 L en 30d,2025-07-29T00:00:00,,
W969409,consumption,medium,"Consumo cayó 0% y sólo registra 1,339 L en 30d",2025-07-29T00:00:00,,
A04214A,consumption,medium,Consumo cayó 0% y sólo registra 704 L en 30d,2025-07-30T00:00:00,,
A0478C,consumption,medium,Consumo cayó 0% y sólo registra 560 L en 30d,2025-07-30T00:00:00,,
A05024A,consumption,medium,Consumo cayó 0% y sólo registra 894 L en 30d,2025-07-30T00:00:00,,
A0528N,consumption,medium,Consumo cayó 0% y sólo registra 263 L en 30d,2025-07-30T00:00:00,,
A7360E,consumption,medium,Consumo cayó 0% y sólo registra 266 L en 30d,2025-07-30T00:00:00,,
CR5674,consumption,medium,"Consumo cayó 0% y sólo registra 1,409 L en 30d",2025-07-30T00:00:00,,
CR5769,consumption,medium,"Consumo cayó 0% y sólo registra 3,580 L en 30d",2025-07-30T00:00:00,,
LMG569A,consumption,medium,Consumo cayó 0% y sólo registra 410 L en 30d,2025-07-30T00:00:00,,
MAW556B,consumption,medium,Consumo cayó 0% y sólo registra 301 L en 30d,2025-07-30T00:00:00,,
MKM030B,consumption,medium,Consumo cayó 0% y sólo registra 253 L en 30d,2025-07-30T00:00:00,,
770529J,consumption,medium,Consumo cayó 0% y sólo registra 854 L en 30d,2025-07-31T00:00:00,,
770973J,consumption,medium,Consumo cayó 0% y sólo registra 746 L en 30d,2025-07-31T00:00:00,,
A01929A,consumption,medium,Consumo cayó 0% y sólo registra 893 L en 30d,2025-07-31T00:00:00,,
A02013A,consumption,medium,Consumo cayó 0% y sólo registra 916 L en 30d,2025-07-31T00:00:00,,
A02465A,consumption,medium,Consumo cayó 0% y sólo registra 709 L en 30d,2025-07-31T00:00:00,,
A02902A,consumption,medium,"Consumo cayó 0% y sólo registra 1,048 L en 30d",2025-07-31T00:00:00,,
A03991A,consumption,medium,Consumo cayó 0% y sólo registra 931 L en 30d,2025-07-31T00:00:00,,
A03993A,consumption,medium,Consumo cayó 0% y sólo registra 980 L en 30d,2025-07-31T00:00:00,,
A04205A,consumption,medium,"Consumo cayó 0% y sólo registra 1,242 L en 30d",2025-07-31T00:00:00,,
A04250A,consumption,medium,Consumo cayó 0% y sólo registra 832 L en 30d,2025-07-31T00:00:00,,
A04351A,consumption,medium,Consumo cayó 0% y sólo registra 264 L en 30d,2025-07-31T00:00:00,,
A04440A,consumption,medium,Consumo cayó 0% y sólo registra 809 L en 30d,2025-07-31T00:00:00,,
A04533A,consumption,medium,Consumo cayó 0% y sólo registra 972 L en 30d,2025-07-31T00:00:00,,
A04566A,consumption,medium,Consumo cayó 0% y sólo registra 862 L en 30d,2025-07-31T00:00:00,,
A04568A,consumption,medium,"Consumo cayó 0% y sólo registra 1,268 L en 30d",2025-07-31T00:00:00,,
A04600A,idle,medium,Ralenti 0.64 de horas activas,2025-07-31T00:00:00,,
A0466L,consumption,medium,Consumo cayó 0% y sólo registra 328 L en 30d,2025-07-31T00:00:00,,
A04675A,consumption,medium,"Consumo cayó 0% y sólo registra 1,445 L en 30d",2025-07-31T00:00:00,,
A04725A,consumption,medium,Consumo cayó 0% y sólo registra 970 L en 30d,2025-07-31T00:00:00,,
A05011A,idle,medium,Ralenti 0.62 de horas activas,2025-07-31T00:00:00,,
A05151A,idle,medium,Ralenti 0.62 de horas activas,2025-07-31T00:00:00,,
A05290A,consumption,medium,"Consumo cayó 0% y sólo registra 1,048 L en 30d",2025-07-31T00:00:00,,
A05292A,consumption,medium,"Consumo cayó 0% y sólo registra 1,167 L en 30d",2025-07-31T00:00:00,,
A05354A,consumption,medium,Consumo cayó 0% y sólo registra 988 L en 30d,2025-07-31T00:00:00,,
A05503A,consumption,medium,Consumo cayó 0% y sólo registra 885 L en 30d,2025-07-31T00:00:00,,
A05506A,consumption,medium,Consumo cayó 0% y sólo registra 779 L en 30d,2025-07-31T00:00:00,,
A05508A,consumption,medium,Consumo cayó 0% y sólo registra 961 L en 30d,2025-07-31T00:00:00,,
A1024C,consumption,medium,Consumo cayó 0% y sólo registra 243 L en 30d,2025-07-31T00:00:00,,
A2961J,consumption,medium,Consumo cayó 0% y sólo registra 278 L en 30d,2025-07-31T00:00:00,,
A728JMF,consumption,medium,Consumo cayó 0% y sólo registra 406 L en 30d,2025-07-31T00:00:00,,
A77364D,consumption,medium,Consumo cayó 0% y sólo registra 705 L en 30d,2025-07-31T00:00:00,,
A77525D,consumption,medium,"Consumo cayó 0% y sólo registra 1,826 L en 30d",2025-07-31T00:00:00,,
A83496D,consumption,medium,Consumo cayó 0% y sólo registra 825 L en 30d,2025-07-31T00:00:00,,
A85439D,consumption,medium,Consumo cayó 0% y sólo registra 921 L en 30d,2025-07-31T00:00:00,,
A85853D,consumption,medium,Consumo cayó 0% y sólo registra 265 L en 30d,2025-07-31T00:00:00,,
A929JMF,consumption,medium,Consumo cayó 0% y sólo registra 444 L en 30d,2025-07-31T00:00:00,,
A9425H,consumption,medium,Consumo cayó 0% y sólo registra 283 L en 30d,2025-07-31T00:00:00,,
A9425H,idle,medium,Ralenti 0.61 de horas activas,2025-07-31T00:00:00,,
A9588H,consumption,medium,Consumo cayó 0% y sólo registra 262 L en 30d,2025-07-31T00:00:00,,
CR5777,consumption,medium,"Consumo cayó 0% y sólo registra 3,993 L en 30d",2025-07-31T00:00:00,,
CR5815,consumption,medium,"Consumo cayó 0% y sólo registra 3,991 L en 30d",2025-07-31T00:00:00,,
CR5847,consumption,medium,"Consumo cayó 0% y sólo registra 5,872 L en 30d",2025-07-31T00:00:00,,
CR5847,idle,medium,Ralenti 0.60 de horas activas,2025-07-31T00:00:00,,
D43AFF,consumption,medium,Consumo cayó 0% y sólo registra 260 L en 30d,2025-07-31T00:00:00,,
MMY372A,consumption,medium,"Consumo cayó 0% y sólo registra 1,023 L en 30d",2025-07-31T00:00:00,,
MSR447A,idle,medium,Ralenti 0.65 de horas activas,2025-07-31T00:00:00,,
MVR221B,consumption,medium,Consumo cayó 0% y sólo registra 391 L en 30d,2025-07-31T00:00:00,,
MZM886B,idle,medium,Ralenti 0.64 de horas activas,2025-07-31T00:00:00,,
NLZ606A,idle,medium,Ralenti 0.61 de horas activas,2025-07-31T00:00:00,,
NNY176A,consumption,medium,Consumo cayó 0% y sólo registra 513 L en 30d,2025-07-31T00:00:00,,
PCZ5897,consumption,medium,Consumo cayó 0% y sólo registra 298 L en 30d,2025-07-31T00:00:00,,
S05BKH,consumption,medium,Consumo cayó 0% y sólo registra 357 L en 30d,2025-07-31T00:00:00,,
Y64ANF,consumption,medium,Consumo cayó 0% y sólo registra 334 L en 30d,2025-07-31T00:00:00,,
Z53BEA,consumption,medium,Consumo cayó 0% y sólo registra 439 L en 30d,2025-07-31T00:00:00,,
A-05355-A,enhanced_operations,medium,Ralentí excesivo: 166 eventos (>30),2025-08-29,,
A-05502-A,enhanced_operations,medium,Ralentí excesivo: 154 eventos (>30),2025-08-29,,
A-05503-A,enhanced_operations,medium,Ralentí excesivo: 214 eventos (>30),2025-08-29,,
A-05504-A,enhanced_operations,medium,Ralentí excesivo: 263 eventos (>30),2025-08-29,,
A-05507-A,enhanced_operations,medium,Ralentí excesivo: 280 eventos (>30),2025-08-29,,
A-05355-A,enhanced_operations,medium,Ralentí excesivo: 318 eventos (>30),2025-08-30,,
A-05502-A,enhanced_operations,medium,Ralentí excesivo: 279 eventos (>30),2025-08-30,,
A-05503-A,enhanced_operations,medium,Ralentí excesivo: 396 eventos (>30),2025-08-30,,
A-05504-A,enhanced_operations,medium,Ralentí excesivo: 348 eventos (>30),2025-08-30,,
A-05507-A,enhanced_operations,medium,Ralentí excesivo: 778 eventos (>30),2025-08-30,,
A-05355-A,enhanced_operations,medium,Ralentí excesivo: 78 eventos (>30),2025-08-31,,
A-05502-A,enhanced_operations,medium,Ralentí excesivo: 415 eventos (>30),2025-08-31,,
A-05503-A,enhanced_operations,medium,Ralentí excesivo: 552 eventos (>30),2025-08-31,,
A-05504-A,enhanced_operations,medium,Ralentí excesivo: 416 eventos (>30),2025-08-31,,
A-05507-A,enhanced_operations,medium,Ralentí excesivo: 525 eventos (>30),2025-08-31,,
A-05355-A,enhanced_operations,medium,Ralentí excesivo: 475 eventos (>30),2025-09-01,,
A-05502-A,enhanced_operations,medium,Ralentí excesivo: 1016 eventos (>30),2025-09-01,,
A-05503-A,enhanced_operations,medium,Ralentí excesivo: 450 eventos (>30),2025-09-01,,
A-05504-A,enhanced_operations,medium,Ralentí excesivo: 349 eventos (>30),2025-09-01,,
A-05507-A,enhanced_operations,medium,Ralentí excesivo: 524 eventos (>30),2025-09-01,,
A-05355-A,enhanced_operations,medium,Ralentí excesivo: 418 eventos (>30),2025-09-02,,
A-05502-A,enhanced_operations,medium,Ralentí excesivo: 682 eventos (>30),2025-09-02,,
A-05503-A,enhanced_operations,medium,Ralentí excesivo: 458 eventos (>30),2025-09-02,,
A-05504-A,enhanced_operations,medium,Ralentí excesivo: 339 eventos (>30),2025-09-02,,
A-05507-A,enhanced_operations,medium,Ralentí excesivo: 425 eventos (>30),2025-09-02,,
A-05355-A,enhanced_operations,medium,Ralentí excesivo: 258 eventos (>30),2025-09-03,,
A-05502-A,enhanced_operations,medium,Ralentí excesivo: 584 eventos (>30),2025-09-03,,
A-05503-A,enhanced_operations,medium,Ralentí excesivo: 352 eventos (>30),2025-09-03,,
A-05504-A,enhanced_operations,medium,Ralentí excesivo: 354 eventos (>30),2025-09-03,,
A-05507-A,enhanced_operations,medium,Ralentí excesivo: 474 eventos (>30),2025-09-03,,
A-05355-A,enhanced_operations,medium,Ralentí excesivo: 222 eventos (>30),2025-09-04,,
A-05502-A,enhanced_operations,medium,Ralentí excesivo: 594 eventos (>30),2025-09-04,,
A-05503-A,enhanced_operations,medium,Ralentí excesivo: 326 eventos (>30),2025-09-04,,
A-05504-A,enhanced_operations,medium,Ralentí excesivo: 383 eventos (>30),2025-09-04,,
A-05507-A,enhanced_operations,medium,Ralentí excesivo: 436 eventos (>30),2025-09-04,,
A-05502-A,enhanced_operations,medium,Ralentí excesivo: 753 eventos (>30),2025-09-05,,
A-05503-A,enhanced_operations,medium,Ralentí excesivo: 1024 eventos (>30),2025-09-05,,
A-05504-A,enhanced_operations,medium,Ralentí excesivo: 479 eventos (>30),2025-09-05,,
A-05507-A,enhanced_operations,medium,Ralentí excesivo: 731 eventos (>30),2025-09-05,,
A-05502-A,enhanced_operations,medium,Ralentí excesivo: 554 eventos (>30),2025-09-06,,
A-05503-A,enhanced_operations,medium,Ralentí excesivo: 348 eventos (>30),2025-09-06,,
A-05504-A,enhanced_operations,medium,Ralentí excesivo: 280 eventos (>30),2025-09-06,,
A-05507-A,enhanced_operations,medium,Ralentí excesivo: 635 eventos (>30),2025-09-06,,
A-05503-A,enhanced_operations,medium,Ralentí excesivo: 299 eventos (>30),2025-09-07,,
A-05504-A,enhanced_operations,medium,Ralentí excesivo: 327 eventos (>30),2025-09-07,,
A-05507-A,enhanced_operations,medium,Ralentí excesivo: 571 eventos (>30),2025-09-07,,
A-05502-A,enhanced_operations,medium,Ralentí excesivo: 851 eventos (>30),2025-09-08,,
A-05503-A,enhanced_operations,medium,Ralentí excesivo: 673 eventos (>30),2025-09-08,,
A-05504-A,enhanced_operations,medium,Ralentí excesivo: 378 eventos (>30),2025-09-08,,
A-05507-A,enhanced_operations,medium,Ralentí excesivo: 550 eventos (>30),2025-09-08,,
A-05502-A,enhanced_operations,medium,Ralentí excesivo: 893 eventos (>30),2025-09-09,,
A-05503-A,enhanced_operations,medium,Ralentí excesivo: 470 eventos (>30),2025-09-09,,
A-05507-A,enhanced_operations,medium,Ralentí excesivo: 402 eventos (>30),2025-09-09,,
A-05502-A,enhanced_operations,medium,Ralentí excesivo: 734 eventos (>30),2025-09-10,,
A-05503-A,enhanced_operations,medium,Ralentí excesivo: 430 eventos (>30),2025-09-10,,
A-05504-A,enhanced_operations,medium,Ralentí excesivo: 338 eventos (>30),2025-09-10,,
A-05507-A,enhanced_operations,medium,Ralentí excesivo: 405 eventos (>30),2025-09-10,,
A-05502-A,enhanced_operations,medium,Ralentí excesivo: 657 eventos (>30),2025-09-11,,
A-05503-A,enhanced_operations,medium,Ralentí excesivo: 780 eventos (>30),2025-09-11,,
A-05504-A,enhanced_operations,medium,Ralentí excesivo: 362 eventos (>30),2025-09-11,,
A-05507-A,enhanced_operations,medium,Ralentí excesivo: 564 eventos (>30),2025-09-11,,
A-05502-A,enhanced_operations,medium,Ralentí excesivo: 779 eventos (>30),2025-09-12,,
A-05503-A,enhanced_operations,medium,Ralentí excesivo: 549 eventos (>30),2025-09-12,,
A-05504-A,enhanced_operations,medium,Ralentí excesivo: 402 eventos (>30),2025-09-12,,
A-05507-A,enhanced_operations,medium,Ralentí excesivo: 650 eventos (>30),2025-09-12,,
A-05508-A,enhanced_operations,medium,Ralentí excesivo: 503 eventos (>30),2025-09-12,,
 A-05501-A,enhanced_operations,medium,Ralentí excesivo: 117 eventos (>30),2025-09-13,,
A-05502-A,enhanced_operations,medium,Ralentí excesivo: 544 eventos (>30),2025-09-13,,
A-05503-A,enhanced_operations,medium,Ralentí excesivo: 270 eventos (>30),2025-09-13,,
A-05504-A,enhanced_operations,medium,Ralentí excesivo: 331 eventos (>30),2025-09-13,,
A-05507-A,enhanced_operations,medium,Ralentí excesivo: 839 eventos (>30),2025-09-13,,
A-05508-A,enhanced_operations,medium,Ralentí excesivo: 777 eventos (>30),2025-09-13,,
 A-05501-A,enhanced_operations,medium,Ralentí excesivo: 298 eventos (>30),2025-09-14,,
A-05502-A,enhanced_operations,medium,Ralentí excesivo: 202 eventos (>30),2025-09-14,,
A-05503-A,enhanced_operations,medium,Ralentí excesivo: 268 eventos (>30),2025-09-14,,
A-05504-A,enhanced_operations,medium,Ralentí excesivo: 336 eventos (>30),2025-09-14,,
A-05507-A,enhanced_operations,medium,Ralentí excesivo: 359 eventos (>30),2025-09-14,,
A-05508-A,enhanced_operations,medium,Ralentí excesivo: 228 eventos (>30),2025-09-14,,
 A-05501-A,enhanced_operations,medium,Ralentí excesivo: 430 eventos (>30),2025-09-15,,
A-05502-A,enhanced_operations,medium,Ralentí excesivo: 726 eventos (>30),2025-09-15,,
A-05503-A,enhanced_operations,medium,Ralentí excesivo: 399 eventos (>30),2025-09-15,,
A-05504-A,enhanced_operations,medium,Ralentí excesivo: 364 eventos (>30),2025-09-15,,
A-05507-A,enhanced_operations,medium,Ralentí excesivo: 594 eventos (>30),2025-09-15,,
A-05508-A,enhanced_operations,medium,Ralentí excesivo: 691 eventos (>30),2025-09-15,,
 A-05501-A,enhanced_operations,medium,Ralentí excesivo: 366 eventos (>30),2025-09-16,,
A-05502-A,enhanced_operations,medium,Ralentí excesivo: 759 eventos (>30),2025-09-16,,
A-05503-A,enhanced_operations,medium,Ralentí excesivo: 231 eventos (>30),2025-09-16,,
A-05504-A,enhanced_operations,medium,Ralentí excesivo: 203 eventos (>30),2025-09-16,,
A-05507-A,enhanced_operations,medium,Ralentí excesivo: 353 eventos (>30),2025-09-16,,
A-05508-A,enhanced_operations,medium,Ralentí excesivo: 326 eventos (>30),2025-09-16,,
 A-05501-A,enhanced_operations,medium,Ralentí excesivo: 388 eventos (>30),2025-09-17,,
A-05502-A,enhanced_operations,medium,Ralentí excesivo: 277 eventos (>30),2025-09-17,,
A-05503-A,enhanced_operations,medium,Ralentí excesivo: 400 eventos (>30),2025-09-17,,
A-05504-A,enhanced_operations,medium,Ralentí excesivo: 258 eventos (>30),2025-09-17,,
A-05507-A,enhanced_operations,medium,Ralentí excesivo: 459 eventos (>30),2025-09-17,,
A-05508-A,enhanced_operations,medium,Ralentí excesivo: 678 eventos (>30),2025-09-17,,
 A-05501-A,enhanced_operations,medium,Ralentí excesivo: 411 eventos (>30),2025-09-18,,
A-05502-A,enhanced_operations,medium,Ralentí excesivo: 763 eventos (>30),2025-09-18,,
A-05503-A,enhanced_operations,medium,Ralentí excesivo: 524 eventos (>30),2025-09-18,,
A-05504-A,enhanced_operations,medium,Ralentí excesivo: 389 eventos (>30),2025-09-18,,
A-05507-A,enhanced_operations,medium,Ralentí excesivo: 488 eventos (>30),2025-09-18,,
A-05508-A,enhanced_operations,medium,Ralentí excesivo: 669 eventos (>30),2025-09-18,,
 A-05501-A,enhanced_operations,medium,Ralentí excesivo: 438 eventos (>30),2025-09-19,,
A-05502-A,enhanced_operations,medium,Ralentí excesivo: 723 eventos (>30),2025-09-19,,
A-05503-A,enhanced_operations,medium,Ralentí excesivo: 451 eventos (>30),2025-09-19,,
A-05504-A,enhanced_operations,medium,Ralentí excesivo: 434 eventos (>30),2025-09-19,,
A-05507-A,enhanced_operations,medium,Ralentí excesivo: 586 eventos (>30),2025-09-19,,
A-05508-A,enhanced_operations,medium,Ralentí excesivo: 738 eventos (>30),2025-09-19,,
 A-05501-A,enhanced_operations,medium,Ralentí excesivo: 465 eventos (>30),2025-09-20,,
A-05502-A,enhanced_operations,medium,Ralentí excesivo: 689 eventos (>30),2025-09-20,,
A-05503-A,enhanced_operations,medium,Ralentí excesivo: 362 eventos (>30),2025-09-20,,
A-05504-A,enhanced_operations,medium,Ralentí excesivo: 448 eventos (>30),2025-09-20,,
A-05507-A,enhanced_operations,medium,Ralentí excesivo: 775 eventos (>30),2025-09-20,,
 A-05501-A,enhanced_operations,medium,Ralentí excesivo: 226 eventos (>30),2025-09-21,,
A-05502-A,enhanced_operations,medium,Ralentí excesivo: 461 eventos (>30),2025-09-21,,
A-05504-A,enhanced_operations,medium,Ralentí excesivo: 197 eventos (>30),2025-09-21,,
A-05507-A,enhanced_operations,medium,Ralentí excesivo: 434 eventos (>30),2025-09-21,,
A-05508-A,enhanced_operations,medium,Ralentí excesivo: 146 eventos (>30),2025-09-21,,
 A-05501-A,enhanced_operations,medium,Ralentí excesivo: 379 eventos (>30),2025-09-22,,
A-05502-A,enhanced_operations,medium,Ralentí excesivo: 725 eventos (>30),2025-09-22,,
A-05503-A,enhanced_operations,medium,Ralentí excesivo: 579 eventos (>30),2025-09-22,,
A-05507-A,enhanced_operations,medium,Ralentí excesivo: 511 eventos (>30),2025-09-22,,
A-05508-A,enhanced_operations,medium,Ralentí excesivo: 550 eventos (>30),2025-09-22,,
 A-05501-A,enhanced_operations,medium,Ralentí excesivo: 371 eventos (>30),2025-09-23,,
A-05502-A,enhanced_operations,medium,Ralentí excesivo: 680 eventos (>30),2025-09-23,,
A-05503-A,enhanced_operations,medium,Ralentí excesivo: 655 eventos (>30),2025-09-23,,
A-05504-A,enhanced_operations,medium,Ralentí excesivo: 372 eventos (>30),2025-09-23,,
A-05507-A,enhanced_operations,medium,Ralentí excesivo: 445 eventos (>30),2025-09-23,,
A-05508-A,enhanced_operations,medium,Ralentí excesivo: 601 eventos (>30),2025-09-23,,
 A-05501-A,enhanced_operations,medium,Ralentí excesivo: 373 eventos (>30),2025-09-24,,
A-05502-A,enhanced_operations,medium,Ralentí excesivo: 740 eventos (>30),2025-09-24,,
A-05503-A,enhanced_operations,medium,Ralentí excesivo: 445 eventos (>30),2025-09-24,,
A-05504-A,enhanced_operations,medium,Ralentí excesivo: 300 eventos (>30),2025-09-24,,
A-05507-A,enhanced_operations,medium,Ralentí excesivo: 469 eventos (>30),2025-09-24,,
A-05508-A,enhanced_operations,medium,Ralentí excesivo: 803 eventos (>30),2025-09-24,,
 A-05501-A,enhanced_operations,medium,Ralentí excesivo: 484 eventos (>30),2025-09-25,,
A-05502-A,enhanced_operations,medium,Ralentí excesivo: 777 eventos (>30),2025-09-25,,
A-05503-A,enhanced_operations,medium,Ralentí excesivo: 327 eventos (>30),2025-09-25,,
A-05507-A,enhanced_operations,medium,Ralentí excesivo: 423 eventos (>30),2025-09-25,,
A-05508-A,enhanced_operations,medium,Ralentí excesivo: 837 eventos (>30),2025-09-25,,
 A-05501-A,enhanced_operations,medium,Ralentí excesivo: 515 eventos (>30),2025-09-26,,
A-05502-A,enhanced_operations,medium,Ralentí excesivo: 703 eventos (>30),2025-09-26,,
A-05503-A,enhanced_operations,medium,Ralentí excesivo: 443 eventos (>30),2025-09-26,,
A-05504-A,enhanced_operations,medium,Ralentí excesivo: 421 eventos (>30),2025-09-26,,
A-05507-A,enhanced_operations,medium,Ralentí excesivo: 636 eventos (>30),2025-09-26,,
A-05508-A,enhanced_operations,medium,Ralentí excesivo: 682 eventos (>30),2025-09-26,,
 A-05501-A,enhanced_operations,medium,Ralentí excesivo: 526 eventos (>30),2025-09-27,,
A-05502-A,enhanced_operations,medium,Ralentí excesivo: 780 eventos (>30),2025-09-27,,
A-05503-A,enhanced_operations,medium,Ralentí excesivo: 446 eventos (>30),2025-09-27,,
A-05504-A,enhanced_operations,medium,Ralentí excesivo: 423 eventos (>30),2025-09-27,,
A-05507-A,enhanced_operations,medium,Ralentí excesivo: 761 eventos (>30),2025-09-27,,
A-05508-A,enhanced_operations,medium,Ralentí excesivo: 588 eventos (>30),2025-09-27,,
 A-05501-A,enhanced_operations,medium,Ralentí excesivo: 495 eventos (>30),2025-09-28,,
A-05502-A,enhanced_operations,medium,Ralentí excesivo: 418 eventos (>30),2025-09-28,,
A-05503-A,enhanced_operations,medium,Ralentí excesivo: 241 eventos (>30),2025-09-28,,
A-05504-A,enhanced_operations,medium,Ralentí excesivo: 222 eventos (>30),2025-09-28,,
A-05508-A,enhanced_operations,medium,Ralentí excesivo: 202 eventos (>30),2025-09-28,,
 A-05501-A,enhanced_operations,medium,Ralentí excesivo: 412 eventos (>30),2025-09-29,,
A-05502-A,enhanced_operations,medium,Ralentí excesivo: 826 eventos (>30),2025-09-29,,
A-05503-A,enhanced_operations,medium,Ralentí excesivo: 444 eventos (>30),2025-09-29,,
A-05504-A,enhanced_operations,medium,Ralentí excesivo: 357 eventos (>30),2025-09-29,,
A-05507-A,enhanced_operations,medium,Ralentí excesivo: 547 eventos (>30),2025-09-29,,
A-05508-A,enhanced_operations,medium,Ralentí excesivo: 633 eventos (>30),2025-09-29,,
 A-05501-A,enhanced_operations,medium,Ralentí excesivo: 350 eventos (>30),2025-09-30,,
A-05504-A,enhanced_operations,medium,Ralentí excesivo: 367 eventos (>30),2025-09-30,,
A-05507-A,enhanced_operations,medium,Ralentí excesivo: 397 eventos (>30),2025-09-30,,
A-05508-A,enhanced_operations,medium,Ralentí excesivo: 754 eventos (>30),2025-09-30,,
 A-05501-A,enhanced_operations,medium,Ralentí excesivo: 525 eventos (>30),2025-10-01,,
A-05355-A,enhanced_operations,medium,Ralentí excesivo: 48 eventos (>30),2025-10-01,,
A-05502-A,enhanced_operations,medium,Ralentí excesivo: 690 eventos (>30),2025-10-01,,
A-05503-A,enhanced_operations,medium,Ralentí excesivo: 500 eventos (>30),2025-10-01,,
A-05507-A,enhanced_operations,medium,Ralentí excesivo: 392 eventos (>30),2025-10-01,,
A-05508-A,enhanced_operations,medium,Ralentí excesivo: 700 eventos (>30),2025-10-01,,
 A-05501-A,enhanced_operations,medium,Ralentí excesivo: 467 eventos (>30),2025-10-02,,
A-05355-A,enhanced_operations,medium,Ralentí excesivo: 122 eventos (>30),2025-10-02,,
A-05502-A,enhanced_operations,medium,Ralentí excesivo: 785 eventos (>30),2025-10-02,,
A-05503-A,enhanced_operations,medium,Ralentí excesivo: 425 eventos (>30),2025-10-02,,
A-05504-A,enhanced_operations,medium,Ralentí excesivo: 322 eventos (>30),2025-10-02,,
A-05507-A,enhanced_operations,medium,Ralentí excesivo: 717 eventos (>30),2025-10-02,,
A-05508-A,enhanced_operations,medium,Ralentí excesivo: 656 eventos (>30),2025-10-02,,
 A-05501-A,enhanced_operations,medium,Ralentí excesivo: 469 eventos (>30),2025-10-03,,
A-05504-A,enhanced_operations,medium,Ralentí excesivo: 428 eventos (>30),2025-10-03,,
A-05507-A,enhanced_operations,medium,Ralentí excesivo: 850 eventos (>30),2025-10-03,,
A-05508-A,enhanced_operations,medium,Ralentí excesivo: 628 eventos (>30),2025-10-03,,
 A-05501-A,enhanced_operations,medium,Ralentí excesivo: 393 eventos (>30),2025-10-04,,
A-05355-A,enhanced_operations,medium,Ralentí excesivo: 43 eventos (>30),2025-10-04,,
A-05502-A,enhanced_operations,medium,Ralentí excesivo: 497 eventos (>30),2025-10-04,,
A-05503-A,enhanced_operations,medium,Ralentí excesivo: 339 eventos (>30),2025-10-04,,
A-05507-A,enhanced_operations,medium,Ralentí excesivo: 467 eventos (>30),2025-10-04,,
A-05508-A,enhanced_operations,medium,Ralentí excesivo: 428 eventos (>30),2025-10-04,,
 A-05501-A,enhanced_operations,medium,Ralentí excesivo: 328 eventos (>30),2025-10-05,,
A-05355-A,enhanced_operations,medium,Ralentí excesivo: 45 eventos (>30),2025-10-05,,
A-05502-A,enhanced_operations,medium,Ralentí excesivo: 76 eventos (>30),2025-10-05,,
A-05503-A,enhanced_operations,medium,Ralentí excesivo: 261 eventos (>30),2025-10-05,,
A-05504-A,enhanced_operations,medium,Ralentí excesivo: 399 eventos (>30),2025-10-05,,
A-05507-A,enhanced_operations,medium,Ralentí excesivo: 667 eventos (>30),2025-10-05,,
A-05508-A,enhanced_operations,medium,Ralentí excesivo: 172 eventos (>30),2025-10-05,,
A-05355-A,enhanced_operations,medium,Ralentí excesivo: 117 eventos (>30),2025-10-06,,
A-05503-A,enhanced_operations,medium,Ralentí excesivo: 405 eventos (>30),2025-10-06,,
A-05507-A,enhanced_operations,medium,Ralentí excesivo: 503 eventos (>30),2025-10-06,,
A-05508-A,enhanced_operations,medium,Ralentí excesivo: 514 eventos (>30),2025-10-06,,
 A-05501-A,enhanced_operations,medium,Ralentí excesivo: 453 eventos (>30),2025-10-07,,
A-05355-A,enhanced_operations,medium,Ralentí excesivo: 327 eventos (>30),2025-10-07,,
A-05502-A,enhanced_operations,medium,Ralentí excesivo: 861 eventos (>30),2025-10-07,,
A-05504-A,enhanced_operations,medium,Ralentí excesivo: 355 eventos (>30),2025-10-07,,
A-05507-A,enhanced_operations,medium,Ralentí excesivo: 422 eventos (>30),2025-10-07,,
A-05508-A,enhanced_operations,medium,Ralentí excesivo: 720 eventos (>30),2025-10-07,,
 A-05501-A,enhanced_operations,medium,Ralentí excesivo: 399 eventos (>30),2025-10-08,,
A-05355-A,enhanced_operations,medium,Ralentí excesivo: 277 eventos (>30),2025-10-08,,
A-05502-A,enhanced_operations,medium,Ralentí excesivo: 806 eventos (>30),2025-10-08,,
A-05503-A,enhanced_operations,medium,Ralentí excesivo: 424 eventos (>30),2025-10-08,,
A-05504-A,enhanced_operations,medium,Ralentí excesivo: 407 eventos (>30),2025-10-08,,
A-05508-A,enhanced_operations,medium,Ralentí excesivo: 608 eventos (>30),2025-10-08,,
 A-05501-A,enhanced_operations,medium,Ralentí excesivo: 419 eventos (>30),2025-10-09,,
A-05355-A,enhanced_operations,medium,Ralentí excesivo: 300 eventos (>30),2025-10-09,,
A-05502-A,enhanced_operations,medium,Ralentí excesivo: 708 eventos (>30),2025-10-09,,
A-05504-A,enhanced_operations,medium,Ralentí excesivo: 333 eventos (>30),2025-10-09,,
A-05508-A,enhanced_operations,medium,Ralentí excesivo: 543 eventos (>30),2025-10-09,,
 A-05501-A,enhanced_operations,medium,Ralentí excesivo: 534 eventos (>30),2025-10-10,,
A-05355-A,enhanced_operations,medium,Ralentí excesivo: 299 eventos (>30),2025-10-10,,
A-05502-A,enhanced_operations,medium,Ralentí excesivo: 709 eventos (>30),2025-10-10,,
A-05504-A,enhanced_operations,medium,Ralentí excesivo: 440 eventos (>30),2025-10-10,,
A-05508-A,enhanced_operations,medium,Ralentí excesivo: 634 eventos (>30),2025-10-10,,
 A-05501-A,enhanced_operations,medium,Ralentí excesivo: 491 eventos (>30),2025-10-11,,
A-05355-A,enhanced_operations,medium,Ralentí excesivo: 347 eventos (>30),2025-10-11,,
A-05502-A,enhanced_operations,medium,Ralentí excesivo: 465 eventos (>30),2025-10-11,,
A-05503-A,enhanced_operations,medium,Ralentí excesivo: 193 eventos (>30),2025-10-11,,
A-05504-A,enhanced_operations,medium,Ralentí excesivo: 436 eventos (>30),2025-10-11,,
A-05508-A,enhanced_operations,medium,Ralentí excesivo: 572 eventos (>30),2025-10-11,,
 A-05501-A,enhanced_operations,medium,Ralentí excesivo: 394 eventos (>30),2025-10-12,,
A-05355-A,enhanced_operations,medium,Ralentí excesivo: 481 eventos (>30),2025-10-12,,
A-05502-A,enhanced_operations,medium,Ralentí excesivo: 770 eventos (>30),2025-10-12,,
A-05503-A,enhanced_operations,medium,Ralentí excesivo: 216 eventos (>30),2025-10-12,,
A-05504-A,enhanced_operations,medium,Ralentí excesivo: 347 eventos (>30),2025-10-12,,
 A-05501-A,enhanced_operations,medium,Ralentí excesivo: 487 eventos (>30),2025-10-13,,
A-05502-A,enhanced_operations,medium,Ralentí excesivo: 837 eventos (>30),2025-10-13,,
A-05503-A,enhanced_operations,medium,Ralentí excesivo: 512 eventos (>30),2025-10-13,,
A-05504-A,enhanced_operations,medium,Ralentí excesivo: 363 eventos (>30),2025-10-13,,
A-05508-A,enhanced_operations,medium,Ralentí excesivo: 659 eventos (>30),2025-10-13,,
 A-05501-A,enhanced_operations,medium,Ralentí excesivo: 374 eventos (>30),2025-10-14,,
A-05355-A,enhanced_operations,medium,Ralentí excesivo: 284 eventos (>30),2025-10-14,,
A-05502-A,enhanced_operations,medium,Ralentí excesivo: 314 eventos (>30),2025-10-14,,
A-05503-A,enhanced_operations,medium,Ralentí excesivo: 436 eventos (>30),2025-10-14,,
A-05508-A,enhanced_operations,medium,Ralentí excesivo: 935 eventos (>30),2025-10-14,,
 A-05501-A,enhanced_operations,medium,Ralentí excesivo: 451 eventos (>30),2025-10-15,,
A-05355-A,enhanced_operations,medium,Ralentí excesivo: 170 eventos (>30),2025-10-15,,
A-05502-A,enhanced_operations,medium,Ralentí excesivo: 751 eventos (>30),2025-10-15,,
A-05503-A,enhanced_operations,medium,Ralentí excesivo: 462 eventos (>30),2025-10-15,,
A-05508-A,enhanced_operations,medium,Ralentí excesivo: 595 eventos (>30),2025-10-15,,
 A-05501-A,enhanced_operations,medium,Ralentí excesivo: 365 eventos (>30),2025-10-16,,
A-05355-A,enhanced_operations,medium,Ralentí excesivo: 298 eventos (>30),2025-10-16,,
A-05502-A,enhanced_operations,medium,Ralentí excesivo: 811 eventos (>30),2025-10-16,,
A-05503-A,enhanced_operations,medium,Ralentí excesivo: 409 eventos (>30),2025-10-16,,
A-05504-A,enhanced_operations,medium,Ralentí excesivo: 400 eventos (>30),2025-10-16,,
A-05508-A,enhanced_operations,medium,Ralentí excesivo: 723 eventos (>30),2025-10-16,,
 A-05501-A,enhanced_operations,medium,Ralentí excesivo: 529 eventos (>30),2025-10-17,,
A-05355-A,enhanced_operations,medium,Ralentí excesivo: 378 eventos (>30),2025-10-17,,
A-05502-A,enhanced_operations,medium,Ralentí excesivo: 721 eventos (>30),2025-10-17,,
A-05503-A,enhanced_operations,medium,Ralentí excesivo: 534 eventos (>30),2025-10-17,,
A-05504-A,enhanced_operations,medium,Ralentí excesivo: 510 eventos (>30),2025-10-17,,
A-05508-A,enhanced_operations,medium,Ralentí excesivo: 649 eventos (>30),2025-10-17,,
 A-05501-A,enhanced_operations,medium,Ralentí excesivo: 381 eventos (>30),2025-10-18,,
A-05355-A,enhanced_operations,medium,Ralentí excesivo: 282 eventos (>30),2025-10-18,,
A-05502-A,enhanced_operations,medium,Ralentí excesivo: 717 eventos (>30),2025-10-18,,
A-05503-A,enhanced_operations,medium,Ralentí excesivo: 381 eventos (>30),2025-10-18,,
A-05504-A,enhanced_operations,medium,Ralentí excesivo: 374 eventos (>30),2025-10-18,,
A-05508-A,enhanced_operations,medium,Ralentí excesivo: 584 eventos (>30),2025-10-18,,
 A-05501-A,enhanced_operations,medium,Ralentí excesivo: 360 eventos (>30),2025-10-19,,
A-05355-A,enhanced_operations,medium,Ralentí excesivo: 259 eventos (>30),2025-10-19,,
A-05502-A,enhanced_operations,medium,Ralentí excesivo: 678 eventos (>30),2025-10-19,,
A-05504-A,enhanced_operations,medium,Ralentí excesivo: 289 eventos (>30),2025-10-19,,
A-05508-A,enhanced_operations,medium,Ralentí excesivo: 101 eventos (>30),2025-10-19,,
 A-05501-A,enhanced_operations,medium,Ralentí excesivo: 398 eventos (>30),2025-10-20,,
A-05355-A,enhanced_operations,medium,Ralentí excesivo: 296 eventos (>30),2025-10-20,,
A-05502-A,enhanced_operations,medium,Ralentí excesivo: 824 eventos (>30),2025-10-20,,
A-05503-A,enhanced_operations,medium,Ralentí excesivo: 440 eventos (>30),2025-10-20,,
A-05504-A,enhanced_operations,medium,Ralentí excesivo: 369 eventos (>30),2025-10-20,,
A-05508-A,enhanced_operations,medium,Ralentí excesivo: 598 eventos (>30),2025-10-20,,
 A-05501-A,enhanced_operations,medium,Ralentí excesivo: 352 eventos (>30),2025-10-21,,
A-05355-A,enhanced_operations,medium,Ralentí excesivo: 468 eventos (>30),2025-10-21,,
A-05502-A,enhanced_operations,medium,Ralentí excesivo: 641 eventos (>30),2025-10-21,,
A-05504-A,enhanced_operations,medium,Ralentí excesivo: 395 eventos (>30),2025-10-21,,
A-05508-A,enhanced_operations,medium,Ralentí excesivo: 635 eventos (>30),2025-10-21,,
 A-05501-A,enhanced_operations,medium,Ralentí excesivo: 421 eventos (>30),2025-10-22,,
A-05355-A,enhanced_operations,medium,Ralentí excesivo: 449 eventos (>30),2025-10-22,,
A-05502-A,enhanced_operations,medium,Ralentí excesivo: 685 eventos (>30),2025-10-22,,
A-05503-A,enhanced_operations,medium,Ralentí excesivo: 491 eventos (>30),2025-10-22,,
A-05508-A,enhanced_operations,medium,Ralentí excesivo: 642 eventos (>30),2025-10-22,,
 A-05501-A,enhanced_operations,medium,Ralentí excesivo: 369 eventos (>30),2025-10-23,,
A-05502-A,enhanced_operations,medium,Ralentí excesivo: 831 eventos (>30),2025-10-23,,
A-05503-A,enhanced_operations,medium,Ralentí excesivo: 437 eventos (>30),2025-10-23,,
A-05504-A,enhanced_operations,medium,Ralentí excesivo: 375 eventos (>30),2025-10-23,,
A-05508-A,enhanced_operations,medium,Ralentí excesivo: 562 eventos (>30),2025-10-23,,
A-05355-A,enhanced_operations,medium,Ralentí excesivo: 351 eventos (>30),2025-10-24,,
A-05502-A,enhanced_operations,medium,Ralentí excesivo: 719 eventos (>30),2025-10-24,,
A-05503-A,enhanced_operations,medium,Ralentí excesivo: 410 eventos (>30),2025-10-24,,
A-05508-A,enhanced_operations,medium,Ralentí excesivo: 802 eventos (>30),2025-10-24,,
 A-05501-A,enhanced_operations,medium,Ralentí excesivo: 123 eventos (>30),2025-10-25,,
A-05503-A,enhanced_operations,medium,Ralentí excesivo: 112 eventos (>30),2025-10-25,,
A-05504-A,enhanced_operations,medium,Ralentí excesivo: 155 eventos (>30),2025-10-25,,
A-05508-A,enhanced_operations,medium,Ralentí excesivo: 135 eventos (>30),2025-10-25,,
A-05503-A,dtc,medium,Diagnóstico OEM sin catalogar (id asmsNmIh…) | Estado: Pending,2025-12-18T18:32:54+00:00,,asmsNmIhBEkug4_fPPcxGjw
A-05504-A,dtc,medium,"Estado: Active | Vehicle performance and drivability may be impacted, potentially due to the Crankshaft Sensor. Contact the service facility at the earliest convenience.",2025-12-19T13:40:48+00:00,,au2UreTWmIEG23HTxjiifcA
A-05502-A,dtc,info,Código DEVICE-FW-RESTART | El dispositivo GO se reinició por actualización de firmware | Estado: Pending,2025-12-05T22:55:32+00:00,DEVICE-FW-RESTART,DiagnosticDeviceRestartedBecauseOfFirmwareUpdateId
A-05508-A,dtc,info,Código DEVICE-FW-RESTART | El dispositivo GO se reinició por actualización de firmware | Estado: Pending,2025-12-06T03:02:04+00:00,DEVICE-FW-RESTART,DiagnosticDeviceRestartedBecauseOfFirmwareUpdateId
A-05503-A,dtc,info,Código DEVICE-FW-RESTART | El dispositivo GO se reinició por actualización de firmware | Estado: Pending,2025-12-06T07:18:01+00:00,DEVICE-FW-RESTART,DiagnosticDeviceRestartedBecauseOfFirmwareUpdateId
