placa,alert_type,severity,details,triggered_at,code,diagnostic_id
A00212A,downtime,high,154.7 h sin movimiento en 30d | Cobertura 14d: 0.69,2019-02-05T00:00:00,,
A00095A,downtime,high,175.7 h sin movimiento en 30d | Cobertura 14d: 0.55,2019-05-16T00:00:00,,
A00096A,downtime,high,132.6 h sin movimiento en 30d | Cobertura 14d: 0.60,2019-06-21T00:00:00,,
A00070A,downtime,high,212.6 h sin movimiento en 30d | Cobertura 14d: 0.60,2019-09-05T00:00:00,,
A01703A,downtime,high,204.4 h sin movimiento en 30d | Cobertura 14d: 0.44,2019-10-11T00:00:00,,
A00772A,downtime,high,139.5 h sin movimiento en 30d | Cobertura 14d: 0.70,2019-10-17T00:00:00,,
A01278A,downtime,high,198.0 h sin movimiento en 30d | Cobertura 14d: 0.47,2020-01-18T00:00:00,,
A145AA,downtime,high,271.2 h sin movimiento en 30d | Cobertura 14d: 0.33,2020-02-11T00:00:00,,
A00136A,downtime,high,279.0 h sin movimiento en 30d | Cobertura 14d: 0.40,2020-02-17T00:00:00,,
A01156A,downtime,high,221.9 h sin movimiento en 30d | Cobertura 14d: 0.39,2020-03-05T00:00:00,,
A01146A,downtime,high,234.8 h sin movimiento en 30d | Cobertura 14d: 0.34,2020-03-18T00:00:00,,
A01146A,downtime,high,278.9 h sin movimiento en 30d | Cobertura 14d: 0.24,2020-03-18T00:00:00,,
A00897A,downtime,high,245.7 h sin movimiento en 30d | Cobertura 14d: 0.43,2020-04-02T00:00:00,,
A00897A,downtime,high,183.9 h sin movimiento en 30d | Cobertura 14d: 0.52,2020-04-02T00:00:00,,
A01901A,downtime,high,164.8 h sin movimiento en 30d | Cobertura 14d: 0.52,2020-04-13T00:00:00,,
A00038A,downtime,high,140.0 h sin movimiento en 30d | Cobertura 14d: 0.68,2020-05-11T00:00:00,,
A00334A,downtime,high,135.0 h sin movimiento en 30d | Cobertura 14d: 0.59,2020-06-08T00:00:00,,
A00148A,downtime,high,123.1 h sin movimiento en 30d | Cobertura 14d: 0.55,2020-06-23T00:00:00,,
A00800A,downtime,high,214.9 h sin movimiento en 30d | Cobertura 14d: 0.52,2020-09-17T00:00:00,,
A00091A,downtime,high,247.7 h sin movimiento en 30d | Cobertura 14d: 0.38,2020-10-13T00:00:00,,
A02321A,downtime,high,209.1 h sin movimiento en 30d | Cobertura 14d: 0.52,2020-10-21T00:00:00,,
A02321A,downtime,high,414.8 h sin movimiento en 30d | Cobertura 14d: 0.32,2020-10-21T00:00:00,,
A01129A,downtime,high,209.7 h sin movimiento en 30d | Cobertura 14d: 0.40,2021-01-24T00:00:00,,
A00786A,downtime,high,175.9 h sin movimiento en 30d | Cobertura 14d: 0.51,2021-02-09T00:00:00,,
A01249A,downtime,high,253.0 h sin movimiento en 30d | Cobertura 14d: 0.43,2021-02-11T00:00:00,,
A00215A,downtime,high,166.1 h sin movimiento en 30d | Cobertura 14d: 0.52,2021-02-20T00:00:00,,
A01216A,downtime,high,232.8 h sin movimiento en 30d | Cobertura 14d: 0.34,2021-03-07T00:00:00,,
A01216A,downtime,high,326.0 h sin movimiento en 30d | Cobertura 14d: 0.27,2021-03-07T00:00:00,,
A00770A,downtime,high,142.6 h sin movimiento en 30d | Cobertura 14d: 0.53,2021-03-23T00:00:00,,
A00770A,downtime,high,362.5 h sin movimiento en 30d | Cobertura 14d: 0.37,2021-03-23T00:00:00,,
A00865A,downtime,high,159.2 h sin movimiento en 30d | Cobertura 14d: 0.54,2021-04-23T00:00:00,,
A01133A,downtime,high,233.8 h sin movimiento en 30d | Cobertura 14d: 0.33,2021-05-11T00:00:00,,
A00039A,downtime,high,189.8 h sin movimiento en 30d | Cobertura 14d: 0.51,2021-06-13T00:00:00,,
A00300A,downtime,high,176.5 h sin movimiento en 30d | Cobertura 14d: 0.47,2021-07-30T00:00:00,,
A00383A,downtime,high,167.3 h sin movimiento en 30d | Cobertura 14d: 0.44,2021-08-03T00:00:00,,
A00383A,downtime,high,295.6 h sin movimiento en 30d | Cobertura 14d: 0.27,2021-08-03T00:00:00,,
A00383A,downtime,high,259.9 h sin movimiento en 30d | Cobertura 14d: 0.30,2021-08-03T00:00:00,,
A02015A,downtime,high,186.7 h sin movimiento en 30d | Cobertura 14d: 0.54,2021-08-18T00:00:00,,
A00016A,downtime,high,239.0 h sin movimiento en 30d | Cobertura 14d: 0.26,2021-08-30T00:00:00,,
A00217A,downtime,high,137.6 h sin movimiento en 30d | Cobertura 14d: 0.54,2021-09-13T00:00:00,,
A00232A,downtime,high,242.0 h sin movimiento en 30d | Cobertura 14d: 0.51,2021-09-13T00:00:00,,
A02035A,downtime,high,160.0 h sin movimiento en 30d | Cobertura 14d: 0.69,2021-10-15T00:00:00,,
A02226A,downtime,high,182.6 h sin movimiento en 30d | Cobertura 14d: 0.46,2021-10-22T00:00:00,,
A01121A,downtime,high,249.2 h sin movimiento en 30d | Cobertura 14d: 0.34,2021-11-08T00:00:00,,
A02062A,downtime,high,147.3 h sin movimiento en 30d | Cobertura 14d: 0.60,2021-11-10T00:00:00,,
A02062A,downtime,high,349.2 h sin movimiento en 30d | Cobertura 14d: 0.40,2021-11-10T00:00:00,,
A00147A,downtime,high,163.6 h sin movimiento en 30d | Cobertura 14d: 0.48,2021-11-30T00:00:00,,
A00368A,downtime,high,215.2 h sin movimiento en 30d | Cobertura 14d: 0.41,2022-02-02T00:00:00,,
A01738A,downtime,high,186.2 h sin movimiento en 30d | Cobertura 14d: 0.53,2022-02-26T00:00:00,,
A00329A,downtime,high,229.3 h sin movimiento en 30d | Cobertura 14d: 0.34,2022-03-01T00:00:00,,
A00214A,downtime,high,159.0 h sin movimiento en 30d | Cobertura 14d: 0.49,2022-04-15T00:00:00,,
A01722A,downtime,high,252.2 h sin movimiento en 30d | Cobertura 14d: 0.60,2022-05-10T00:00:00,,
A00796A,downtime,high,147.9 h sin movimiento en 30d | Cobertura 14d: 0.55,2022-05-13T00:00:00,,
A00242A,downtime,high,218.8 h sin movimiento en 30d | Cobertura 14d: 0.38,2022-05-17T00:00:00,,
A00317A,downtime,high,205.1 h sin movimiento en 30d | Cobertura 14d: 0.43,2022-05-30T00:00:00,,
A00317A,downtime,high,367.4 h sin movimiento en 30d | Cobertura 14d: 0.14,2022-05-30T00:00:00,,
A00317A,downtime,high,255.1 h sin movimiento en 30d | Cobertura 14d: 0.32,2022-05-30T00:00:00,,
A00196A,downtime,high,237.7 h sin movimiento en 30d | Cobertura 14d: 0.22,2022-06-11T00:00:00,,
A00196A,downtime,high,317.7 h sin movimiento en 30d | Cobertura 14d: 0.09,2022-06-11T00:00:00,,
A00001A,downtime,high,198.8 h sin movimiento en 30d | Cobertura 14d: 0.41,2022-07-07T00:00:00,,
A00789A,downtime,high,130.9 h sin movimiento en 30d | Cobertura 14d: 0.51,2022-08-08T00:00:00,,
A00079A,downtime,high,162.7 h sin movimiento en 30d | Cobertura 14d: 0.50,2022-08-12T00:00:00,,
A00253A,downtime,high,205.7 h sin movimiento en 30d | Cobertura 14d: 0.41,2022-08-18T00:00:00,,
A01164A,downtime,high,258.4 h sin movimiento en 30d | Cobertura 14d: 0.28,2022-08-22T00:00:00,,
A00150A,downtime,high,169.9 h sin movimiento en 30d | Cobertura 14d: 0.51,2022-09-08T00:00:00,,
A00150A,downtime,high,229.3 h sin movimiento en 30d | Cobertura 14d: 0.42,2022-09-08T00:00:00,,
A02209A,downtime,high,180.4 h sin movimiento en 30d | Cobertura 14d: 0.43,2022-09-19T00:00:00,,
A01726A,downtime,high,177.1 h sin movimiento en 30d | Cobertura 14d: 0.39,2022-10-19T00:00:00,,
A00252A,downtime,high,198.9 h sin movimiento en 30d | Cobertura 14d: 0.48,2022-11-01T00:00:00,,
A00002A,downtime,high,189.6 h sin movimiento en 30d | Cobertura 14d: 0.42,2022-12-27T00:00:00,,
A00002A,downtime,high,323.6 h sin movimiento en 30d | Cobertura 14d: 0.18,2022-12-27T00:00:00,,
A00798A,downtime,high,171.8 h sin movimiento en 30d | Cobertura 14d: 0.51,2022-12-27T00:00:00,,
A954AA,downtime,high,208.4 h sin movimiento en 30d | Cobertura 14d: 0.45,2022-12-31T00:00:00,,
A954AA,downtime,high,423.3 h sin movimiento en 30d | Cobertura 14d: 0.17,2022-12-31T00:00:00,,
A00983A,downtime,high,233.6 h sin movimiento en 30d | Cobertura 14d: 0.30,2023-01-10T00:00:00,,
A00983A,downtime,high,396.0 h sin movimiento en 30d | Cobertura 14d: 0.06,2023-01-10T00:00:00,,
A00983A,downtime,high,352.4 h sin movimiento en 30d | Cobertura 14d: 0.25,2023-01-10T00:00:00,,
A00276A,downtime,high,196.7 h sin movimiento en 30d | Cobertura 14d: 0.45,2023-01-13T00:00:00,,
A00276A,downtime,high,352.1 h sin movimiento en 30d | Cobertura 14d: 0.23,2023-01-13T00:00:00,,
A01159A,downtime,high,174.7 h sin movimiento en 30d | Cobertura 14d: 0.56,2023-01-31T00:00:00,,
A01155A,downtime,high,195.2 h sin movimiento en 30d | Cobertura 14d: 0.47,2023-02-03T00:00:00,,
A00790A,downtime,high,153.2 h sin movimiento en 30d | Cobertura 14d: 0.56,2023-03-07T00:00:00,,
A00790A,downtime,high,297.1 h sin movimiento en 30d | Cobertura 14d: 0.31,2023-03-07T00:00:00,,
A01332A,downtime,high,155.9 h sin movimiento en 30d | Cobertura 14d: 0.61,2023-03-22T00:00:00,,
A01867A,downtime,high,249.2 h sin movimiento en 30d | Cobertura 14d: 0.31,2023-03-30T00:00:00,,
A01867A,downtime,high,359.6 h sin movimiento en 30d | Cobertura 14d: 0.24,2023-03-30T00:00:00,,
A02255A,downtime,high,177.2 h sin movimiento en 30d | Cobertura 14d: 0.55,2023-04-01T00:00:00,,
A02255A,downtime,high,251.2 h sin movimiento en 30d | Cobertura 14d: 0.48,2023-04-01T00:00:00,,
A00895A,downtime,high,154.1 h sin movimiento en 30d | Cobertura 14d: 0.58,2023-04-05T00:00:00,,
A01973A,downtime,high,175.3 h sin movimiento en 30d | Cobertura 14d: 0.51,2023-04-06T00:00:00,,
A01973A,downtime,high,307.9 h sin movimiento en 30d | Cobertura 14d: 0.25,2023-04-06T00:00:00,,
A02218A,downtime,high,191.3 h sin movimiento en 30d | Cobertura 14d: 0.43,2023-04-19T00:00:00,,
A00241A,downtime,high,198.0 h sin movimiento en 30d | Cobertura 14d: 0.51,2023-05-16T00:00:00,,
A02262A,downtime,high,237.4 h sin movimiento en 30d | Cobertura 14d: 0.25,2023-05-28T00:00:00,,
A00982A,downtime,high,209.5 h sin movimiento en 30d | Cobertura 14d: 0.42,2023-06-11T00:00:00,,
A00042A,downtime,high,187.6 h sin movimiento en 30d | Cobertura 14d: 0.43,2023-06-22T00:00:00,,
A02231A,downtime,high,155.1 h sin movimiento en 30d | Cobertura 14d: 0.56,2023-07-01T00:00:00,,
A00977A,downtime,high,125.2 h sin movimiento en 30d | Cobertura 14d: 0.71,2023-07-04T00:00:00,,
A00977A,downtime,high,315.4 h sin movimiento en 30d | Cobertura 14d: 0.54,2023-07-04T00:00:00,,
A01937A,downtime,high,159.0 h sin movimiento en 30d | Cobertura 14d: 0.53,2023-08-02T00:00:00,,
A02233A,downtime,high,126.7 h sin movimiento en 30d | Cobertura 14d: 0.62,2023-08-15T00:00:00,,
A02233A,downtime,high,243.5 h sin movimiento en 30d | Cobertura 14d: 0.50,2023-08-15T00:00:00,,
A03864A,downtime,high,207.8 h sin movimiento en 30d | Cobertura 14d: 0.45,2023-08-16T00:00:00,,
A03864A,downtime,high,427.0 h sin movimiento en 30d | Cobertura 14d: 0.17,2023-08-16T00:00:00,,
A00947A,downtime,high,182.2 h sin movimiento en 30d | Cobertura 14d: 0.56,2023-09-25T00:00:00,,
A02336A,downtime,high,176.7 h sin movimiento en 30d | Cobertura 14d: 0.46,2023-09-25T00:00:00,,
A02336A,downtime,high,329.1 h sin movimiento en 30d | Cobertura 14d: 0.22,2023-09-25T00:00:00,,
PBG2889,downtime,high,120.2 h sin movimiento en 30d | Cobertura 14d: 0.17,2023-10-08T00:00:00,,
PBG2889,downtime,high,284.1 h sin movimiento en 30d | Cobertura 14d: 0.00,2023-10-08T00:00:00,,
A02446A,downtime,high,191.7 h sin movimiento en 30d | Cobertura 14d: 0.33,2023-10-11T00:00:00,,
NGH1704,downtime,high,161.0 h sin movimiento en 30d | Cobertura 14d: 0.17,2023-10-11T00:00:00,,
NTU4623,downtime,high,227.1 h sin movimiento en 30d | Cobertura 14d: 0.20,2023-10-13T00:00:00,,
NTU4623,downtime,high,383.7 h sin movimiento en 30d | Cobertura 14d: 0.00,2023-10-13T00:00:00,,
1712MDF162,downtime,high,145.7 h sin movimiento en 30d | Cobertura 14d: 0.03,2023-10-18T00:00:00,,
PCG7490,downtime,high,185.1 h sin movimiento en 30d | Cobertura 14d: 0.00,2023-10-18T00:00:00,,
A00027A,downtime,high,176.1 h sin movimiento en 30d | Cobertura 14d: 0.57,2023-11-02T00:00:00,,
PEP9965,downtime,high,242.7 h sin movimiento en 30d | Cobertura 14d: 0.33,2023-11-02T00:00:00,,
PEP9965,downtime,high,423.5 h sin movimiento en 30d | Cobertura 14d: 0.16,2023-11-02T00:00:00,,
PDR8767,downtime,high,180.4 h sin movimiento en 30d | Cobertura 14d: 0.00,2023-11-06T00:00:00,,
1711MDF017,downtime,high,285.5 h sin movimiento en 30d | Cobertura 14d: 0.25,2023-11-21T00:00:00,,
A00275A,downtime,high,150.1 h sin movimiento en 30d | Cobertura 14d: 0.55,2023-11-21T00:00:00,,
A25097E,downtime,high,163.5 h sin movimiento en 30d | Cobertura 14d: 0.00,2023-11-23T00:00:00,,
A0363B,downtime,high,235.4 h sin movimiento en 30d | Cobertura 14d: 0.00,2023-12-01T00:00:00,,
ECO065,downtime,high,215.4 h sin movimiento en 30d | Cobertura 14d: 0.06,2023-12-02T00:00:00,,
A3187E,downtime,high,174.8 h sin movimiento en 30d | Cobertura 14d: 0.26,2023-12-10T00:00:00,,
A3187E,downtime,high,251.8 h sin movimiento en 30d | Cobertura 14d: 0.13,2023-12-10T00:00:00,,
ECO049,downtime,high,120.8 h sin movimiento en 30d | Cobertura 14d: 0.40,2023-12-10T00:00:00,,
122432K,downtime,high,178.8 h sin movimiento en 30d | Cobertura 14d: 0.53,2023-12-13T00:00:00,,
NLD8153,downtime,high,215.2 h sin movimiento en 30d | Cobertura 14d: 0.20,2023-12-16T00:00:00,,
PBP4733,downtime,high,143.5 h sin movimiento en 30d | Cobertura 14d: 0.00,2023-12-19T00:00:00,,
A4488G,downtime,high,202.9 h sin movimiento en 30d | Cobertura 14d: 0.00,2023-12-23T00:00:00,,
A2044N,downtime,high,257.7 h sin movimiento en 30d | Cobertura 14d: 0.22,2023-12-24T00:00:00,,
A1693J,downtime,high,182.9 h sin movimiento en 30d | Cobertura 14d: 0.00,2023-12-30T00:00:00,,
A01914A,downtime,high,190.4 h sin movimiento en 30d | Cobertura 14d: 0.40,2023-12-31T00:00:00,,
A01914A,downtime,high,269.0 h sin movimiento en 30d | Cobertura 14d: 0.34,2023-12-31T00:00:00,,
2617JGE,downtime,high,141.5 h sin movimiento en 30d | Cobertura 14d: 0.00,2024-01-06T00:00:00,,
A6354C,downtime,high,194.4 h sin movimiento en 30d | Cobertura 14d: 0.00,2024-01-13T00:00:00,,
HEC477G,downtime,high,228.0 h sin movimiento en 30d | Cobertura 14d: 0.30,2024-01-19T00:00:00,,
NXG9080,downtime,high,291.5 h sin movimiento en 30d | Cobertura 14d: 0.22,2024-01-21T00:00:00,,
A5301H,downtime,high,231.7 h sin movimiento en 30d | Cobertura 14d: 0.00,2024-01-22T00:00:00,,
G42ASF,downtime,high,185.8 h sin movimiento en 30d | Cobertura 14d: 0.00,2024-01-22T00:00:00,,
MST069A,downtime,high,261.1 h sin movimiento en 30d | Cobertura 14d: 0.29,2024-01-29T00:00:00,,
MST069A,downtime,high,335.7 h sin movimiento en 30d | Cobertura 14d: 0.17,2024-01-29T00:00:00,,
A7212G,downtime,high,232.2 h sin movimiento en 30d | Cobertura 14d: 0.26,2024-02-07T00:00:00,,
A7653C,downtime,high,174.2 h sin movimiento en 30d | Cobertura 14d: 0.00,2024-02-08T00:00:00,,
K72ADJ,downtime,high,179.5 h sin movimiento en 30d | Cobertura 14d: 0.00,2024-02-09T00:00:00,,
A1669G,downtime,high,196.8 h sin movimiento en 30d | Cobertura 14d: 0.00,2024-02-11T00:00:00,,
A2901C,downtime,high,221.5 h sin movimiento en 30d | Cobertura 14d: 0.00,2024-02-12T00:00:00,,
A4913C,downtime,high,180.1 h sin movimiento en 30d | Cobertura 14d: 0.00,2024-02-20T00:00:00,,
A8731E,downtime,high,152.1 h sin movimiento en 30d | Cobertura 14d: 0.19,2024-02-23T00:00:00,,
A8731E,downtime,high,337.6 h sin movimiento en 30d | Cobertura 14d: 0.00,2024-02-23T00:00:00,,
A9793C,downtime,high,206.7 h sin movimiento en 30d | Cobertura 14d: 0.00,2024-02-23T00:00:00,,
1612MDF009,downtime,high,123.3 h sin movimiento en 30d | Cobertura 14d: 0.13,2024-02-27T00:00:00,,
1612MDF009,downtime,high,215.6 h sin movimiento en 30d | Cobertura 14d: 0.05,2024-02-27T00:00:00,,
A0465C,downtime,high,142.3 h sin movimiento en 30d | Cobertura 14d: 0.18,2024-03-01T00:00:00,,
F42BCG,downtime,high,266.2 h sin movimiento en 30d | Cobertura 14d: 0.25,2024-03-02T00:00:00,,
845NA083C,downtime,high,166.1 h sin movimiento en 30d | Cobertura 14d: 0.00,2024-03-03T00:00:00,,
A02325A,downtime,high,148.5 h sin movimiento en 30d | Cobertura 14d: 0.61,2024-03-04T00:00:00,,
A02325A,downtime,high,340.0 h sin movimiento en 30d | Cobertura 14d: 0.35,2024-03-04T00:00:00,,
A02457A,downtime,high,288.4 h sin movimiento en 30d | Cobertura 14d: 0.48,2024-03-05T00:00:00,,
A02468A,downtime,high,134.2 h sin movimiento en 30d | Cobertura 14d: 0.62,2024-03-05T00:00:00,,
A02468A,downtime,high,201.5 h sin movimiento en 30d | Cobertura 14d: 0.48,2024-03-05T00:00:00,,
A0682K,downtime,high,263.0 h sin movimiento en 30d | Cobertura 14d: 0.24,2024-03-06T00:00:00,,
A0682K,downtime,high,470.7 h sin movimiento en 30d | Cobertura 14d: 0.08,2024-03-06T00:00:00,,
LXL030A,downtime,high,266.6 h sin movimiento en 30d | Cobertura 14d: 0.26,2024-03-06T00:00:00,,
LXL030A,downtime,high,480.0 h sin movimiento en 30d | Cobertura 14d: 0.00,2024-03-06T00:00:00,,
NRA8543,downtime,high,130.7 h sin movimiento en 30d | Cobertura 14d: 0.00,2024-03-07T00:00:00,,
NPM6657,downtime,high,124.9 h sin movimiento en 30d | Cobertura 14d: 0.23,2024-03-09T00:00:00,,
NNX1745,downtime,high,272.2 h sin movimiento en 30d | Cobertura 14d: 0.22,2024-03-12T00:00:00,,
NSV2306,downtime,high,245.4 h sin movimiento en 30d | Cobertura 14d: 0.22,2024-03-13T00:00:00,,
PCR7008,downtime,high,201.9 h sin movimiento en 30d | Cobertura 14d: 0.18,2024-03-21T00:00:00,,
A23685E,downtime,high,120.5 h sin movimiento en 30d | Cobertura 14d: 0.67,2024-03-24T00:00:00,,
A00200A,downtime,high,145.9 h sin movimiento en 30d | Cobertura 14d: 0.60,2024-03-27T00:00:00,,
A6107K,downtime,high,251.3 h sin movimiento en 30d | Cobertura 14d: 0.00,2024-04-01T00:00:00,,
UPZ963G,downtime,high,275.8 h sin movimiento en 30d | Cobertura 14d: 0.23,2024-04-04T00:00:00,,
NNF5462,downtime,high,254.9 h sin movimiento en 30d | Cobertura 14d: 0.30,2024-04-05T00:00:00,,
A04210A,downtime,high,138.0 h sin movimiento en 30d | Cobertura 14d: 0.62,2024-04-07T00:00:00,,
NKP6417,downtime,high,129.3 h sin movimiento en 30d | Cobertura 14d: 0.19,2024-04-11T00:00:00,,
122409K,downtime,high,267.9 h sin movimiento en 30d | Cobertura 14d: 0.58,2024-04-12T00:00:00,,
A01960A,downtime,high,147.4 h sin movimiento en 30d | Cobertura 14d: 0.58,2024-04-12T00:00:00,,
LRV397A,downtime,high,276.8 h sin movimiento en 30d | Cobertura 14d: 0.21,2024-04-12T00:00:00,,
MMW997A,downtime,high,177.3 h sin movimiento en 30d | Cobertura 14d: 0.00,2024-04-16T00:00:00,,
A00172A,downtime,high,141.1 h sin movimiento en 30d | Cobertura 14d: 0.56,2024-04-17T00:00:00,,
A00172A,downtime,high,197.1 h sin movimiento en 30d | Cobertura 14d: 0.42,2024-04-17T00:00:00,,
A5070M,downtime,high,130.7 h sin movimiento en 30d | Cobertura 14d: 0.18,2024-04-19T00:00:00,,
NCC4186,downtime,high,302.8 h sin movimiento en 30d | Cobertura 14d: 0.13,2024-04-19T00:00:00,,
A036JLC,downtime,high,192.5 h sin movimiento en 30d | Cobertura 14d: 0.00,2024-04-21T00:00:00,,
PDD8511,downtime,high,234.1 h sin movimiento en 30d | Cobertura 14d: 0.28,2024-04-21T00:00:00,,
PEB7197,downtime,high,275.7 h sin movimiento en 30d | Cobertura 14d: 0.00,2024-04-24T00:00:00,,
A00201A,downtime,high,236.2 h sin movimiento en 30d | Cobertura 14d: 0.32,2024-04-25T00:00:00,,
A00201A,downtime,high,423.5 h sin movimiento en 30d | Cobertura 14d: 0.14,2024-04-25T00:00:00,,
LLG870A,downtime,high,174.4 h sin movimiento en 30d | Cobertura 14d: 0.16,2024-04-25T00:00:00,,
NUW7185,downtime,high,149.3 h sin movimiento en 30d | Cobertura 14d: 0.00,2024-04-26T00:00:00,,
A8077A,downtime,high,183.5 h sin movimiento en 30d | Cobertura 14d: 0.00,2024-04-27T00:00:00,,
LUE056A,downtime,high,195.2 h sin movimiento en 30d | Cobertura 14d: 0.24,2024-05-06T00:00:00,,
A5993L,downtime,high,286.7 h sin movimiento en 30d | Cobertura 14d: 0.18,2024-05-10T00:00:00,,
NFW3006,downtime,high,284.8 h sin movimiento en 30d | Cobertura 14d: 0.21,2024-05-16T00:00:00,,
A04232A,downtime,high,188.7 h sin movimiento en 30d | Cobertura 14d: 0.50,2024-05-18T00:00:00,,
A5253L,downtime,high,144.6 h sin movimiento en 30d | Cobertura 14d: 0.15,2024-05-18T00:00:00,,
500ZDU,downtime,high,217.0 h sin movimiento en 30d | Cobertura 14d: 0.00,2024-05-20T00:00:00,,
A0604A,downtime,high,143.1 h sin movimiento en 30d | Cobertura 14d: 0.16,2024-05-21T00:00:00,,
A5425L,downtime,high,211.8 h sin movimiento en 30d | Cobertura 14d: 0.21,2024-05-25T00:00:00,,
A5425L,downtime,high,351.3 h sin movimiento en 30d | Cobertura 14d: 0.04,2024-05-25T00:00:00,,
A6058C,downtime,high,301.6 h sin movimiento en 30d | Cobertura 14d: 0.21,2024-05-28T00:00:00,,
A4821E,downtime,high,250.9 h sin movimiento en 30d | Cobertura 14d: 0.00,2024-05-30T00:00:00,,
A01931A,downtime,high,159.1 h sin movimiento en 30d | Cobertura 14d: 0.61,2024-06-02T00:00:00,,
A4193A,downtime,high,185.4 h sin movimiento en 30d | Cobertura 14d: 0.23,2024-06-05T00:00:00,,
PAJ5018,downtime,high,164.6 h sin movimiento en 30d | Cobertura 14d: 0.24,2024-06-05T00:00:00,,
PAJ5018,downtime,high,348.9 h sin movimiento en 30d | Cobertura 14d: 0.00,2024-06-05T00:00:00,,
MXU8000,downtime,high,230.3 h sin movimiento en 30d | Cobertura 14d: 0.19,2024-06-09T00:00:00,,
A27513E,downtime,high,130.5 h sin movimiento en 30d | Cobertura 14d: 0.69,2024-06-17T00:00:00,,
MVY284A,downtime,high,252.9 h sin movimiento en 30d | Cobertura 14d: 0.29,2024-06-25T00:00:00,,
120370K,downtime,high,143.0 h sin movimiento en 30d | Cobertura 14d: 0.65,2024-06-29T00:00:00,,
403TL167,downtime,high,213.1 h sin movimiento en 30d | Cobertura 14d: 0.00,2024-07-01T00:00:00,,
NWE4850,downtime,high,285.2 h sin movimiento en 30d | Cobertura 14d: 0.21,2024-07-04T00:00:00,,
A04685A,downtime,high,168.5 h sin movimiento en 30d | Cobertura 14d: 0.58,2024-07-05T00:00:00,,
A04685A,downtime,high,235.4 h sin movimiento en 30d | Cobertura 14d: 0.45,2024-07-05T00:00:00,,
PEC8365,downtime,high,151.6 h sin movimiento en 30d | Cobertura 14d: 0.00,2024-07-07T00:00:00,,
A00296A,downtime,high,161.6 h sin movimiento en 30d | Cobertura 14d: 0.53,2024-07-09T00:00:00,,
A3496J,downtime,high,220.2 h sin movimiento en 30d | Cobertura 14d: 0.34,2024-07-10T00:00:00,,
405TL020,downtime,high,189.2 h sin movimiento en 30d | Cobertura 14d: 0.02,2024-07-11T00:00:00,,
A00022A,downtime,high,214.1 h sin movimiento en 30d | Cobertura 14d: 0.42,2024-07-11T00:00:00,,
ECO508,downtime,high,203.5 h sin movimiento en 30d | Cobertura 14d: 0.00,2024-07-16T00:00:00,,
ECO508,downtime,high,128.3 h sin movimiento en 30d | Cobertura 14d: 0.00,2024-07-16T00:00:00,,
NKH9513,downtime,high,239.4 h sin movimiento en 30d | Cobertura 14d: 0.19,2024-07-16T00:00:00,,
A01259A,downtime,high,250.2 h sin movimiento en 30d | Cobertura 14d: 0.30,2024-07-18T00:00:00,,
NJA3266,downtime,high,291.0 h sin movimiento en 30d | Cobertura 14d: 0.21,2024-07-19T00:00:00,,
A6506B,downtime,high,186.0 h sin movimiento en 30d | Cobertura 14d: 0.04,2024-07-20T00:00:00,,
F15BEA,downtime,high,164.0 h sin movimiento en 30d | Cobertura 14d: 0.34,2024-07-20T00:00:00,,
F15BEA,downtime,high,329.3 h sin movimiento en 30d | Cobertura 14d: 0.12,2024-07-20T00:00:00,,
ECO035,downtime,high,129.9 h sin movimiento en 30d | Cobertura 14d: 0.58,2024-07-24T00:00:00,,
N66BJB,downtime,high,268.0 h sin movimiento en 30d | Cobertura 14d: 0.22,2024-07-24T00:00:00,,
J68BGU,downtime,high,268.3 h sin movimiento en 30d | Cobertura 14d: 0.00,2024-07-29T00:00:00,,
91171,downtime,high,173.7 h sin movimiento en 30d | Cobertura 14d: 0.46,2024-08-06T00:00:00,,
A9293J,downtime,high,160.3 h sin movimiento en 30d | Cobertura 14d: 0.00,2024-08-09T00:00:00,,
Z14ARR,downtime,high,294.1 h sin movimiento en 30d | Cobertura 14d: 0.00,2024-08-10T00:00:00,,
GYM770,downtime,high,186.8 h sin movimiento en 30d | Cobertura 14d: 1.00,2024-08-17T00:00:00,,
NJK7453,downtime,high,215.0 h sin movimiento en 30d | Cobertura 14d: 0.28,2024-08-17T00:00:00,,
A2025H,downtime,high,160.4 h sin movimiento en 30d | Cobertura 14d: 0.00,2024-08-18T00:00:00,,
U75AXN,downtime,high,272.5 h sin movimiento en 30d | Cobertura 14d: 0.26,2024-08-19T00:00:00,,
A931JMD,downtime,high,302.5 h sin movimiento en 30d | Cobertura 14d: 0.13,2024-08-20T00:00:00,,
A00158A,downtime,high,147.2 h sin movimiento en 30d | Cobertura 14d: 0.57,2024-08-27T00:00:00,,
1705MDF058,downtime,high,310.6 h sin movimiento en 30d | Cobertura 14d: 0.13,2024-09-03T00:00:00,,
417,downtime,high,148.5 h sin movimiento en 30d | Cobertura 14d: 0.00,2024-09-04T00:00:00,,
A064,downtime,high,210.9 h sin movimiento en 30d | Cobertura 14d: 0.00,2024-09-04T00:00:00,,
A29057E,downtime,high,155.3 h sin movimiento en 30d | Cobertura 14d: 0.57,2024-09-05T00:00:00,,
A13857,downtime,high,280.8 h sin movimiento en 30d | Cobertura 14d: 0.22,2024-09-07T00:00:00,,
MYZ280A,downtime,high,228.0 h sin movimiento en 30d | Cobertura 14d: 0.00,2024-09-10T00:00:00,,
370,downtime,high,170.5 h sin movimiento en 30d | Cobertura 14d: 0.00,2024-09-11T00:00:00,,
NXY5000,downtime,high,169.8 h sin movimiento en 30d | Cobertura 14d: 0.00,2024-09-12T00:00:00,,
A0772M,downtime,high,224.1 h sin movimiento en 30d | Cobertura 14d: 0.00,2024-09-14T00:00:00,,
A5651M,downtime,high,266.6 h sin movimiento en 30d | Cobertura 14d: 0.22,2024-09-14T00:00:00,,
A5651M,downtime,high,476.0 h sin movimiento en 30d | Cobertura 14d: 0.00,2024-09-14T00:00:00,,
NZJ9353,downtime,high,305.4 h sin movimiento en 30d | Cobertura 14d: 0.00,2024-09-15T00:00:00,,
NKK4840,downtime,high,150.6 h sin movimiento en 30d | Cobertura 14d: 0.22,2024-09-17T00:00:00,,
NKK4840,downtime,high,275.5 h sin movimiento en 30d | Cobertura 14d: 0.04,2024-09-17T00:00:00,,
C89BFD,downtime,high,279.7 h sin movimiento en 30d | Cobertura 14d: 0.23,2024-09-23T00:00:00,,
A4114B,downtime,high,175.6 h sin movimiento en 30d | Cobertura 14d: 0.00,2024-09-25T00:00:00,,
400TL078,downtime,high,232.2 h sin movimiento en 30d | Cobertura 14d: 0.66,2024-09-28T00:00:00,,
NZE6296,downtime,high,270.9 h sin movimiento en 30d | Cobertura 14d: 0.23,2024-09-30T00:00:00,,
NZG4949,downtime,high,131.0 h sin movimiento en 30d | Cobertura 14d: 0.17,2024-10-02T00:00:00,,
A1343H,downtime,high,277.7 h sin movimiento en 30d | Cobertura 14d: 0.24,2024-10-03T00:00:00,,
LKH469A,downtime,high,262.6 h sin movimiento en 30d | Cobertura 14d: 0.24,2024-10-03T00:00:00,,
LKH469A,downtime,high,377.5 h sin movimiento en 30d | Cobertura 14d: 0.14,2024-10-03T00:00:00,,
PCT9966,downtime,high,170.6 h sin movimiento en 30d | Cobertura 14d: 0.00,2024-10-03T00:00:00,,
1710MDF045,downtime,high,121.6 h sin movimiento en 30d | Cobertura 14d: 0.62,2024-10-05T00:00:00,,
A1725K,downtime,high,173.9 h sin movimiento en 30d | Cobertura 14d: 0.00,2024-10-10T00:00:00,,
B27ALF,downtime,high,180.4 h sin movimiento en 30d | Cobertura 14d: 0.00,2024-10-14T00:00:00,,
NZD4088,downtime,high,291.2 h sin movimiento en 30d | Cobertura 14d: 0.26,2024-10-14T00:00:00,,
MNR321A,downtime,high,280.2 h sin movimiento en 30d | Cobertura 14d: 0.25,2024-10-16T00:00:00,,
MNR321A,downtime,high,460.3 h sin movimiento en 30d | Cobertura 14d: 0.06,2024-10-16T00:00:00,,
R53AZA,downtime,high,160.8 h sin movimiento en 30d | Cobertura 14d: 0.28,2024-10-17T00:00:00,,
R53AZA,downtime,high,353.3 h sin movimiento en 30d | Cobertura 14d: 0.08,2024-10-17T00:00:00,,
NUH9419,downtime,high,234.2 h sin movimiento en 30d | Cobertura 14d: 0.29,2024-10-19T00:00:00,,
NUH9419,downtime,high,453.3 h sin movimiento en 30d | Cobertura 14d: 0.07,2024-10-19T00:00:00,,
A00889A,downtime,high,226.4 h sin movimiento en 30d | Cobertura 14d: 0.49,2024-10-20T00:00:00,,
W79AKU,downtime,high,278.0 h sin movimiento en 30d | Cobertura 14d: 0.28,2024-10-21T00:00:00,,
W79AKU,downtime,high,449.8 h sin movimiento en 30d | Cobertura 14d: 0.05,2024-10-21T00:00:00,,
A9054A,downtime,high,301.1 h sin movimiento en 30d | Cobertura 14d: 0.20,2024-10-22T00:00:00,,
A9054A,downtime,high,496.3 h sin movimiento en 30d | Cobertura 14d: 0.00,2024-10-22T00:00:00,,
M90632,downtime,high,258.4 h sin movimiento en 30d | Cobertura 14d: 0.65,2024-10-22T00:00:00,,
NPR7970,downtime,high,238.0 h sin movimiento en 30d | Cobertura 14d: 0.27,2024-10-24T00:00:00,,
NPR7970,downtime,high,422.9 h sin movimiento en 30d | Cobertura 14d: 0.09,2024-10-24T00:00:00,,
A24333E,downtime,high,313.6 h sin movimiento en 30d | Cobertura 14d: 0.40,2024-10-25T00:00:00,,
PAX7437,downtime,high,286.1 h sin movimiento en 30d | Cobertura 14d: 0.29,2024-10-25T00:00:00,,
A24472E,downtime,high,140.4 h sin movimiento en 30d | Cobertura 14d: 0.67,2024-10-26T00:00:00,,
PBZ4742,downtime,high,213.5 h sin movimiento en 30d | Cobertura 14d: 0.00,2024-10-26T00:00:00,,
LYX364A,downtime,high,266.7 h sin movimiento en 30d | Cobertura 14d: 0.26,2024-10-27T00:00:00,,
NHT5940,downtime,high,185.0 h sin movimiento en 30d | Cobertura 14d: 0.00,2024-10-27T00:00:00,,
A2591J,downtime,high,278.8 h sin movimiento en 30d | Cobertura 14d: 0.22,2024-10-29T00:00:00,,
1050,downtime,high,232.6 h sin movimiento en 30d | Cobertura 14d: 0.00,2024-11-01T00:00:00,,
PDV9084,downtime,high,230.3 h sin movimiento en 30d | Cobertura 14d: 0.09,2024-11-02T00:00:00,,
330C,downtime,high,150.9 h sin movimiento en 30d | Cobertura 14d: 0.75,2024-11-03T00:00:00,,
330C,downtime,high,346.3 h sin movimiento en 30d | Cobertura 14d: 0.50,2024-11-03T00:00:00,,
PEF6959,downtime,high,148.2 h sin movimiento en 30d | Cobertura 14d: 0.23,2024-11-03T00:00:00,,
PEF6959,downtime,high,252.8 h sin movimiento en 30d | Cobertura 14d: 0.13,2024-11-03T00:00:00,,
NSG8670,downtime,high,124.4 h sin movimiento en 30d | Cobertura 14d: 0.00,2024-11-04T00:00:00,,
MAF974B,downtime,high,275.6 h sin movimiento en 30d | Cobertura 14d: 0.00,2024-11-08T00:00:00,,
B07991,downtime,high,178.6 h sin movimiento en 30d | Cobertura 14d: 0.00,2024-11-09T00:00:00,,
NAN301A,downtime,high,238.5 h sin movimiento en 30d | Cobertura 14d: 0.31,2024-11-11T00:00:00,,
PDN2241,downtime,high,154.1 h sin movimiento en 30d | Cobertura 14d: 0.28,2024-11-12T00:00:00,,
NZN7779,downtime,high,144.7 h sin movimiento en 30d | Cobertura 14d: 0.14,2024-11-13T00:00:00,,
807703J,downtime,high,149.6 h sin movimiento en 30d | Cobertura 14d: 0.73,2024-11-14T00:00:00,,
807703J,downtime,high,331.1 h sin movimiento en 30d | Cobertura 14d: 0.50,2024-11-14T00:00:00,,
A04691A,downtime,high,122.9 h sin movimiento en 30d | Cobertura 14d: 0.66,2024-11-15T00:00:00,,
A0537H,downtime,high,282.2 h sin movimiento en 30d | Cobertura 14d: 0.22,2024-11-18T00:00:00,,
A83155D,downtime,high,246.0 h sin movimiento en 30d | Cobertura 14d: 0.28,2024-11-18T00:00:00,,
ECO517,downtime,high,218.8 h sin movimiento en 30d | Cobertura 14d: 0.36,2024-11-20T00:00:00,,
P802435,downtime,high,170.5 h sin movimiento en 30d | Cobertura 14d: 0.51,2024-11-20T00:00:00,,
A5685J,downtime,high,242.3 h sin movimiento en 30d | Cobertura 14d: 0.02,2024-11-22T00:00:00,,
A5685J,downtime,high,175.0 h sin movimiento en 30d | Cobertura 14d: 0.06,2024-11-22T00:00:00,,
902246,downtime,high,258.4 h sin movimiento en 30d | Cobertura 14d: 0.75,2024-11-23T00:00:00,,
LVJ213A,downtime,high,261.3 h sin movimiento en 30d | Cobertura 14d: 0.22,2024-11-24T00:00:00,,
A9514J,downtime,high,147.1 h sin movimiento en 30d | Cobertura 14d: 0.24,2024-11-25T00:00:00,,
A23726E,downtime,high,170.7 h sin movimiento en 30d | Cobertura 14d: 0.62,2024-11-26T00:00:00,,
A23726E,downtime,high,279.5 h sin movimiento en 30d | Cobertura 14d: 0.55,2024-11-26T00:00:00,,
NSF7001,downtime,high,270.0 h sin movimiento en 30d | Cobertura 14d: 0.30,2024-11-26T00:00:00,,
NTC2304,downtime,high,170.2 h sin movimiento en 30d | Cobertura 14d: 0.00,2024-11-30T00:00:00,,
B16790,downtime,high,272.2 h sin movimiento en 30d | Cobertura 14d: 0.16,2024-12-06T00:00:00,,
A04522A,downtime,high,147.2 h sin movimiento en 30d | Cobertura 14d: 0.59,2024-12-09T00:00:00,,
747276J,downtime,high,199.4 h sin movimiento en 30d | Cobertura 14d: 0.00,2024-12-10T00:00:00,,
P802569,downtime,high,312.3 h sin movimiento en 30d | Cobertura 14d: 0.51,2024-12-11T00:00:00,,
PDP9740,downtime,high,243.0 h sin movimiento en 30d | Cobertura 14d: 0.00,2024-12-13T00:00:00,,
T47BEC,downtime,high,176.0 h sin movimiento en 30d | Cobertura 14d: 0.00,2024-12-17T00:00:00,,
121440K,downtime,high,209.5 h sin movimiento en 30d | Cobertura 14d: 0.59,2024-12-20T00:00:00,,
A6323E,downtime,high,127.0 h sin movimiento en 30d | Cobertura 14d: 0.22,2024-12-20T00:00:00,,
RBZ248C,downtime,high,187.4 h sin movimiento en 30d | Cobertura 14d: 0.00,2024-12-21T00:00:00,,
A0855A,downtime,high,269.6 h sin movimiento en 30d | Cobertura 14d: 0.23,2024-12-22T00:00:00,,
PBW6191,downtime,high,170.9 h sin movimiento en 30d | Cobertura 14d: 0.08,2024-12-22T00:00:00,,
LF95269,downtime,high,213.3 h sin movimiento en 30d | Cobertura 14d: 0.61,2024-12-23T00:00:00,,
44VLB,downtime,high,294.6 h sin movimiento en 30d | Cobertura 14d: 0.21,2024-12-27T00:00:00,,
2900JGE,downtime,high,221.7 h sin movimiento en 30d | Cobertura 14d: 0.32,2024-12-30T00:00:00,,
A7861D,downtime,high,149.0 h sin movimiento en 30d | Cobertura 14d: 0.00,2024-12-30T00:00:00,,
NXD1136,downtime,high,131.8 h sin movimiento en 30d | Cobertura 14d: 0.16,2024-12-31T00:00:00,,
PXJ289D,downtime,high,165.2 h sin movimiento en 30d | Cobertura 14d: 0.00,2025-01-01T00:00:00,,
A6175M,downtime,high,285.1 h sin movimiento en 30d | Cobertura 14d: 0.28,2025-01-03T00:00:00,,
A6175M,downtime,high,471.9 h sin movimiento en 30d | Cobertura 14d: 0.00,2025-01-03T00:00:00,,
A7284B,downtime,high,278.6 h sin movimiento en 30d | Cobertura 14d: 0.23,2025-01-03T00:00:00,,
418C,downtime,high,222.0 h sin movimiento en 30d | Cobertura 14d: 0.54,2025-01-04T00:00:00,,
418C,downtime,high,406.4 h sin movimiento en 30d | Cobertura 14d: 0.27,2025-01-04T00:00:00,,
418C,downtime,high,304.8 h sin movimiento en 30d | Cobertura 14d: 0.42,2025-01-04T00:00:00,,
A2705K,downtime,high,147.7 h sin movimiento en 30d | Cobertura 14d: 0.23,2025-01-04T00:00:00,,
A83112D,downtime,high,129.6 h sin movimiento en 30d | Cobertura 14d: 0.45,2025-01-04T00:00:00,,
L95BCL,downtime,high,267.0 h sin movimiento en 30d | Cobertura 14d: 0.00,2025-01-07T00:00:00,,
A04684A,downtime,high,158.2 h sin movimiento en 30d | Cobertura 14d: 0.52,2025-01-10T00:00:00,,
A04684A,downtime,high,308.9 h sin movimiento en 30d | Cobertura 14d: 0.36,2025-01-10T00:00:00,,
A96BCJ,downtime,high,256.4 h sin movimiento en 30d | Cobertura 14d: 0.00,2025-01-10T00:00:00,,
NTK9602,downtime,high,284.2 h sin movimiento en 30d | Cobertura 14d: 0.20,2025-01-11T00:00:00,,
A3889A,downtime,high,230.4 h sin movimiento en 30d | Cobertura 14d: 0.19,2025-01-12T00:00:00,,
L97BKG,downtime,high,177.0 h sin movimiento en 30d | Cobertura 14d: 0.28,2025-01-12T00:00:00,,
L97BKG,downtime,high,347.5 h sin movimiento en 30d | Cobertura 14d: 0.04,2025-01-12T00:00:00,,
PEP7595,downtime,high,148.2 h sin movimiento en 30d | Cobertura 14d: 0.23,2025-01-12T00:00:00,,
A0814M,downtime,high,166.0 h sin movimiento en 30d | Cobertura 14d: 0.00,2025-01-16T00:00:00,,
LYD851A,downtime,high,192.2 h sin movimiento en 30d | Cobertura 14d: 0.25,2025-01-17T00:00:00,,
LYD851A,downtime,high,244.5 h sin movimiento en 30d | Cobertura 14d: 0.15,2025-01-17T00:00:00,,
NJB3707,downtime,high,218.9 h sin movimiento en 30d | Cobertura 14d: 0.52,2025-01-19T00:00:00,,
NJB3707,downtime,high,299.9 h sin movimiento en 30d | Cobertura 14d: 0.37,2025-01-19T00:00:00,,
A5739D,downtime,high,193.5 h sin movimiento en 30d | Cobertura 14d: 0.00,2025-01-21T00:00:00,,
NZE5695,downtime,high,150.0 h sin movimiento en 30d | Cobertura 14d: 0.21,2025-01-21T00:00:00,,
P801561,downtime,high,147.8 h sin movimiento en 30d | Cobertura 14d: 0.00,2025-01-21T00:00:00,,
A00115A,downtime,high,196.6 h sin movimiento en 30d | Cobertura 14d: 0.42,2025-01-23T00:00:00,,
A00115A,downtime,high,338.3 h sin movimiento en 30d | Cobertura 14d: 0.25,2025-01-23T00:00:00,,
A00115A,downtime,high,282.0 h sin movimiento en 30d | Cobertura 14d: 0.33,2025-01-23T00:00:00,,
PDR6179,downtime,high,249.3 h sin movimiento en 30d | Cobertura 14d: 0.23,2025-01-23T00:00:00,,
120466K,downtime,high,127.1 h sin movimiento en 30d | Cobertura 14d: 0.58,2025-01-24T00:00:00,,
A6086J,downtime,high,266.8 h sin movimiento en 30d | Cobertura 14d: 0.28,2025-01-24T00:00:00,,
PEZ7226,downtime,high,300.3 h sin movimiento en 30d | Cobertura 14d: 0.14,2025-01-24T00:00:00,,
A222JMG,downtime,high,265.3 h sin movimiento en 30d | Cobertura 14d: 0.26,2025-01-25T00:00:00,,
A222JMG,downtime,high,410.6 h sin movimiento en 30d | Cobertura 14d: 0.00,2025-01-25T00:00:00,,
A6293D,downtime,high,271.7 h sin movimiento en 30d | Cobertura 14d: 0.28,2025-01-25T00:00:00,,
M07BKD,downtime,high,272.7 h sin movimiento en 30d | Cobertura 14d: 0.22,2025-01-25T00:00:00,,
A6899H,downtime,high,131.7 h sin movimiento en 30d | Cobertura 14d: 0.00,2025-01-26T00:00:00,,
NVM9692,downtime,high,127.4 h sin movimiento en 30d | Cobertura 14d: 0.22,2025-01-27T00:00:00,,
320C,downtime,high,133.2 h sin movimiento en 30d | Cobertura 14d: 0.53,2025-01-30T00:00:00,,
A67282,downtime,high,289.1 h sin movimiento en 30d | Cobertura 14d: 0.21,2025-01-30T00:00:00,,
PBB5710,downtime,high,156.8 h sin movimiento en 30d | Cobertura 14d: 0.02,2025-01-30T00:00:00,,
PBY6165,downtime,high,138.1 h sin movimiento en 30d | Cobertura 14d: 0.21,2025-02-01T00:00:00,,
PEC1932,downtime,high,186.6 h sin movimiento en 30d | Cobertura 14d: 0.22,2025-02-01T00:00:00,,
NHB290A,downtime,high,154.9 h sin movimiento en 30d | Cobertura 14d: 0.22,2025-02-02T00:00:00,,
NXR9396,downtime,high,280.1 h sin movimiento en 30d | Cobertura 14d: 0.20,2025-02-03T00:00:00,,
ECA29,downtime,high,136.3 h sin movimiento en 30d | Cobertura 14d: 0.52,2025-02-05T00:00:00,,
ECA29,downtime,high,180.3 h sin movimiento en 30d | Cobertura 14d: 0.42,2025-02-05T00:00:00,,
A5872H,downtime,high,146.6 h sin movimiento en 30d | Cobertura 14d: 0.00,2025-02-09T00:00:00,,
A6934H,downtime,high,178.7 h sin movimiento en 30d | Cobertura 14d: 0.00,2025-02-10T00:00:00,,
F87AEX,downtime,high,121.5 h sin movimiento en 30d | Cobertura 14d: 0.15,2025-02-10T00:00:00,,
MHJ174B,downtime,high,263.1 h sin movimiento en 30d | Cobertura 14d: 0.00,2025-02-16T00:00:00,,
NWR1656,downtime,high,183.2 h sin movimiento en 30d | Cobertura 14d: 0.23,2025-02-17T00:00:00,,
460TL122,downtime,high,146.7 h sin movimiento en 30d | Cobertura 14d: 0.68,2025-02-18T00:00:00,,
460TL122,downtime,high,280.7 h sin movimiento en 30d | Cobertura 14d: 0.47,2025-02-18T00:00:00,,
460TL122,downtime,high,208.9 h sin movimiento en 30d | Cobertura 14d: 0.62,2025-02-18T00:00:00,,
A01905A,downtime,high,137.0 h sin movimiento en 30d | Cobertura 14d: 0.63,2025-02-18T00:00:00,,
A01905A,downtime,high,352.2 h sin movimiento en 30d | Cobertura 14d: 0.34,2025-02-18T00:00:00,,
NWF7409,downtime,high,268.4 h sin movimiento en 30d | Cobertura 14d: 0.25,2025-02-18T00:00:00,,
W96AUN,downtime,high,230.1 h sin movimiento en 30d | Cobertura 14d: 0.00,2025-02-18T00:00:00,,
Z17BDN,downtime,high,163.6 h sin movimiento en 30d | Cobertura 14d: 0.25,2025-02-18T00:00:00,,
NZU5285,downtime,high,284.1 h sin movimiento en 30d | Cobertura 14d: 0.19,2025-02-21T00:00:00,,
A465JME,downtime,high,261.0 h sin movimiento en 30d | Cobertura 14d: 0.28,2025-02-22T00:00:00,,
L57AZT,downtime,high,133.6 h sin movimiento en 30d | Cobertura 14d: 0.81,2025-02-23T00:00:00,,
PDM6606,downtime,high,233.9 h sin movimiento en 30d | Cobertura 14d: 0.24,2025-02-23T00:00:00,,
061802K,downtime,high,122.6 h sin movimiento en 30d | Cobertura 14d: 0.36,2025-02-24T00:00:00,,
061802K,downtime,high,281.8 h sin movimiento en 30d | Cobertura 14d: 0.11,2025-02-24T00:00:00,,
A2175D,downtime,high,285.2 h sin movimiento en 30d | Cobertura 14d: 0.21,2025-02-27T00:00:00,,
B01923,downtime,high,189.3 h sin movimiento en 30d | Cobertura 14d: 0.00,2025-03-01T00:00:00,,
MFK307A,downtime,high,262.0 h sin movimiento en 30d | Cobertura 14d: 0.00,2025-03-01T00:00:00,,
A8204H,downtime,high,254.9 h sin movimiento en 30d | Cobertura 14d: 0.00,2025-03-02T00:00:00,,
A8204H,downtime,high,209.1 h sin movimiento en 30d | Cobertura 14d: 0.07,2025-03-02T00:00:00,,
1802MDF002,downtime,high,137.9 h sin movimiento en 30d | Cobertura 14d: 0.00,2025-03-03T00:00:00,,
A4766C,downtime,high,301.9 h sin movimiento en 30d | Cobertura 14d: 0.19,2025-03-06T00:00:00,,
ECA557,downtime,high,236.7 h sin movimiento en 30d | Cobertura 14d: 0.24,2025-03-08T00:00:00,,
NTT7520,downtime,high,217.6 h sin movimiento en 30d | Cobertura 14d: 0.00,2025-03-09T00:00:00,,
NZA4429,downtime,high,253.9 h sin movimiento en 30d | Cobertura 14d: 0.27,2025-03-09T00:00:00,,
PBS7821,downtime,high,289.0 h sin movimiento en 30d | Cobertura 14d: 0.24,2025-03-09T00:00:00,,
A1939N,downtime,high,152.4 h sin movimiento en 30d | Cobertura 14d: 0.18,2025-03-10T00:00:00,,
A1908B,downtime,high,301.6 h sin movimiento en 30d | Cobertura 14d: 0.17,2025-03-14T00:00:00,,
V24BJA,downtime,high,285.2 h sin movimiento en 30d | Cobertura 14d: 0.20,2025-03-14T00:00:00,,
L37AZX,downtime,high,123.3 h sin movimiento en 30d | Cobertura 14d: 0.00,2025-03-17T00:00:00,,
LRV034B,downtime,high,133.5 h sin movimiento en 30d | Cobertura 14d: 0.00,2025-03-17T00:00:00,,
K76BKB,downtime,high,144.6 h sin movimiento en 30d | Cobertura 14d: 0.00,2025-03-20T00:00:00,,
NCL940A,downtime,high,240.8 h sin movimiento en 30d | Cobertura 14d: 0.32,2025-03-22T00:00:00,,
NCL940A,downtime,high,296.9 h sin movimiento en 30d | Cobertura 14d: 0.25,2025-03-22T00:00:00,,
A02033A,downtime,high,228.9 h sin movimiento en 30d | Cobertura 14d: 0.35,2025-03-23T00:00:00,,
A02033A,downtime,high,351.1 h sin movimiento en 30d | Cobertura 14d: 0.14,2025-03-23T00:00:00,,
PEN9459,downtime,high,282.9 h sin movimiento en 30d | Cobertura 14d: 0.20,2025-03-23T00:00:00,,
837757J,downtime,high,128.0 h sin movimiento en 30d | Cobertura 14d: 0.67,2025-03-24T00:00:00,,
837757J,downtime,high,260.1 h sin movimiento en 30d | Cobertura 14d: 0.44,2025-03-24T00:00:00,,
6CS8F90,downtime,high,168.1 h sin movimiento en 30d | Cobertura 14d: 0.68,2025-03-25T00:00:00,,
A0339H,downtime,high,168.6 h sin movimiento en 30d | Cobertura 14d: 0.00,2025-03-26T00:00:00,,
K00882,downtime,high,125.7 h sin movimiento en 30d | Cobertura 14d: 0.75,2025-03-26T00:00:00,,
P802460,downtime,high,244.9 h sin movimiento en 30d | Cobertura 14d: 0.13,2025-03-26T00:00:00,,
A03782R,downtime,high,291.5 h sin movimiento en 30d | Cobertura 14d: 0.40,2025-03-27T00:00:00,,
NFZ815A,downtime,high,127.2 h sin movimiento en 30d | Cobertura 14d: 0.21,2025-03-27T00:00:00,,
NFZ815A,downtime,high,223.3 h sin movimiento en 30d | Cobertura 14d: 0.15,2025-03-27T00:00:00,,
MXD890B,downtime,high,274.9 h sin movimiento en 30d | Cobertura 14d: 0.21,2025-03-30T00:00:00,,
MXD890B,downtime,high,410.2 h sin movimiento en 30d | Cobertura 14d: 0.01,2025-03-30T00:00:00,,
A2118G,downtime,high,121.3 h sin movimiento en 30d | Cobertura 14d: 0.15,2025-03-31T00:00:00,,
A2118G,downtime,high,325.6 h sin movimiento en 30d | Cobertura 14d: 0.00,2025-03-31T00:00:00,,
MWM963A,downtime,high,126.4 h sin movimiento en 30d | Cobertura 14d: 0.00,2025-03-31T00:00:00,,
NWR6510,downtime,high,158.8 h sin movimiento en 30d | Cobertura 14d: 0.47,2025-03-31T00:00:00,,
NWR6510,downtime,high,374.4 h sin movimiento en 30d | Cobertura 14d: 0.30,2025-03-31T00:00:00,,
NWR6510,downtime,high,259.6 h sin movimiento en 30d | Cobertura 14d: 0.36,2025-03-31T00:00:00,,
PBP2691,downtime,high,270.6 h sin movimiento en 30d | Cobertura 14d: 0.23,2025-04-01T00:00:00,,
A4521C,downtime,high,278.9 h sin movimiento en 30d | Cobertura 14d: 0.20,2025-04-02T00:00:00,,
LZW205B,downtime,high,255.0 h sin movimiento en 30d | Cobertura 14d: 0.28,2025-04-02T00:00:00,,
PDL5824,downtime,high,231.3 h sin movimiento en 30d | Cobertura 14d: 0.33,2025-04-02T00:00:00,,
PDL5824,downtime,high,358.7 h sin movimiento en 30d | Cobertura 14d: 0.09,2025-04-02T00:00:00,,
6CS4E9,downtime,high,140.5 h sin movimiento en 30d | Cobertura 14d: 0.55,2025-04-03T00:00:00,,
NUS5749,downtime,high,275.1 h sin movimiento en 30d | Cobertura 14d: 0.21,2025-04-03T00:00:00,,
NYF7657,downtime,high,149.0 h sin movimiento en 30d | Cobertura 14d: 0.22,2025-04-04T00:00:00,,
A6086L,downtime,high,140.7 h sin movimiento en 30d | Cobertura 14d: 0.17,2025-04-06T00:00:00,,
A6086L,downtime,high,305.0 h sin movimiento en 30d | Cobertura 14d: 0.01,2025-04-06T00:00:00,,
B07BGL,downtime,high,147.5 h sin movimiento en 30d | Cobertura 14d: 0.00,2025-04-06T00:00:00,,
M02696,downtime,high,254.8 h sin movimiento en 30d | Cobertura 14d: 0.37,2025-04-06T00:00:00,,
NZT1226,downtime,high,257.4 h sin movimiento en 30d | Cobertura 14d: 0.24,2025-04-06T00:00:00,,
NZT1226,downtime,high,468.9 h sin movimiento en 30d | Cobertura 14d: 0.08,2025-04-06T00:00:00,,
LGX501B,downtime,high,166.5 h sin movimiento en 30d | Cobertura 14d: 0.22,2025-04-08T00:00:00,,
LGX501B,downtime,high,372.6 h sin movimiento en 30d | Cobertura 14d: 0.00,2025-04-08T00:00:00,,
061238K,downtime,high,166.1 h sin movimiento en 30d | Cobertura 14d: 0.56,2025-04-09T00:00:00,,
061238K,downtime,high,364.6 h sin movimiento en 30d | Cobertura 14d: 0.29,2025-04-09T00:00:00,,
A5208G,downtime,high,206.1 h sin movimiento en 30d | Cobertura 14d: 0.22,2025-04-10T00:00:00,,
A2059C,downtime,high,275.4 h sin movimiento en 30d | Cobertura 14d: 0.23,2025-04-11T00:00:00,,
A2059C,downtime,high,484.8 h sin movimiento en 30d | Cobertura 14d: 0.00,2025-04-11T00:00:00,,
A84873D,downtime,high,136.8 h sin movimiento en 30d | Cobertura 14d: 0.55,2025-04-11T00:00:00,,
A6814L,downtime,high,284.6 h sin movimiento en 30d | Cobertura 14d: 0.20,2025-04-12T00:00:00,,
P803046,downtime,high,138.2 h sin movimiento en 30d | Cobertura 14d: 0.78,2025-04-12T00:00:00,,
A0148G,downtime,high,131.8 h sin movimiento en 30d | Cobertura 14d: 0.16,2025-04-13T00:00:00,,
MTH187A,downtime,high,284.2 h sin movimiento en 30d | Cobertura 14d: 0.25,2025-04-13T00:00:00,,
PBN5416,downtime,high,228.6 h sin movimiento en 30d | Cobertura 14d: 0.26,2025-04-13T00:00:00,,
A04526A,downtime,high,152.5 h sin movimiento en 30d | Cobertura 14d: 0.39,2025-04-14T00:00:00,,
A04526A,downtime,high,326.0 h sin movimiento en 30d | Cobertura 14d: 0.24,2025-04-14T00:00:00,,
A1118K,downtime,high,186.4 h sin movimiento en 30d | Cobertura 14d: 0.00,2025-04-14T00:00:00,,
A9088G,downtime,high,254.5 h sin movimiento en 30d | Cobertura 14d: 0.18,2025-04-14T00:00:00,,
K009100,downtime,high,176.1 h sin movimiento en 30d | Cobertura 14d: 0.71,2025-04-14T00:00:00,,
PAZ3649,downtime,high,180.7 h sin movimiento en 30d | Cobertura 14d: 0.24,2025-04-14T00:00:00,,
A83527D,downtime,high,138.1 h sin movimiento en 30d | Cobertura 14d: 0.48,2025-04-15T00:00:00,,
A5948A,downtime,high,203.1 h sin movimiento en 30d | Cobertura 14d: 0.38,2025-04-16T00:00:00,,
MDF887A,downtime,high,284.0 h sin movimiento en 30d | Cobertura 14d: 0.20,2025-04-17T00:00:00,,
A4620M,downtime,high,193.9 h sin movimiento en 30d | Cobertura 14d: 0.00,2025-04-18T00:00:00,,
A5007M,downtime,high,271.1 h sin movimiento en 30d | Cobertura 14d: 0.24,2025-04-18T00:00:00,,
PAG663A,downtime,high,155.2 h sin movimiento en 30d | Cobertura 14d: 0.00,2025-04-20T00:00:00,,
A77636D,downtime,high,268.7 h sin movimiento en 30d | Cobertura 14d: 0.39,2025-04-21T00:00:00,,
PAJ2909,downtime,high,265.8 h sin movimiento en 30d | Cobertura 14d: 0.26,2025-04-21T00:00:00,,
A4863E,downtime,high,160.9 h sin movimiento en 30d | Cobertura 14d: 0.21,2025-04-22T00:00:00,,
LSA232A,downtime,high,130.8 h sin movimiento en 30d | Cobertura 14d: 0.45,2025-04-22T00:00:00,,
NYF7608,downtime,high,206.3 h sin movimiento en 30d | Cobertura 14d: 0.29,2025-04-22T00:00:00,,
Y20BNF,downtime,high,199.1 h sin movimiento en 30d | Cobertura 14d: 0.00,2025-04-22T00:00:00,,
A7734B,downtime,high,295.8 h sin movimiento en 30d | Cobertura 14d: 0.20,2025-04-23T00:00:00,,
PCJ6877,downtime,high,168.9 h sin movimiento en 30d | Cobertura 14d: 0.22,2025-04-23T00:00:00,,
PCJ6877,downtime,high,231.0 h sin movimiento en 30d | Cobertura 14d: 0.07,2025-04-23T00:00:00,,
A2473G,downtime,high,197.9 h sin movimiento en 30d | Cobertura 14d: 0.00,2025-04-24T00:00:00,,
NWD1976,downtime,high,280.5 h sin movimiento en 30d | Cobertura 14d: 0.21,2025-04-24T00:00:00,,
M00623,downtime,high,273.6 h sin movimiento en 30d | Cobertura 14d: 0.25,2025-04-27T00:00:00,,
NWY3792,downtime,high,284.7 h sin movimiento en 30d | Cobertura 14d: 0.21,2025-04-28T00:00:00,,
A5037G,downtime,high,123.1 h sin movimiento en 30d | Cobertura 14d: 0.00,2025-04-29T00:00:00,,
MBK588A,downtime,high,274.1 h sin movimiento en 30d | Cobertura 14d: 0.23,2025-04-29T00:00:00,,
PWR358D,downtime,high,238.5 h sin movimiento en 30d | Cobertura 14d: 0.00,2025-04-30T00:00:00,,
2000578,downtime,high,322.6 h sin movimiento en 30d | Cobertura 14d: 0.10,2025-05-02T00:00:00,,
A6041C,downtime,high,181.7 h sin movimiento en 30d | Cobertura 14d: 0.00,2025-05-03T00:00:00,,
NWT2578,downtime,high,283.8 h sin movimiento en 30d | Cobertura 14d: 0.21,2025-05-03T00:00:00,,
NXW6665,downtime,high,238.5 h sin movimiento en 30d | Cobertura 14d: 0.69,2025-05-04T00:00:00,,
A03787E,downtime,high,196.4 h sin movimiento en 30d | Cobertura 14d: 0.33,2025-05-05T00:00:00,,
A6932H,downtime,high,132.0 h sin movimiento en 30d | Cobertura 14d: 0.14,2025-05-05T00:00:00,,
MSP256A,downtime,high,262.3 h sin movimiento en 30d | Cobertura 14d: 0.28,2025-05-05T00:00:00,,
A03851A,downtime,high,155.9 h sin movimiento en 30d | Cobertura 14d: 0.49,2025-05-06T00:00:00,,
A2235C,downtime,high,210.2 h sin movimiento en 30d | Cobertura 14d: 0.20,2025-05-06T00:00:00,,
MTC009A,downtime,high,198.7 h sin movimiento en 30d | Cobertura 14d: 0.19,2025-05-07T00:00:00,,
MTC009A,downtime,high,405.2 h sin movimiento en 30d | Cobertura 14d: 0.00,2025-05-07T00:00:00,,
MTC009A,downtime,high,295.1 h sin movimiento en 30d | Cobertura 14d: 0.12,2025-05-07T00:00:00,,
PDK4435,downtime,high,194.2 h sin movimiento en 30d | Cobertura 14d: 0.24,2025-05-07T00:00:00,,
PEK2696,downtime,high,264.0 h sin movimiento en 30d | Cobertura 14d: 0.27,2025-05-09T00:00:00,,
MJS110B,downtime,high,296.6 h sin movimiento en 30d | Cobertura 14d: 0.24,2025-05-10T00:00:00,,
MJS110B,downtime,high,490.8 h sin movimiento en 30d | Cobertura 14d: 0.05,2025-05-10T00:00:00,,
A27973E,downtime,high,212.9 h sin movimiento en 30d | Cobertura 14d: 0.38,2025-05-12T00:00:00,,
LUP764B,downtime,high,268.6 h sin movimiento en 30d | Cobertura 14d: 0.25,2025-05-12T00:00:00,,
A02361A,downtime,high,203.7 h sin movimiento en 30d | Cobertura 14d: 0.38,2025-05-15T00:00:00,,
A0282D,downtime,high,276.5 h sin movimiento en 30d | Cobertura 14d: 0.24,2025-05-16T00:00:00,,
A2203E,downtime,high,259.4 h sin movimiento en 30d | Cobertura 14d: 0.28,2025-05-16T00:00:00,,
A2203E,downtime,high,423.5 h sin movimiento en 30d | Cobertura 14d: 0.12,2025-05-16T00:00:00,,
MMX820A,downtime,high,240.5 h sin movimiento en 30d | Cobertura 14d: 0.00,2025-05-16T00:00:00,,
754292J,downtime,high,120.5 h sin movimiento en 30d | Cobertura 14d: 0.54,2025-05-17T00:00:00,,
MHB508A,downtime,high,282.5 h sin movimiento en 30d | Cobertura 14d: 0.20,2025-05-17T00:00:00,,
MRZ643A,downtime,high,301.4 h sin movimiento en 30d | Cobertura 14d: 0.17,2025-05-17T00:00:00,,
NTK1467,downtime,high,229.8 h sin movimiento en 30d | Cobertura 14d: 0.29,2025-05-17T00:00:00,,
NTK1467,downtime,high,431.1 h sin movimiento en 30d | Cobertura 14d: 0.13,2025-05-17T00:00:00,,
NTK1467,downtime,high,345.7 h sin movimiento en 30d | Cobertura 14d: 0.24,2025-05-17T00:00:00,,
LPM957A,downtime,high,168.0 h sin movimiento en 30d | Cobertura 14d: 0.19,2025-05-18T00:00:00,,
LPM957A,downtime,high,177.7 h sin movimiento en 30d | Cobertura 14d: 0.19,2025-05-18T00:00:00,,
A03975A,downtime,high,180.2 h sin movimiento en 30d | Cobertura 14d: 0.44,2025-05-19T00:00:00,,
A037JLC,downtime,high,257.1 h sin movimiento en 30d | Cobertura 14d: 0.26,2025-05-20T00:00:00,,
A037JLC,downtime,high,443.1 h sin movimiento en 30d | Cobertura 14d: 0.07,2025-05-20T00:00:00,,
PDR246A,downtime,high,182.5 h sin movimiento en 30d | Cobertura 14d: 0.57,2025-05-20T00:00:00,,
752895J,downtime,high,176.8 h sin movimiento en 30d | Cobertura 14d: 0.43,2025-05-22T00:00:00,,
LMF593A,downtime,high,197.2 h sin movimiento en 30d | Cobertura 14d: 0.04,2025-05-22T00:00:00,,
PDU4392,downtime,high,290.8 h sin movimiento en 30d | Cobertura 14d: 0.22,2025-05-22T00:00:00,,
LXL539A,downtime,high,287.5 h sin movimiento en 30d | Cobertura 14d: 0.19,2025-05-23T00:00:00,,
LXL539A,downtime,high,432.7 h sin movimiento en 30d | Cobertura 14d: 0.00,2025-05-23T00:00:00,,
NZB4926,downtime,high,251.1 h sin movimiento en 30d | Cobertura 14d: 0.30,2025-05-23T00:00:00,,
NWV5181,downtime,high,275.1 h sin movimiento en 30d | Cobertura 14d: 0.25,2025-05-26T00:00:00,,
PEL3520,downtime,high,283.0 h sin movimiento en 30d | Cobertura 14d: 0.19,2025-05-26T00:00:00,,
A05238A,downtime,high,171.7 h sin movimiento en 30d | Cobertura 14d: 0.52,2025-05-27T00:00:00,,
A05238A,downtime,high,332.2 h sin movimiento en 30d | Cobertura 14d: 0.34,2025-05-27T00:00:00,,
A2488M,downtime,high,279.2 h sin movimiento en 30d | Cobertura 14d: 0.21,2025-05-28T00:00:00,,
A2488M,downtime,high,439.7 h sin movimiento en 30d | Cobertura 14d: 0.00,2025-05-28T00:00:00,,
A3859D,downtime,high,148.3 h sin movimiento en 30d | Cobertura 14d: 0.20,2025-05-28T00:00:00,,
A85266D,downtime,high,130.4 h sin movimiento en 30d | Cobertura 14d: 0.58,2025-05-29T00:00:00,,
PCD3001,downtime,high,265.3 h sin movimiento en 30d | Cobertura 14d: 0.23,2025-05-29T00:00:00,,
A4531G,downtime,high,286.4 h sin movimiento en 30d | Cobertura 14d: 0.25,2025-05-30T00:00:00,,
A4531G,downtime,high,398.1 h sin movimiento en 30d | Cobertura 14d: 0.17,2025-05-30T00:00:00,,
A05160A,downtime,high,154.7 h sin movimiento en 30d | Cobertura 14d: 0.55,2025-05-31T00:00:00,,
PAZ1744,downtime,high,283.6 h sin movimiento en 30d | Cobertura 14d: 0.24,2025-05-31T00:00:00,,
A85421D,downtime,high,191.6 h sin movimiento en 30d | Cobertura 14d: 0.51,2025-06-01T00:00:00,,
A04511A,downtime,high,161.1 h sin movimiento en 30d | Cobertura 14d: 0.62,2025-06-02T00:00:00,,
MMJ562A,downtime,high,236.5 h sin movimiento en 30d | Cobertura 14d: 0.21,2025-06-02T00:00:00,,
MMJ562A,downtime,high,306.0 h sin movimiento en 30d | Cobertura 14d: 0.07,2025-06-02T00:00:00,,
NZV8496,downtime,high,205.5 h sin movimiento en 30d | Cobertura 14d: 0.14,2025-06-02T00:00:00,,
NZV8496,downtime,high,300.2 h sin movimiento en 30d | Cobertura 14d: 0.06,2025-06-02T00:00:00,,
PCE3341,downtime,high,265.9 h sin movimiento en 30d | Cobertura 14d: 0.24,2025-06-04T00:00:00,,
PCE3341,downtime,high,387.5 h sin movimiento en 30d | Cobertura 14d: 0.00,2025-06-04T00:00:00,,
PDY4327,downtime,high,242.1 h sin movimiento en 30d | Cobertura 14d: 0.00,2025-06-04T00:00:00,,
U48BKJ,downtime,high,269.9 h sin movimiento en 30d | Cobertura 14d: 0.24,2025-06-04T00:00:00,,
A28124E,downtime,high,142.8 h sin movimiento en 30d | Cobertura 14d: 0.63,2025-06-05T00:00:00,,
A93980,downtime,high,260.0 h sin movimiento en 30d | Cobertura 14d: 0.27,2025-06-05T00:00:00,,
LG58472,downtime,high,243.6 h sin movimiento en 30d | Cobertura 14d: 0.33,2025-06-05T00:00:00,,
U76BHV,downtime,high,255.3 h sin movimiento en 30d | Cobertura 14d: 0.29,2025-06-05T00:00:00,,
NYJY115A,downtime,high,280.1 h sin movimiento en 30d | Cobertura 14d: 0.22,2025-06-06T00:00:00,,
A3513J,downtime,high,285.2 h sin movimiento en 30d | Cobertura 14d: 0.23,2025-06-07T00:00:00,,
MDX643A,downtime,high,165.9 h sin movimiento en 30d | Cobertura 14d: 0.00,2025-06-08T00:00:00,,
MFL068A,downtime,high,260.9 h sin movimiento en 30d | Cobertura 14d: 0.26,2025-06-08T00:00:00,,
B73AVH,downtime,high,301.4 h sin movimiento en 30d | Cobertura 14d: 0.24,2025-06-10T00:00:00,,
8163JES,downtime,high,274.0 h sin movimiento en 30d | Cobertura 14d: 0.23,2025-06-11T00:00:00,,
CR5734,downtime,high,145.5 h sin movimiento en 30d | Cobertura 14d: 1.00,2025-06-11T00:00:00,,
PDS9475,downtime,high,227.3 h sin movimiento en 30d | Cobertura 14d: 0.21,2025-06-11T00:00:00,,
PDS9475,downtime,high,333.3 h sin movimiento en 30d | Cobertura 14d: 0.13,2025-06-11T00:00:00,,
A77510D,downtime,high,230.7 h sin movimiento en 30d | Cobertura 14d: 0.34,2025-06-12T00:00:00,,
A77510D,downtime,high,283.4 h sin movimiento en 30d | Cobertura 14d: 0.27,2025-06-12T00:00:00,,
A7861A,downtime,high,301.4 h sin movimiento en 30d | Cobertura 14d: 0.17,2025-06-12T00:00:00,,
A85596D,downtime,high,161.8 h sin movimiento en 30d | Cobertura 14d: 0.47,2025-06-12T00:00:00,,
A4538J,downtime,high,237.8 h sin movimiento en 30d | Cobertura 14d: 0.21,2025-06-13T00:00:00,,
3866GMK,downtime,high,294.4 h sin movimiento en 30d | Cobertura 14d: 0.14,2025-06-14T00:00:00,,
A04206A,downtime,high,158.4 h sin movimiento en 30d | Cobertura 14d: 0.53,2025-06-16T00:00:00,,
A4147E,downtime,high,275.2 h sin movimiento en 30d | Cobertura 14d: 0.25,2025-06-17T00:00:00,,
B05BJN,downtime,high,276.3 h sin movimiento en 30d | Cobertura 14d: 0.24,2025-06-17T00:00:00,,
NXZ2150,downtime,high,267.2 h sin movimiento en 30d | Cobertura 14d: 0.26,2025-06-17T00:00:00,,
X21BBW,downtime,high,220.6 h sin movimiento en 30d | Cobertura 14d: 0.00,2025-06-17T00:00:00,,
061899K,downtime,high,137.7 h sin movimiento en 30d | Cobertura 14d: 0.00,2025-06-18T00:00:00,,
2000705,downtime,high,282.9 h sin movimiento en 30d | Cobertura 14d: 0.22,2025-06-18T00:00:00,,
A0005J,downtime,high,289.3 h sin movimiento en 30d | Cobertura 14d: 0.00,2025-06-19T00:00:00,,
A0921D,downtime,high,318.8 h sin movimiento en 30d | Cobertura 14d: 0.12,2025-06-19T00:00:00,,
LE16176,downtime,high,269.6 h sin movimiento en 30d | Cobertura 14d: 0.35,2025-06-19T00:00:00,,
LE16176,downtime,high,366.2 h sin movimiento en 30d | Cobertura 14d: 0.29,2025-06-19T00:00:00,,
JPL2583,downtime,high,133.3 h sin movimiento en 30d | Cobertura 14d: 0.14,2025-06-20T00:00:00,,
D15ALS,downtime,high,273.5 h sin movimiento en 30d | Cobertura 14d: 0.22,2025-06-21T00:00:00,,
HCF283E,downtime,high,238.6 h sin movimiento en 30d | Cobertura 14d: 0.25,2025-06-21T00:00:00,,
PAZ7154,downtime,high,272.3 h sin movimiento en 30d | Cobertura 14d: 0.23,2025-06-21T00:00:00,,
A7833A,downtime,high,215.5 h sin movimiento en 30d | Cobertura 14d: 0.21,2025-06-22T00:00:00,,
LUC775A,downtime,high,200.9 h sin movimiento en 30d | Cobertura 14d: 0.27,2025-06-22T00:00:00,,
LUC775A,downtime,high,267.3 h sin movimiento en 30d | Cobertura 14d: 0.19,2025-06-22T00:00:00,,
A3864B,downtime,high,281.9 h sin movimiento en 30d | Cobertura 14d: 0.25,2025-06-23T00:00:00,,
A3864B,downtime,high,462.6 h sin movimiento en 30d | Cobertura 14d: 0.10,2025-06-23T00:00:00,,
0NXA9936,downtime,high,270.3 h sin movimiento en 30d | Cobertura 14d: 0.22,2025-06-24T00:00:00,,
A00291A,downtime,high,154.9 h sin movimiento en 30d | Cobertura 14d: 0.51,2025-06-24T00:00:00,,
A4981E,downtime,high,150.4 h sin movimiento en 30d | Cobertura 14d: 0.20,2025-06-24T00:00:00,,
A970JMF,downtime,high,278.8 h sin movimiento en 30d | Cobertura 14d: 0.18,2025-06-24T00:00:00,,
A970JMF,downtime,high,375.0 h sin movimiento en 30d | Cobertura 14d: 0.12,2025-06-24T00:00:00,,
LLZ105A,downtime,high,282.3 h sin movimiento en 30d | Cobertura 14d: 0.21,2025-06-24T00:00:00,,
A3606J,downtime,high,170.5 h sin movimiento en 30d | Cobertura 14d: 0.19,2025-06-26T00:00:00,,
A5026G,downtime,high,283.7 h sin movimiento en 30d | Cobertura 14d: 0.24,2025-06-26T00:00:00,,
A5026G,downtime,high,494.5 h sin movimiento en 30d | Cobertura 14d: 0.03,2025-06-26T00:00:00,,
A5026G,downtime,high,362.0 h sin movimiento en 30d | Cobertura 14d: 0.14,2025-06-26T00:00:00,,
MBC922B,downtime,high,278.6 h sin movimiento en 30d | Cobertura 14d: 0.21,2025-06-26T00:00:00,,
MWW205A,downtime,high,179.8 h sin movimiento en 30d | Cobertura 14d: 0.04,2025-06-26T00:00:00,,
PBG5124,downtime,high,271.8 h sin movimiento en 30d | Cobertura 14d: 0.23,2025-06-26T00:00:00,,
PBG5124,downtime,high,427.8 h sin movimiento en 30d | Cobertura 14d: 0.00,2025-06-26T00:00:00,,
PBG5124,downtime,high,328.5 h sin movimiento en 30d | Cobertura 14d: 0.13,2025-06-26T00:00:00,,
PDD9589,downtime,high,231.5 h sin movimiento en 30d | Cobertura 14d: 0.29,2025-06-26T00:00:00,,
A0776D,downtime,high,301.7 h sin movimiento en 30d | Cobertura 14d: 0.16,2025-06-27T00:00:00,,
K74BDK,downtime,high,256.7 h sin movimiento en 30d | Cobertura 14d: 0.00,2025-06-27T00:00:00,,
Z93AFX,downtime,high,127.6 h sin movimiento en 30d | Cobertura 14d: 0.23,2025-06-27T00:00:00,,
MVD212A,downtime,high,224.7 h sin movimiento en 30d | Cobertura 14d: 0.26,2025-06-28T00:00:00,,
MVD212A,downtime,high,329.0 h sin movimiento en 30d | Cobertura 14d: 0.20,2025-06-28T00:00:00,,
MWT540A,downtime,high,230.2 h sin movimiento en 30d | Cobertura 14d: 0.00,2025-06-29T00:00:00,,
CR5901,downtime,high,174.2 h sin movimiento en 30d | Cobertura 14d: 1.00,2025-06-30T00:00:00,,
MBB284A,downtime,high,194.9 h sin movimiento en 30d | Cobertura 14d: 0.20,2025-06-30T00:00:00,,
NPD9651,downtime,high,281.4 h sin movimiento en 30d | Cobertura 14d: 0.17,2025-06-30T00:00:00,,
7681JFL,downtime,high,286.5 h sin movimiento en 30d | Cobertura 14d: 0.19,2025-07-01T00:00:00,,
A1861G,downtime,high,290.2 h sin movimiento en 30d | Cobertura 14d: 0.19,2025-07-01T00:00:00,,
A7831H,downtime,high,292.2 h sin movimiento en 30d | Cobertura 14d: 0.20,2025-07-01T00:00:00,,
CR5814,downtime,high,216.7 h sin movimiento en 30d | Cobertura 14d: 1.00,2025-07-01T00:00:00,,
LRK797A,downtime,high,122.0 h sin movimiento en 30d | Cobertura 14d: 0.14,2025-07-01T00:00:00,,
LRK797A,downtime,high,327.7 h sin movimiento en 30d | Cobertura 14d: 0.00,2025-07-01T00:00:00,,
MSV2246,downtime,high,272.4 h sin movimiento en 30d | Cobertura 14d: 0.27,2025-07-01T00:00:00,,
NCT211B,downtime,high,204.0 h sin movimiento en 30d | Cobertura 14d: 0.23,2025-07-01T00:00:00,,
NCT211B,downtime,high,336.6 h sin movimiento en 30d | Cobertura 14d: 0.02,2025-07-01T00:00:00,,
A0802E,downtime,high,285.4 h sin movimiento en 30d | Cobertura 14d: 0.23,2025-07-02T00:00:00,,
NYT3731,downtime,high,315.3 h sin movimiento en 30d | Cobertura 14d: 0.00,2025-07-02T00:00:00,,
PBP3474,downtime,high,147.8 h sin movimiento en 30d | Cobertura 14d: 0.21,2025-07-02T00:00:00,,
A05163A,downtime,high,185.1 h sin movimiento en 30d | Cobertura 14d: 0.53,2025-07-03T00:00:00,,
A05163A,downtime,high,269.7 h sin movimiento en 30d | Cobertura 14d: 0.44,2025-07-03T00:00:00,,
L89ADJ,downtime,high,288.0 h sin movimiento en 30d | Cobertura 14d: 0.23,2025-07-04T00:00:00,,
L89ADJ,downtime,high,484.9 h sin movimiento en 30d | Cobertura 14d: 0.00,2025-07-04T00:00:00,,
NKW1174,downtime,high,277.8 h sin movimiento en 30d | Cobertura 14d: 0.19,2025-07-04T00:00:00,,
NKW1174,downtime,high,477.6 h sin movimiento en 30d | Cobertura 14d: 0.00,2025-07-04T00:00:00,,
PDM6702,downtime,high,188.5 h sin movimiento en 30d | Cobertura 14d: 0.21,2025-07-05T00:00:00,,
PDM6702,downtime,high,341.0 h sin movimiento en 30d | Cobertura 14d: 0.00,2025-07-05T00:00:00,,
60F708,downtime,high,290.1 h sin movimiento en 30d | Cobertura 14d: 0.23,2025-07-06T00:00:00,,
A04610A,downtime,high,225.9 h sin movimiento en 30d | Cobertura 14d: 0.36,2025-07-06T00:00:00,,
A8340B,downtime,high,185.5 h sin movimiento en 30d | Cobertura 14d: 0.22,2025-07-06T00:00:00,,
LE73329,downtime,high,194.4 h sin movimiento en 30d | Cobertura 14d: 0.30,2025-07-06T00:00:00,,
NTJ047A,downtime,high,164.7 h sin movimiento en 30d | Cobertura 14d: 0.23,2025-07-06T00:00:00,,
PCK8847,downtime,high,274.5 h sin movimiento en 30d | Cobertura 14d: 0.26,2025-07-06T00:00:00,,
A582JLA,downtime,high,252.2 h sin movimiento en 30d | Cobertura 14d: 0.30,2025-07-07T00:00:00,,
J45ADU,downtime,high,257.5 h sin movimiento en 30d | Cobertura 14d: 0.25,2025-07-07T00:00:00,,
J50AXL,downtime,high,294.3 h sin movimiento en 30d | Cobertura 14d: 0.19,2025-07-07T00:00:00,,
MJA605A,downtime,high,259.7 h sin movimiento en 30d | Cobertura 14d: 0.28,2025-07-07T00:00:00,,
MXH354A,downtime,high,127.0 h sin movimiento en 30d | Cobertura 14d: 0.07,2025-07-07T00:00:00,,
A04588A,downtime,high,177.0 h sin movimiento en 30d | Cobertura 14d: 0.47,2025-07-08T00:00:00,,
A177JMK,downtime,high,130.2 h sin movimiento en 30d | Cobertura 14d: 0.17,2025-07-08T00:00:00,,
A4777J,downtime,high,250.4 h sin movimiento en 30d | Cobertura 14d: 0.00,2025-07-08T00:00:00,,
A7606J,downtime,high,240.9 h sin movimiento en 30d | Cobertura 14d: 0.00,2025-07-08T00:00:00,,
NZD3499,downtime,high,290.4 h sin movimiento en 30d | Cobertura 14d: 0.22,2025-07-08T00:00:00,,
CR5768,downtime,high,204.7 h sin movimiento en 30d | Cobertura 14d: 0.13,2025-07-09T00:00:00,,
W46ADC,downtime,high,251.6 h sin movimiento en 30d | Cobertura 14d: 0.32,2025-07-09T00:00:00,,
A26706E,downtime,high,143.2 h sin movimiento en 30d | Cobertura 14d: 0.50,2025-07-10T00:00:00,,
NHU5137,downtime,high,290.3 h sin movimiento en 30d | Cobertura 14d: 0.20,2025-07-10T00:00:00,,
P0320,downtime,high,243.3 h sin movimiento en 30d | Cobertura 14d: 0.28,2025-07-10T00:00:00,,
A01710A,downtime,high,232.5 h sin movimiento en 30d | Cobertura 14d: 0.47,2025-07-11T00:00:00,,
A04305A,downtime,high,259.1 h sin movimiento en 30d | Cobertura 14d: 0.29,2025-07-11T00:00:00,,
A04305A,downtime,high,462.4 h sin movimiento en 30d | Cobertura 14d: 0.06,2025-07-11T00:00:00,,
A3929L,downtime,high,130.6 h sin movimiento en 30d | Cobertura 14d: 0.18,2025-07-11T00:00:00,,
CR5733,downtime,high,141.2 h sin movimiento en 30d | Cobertura 14d: 1.00,2025-07-11T00:00:00,,
A01913A,downtime,high,183.8 h sin movimiento en 30d | Cobertura 14d: 0.52,2025-07-12T00:00:00,,
A01913A,downtime,high,273.4 h sin movimiento en 30d | Cobertura 14d: 0.37,2025-07-12T00:00:00,,
A04732A,downtime,high,173.4 h sin movimiento en 30d | Cobertura 14d: 0.54,2025-07-12T00:00:00,,
A3487H,downtime,high,154.9 h sin movimiento en 30d | Cobertura 14d: 0.16,2025-07-12T00:00:00,,
A7778M,downtime,high,137.7 h sin movimiento en 30d | Cobertura 14d: 0.21,2025-07-12T00:00:00,,
NYD3632,downtime,high,293.0 h sin movimiento en 30d | Cobertura 14d: 0.20,2025-07-12T00:00:00,,
X56BGM,downtime,high,302.0 h sin movimiento en 30d | Cobertura 14d: 0.19,2025-07-12T00:00:00,,
A04724E,downtime,high,187.3 h sin movimiento en 30d | Cobertura 14d: 0.51,2025-07-13T00:00:00,,
A3816H,downtime,high,258.4 h sin movimiento en 30d | Cobertura 14d: 0.29,2025-07-13T00:00:00,,
A3816H,downtime,high,441.6 h sin movimiento en 30d | Cobertura 14d: 0.08,2025-07-13T00:00:00,,
A3816H,downtime,high,349.3 h sin movimiento en 30d | Cobertura 14d: 0.20,2025-07-13T00:00:00,,
LGM538A,downtime,high,281.6 h sin movimiento en 30d | Cobertura 14d: 0.22,2025-07-13T00:00:00,,
LGM538A,downtime,high,493.9 h sin movimiento en 30d | Cobertura 14d: 0.00,2025-07-13T00:00:00,,
LWZ452A,downtime,high,248.0 h sin movimiento en 30d | Cobertura 14d: 0.31,2025-07-13T00:00:00,,
MKH203A,downtime,high,246.3 h sin movimiento en 30d | Cobertura 14d: 0.29,2025-07-13T00:00:00,,
NXR1067,downtime,high,279.9 h sin movimiento en 30d | Cobertura 14d: 0.22,2025-07-13T00:00:00,,
PBR6322,downtime,high,297.8 h sin movimiento en 30d | Cobertura 14d: 0.15,2025-07-13T00:00:00,,
PED4226,downtime,high,268.8 h sin movimiento en 30d | Cobertura 14d: 0.26,2025-07-13T00:00:00,,
A3392G,downtime,high,290.8 h sin movimiento en 30d | Cobertura 14d: 0.00,2025-07-14T00:00:00,,
A3730M,downtime,high,165.5 h sin movimiento en 30d | Cobertura 14d: 0.21,2025-07-14T00:00:00,,
A4792J,downtime,high,172.7 h sin movimiento en 30d | Cobertura 14d: 0.08,2025-07-14T00:00:00,,
A6784G,downtime,high,139.6 h sin movimiento en 30d | Cobertura 14d: 0.18,2025-07-14T00:00:00,,
A6784G,downtime,high,187.3 h sin movimiento en 30d | Cobertura 14d: 0.03,2025-07-14T00:00:00,,
A7876M,downtime,high,271.5 h sin movimiento en 30d | Cobertura 14d: 0.19,2025-07-14T00:00:00,,
PCP7656,downtime,high,291.0 h sin movimiento en 30d | Cobertura 14d: 0.22,2025-07-14T00:00:00,,
A3750L,downtime,high,308.4 h sin movimiento en 30d | Cobertura 14d: 0.16,2025-07-15T00:00:00,,
A4056C,downtime,high,275.7 h sin movimiento en 30d | Cobertura 14d: 0.22,2025-07-15T00:00:00,,
A4342L,downtime,high,214.3 h sin movimiento en 30d | Cobertura 14d: 0.00,2025-07-15T00:00:00,,
NWU2870,downtime,high,272.1 h sin movimiento en 30d | Cobertura 14d: 0.25,2025-07-15T00:00:00,,
NWU2870,downtime,high,490.7 h sin movimiento en 30d | Cobertura 14d: 0.00,2025-07-15T00:00:00,,
NWU2870,downtime,high,332.8 h sin movimiento en 30d | Cobertura 14d: 0.15,2025-07-15T00:00:00,,
YNF452A,downtime,high,251.9 h sin movimiento en 30d | Cobertura 14d: 0.15,2025-07-15T00:00:00,,
YNF452A,downtime,high,433.2 h sin movimiento en 30d | Cobertura 14d: 0.00,2025-07-15T00:00:00,,
756963J,downtime,high,275.9 h sin movimiento en 30d | Cobertura 14d: 0.59,2025-07-16T00:00:00,,
A4267D,downtime,high,294.7 h sin movimiento en 30d | Cobertura 14d: 0.15,2025-07-16T00:00:00,,
A85212D,downtime,high,206.4 h sin movimiento en 30d | Cobertura 14d: 0.05,2025-07-16T00:00:00,,
D41AKT,downtime,high,306.7 h sin movimiento en 30d | Cobertura 14d: 0.17,2025-07-16T00:00:00,,
MGU109A,downtime,high,291.3 h sin movimiento en 30d | Cobertura 14d: 0.19,2025-07-16T00:00:00,,
MJJ069A,downtime,high,255.6 h sin movimiento en 30d | Cobertura 14d: 0.28,2025-07-16T00:00:00,,
MJJ069A,downtime,high,320.7 h sin movimiento en 30d | Cobertura 14d: 0.16,2025-07-16T00:00:00,,
NYU1735,downtime,high,289.0 h sin movimiento en 30d | Cobertura 14d: 0.17,2025-07-16T00:00:00,,
NYU1735,downtime,high,419.1 h sin movimiento en 30d | Cobertura 14d: 0.00,2025-07-16T00:00:00,,
0116YXA,downtime,high,264.1 h sin movimiento en 30d | Cobertura 14d: 0.25,2025-07-17T00:00:00,,
A26145,downtime,high,288.4 h sin movimiento en 30d | Cobertura 14d: 0.21,2025-07-17T00:00:00,,
A7515C,downtime,high,183.7 h sin movimiento en 30d | Cobertura 14d: 0.17,2025-07-17T00:00:00,,
A831JMD,downtime,high,271.2 h sin movimiento en 30d | Cobertura 14d: 0.23,2025-07-17T00:00:00,,
F66BAM,downtime,high,307.7 h sin movimiento en 30d | Cobertura 14d: 0.19,2025-07-17T00:00:00,,
PCE9259,downtime,high,281.6 h sin movimiento en 30d | Cobertura 14d: 0.20,2025-07-17T00:00:00,,
A0016D,downtime,high,273.1 h sin movimiento en 30d | Cobertura 14d: 0.26,2025-07-18T00:00:00,,
A0748J,downtime,high,280.5 h sin movimiento en 30d | Cobertura 14d: 0.23,2025-07-18T00:00:00,,
A0748J,downtime,high,467.9 h sin movimiento en 30d | Cobertura 14d: 0.00,2025-07-18T00:00:00,,
A2674M,downtime,high,150.2 h sin movimiento en 30d | Cobertura 14d: 0.18,2025-07-18T00:00:00,,
LKS335C,downtime,high,217.4 h sin movimiento en 30d | Cobertura 14d: 0.00,2025-07-18T00:00:00,,
NVK163A,downtime,high,165.7 h sin movimiento en 30d | Cobertura 14d: 0.00,2025-07-18T00:00:00,,
NYE3957,downtime,high,288.1 h sin movimiento en 30d | Cobertura 14d: 0.20,2025-07-18T00:00:00,,
NYE3957,downtime,high,458.5 h sin movimiento en 30d | Cobertura 14d: 0.02,2025-07-18T00:00:00,,
NZU3316,downtime,high,283.6 h sin movimiento en 30d | Cobertura 14d: 0.21,2025-07-18T00:00:00,,
NZU3316,downtime,high,449.3 h sin movimiento en 30d | Cobertura 14d: 0.00,2025-07-18T00:00:00,,
NZU3316,downtime,high,394.7 h sin movimiento en 30d | Cobertura 14d: 0.14,2025-07-18T00:00:00,,
PBB3219,downtime,high,228.9 h sin movimiento en 30d | Cobertura 14d: 0.00,2025-07-18T00:00:00,,
PBE9461,downtime,high,263.3 h sin movimiento en 30d | Cobertura 14d: 0.29,2025-07-18T00:00:00,,
Z87ACD,downtime,high,284.2 h sin movimiento en 30d | Cobertura 14d: 0.25,2025-07-18T00:00:00,,
A04126A,downtime,high,235.5 h sin movimiento en 30d | Cobertura 14d: 0.39,2025-07-19T00:00:00,,
A1185K,downtime,high,159.5 h sin movimiento en 30d | Cobertura 14d: 0.02,2025-07-19T00:00:00,,
A3358A,downtime,high,162.7 h sin movimiento en 30d | Cobertura 14d: 0.06,2025-07-19T00:00:00,,
A3757E,downtime,high,277.4 h sin movimiento en 30d | Cobertura 14d: 0.24,2025-07-19T00:00:00,,
A9592J,downtime,high,270.7 h sin movimiento en 30d | Cobertura 14d: 0.25,2025-07-19T00:00:00,,
LMF749A,downtime,high,273.0 h sin movimiento en 30d | Cobertura 14d: 0.24,2025-07-19T00:00:00,,
N28BEP,downtime,high,273.8 h sin movimiento en 30d | Cobertura 14d: 0.23,2025-07-19T00:00:00,,
NFN693A,downtime,high,250.9 h sin movimiento en 30d | Cobertura 14d: 0.00,2025-07-19T00:00:00,,
NXU8505,downtime,high,248.1 h sin movimiento en 30d | Cobertura 14d: 0.25,2025-07-19T00:00:00,,
NXU8505,downtime,high,387.2 h sin movimiento en 30d | Cobertura 14d: 0.07,2025-07-19T00:00:00,,
NXU8505,downtime,high,320.6 h sin movimiento en 30d | Cobertura 14d: 0.19,2025-07-19T00:00:00,,
PDH897B,downtime,high,267.5 h sin movimiento en 30d | Cobertura 14d: 0.26,2025-07-19T00:00:00,,
A3330M,downtime,high,296.7 h sin movimiento en 30d | Cobertura 14d: 0.22,2025-07-20T00:00:00,,
A3512J,downtime,high,260.2 h sin movimiento en 30d | Cobertura 14d: 0.27,2025-07-20T00:00:00,,
A4177K,downtime,high,199.2 h sin movimiento en 30d | Cobertura 14d: 0.20,2025-07-20T00:00:00,,
A4177K,downtime,high,351.4 h sin movimiento en 30d | Cobertura 14d: 0.00,2025-07-20T00:00:00,,
A8402L,downtime,high,148.9 h sin movimiento en 30d | Cobertura 14d: 0.20,2025-07-20T00:00:00,,
A8402L,downtime,high,230.5 h sin movimiento en 30d | Cobertura 14d: 0.10,2025-07-20T00:00:00,,
A8944C,downtime,high,209.2 h sin movimiento en 30d | Cobertura 14d: 0.18,2025-07-20T00:00:00,,
NFH392B,downtime,high,133.5 h sin movimiento en 30d | Cobertura 14d: 0.66,2025-07-20T00:00:00,,
NZN9885,downtime,high,266.8 h sin movimiento en 30d | Cobertura 14d: 0.26,2025-07-20T00:00:00,,
A2657C,downtime,high,275.2 h sin movimiento en 30d | Cobertura 14d: 0.22,2025-07-21T00:00:00,,
PAL6787,downtime,high,271.7 h sin movimiento en 30d | Cobertura 14d: 0.24,2025-07-21T00:00:00,,
710TL023M,downtime,high,133.2 h sin movimiento en 30d | Cobertura 14d: 0.26,2025-07-22T00:00:00,,
A9130A,downtime,high,295.4 h sin movimiento en 30d | Cobertura 14d: 0.17,2025-07-22T00:00:00,,
A9130A,downtime,high,370.3 h sin movimiento en 30d | Cobertura 14d: 0.08,2025-07-22T00:00:00,,
MET467A,downtime,high,270.7 h sin movimiento en 30d | Cobertura 14d: 0.24,2025-07-22T00:00:00,,
MFN464A,downtime,high,262.9 h sin movimiento en 30d | Cobertura 14d: 0.27,2025-07-22T00:00:00,,
MFN464A,downtime,high,328.3 h sin movimiento en 30d | Cobertura 14d: 0.19,2025-07-22T00:00:00,,
NZY5605,downtime,high,283.4 h sin movimiento en 30d | Cobertura 14d: 0.21,2025-07-22T00:00:00,,
PDT552A,downtime,high,290.4 h sin movimiento en 30d | Cobertura 14d: 0.16,2025-07-22T00:00:00,,
060863K,downtime,high,203.6 h sin movimiento en 30d | Cobertura 14d: 0.29,2025-07-23T00:00:00,,
060863K,downtime,high,370.3 h sin movimiento en 30d | Cobertura 14d: 0.13,2025-07-23T00:00:00,,
867004J,downtime,high,211.3 h sin movimiento en 30d | Cobertura 14d: 0.58,2025-07-23T00:00:00,,
A04123A,downtime,high,255.4 h sin movimiento en 30d | Cobertura 14d: 0.26,2025-07-23T00:00:00,,
A2761B,downtime,high,176.9 h sin movimiento en 30d | Cobertura 14d: 0.22,2025-07-23T00:00:00,,
A4096M,downtime,high,217.1 h sin movimiento en 30d | Cobertura 14d: 0.19,2025-07-23T00:00:00,,
A6069L,downtime,high,269.5 h sin movimiento en 30d | Cobertura 14d: 0.23,2025-07-23T00:00:00,,
LB46147,downtime,high,194.6 h sin movimiento en 30d | Cobertura 14d: 0.00,2025-07-23T00:00:00,,
LWM663A,downtime,high,292.3 h sin movimiento en 30d | Cobertura 14d: 0.20,2025-07-23T00:00:00,,
NUA336A,downtime,high,277.9 h sin movimiento en 30d | Cobertura 14d: 0.24,2025-07-23T00:00:00,,
NUA336A,downtime,high,352.0 h sin movimiento en 30d | Cobertura 14d: 0.16,2025-07-23T00:00:00,,
PBH008B,downtime,high,247.9 h sin movimiento en 30d | Cobertura 14d: 0.20,2025-07-23T00:00:00,,
A7371K,downtime,high,261.1 h sin movimiento en 30d | Cobertura 14d: 0.21,2025-07-24T00:00:00,,
FVV484A,downtime,high,170.9 h sin movimiento en 30d | Cobertura 14d: 0.00,2025-07-24T00:00:00,,
NZJ2375,downtime,high,274.5 h sin movimiento en 30d | Cobertura 14d: 0.24,2025-07-24T00:00:00,,
NZN4196,downtime,high,257.1 h sin movimiento en 30d | Cobertura 14d: 0.27,2025-07-24T00:00:00,,
W24APU,downtime,high,203.5 h sin movimiento en 30d | Cobertura 14d: 0.22,2025-07-24T00:00:00,,
71BA4V,downtime,high,168.9 h sin movimiento en 30d | Cobertura 14d: 1.00,2025-07-25T00:00:00,,
770680J,downtime,high,141.3 h sin movimiento en 30d | Cobertura 14d: 0.65,2025-07-25T00:00:00,,
770778J,downtime,high,148.8 h sin movimiento en 30d | Cobertura 14d: 0.24,2025-07-25T00:00:00,,
770778J,downtime,high,258.3 h sin movimiento en 30d | Cobertura 14d: 0.14,2025-07-25T00:00:00,,
A0103J,downtime,high,195.4 h sin movimiento en 30d | Cobertura 14d: 0.00,2025-07-25T00:00:00,,
A05286A,downtime,high,203.0 h sin movimiento en 30d | Cobertura 14d: 0.56,2025-07-25T00:00:00,,
A05286A,downtime,high,403.4 h sin movimiento en 30d | Cobertura 14d: 0.27,2025-07-25T00:00:00,,
A2464C,downtime,high,243.1 h sin movimiento en 30d | Cobertura 14d: 0.31,2025-07-25T00:00:00,,
A6525L,downtime,high,276.7 h sin movimiento en 30d | Cobertura 14d: 0.25,2025-07-25T00:00:00,,
MVY555B,downtime,high,268.9 h sin movimiento en 30d | Cobertura 14d: 0.26,2025-07-25T00:00:00,,
NFH2748,downtime,high,257.5 h sin movimiento en 30d | Cobertura 14d: 0.21,2025-07-25T00:00:00,,
NUJ6630,downtime,high,289.4 h sin movimiento en 30d | Cobertura 14d: 0.21,2025-07-25T00:00:00,,
NUP773A,downtime,high,270.0 h sin movimiento en 30d | Cobertura 14d: 0.22,2025-07-25T00:00:00,,
NYM3174,downtime,high,276.7 h sin movimiento en 30d | Cobertura 14d: 0.20,2025-07-25T00:00:00,,
A03782E,downtime,high,272.2 h sin movimiento en 30d | Cobertura 14d: 0.42,2025-07-26T00:00:00,,
A04255A,downtime,high,220.3 h sin movimiento en 30d | Cobertura 14d: 0.34,2025-07-26T00:00:00,,
A04255A,downtime,high,420.8 h sin movimiento en 30d | Cobertura 14d: 0.16,2025-07-26T00:00:00,,
A04429A,downtime,high,150.7 h sin movimiento en 30d | Cobertura 14d: 0.56,2025-07-26T00:00:00,,
A05175A,downtime,high,184.2 h sin movimiento en 30d | Cobertura 14d: 0.47,2025-07-26T00:00:00,,
A114JLB,downtime,high,275.8 h sin movimiento en 30d | Cobertura 14d: 0.20,2025-07-26T00:00:00,,
A3612C,downtime,high,276.3 h sin movimiento en 30d | Cobertura 14d: 0.23,2025-07-26T00:00:00,,
A7164E,downtime,high,222.8 h sin movimiento en 30d | Cobertura 14d: 0.22,2025-07-26T00:00:00,,
A7164E,downtime,high,364.4 h sin movimiento en 30d | Cobertura 14d: 0.07,2025-07-26T00:00:00,,
A7164E,downtime,high,309.5 h sin movimiento en 30d | Cobertura 14d: 0.09,2025-07-26T00:00:00,,
A77647D,downtime,high,213.0 h sin movimiento en 30d | Cobertura 14d: 0.62,2025-07-26T00:00:00,,
A84780D,downtime,high,215.5 h sin movimiento en 30d | Cobertura 14d: 0.31,2025-07-26T00:00:00,,
A85424D,downtime,high,123.6 h sin movimiento en 30d | Cobertura 14d: 0.57,2025-07-26T00:00:00,,
A952JMF,downtime,high,281.8 h sin movimiento en 30d | Cobertura 14d: 0.21,2025-07-26T00:00:00,,
CR5860,downtime,high,228.4 h sin movimiento en 30d | Cobertura 14d: 1.00,2025-07-26T00:00:00,,
G07BJK,downtime,high,279.1 h sin movimiento en 30d | Cobertura 14d: 0.23,2025-07-26T00:00:00,,
LVA200C,downtime,high,147.9 h sin movimiento en 30d | Cobertura 14d: 0.20,2025-07-26T00:00:00,,
MHN831B,downtime,high,223.9 h sin movimiento en 30d | Cobertura 14d: 0.23,2025-07-26T00:00:00,,
NZT3779,downtime,high,272.1 h sin movimiento en 30d | Cobertura 14d: 0.23,2025-07-26T00:00:00,,
P08BJB,downtime,high,227.2 h sin movimiento en 30d | Cobertura 14d: 0.24,2025-07-26T00:00:00,,
PED7381,downtime,high,148.5 h sin movimiento en 30d | Cobertura 14d: 0.21,2025-07-26T00:00:00,,
PEF6461,downtime,high,302.3 h sin movimiento en 30d | Cobertura 14d: 0.14,2025-07-26T00:00:00,,
R11BRA,downtime,high,265.9 h sin movimiento en 30d | Cobertura 14d: 0.29,2025-07-26T00:00:00,,
XXJ175B,downtime,high,157.4 h sin movimiento en 30d | Cobertura 14d: 0.00,2025-07-26T00:00:00,,
0603561C,downtime,high,134.3 h sin movimiento en 30d | Cobertura 14d: 0.62,2025-07-27T00:00:00,,
060374K,downtime,high,157.6 h sin movimiento en 30d | Cobertura 14d: 0.44,2025-07-27T00:00:00,,
1802MDF058,downtime,high,175.7 h sin movimiento en 30d | Cobertura 14d: 0.10,2025-07-27T00:00:00,,
A04626A,downtime,high,172.2 h sin movimiento en 30d | Cobertura 14d: 0.57,2025-07-27T00:00:00,,
A1506D,downtime,high,289.0 h sin movimiento en 30d | Cobertura 14d: 0.19,2025-07-27T00:00:00,,
A2092L,downtime,high,287.6 h sin movimiento en 30d | Cobertura 14d: 0.22,2025-07-27T00:00:00,,
A22603,downtime,high,121.0 h sin movimiento en 30d | Cobertura 14d: 0.15,2025-07-27T00:00:00,,
A22603,downtime,high,259.4 h sin movimiento en 30d | Cobertura 14d: 0.00,2025-07-27T00:00:00,,
A22603,downtime,high,232.3 h sin movimiento en 30d | Cobertura 14d: 0.08,2025-07-27T00:00:00,,
A274JMF,downtime,high,255.0 h sin movimiento en 30d | Cobertura 14d: 0.29,2025-07-27T00:00:00,,
A4404M,downtime,high,308.1 h sin movimiento en 30d | Cobertura 14d: 0.17,2025-07-27T00:00:00,,
A4434C,downtime,high,281.1 h sin movimiento en 30d | Cobertura 14d: 0.22,2025-07-27T00:00:00,,
A5176E,downtime,high,280.7 h sin movimiento en 30d | Cobertura 14d: 0.20,2025-07-27T00:00:00,,
A6839B,downtime,high,296.2 h sin movimiento en 30d | Cobertura 14d: 0.17,2025-07-27T00:00:00,,
A6839B,downtime,high,400.8 h sin movimiento en 30d | Cobertura 14d: 0.08,2025-07-27T00:00:00,,
A77281D,downtime,high,298.9 h sin movimiento en 30d | Cobertura 14d: 0.49,2025-07-27T00:00:00,,
A77639D,downtime,high,133.4 h sin movimiento en 30d | Cobertura 14d: 0.57,2025-07-27T00:00:00,,
A77639D,downtime,high,257.7 h sin movimiento en 30d | Cobertura 14d: 0.37,2025-07-27T00:00:00,,
A7886M,downtime,high,265.5 h sin movimiento en 30d | Cobertura 14d: 0.24,2025-07-27T00:00:00,,
A7886M,downtime,high,364.4 h sin movimiento en 30d | Cobertura 14d: 0.12,2025-07-27T00:00:00,,
A8912B,downtime,high,284.8 h sin movimiento en 30d | Cobertura 14d: 0.22,2025-07-27T00:00:00,,
H27AKN,downtime,high,283.1 h sin movimiento en 30d | Cobertura 14d: 0.21,2025-07-27T00:00:00,,
LGG763B,downtime,high,248.1 h sin movimiento en 30d | Cobertura 14d: 0.27,2025-07-27T00:00:00,,
LRS739A,downtime,high,277.3 h sin movimiento en 30d | Cobertura 14d: 0.21,2025-07-27T00:00:00,,
MGY297A,downtime,high,245.0 h sin movimiento en 30d | Cobertura 14d: 0.31,2025-07-27T00:00:00,,
MXD895A,downtime,high,297.8 h sin movimiento en 30d | Cobertura 14d: 0.19,2025-07-27T00:00:00,,
MZB912A,downtime,high,279.0 h sin movimiento en 30d | Cobertura 14d: 0.23,2025-07-27T00:00:00,,
NAV388A,downtime,high,277.5 h sin movimiento en 30d | Cobertura 14d: 0.27,2025-07-27T00:00:00,,
NDG818A,downtime,high,280.2 h sin movimiento en 30d | Cobertura 14d: 0.25,2025-07-27T00:00:00,,
NDG818A,downtime,high,368.8 h sin movimiento en 30d | Cobertura 14d: 0.16,2025-07-27T00:00:00,,
NYJ2223,downtime,high,268.6 h sin movimiento en 30d | Cobertura 14d: 0.27,2025-07-27T00:00:00,,
NYJ2223,downtime,high,403.9 h sin movimiento en 30d | Cobertura 14d: 0.00,2025-07-27T00:00:00,,
NYU750B,downtime,high,265.9 h sin movimiento en 30d | Cobertura 14d: 0.26,2025-07-27T00:00:00,,
PBV1337,downtime,high,273.8 h sin movimiento en 30d | Cobertura 14d: 0.24,2025-07-27T00:00:00,,
PDF2203,downtime,high,273.3 h sin movimiento en 30d | Cobertura 14d: 0.23,2025-07-27T00:00:00,,
PEM8837,downtime,high,274.9 h sin movimiento en 30d | Cobertura 14d: 0.25,2025-07-27T00:00:00,,
753233J,downtime,high,209.8 h sin movimiento en 30d | Cobertura 14d: 0.39,2025-07-28T00:00:00,,
A05177A,downtime,high,174.4 h sin movimiento en 30d | Cobertura 14d: 0.56,2025-07-28T00:00:00,,
A05177A,downtime,high,383.0 h sin movimiento en 30d | Cobertura 14d: 0.29,2025-07-28T00:00:00,,
A1844K,downtime,high,190.2 h sin movimiento en 30d | Cobertura 14d: 0.18,2025-07-28T00:00:00,,
A4756A,downtime,high,265.3 h sin movimiento en 30d | Cobertura 14d: 0.28,2025-07-28T00:00:00,,
A579JMD,downtime,high,289.1 h sin movimiento en 30d | Cobertura 14d: 0.23,2025-07-28T00:00:00,,
A6397J,downtime,high,282.4 h sin movimiento en 30d | Cobertura 14d: 0.21,2025-07-28T00:00:00,,
A6397J,downtime,high,427.0 h sin movimiento en 30d | Cobertura 14d: 0.05,2025-07-28T00:00:00,,
A8046M,downtime,high,296.8 h sin movimiento en 30d | Cobertura 14d: 0.17,2025-07-28T00:00:00,,
A8046M,downtime,high,444.4 h sin movimiento en 30d | Cobertura 14d: 0.00,2025-07-28T00:00:00,,
A85090D,downtime,high,203.8 h sin movimiento en 30d | Cobertura 14d: 0.60,2025-07-28T00:00:00,,
A9423D,downtime,high,297.0 h sin movimiento en 30d | Cobertura 14d: 0.23,2025-07-28T00:00:00,,
A9895M,downtime,high,259.9 h sin movimiento en 30d | Cobertura 14d: 0.28,2025-07-28T00:00:00,,
A9895M,downtime,high,322.2 h sin movimiento en 30d | Cobertura 14d: 0.14,2025-07-28T00:00:00,,
LKC143B,downtime,high,267.5 h sin movimiento en 30d | Cobertura 14d: 0.24,2025-07-28T00:00:00,,
LKC143B,downtime,high,459.7 h sin movimiento en 30d | Cobertura 14d: 0.03,2025-07-28T00:00:00,,
LUB299B,downtime,high,263.2 h sin movimiento en 30d | Cobertura 14d: 0.29,2025-07-28T00:00:00,,
N66BPK,downtime,high,276.0 h sin movimiento en 30d | Cobertura 14d: 0.22,2025-07-28T00:00:00,,
N66BPK,downtime,high,488.0 h sin movimiento en 30d | Cobertura 14d: 0.00,2025-07-28T00:00:00,,
NXY1429,downtime,high,254.6 h sin movimiento en 30d | Cobertura 14d: 0.28,2025-07-28T00:00:00,,
NXY1429,downtime,high,394.2 h sin movimiento en 30d | Cobertura 14d: 0.10,2025-07-28T00:00:00,,
NZY4328,downtime,high,165.8 h sin movimiento en 30d | Cobertura 14d: 0.23,2025-07-28T00:00:00,,
NZY4328,downtime,high,254.6 h sin movimiento en 30d | Cobertura 14d: 0.15,2025-07-28T00:00:00,,
PCD9582,downtime,high,285.0 h sin movimiento en 30d | Cobertura 14d: 0.21,2025-07-28T00:00:00,,
PDP9133,downtime,high,269.2 h sin movimiento en 30d | Cobertura 14d: 0.26,2025-07-28T00:00:00,,
PEE3676,downtime,high,188.3 h sin movimiento en 30d | Cobertura 14d: 0.23,2025-07-28T00:00:00,,
UPS230G,downtime,high,278.8 h sin movimiento en 30d | Cobertura 14d: 0.22,2025-07-28T00:00:00,,
UPS230G,downtime,high,470.4 h sin movimiento en 30d | Cobertura 14d: 0.00,2025-07-28T00:00:00,,
11G896,downtime,high,284.9 h sin movimiento en 30d | Cobertura 14d: 0.19,2025-07-29T00:00:00,,
11G896,downtime,high,449.1 h sin movimiento en 30d | Cobertura 14d: 0.00,2025-07-29T00:00:00,,
A01034A,downtime,high,207.8 h sin movimiento en 30d | Cobertura 14d: 0.45,2025-07-29T00:00:00,,
A01034A,downtime,high,328.2 h sin movimiento en 30d | Cobertura 14d: 0.20,2025-07-29T00:00:00,,
A02303A,downtime,high,243.2 h sin movimiento en 30d | Cobertura 14d: 0.32,2025-07-29T00:00:00,,
A03956A,downtime,high,220.4 h sin movimiento en 30d | Cobertura 14d: 0.37,2025-07-29T00:00:00,,
A05278A,downtime,high,185.1 h sin movimiento en 30d | Cobertura 14d: 0.42,2025-07-29T00:00:00,,
A19BNE,downtime,high,271.7 h sin movimiento en 30d | Cobertura 14d: 0.23,2025-07-29T00:00:00,,
A3319E,downtime,high,184.7 h sin movimiento en 30d | Cobertura 14d: 0.04,2025-07-29T00:00:00,,
A4584C,downtime,high,297.7 h sin movimiento en 30d | Cobertura 14d: 0.17,2025-07-29T00:00:00,,
A546JMF,downtime,high,280.5 h sin movimiento en 30d | Cobertura 14d: 0.23,2025-07-29T00:00:00,,
A6181H,downtime,high,289.3 h sin movimiento en 30d | Cobertura 14d: 0.19,2025-07-29T00:00:00,,
A6187A,downtime,high,286.9 h sin movimiento en 30d | Cobertura 14d: 0.22,2025-07-29T00:00:00,,
A6187A,downtime,high,348.4 h sin movimiento en 30d | Cobertura 14d: 0.10,2025-07-29T00:00:00,,
A6505B,downtime,high,237.0 h sin movimiento en 30d | Cobertura 14d: 0.28,2025-07-29T00:00:00,,
A77524D,downtime,high,152.3 h sin movimiento en 30d | Cobertura 14d: 0.54,2025-07-29T00:00:00,,
A8624L,downtime,high,120.4 h sin movimiento en 30d | Cobertura 14d: 0.16,2025-07-29T00:00:00,,
L62AYS,downtime,high,293.8 h sin movimiento en 30d | Cobertura 14d: 0.25,2025-07-29T00:00:00,,
L62AYS,downtime,high,448.1 h sin movimiento en 30d | Cobertura 14d: 0.09,2025-07-29T00:00:00,,
LB82663,downtime,high,230.0 h sin movimiento en 30d | Cobertura 14d: 0.38,2025-07-29T00:00:00,,
LB82663,downtime,high,411.7 h sin movimiento en 30d | Cobertura 14d: 0.10,2025-07-29T00:00:00,,
LG58491,downtime,high,235.4 h sin movimiento en 30d | Cobertura 14d: 0.27,2025-07-29T00:00:00,,
LG58491,downtime,high,398.4 h sin movimiento en 30d | Cobertura 14d: 0.12,2025-07-29T00:00:00,,
LHN874B,downtime,high,287.8 h sin movimiento en 30d | Cobertura 14d: 0.22,2025-07-29T00:00:00,,
LHY326B,downtime,high,288.4 h sin movimiento en 30d | Cobertura 14d: 0.23,2025-07-29T00:00:00,,
MGU724A,downtime,high,156.8 h sin movimiento en 30d | Cobertura 14d: 0.32,2025-07-29T00:00:00,,
NSZ793A,downtime,high,265.4 h sin movimiento en 30d | Cobertura 14d: 0.23,2025-07-29T00:00:00,,
NVS700A,downtime,high,278.1 h sin movimiento en 30d | Cobertura 14d: 0.24,2025-07-29T00:00:00,,
NZT5678,downtime,high,316.6 h sin movimiento en 30d | Cobertura 14d: 0.10,2025-07-29T00:00:00,,
PBP3281,downtime,high,208.7 h sin movimiento en 30d | Cobertura 14d: 0.19,2025-07-29T00:00:00,,
PBW6513,downtime,high,264.5 h sin movimiento en 30d | Cobertura 14d: 0.33,2025-07-29T00:00:00,,
PCB4784,downtime,high,267.2 h sin movimiento en 30d | Cobertura 14d: 0.23,2025-07-29T00:00:00,,
PEF2218,downtime,high,270.2 h sin movimiento en 30d | Cobertura 14d: 0.24,2025-07-29T00:00:00,,
PEK2124,downtime,high,230.5 h sin movimiento en 30d | Cobertura 14d: 0.19,2025-07-29T00:00:00,,
PEK2124,downtime,high,373.1 h sin movimiento en 30d | Cobertura 14d: 0.00,2025-07-29T00:00:00,,
PEM2390,downtime,high,276.3 h sin movimiento en 30d | Cobertura 14d: 0.23,2025-07-29T00:00:00,,
PEU5630,downtime,high,247.7 h sin movimiento en 30d | Cobertura 14d: 0.21,2025-07-29T00:00:00,,
W92AMJ,downtime,high,263.2 h sin movimiento en 30d | Cobertura 14d: 0.26,2025-07-29T00:00:00,,
W969409,downtime,high,201.6 h sin movimiento en 30d | Cobertura 14d: 1.00,2025-07-29T00:00:00,,
1704EDM001,downtime,high,272.8 h sin movimiento en 30d | Cobertura 14d: 0.17,2025-07-30T00:00:00,,
5480JES,downtime,high,247.0 h sin movimiento en 30d | Cobertura 14d: 0.35,2025-07-30T00:00:00,,
770957J,downtime,high,123.7 h sin movimiento en 30d | Cobertura 14d: 0.66,2025-07-30T00:00:00,,
A0050B,downtime,high,295.7 h sin movimiento en 30d | Cobertura 14d: 0.18,2025-07-30T00:00:00,,
A0050B,downtime,high,419.5 h sin movimiento en 30d | Cobertura 14d: 0.00,2025-07-30T00:00:00,,
A02362A,downtime,high,164.1 h sin movimiento en 30d | Cobertura 14d: 0.51,2025-07-30T00:00:00,,
A03951A,downtime,high,314.3 h sin movimiento en 30d | Cobertura 14d: 0.42,2025-07-30T00:00:00,,
A03992A,downtime,high,196.2 h sin movimiento en 30d | Cobertura 14d: 0.48,2025-07-30T00:00:00,,
A04151A,downtime,high,189.0 h sin movimiento en 30d | Cobertura 14d: 0.51,2025-07-30T00:00:00,,
A04214A,downtime,high,181.4 h sin movimiento en 30d | Cobertura 14d: 0.52,2025-07-30T00:00:00,,
A04214A,downtime,high,334.6 h sin movimiento en 30d | Cobertura 14d: 0.29,2025-07-30T00:00:00,,
A04251A,downtime,high,166.5 h sin movimiento en 30d | Cobertura 14d: 0.51,2025-07-30T00:00:00,,
A04254A,downtime,high,262.9 h sin movimiento en 30d | Cobertura 14d: 0.29,2025-07-30T00:00:00,,
A04427A,downtime,high,155.4 h sin movimiento en 30d | Cobertura 14d: 0.54,2025-07-30T00:00:00,,
A04427A,downtime,high,296.5 h sin movimiento en 30d | Cobertura 14d: 0.36,2025-07-30T00:00:00,,
A04427A,downtime,high,275.2 h sin movimiento en 30d | Cobertura 14d: 0.47,2025-07-30T00:00:00,,
A0478C,downtime,high,254.2 h sin movimiento en 30d | Cobertura 14d: 0.31,2025-07-30T00:00:00,,
A05018A,downtime,high,148.3 h sin movimiento en 30d | Cobertura 14d: 0.58,2025-07-30T00:00:00,,
A05018A,downtime,high,338.1 h sin movimiento en 30d | Cobertura 14d: 0.43,2025-07-30T00:00:00,,
A05024A,downtime,high,191.9 h sin movimiento en 30d | Cobertura 14d: 0.53,2025-07-30T00:00:00,,
A0528N,downtime,high,275.9 h sin movimiento en 30d | Cobertura 14d: 0.23,2025-07-30T00:00:00,,
A05432A,downtime,high,193.7 h sin movimiento en 30d | Cobertura 14d: 0.53,2025-07-30T00:00:00,,
A24654E,downtime,high,223.5 h sin movimiento en 30d | Cobertura 14d: 0.45,2025-07-30T00:00:00,,
A26057E,downtime,high,222.8 h sin movimiento en 30d | Cobertura 14d: 0.38,2025-07-30T00:00:00,,
A2835L,downtime,high,289.2 h sin movimiento en 30d | Cobertura 14d: 0.20,2025-07-30T00:00:00,,
A2841C,downtime,high,245.1 h sin movimiento en 30d | Cobertura 14d: 0.36,2025-07-30T00:00:00,,
A28535E,downtime,high,195.9 h sin movimiento en 30d | Cobertura 14d: 0.68,2025-07-30T00:00:00,,
A29015E,downtime,high,192.0 h sin movimiento en 30d | Cobertura 14d: 0.68,2025-07-30T00:00:00,,
A29465E,downtime,high,169.6 h sin movimiento en 30d | Cobertura 14d: 0.54,2025-07-30T00:00:00,,
A3155K,downtime,high,273.8 h sin movimiento en 30d | Cobertura 14d: 0.26,2025-07-30T00:00:00,,
A3625B,downtime,high,264.3 h sin movimiento en 30d | Cobertura 14d: 0.23,2025-07-30T00:00:00,,
A4307J,downtime,high,297.4 h sin movimiento en 30d | Cobertura 14d: 0.15,2025-07-30T00:00:00,,
A4826H,downtime,high,285.0 h sin movimiento en 30d | Cobertura 14d: 0.20,2025-07-30T00:00:00,,
A4826H,downtime,high,455.0 h sin movimiento en 30d | Cobertura 14d: 0.02,2025-07-30T00:00:00,,
A6140E,downtime,high,177.2 h sin movimiento en 30d | Cobertura 14d: 0.21,2025-07-30T00:00:00,,
A6164B,downtime,high,287.6 h sin movimiento en 30d | Cobertura 14d: 0.22,2025-07-30T00:00:00,,
A6274A,downtime,high,270.4 h sin movimiento en 30d | Cobertura 14d: 0.25,2025-07-30T00:00:00,,
A6360C,downtime,high,252.6 h sin movimiento en 30d | Cobertura 14d: 0.30,2025-07-30T00:00:00,,
A6859J,downtime,high,276.4 h sin movimiento en 30d | Cobertura 14d: 0.23,2025-07-30T00:00:00,,
A7360E,downtime,high,261.6 h sin movimiento en 30d | Cobertura 14d: 0.29,2025-07-30T00:00:00,,
A7360E,downtime,high,457.2 h sin movimiento en 30d | Cobertura 14d: 0.12,2025-07-30T00:00:00,,
A77254D,downtime,high,130.3 h sin movimiento en 30d | Cobertura 14d: 0.62,2025-07-30T00:00:00,,
A7874H,downtime,high,279.8 h sin movimiento en 30d | Cobertura 14d: 0.19,2025-07-30T00:00:00,,
A8143L,downtime,high,273.7 h sin movimiento en 30d | Cobertura 14d: 0.25,2025-07-30T00:00:00,,
A8143L,downtime,high,361.1 h sin movimiento en 30d | Cobertura 14d: 0.19,2025-07-30T00:00:00,,
A835JMF,downtime,high,291.3 h sin movimiento en 30d | Cobertura 14d: 0.23,2025-07-30T00:00:00,,
A835JMF,downtime,high,472.3 h sin movimiento en 30d | Cobertura 14d: 0.00,2025-07-30T00:00:00,,
A835JMF,downtime,high,331.4 h sin movimiento en 30d | Cobertura 14d: 0.11,2025-07-30T00:00:00,,
A84130D,downtime,high,130.2 h sin movimiento en 30d | Cobertura 14d: 0.57,2025-07-30T00:00:00,,
A8523D,downtime,high,280.4 h sin movimiento en 30d | Cobertura 14d: 0.25,2025-07-30T00:00:00,,
A8527J,downtime,high,274.9 h sin movimiento en 30d | Cobertura 14d: 0.25,2025-07-30T00:00:00,,
A8527J,downtime,high,398.8 h sin movimiento en 30d | Cobertura 14d: 0.07,2025-07-30T00:00:00,,
A85593D,downtime,high,147.8 h sin movimiento en 30d | Cobertura 14d: 0.69,2025-07-30T00:00:00,,
A8584C,downtime,high,298.0 h sin movimiento en 30d | Cobertura 14d: 0.18,2025-07-30T00:00:00,,
A9255J,downtime,high,271.3 h sin movimiento en 30d | Cobertura 14d: 0.26,2025-07-30T00:00:00,,
A9412C,downtime,high,300.6 h sin movimiento en 30d | Cobertura 14d: 0.14,2025-07-30T00:00:00,,
A9862H,downtime,high,294.4 h sin movimiento en 30d | Cobertura 14d: 0.18,2025-07-30T00:00:00,,
A9976D,downtime,high,318.3 h sin movimiento en 30d | Cobertura 14d: 0.12,2025-07-30T00:00:00,,
A9976D,downtime,high,501.2 h sin movimiento en 30d | Cobertura 14d: 0.00,2025-07-30T00:00:00,,
AEW266B,downtime,high,270.0 h sin movimiento en 30d | Cobertura 14d: 0.25,2025-07-30T00:00:00,,
CR5674,downtime,high,156.7 h sin movimiento en 30d | Cobertura 14d: 1.00,2025-07-30T00:00:00,,
F73AGY,downtime,high,242.8 h sin movimiento en 30d | Cobertura 14d: 0.22,2025-07-30T00:00:00,,
L95BJV,downtime,high,281.8 h sin movimiento en 30d | Cobertura 14d: 0.22,2025-07-30T00:00:00,,
L95BJV,downtime,high,425.7 h sin movimiento en 30d | Cobertura 14d: 0.00,2025-07-30T00:00:00,,
LC33620,downtime,high,219.3 h sin movimiento en 30d | Cobertura 14d: 0.40,2025-07-30T00:00:00,,
LF28206,downtime,high,152.5 h sin movimiento en 30d | Cobertura 14d: 0.34,2025-07-30T00:00:00,,
LHL900C,downtime,high,275.2 h sin movimiento en 30d | Cobertura 14d: 0.23,2025-07-30T00:00:00,,
LKE361A,downtime,high,275.9 h sin movimiento en 30d | Cobertura 14d: 0.23,2025-07-30T00:00:00,,
LMG569A,downtime,high,264.6 h sin movimiento en 30d | Cobertura 14d: 0.27,2025-07-30T00:00:00,,
LTY048A,downtime,high,273.7 h sin movimiento en 30d | Cobertura 14d: 0.25,2025-07-30T00:00:00,,
LWY580A,downtime,high,194.4 h sin movimiento en 30d | Cobertura 14d: 0.52,2025-07-30T00:00:00,,
LWY580A,downtime,high,343.6 h sin movimiento en 30d | Cobertura 14d: 0.28,2025-07-30T00:00:00,,
LWY580A,downtime,high,314.3 h sin movimiento en 30d | Cobertura 14d: 0.47,2025-07-30T00:00:00,,
MAW556B,downtime,high,252.3 h sin movimiento en 30d | Cobertura 14d: 0.32,2025-07-30T00:00:00,,
MAW556B,downtime,high,464.4 h sin movimiento en 30d | Cobertura 14d: 0.04,2025-07-30T00:00:00,,
MKM030B,downtime,high,137.1 h sin movimiento en 30d | Cobertura 14d: 0.32,2025-07-30T00:00:00,,
MKM030B,downtime,high,258.3 h sin movimiento en 30d | Cobertura 14d: 0.11,2025-07-30T00:00:00,,
MMZ579A,downtime,high,283.8 h sin movimiento en 30d | Cobertura 14d: 0.19,2025-07-30T00:00:00,,
MTE9565,downtime,high,279.9 h sin movimiento en 30d | Cobertura 14d: 0.27,2025-07-30T00:00:00,,
MZV5006,downtime,high,282.1 h sin movimiento en 30d | Cobertura 14d: 0.24,2025-07-30T00:00:00,,
NEE554A,downtime,high,283.5 h sin movimiento en 30d | Cobertura 14d: 0.21,2025-07-30T00:00:00,,
NLK6258,downtime,high,277.3 h sin movimiento en 30d | Cobertura 14d: 0.24,2025-07-30T00:00:00,,
NLK6258,downtime,high,431.6 h sin movimiento en 30d | Cobertura 14d: 0.00,2025-07-30T00:00:00,,
NWR8317,downtime,high,265.9 h sin movimiento en 30d | Cobertura 14d: 0.25,2025-07-30T00:00:00,,
NXK3934,downtime,high,182.3 h sin movimiento en 30d | Cobertura 14d: 0.21,2025-07-30T00:00:00,,
NXK3934,downtime,high,345.5 h sin movimiento en 30d | Cobertura 14d: 0.00,2025-07-30T00:00:00,,
NXK3934,downtime,high,254.8 h sin movimiento en 30d | Cobertura 14d: 0.13,2025-07-30T00:00:00,,
NXK6292,downtime,high,261.5 h sin movimiento en 30d | Cobertura 14d: 0.31,2025-07-30T00:00:00,,
NYB2200,downtime,high,270.0 h sin movimiento en 30d | Cobertura 14d: 0.26,2025-07-30T00:00:00,,
NYX9511,downtime,high,263.4 h sin movimiento en 30d | Cobertura 14d: 0.22,2025-07-30T00:00:00,,
NZT6199,downtime,high,286.2 h sin movimiento en 30d | Cobertura 14d: 0.22,2025-07-30T00:00:00,,
NZT6199,downtime,high,418.8 h sin movimiento en 30d | Cobertura 14d: 0.00,2025-07-30T00:00:00,,
PAA8087,downtime,high,221.2 h sin movimiento en 30d | Cobertura 14d: 0.82,2025-07-30T00:00:00,,
PAE1032,downtime,high,269.2 h sin movimiento en 30d | Cobertura 14d: 0.24,2025-07-30T00:00:00,,
PAE1032,downtime,high,440.1 h sin movimiento en 30d | Cobertura 14d: 0.08,2025-07-30T00:00:00,,
PAY7657,downtime,high,281.6 h sin movimiento en 30d | Cobertura 14d: 0.23,2025-07-30T00:00:00,,
PBT3215,downtime,high,283.0 h sin movimiento en 30d | Cobertura 14d: 0.24,2025-07-30T00:00:00,,
PBW4091,downtime,high,259.4 h sin movimiento en 30d | Cobertura 14d: 0.30,2025-07-30T00:00:00,,
PBW4091,downtime,high,343.3 h sin movimiento en 30d | Cobertura 14d: 0.18,2025-07-30T00:00:00,,
PCA9362,downtime,high,266.5 h sin movimiento en 30d | Cobertura 14d: 0.23,2025-07-30T00:00:00,,
PCA9362,downtime,high,431.6 h sin movimiento en 30d | Cobertura 14d: 0.06,2025-07-30T00:00:00,,
PCE9619,downtime,high,248.7 h sin movimiento en 30d | Cobertura 14d: 0.29,2025-07-30T00:00:00,,
PDR4456,downtime,high,258.1 h sin movimiento en 30d | Cobertura 14d: 0.28,2025-07-30T00:00:00,,
PDR4456,downtime,high,413.9 h sin movimiento en 30d | Cobertura 14d: 0.12,2025-07-30T00:00:00,,
PEH5762,downtime,high,263.4 h sin movimiento en 30d | Cobertura 14d: 0.25,2025-07-30T00:00:00,,
PEH5762,downtime,high,369.3 h sin movimiento en 30d | Cobertura 14d: 0.17,2025-07-30T00:00:00,,
PEH9697,downtime,high,284.5 h sin movimiento en 30d | Cobertura 14d: 0.18,2025-07-30T00:00:00,,
PEH9697,downtime,high,409.8 h sin movimiento en 30d | Cobertura 14d: 0.02,2025-07-30T00:00:00,,
PEZ8103,downtime,high,271.9 h sin movimiento en 30d | Cobertura 14d: 0.22,2025-07-30T00:00:00,,
R75ASY,downtime,high,173.6 h sin movimiento en 30d | Cobertura 14d: 0.25,2025-07-30T00:00:00,,
RAF432D,downtime,high,277.8 h sin movimiento en 30d | Cobertura 14d: 0.23,2025-07-30T00:00:00,,
S52BCX,downtime,high,281.4 h sin movimiento en 30d | Cobertura 14d: 0.21,2025-07-30T00:00:00,,
S52BCX,downtime,high,450.0 h sin movimiento en 30d | Cobertura 14d: 0.01,2025-07-30T00:00:00,,
W41APD,downtime,high,306.1 h sin movimiento en 30d | Cobertura 14d: 0.15,2025-07-30T00:00:00,,
060381K,downtime,high,155.6 h sin movimiento en 30d | Cobertura 14d: 0.61,2025-07-31T00:00:00,,
060845K,downtime,high,219.7 h sin movimiento en 30d | Cobertura 14d: 0.36,2025-07-31T00:00:00,,
060874K,downtime,high,138.8 h sin movimiento en 30d | Cobertura 14d: 0.44,2025-07-31T00:00:00,,
061288K,downtime,high,121.6 h sin movimiento en 30d | Cobertura 14d: 0.65,2025-07-31T00:00:00,,
1611MDF003,downtime,high,276.8 h sin movimiento en 30d | Cobertura 14d: 0.20,2025-07-31T00:00:00,,
329VBS,downtime,high,243.4 h sin movimiento en 30d | Cobertura 14d: 0.34,2025-07-31T00:00:00,,
329VBS,downtime,high,401.6 h sin movimiento en 30d | Cobertura 14d: 0.05,2025-07-31T00:00:00,,
329VBS,downtime,high,337.9 h sin movimiento en 30d | Cobertura 14d: 0.28,2025-07-31T00:00:00,,
404TL087,downtime,high,123.4 h sin movimiento en 30d | Cobertura 14d: 0.65,2025-07-31T00:00:00,,
475TL188,downtime,high,216.5 h sin movimiento en 30d | Cobertura 14d: 0.76,2025-07-31T00:00:00,,
705TL005M,downtime,high,129.2 h sin movimiento en 30d | Cobertura 14d: 0.50,2025-07-31T00:00:00,,
705TL005M,downtime,high,267.0 h sin movimiento en 30d | Cobertura 14d: 0.27,2025-07-31T00:00:00,,
770529J,downtime,high,150.7 h sin movimiento en 30d | Cobertura 14d: 0.51,2025-07-31T00:00:00,,
838745J,downtime,high,173.5 h sin movimiento en 30d | Cobertura 14d: 0.57,2025-07-31T00:00:00,,
9026746,downtime,high,200.3 h sin movimiento en 30d | Cobertura 14d: 0.38,2025-07-31T00:00:00,,
9312JES,downtime,high,283.4 h sin movimiento en 30d | Cobertura 14d: 0.23,2025-07-31T00:00:00,,
A005JMD,downtime,high,255.4 h sin movimiento en 30d | Cobertura 14d: 0.27,2025-07-31T00:00:00,,
A00819A,downtime,high,226.3 h sin movimiento en 30d | Cobertura 14d: 0.38,2025-07-31T00:00:00,,
A00819A,downtime,high,317.4 h sin movimiento en 30d | Cobertura 14d: 0.33,2025-07-31T00:00:00,,
A01860A,downtime,high,139.1 h sin movimiento en 30d | Cobertura 14d: 0.57,2025-07-31T00:00:00,,
A01929A,downtime,high,210.3 h sin movimiento en 30d | Cobertura 14d: 0.44,2025-07-31T00:00:00,,
A02013A,downtime,high,193.2 h sin movimiento en 30d | Cobertura 14d: 0.58,2025-07-31T00:00:00,,
A02076A,downtime,high,164.5 h sin movimiento en 30d | Cobertura 14d: 0.50,2025-07-31T00:00:00,,
A02294A,downtime,high,174.1 h sin movimiento en 30d | Cobertura 14d: 0.55,2025-07-31T00:00:00,,
A02414A,downtime,high,160.1 h sin movimiento en 30d | Cobertura 14d: 0.57,2025-07-31T00:00:00,,
A02415A,downtime,high,155.0 h sin movimiento en 30d | Cobertura 14d: 0.55,2025-07-31T00:00:00,,
A02425A,downtime,high,145.0 h sin movimiento en 30d | Cobertura 14d: 0.65,2025-07-31T00:00:00,,
A02465A,downtime,high,196.5 h sin movimiento en 30d | Cobertura 14d: 0.46,2025-07-31T00:00:00,,
A02902A,downtime,high,141.0 h sin movimiento en 30d | Cobertura 14d: 0.58,2025-07-31T00:00:00,,
A02925A,downtime,high,172.3 h sin movimiento en 30d | Cobertura 14d: 0.52,2025-07-31T00:00:00,,
A02939A,downtime,high,150.3 h sin movimiento en 30d | Cobertura 14d: 0.57,2025-07-31T00:00:00,,
A02939A,downtime,high,294.3 h sin movimiento en 30d | Cobertura 14d: 0.39,2025-07-31T00:00:00,,
A02939A,downtime,high,214.2 h sin movimiento en 30d | Cobertura 14d: 0.46,2025-07-31T00:00:00,,
A03898A,downtime,high,254.0 h sin movimiento en 30d | Cobertura 14d: 0.28,2025-07-31T00:00:00,,
A03952A,downtime,high,140.8 h sin movimiento en 30d | Cobertura 14d: 0.63,2025-07-31T00:00:00,,
A03952A,downtime,high,233.1 h sin movimiento en 30d | Cobertura 14d: 0.50,2025-07-31T00:00:00,,
A03961A,downtime,high,152.0 h sin movimiento en 30d | Cobertura 14d: 0.53,2025-07-31T00:00:00,,
A03962A,downtime,high,173.1 h sin movimiento en 30d | Cobertura 14d: 0.51,2025-07-31T00:00:00,,
A03966A,downtime,high,167.7 h sin movimiento en 30d | Cobertura 14d: 0.57,2025-07-31T00:00:00,,
A03970A,downtime,high,181.5 h sin movimiento en 30d | Cobertura 14d: 0.47,2025-07-31T00:00:00,,
A03970A,downtime,high,331.1 h sin movimiento en 30d | Cobertura 14d: 0.23,2025-07-31T00:00:00,,
A03972A,downtime,high,195.6 h sin movimiento en 30d | Cobertura 14d: 0.42,2025-07-31T00:00:00,,
A03974A,downtime,high,152.1 h sin movimiento en 30d | Cobertura 14d: 0.55,2025-07-31T00:00:00,,
A03978A,downtime,high,205.7 h sin movimiento en 30d | Cobertura 14d: 0.65,2025-07-31T00:00:00,,
A03985A,downtime,high,122.6 h sin movimiento en 30d | Cobertura 14d: 0.68,2025-07-31T00:00:00,,
A03987A,downtime,high,195.5 h sin movimiento en 30d | Cobertura 14d: 0.41,2025-07-31T00:00:00,,
A03989A,downtime,high,174.3 h sin movimiento en 30d | Cobertura 14d: 0.52,2025-07-31T00:00:00,,
A03990A,downtime,high,222.0 h sin movimiento en 30d | Cobertura 14d: 0.40,2025-07-31T00:00:00,,
A03991A,downtime,high,183.6 h sin movimiento en 30d | Cobertura 14d: 0.46,2025-07-31T00:00:00,,
A03993A,downtime,high,194.0 h sin movimiento en 30d | Cobertura 14d: 0.45,2025-07-31T00:00:00,,
A04128A,downtime,high,203.8 h sin movimiento en 30d | Cobertura 14d: 0.40,2025-07-31T00:00:00,,
A04205A,downtime,high,178.7 h sin movimiento en 30d | Cobertura 14d: 0.55,2025-07-31T00:00:00,,
A04205A,downtime,high,288.7 h sin movimiento en 30d | Cobertura 14d: 0.44,2025-07-31T00:00:00,,
A04213A,downtime,high,134.7 h sin movimiento en 30d | Cobertura 14d: 0.64,2025-07-31T00:00:00,,
A04213A,downtime,high,263.7 h sin movimiento en 30d | Cobertura 14d: 0.43,2025-07-31T00:00:00,,
A04229A,downtime,high,160.2 h sin movimiento en 30d | Cobertura 14d: 0.55,2025-07-31T00:00:00,,
A04230A,downtime,high,160.4 h sin movimiento en 30d | Cobertura 14d: 0.50,2025-07-31T00:00:00,,
A04231A,downtime,high,247.3 h sin movimiento en 30d | Cobertura 14d: 0.40,2025-07-31T00:00:00,,
A04231A,downtime,high,202.3 h sin movimiento en 30d | Cobertura 14d: 0.60,2025-07-31T00:00:00,,
A04233A,downtime,high,152.1 h sin movimiento en 30d | Cobertura 14d: 0.42,2025-07-31T00:00:00,,
A04243A,downtime,high,205.0 h sin movimiento en 30d | Cobertura 14d: 0.44,2025-07-31T00:00:00,,
A04247A,downtime,high,155.6 h sin movimiento en 30d | Cobertura 14d: 0.55,2025-07-31T00:00:00,,
A04248A,downtime,high,189.0 h sin movimiento en 30d | Cobertura 14d: 0.44,2025-07-31T00:00:00,,
A04249A,downtime,high,201.0 h sin movimiento en 30d | Cobertura 14d: 0.37,2025-07-31T00:00:00,,
A04250A,downtime,high,211.7 h sin movimiento en 30d | Cobertura 14d: 0.41,2025-07-31T00:00:00,,
A04250A,downtime,high,415.4 h sin movimiento en 30d | Cobertura 14d: 0.21,2025-07-31T00:00:00,,
A04344A,downtime,high,162.4 h sin movimiento en 30d | Cobertura 14d: 0.60,2025-07-31T00:00:00,,
A04351A,downtime,high,148.3 h sin movimiento en 30d | Cobertura 14d: 0.51,2025-07-31T00:00:00,,
A04353A,downtime,high,185.2 h sin movimiento en 30d | Cobertura 14d: 0.46,2025-07-31T00:00:00,,
A04353A,downtime,high,375.3 h sin movimiento en 30d | Cobertura 14d: 0.27,2025-07-31T00:00:00,,
A04363A,downtime,high,164.8 h sin movimiento en 30d | Cobertura 14d: 0.54,2025-07-31T00:00:00,,
A04363A,downtime,high,330.1 h sin movimiento en 30d | Cobertura 14d: 0.30,2025-07-31T00:00:00,,
A04428A,downtime,high,179.2 h sin movimiento en 30d | Cobertura 14d: 0.53,2025-07-31T00:00:00,,
A04440A,downtime,high,229.8 h sin movimiento en 30d | Cobertura 14d: 0.40,2025-07-31T00:00:00,,
A04501A,downtime,high,136.2 h sin movimiento en 30d | Cobertura 14d: 0.64,2025-07-31T00:00:00,,
A04502A,downtime,high,211.1 h sin movimiento en 30d | Cobertura 14d: 0.39,2025-07-31T00:00:00,,
A04502A,downtime,high,397.8 h sin movimiento en 30d | Cobertura 14d: 0.20,2025-07-31T00:00:00,,
A04504A,downtime,high,180.4 h sin movimiento en 30d | Cobertura 14d: 0.57,2025-07-31T00:00:00,,
A04509A,downtime,high,136.2 h sin movimiento en 30d | Cobertura 14d: 0.63,2025-07-31T00:00:00,,
A04512A,downtime,high,167.9 h sin movimiento en 30d | Cobertura 14d: 0.50,2025-07-31T00:00:00,,
A04516A,downtime,high,202.3 h sin movimiento en 30d | Cobertura 14d: 0.51,2025-07-31T00:00:00,,
A04516A,downtime,high,266.6 h sin movimiento en 30d | Cobertura 14d: 0.38,2025-07-31T00:00:00,,
A04521A,downtime,high,163.2 h sin movimiento en 30d | Cobertura 14d: 0.55,2025-07-31T00:00:00,,
A04521A,downtime,high,240.0 h sin movimiento en 30d | Cobertura 14d: 0.47,2025-07-31T00:00:00,,
A04523A,downtime,high,262.7 h sin movimiento en 30d | Cobertura 14d: 0.43,2025-07-31T00:00:00,,
A04525A,downtime,high,156.9 h sin movimiento en 30d | Cobertura 14d: 0.54,2025-07-31T00:00:00,,
A04525A,downtime,high,208.2 h sin movimiento en 30d | Cobertura 14d: 0.42,2025-07-31T00:00:00,,
A04527A,downtime,high,205.3 h sin movimiento en 30d | Cobertura 14d: 0.42,2025-07-31T00:00:00,,
A04533A,downtime,high,191.3 h sin movimiento en 30d | Cobertura 14d: 0.48,2025-07-31T00:00:00,,
A04538A,downtime,high,207.4 h sin movimiento en 30d | Cobertura 14d: 0.43,2025-07-31T00:00:00,,
A04549A,downtime,high,206.4 h sin movimiento en 30d | Cobertura 14d: 0.42,2025-07-31T00:00:00,,
A04549A,downtime,high,299.4 h sin movimiento en 30d | Cobertura 14d: 0.34,2025-07-31T00:00:00,,
A04552A,downtime,high,202.6 h sin movimiento en 30d | Cobertura 14d: 0.45,2025-07-31T00:00:00,,
A04554A,downtime,high,154.2 h sin movimiento en 30d | Cobertura 14d: 0.53,2025-07-31T00:00:00,,
A04559A,downtime,high,175.8 h sin movimiento en 30d | Cobertura 14d: 0.48,2025-07-31T00:00:00,,
A04565A,downtime,high,168.6 h sin movimiento en 30d | Cobertura 14d: 0.49,2025-07-31T00:00:00,,
A04566A,downtime,high,149.0 h sin movimiento en 30d | Cobertura 14d: 0.53,2025-07-31T00:00:00,,
A04568A,downtime,high,165.6 h sin movimiento en 30d | Cobertura 14d: 0.53,2025-07-31T00:00:00,,
A04573A,downtime,high,169.1 h sin movimiento en 30d | Cobertura 14d: 0.48,2025-07-31T00:00:00,,
A04584A,downtime,high,123.5 h sin movimiento en 30d | Cobertura 14d: 0.64,2025-07-31T00:00:00,,
A04591A,downtime,high,194.7 h sin movimiento en 30d | Cobertura 14d: 0.43,2025-07-31T00:00:00,,
A04592A,downtime,high,169.9 h sin movimiento en 30d | Cobertura 14d: 0.49,2025-07-31T00:00:00,,
A04596A,downtime,high,144.7 h sin movimiento en 30d | Cobertura 14d: 0.60,2025-07-31T00:00:00,,
A04596A,downtime,high,272.2 h sin movimiento en 30d | Cobertura 14d: 0.32,2025-07-31T00:00:00,,
A04600A,downtime,high,220.3 h sin movimiento en 30d | Cobertura 14d: 0.36,2025-07-31T00:00:00,,
A04661A,downtime,high,194.3 h sin movimiento en 30d | Cobertura 14d: 0.45,2025-07-31T00:00:00,,
A0466L,downtime,high,262.2 h sin movimiento en 30d | Cobertura 14d: 0.24,2025-07-31T00:00:00,,
A04671A,downtime,high,143.4 h sin movimiento en 30d | Cobertura 14d: 0.60,2025-07-31T00:00:00,,
A04673A,downtime,high,148.3 h sin movimiento en 30d | Cobertura 14d: 0.57,2025-07-31T00:00:00,,
A04675A,downtime,high,126.4 h sin movimiento en 30d | Cobertura 14d: 0.67,2025-07-31T00:00:00,,
A04678A,downtime,high,170.8 h sin movimiento en 30d | Cobertura 14d: 0.50,2025-07-31T00:00:00,,
A04680A,downtime,high,155.4 h sin movimiento en 30d | Cobertura 14d: 0.57,2025-07-31T00:00:00,,
A04680A,downtime,high,327.9 h sin movimiento en 30d | Cobertura 14d: 0.34,2025-07-31T00:00:00,,
A04686A,downtime,high,177.3 h sin movimiento en 30d | Cobertura 14d: 0.51,2025-07-31T00:00:00,,
A04688A,downtime,high,136.0 h sin movimiento en 30d | Cobertura 14d: 0.57,2025-07-31T00:00:00,,
A04689A,downtime,high,210.3 h sin movimiento en 30d | Cobertura 14d: 0.45,2025-07-31T00:00:00,,
A04692A,downtime,high,150.3 h sin movimiento en 30d | Cobertura 14d: 0.58,2025-07-31T00:00:00,,
A04692A,downtime,high,336.0 h sin movimiento en 30d | Cobertura 14d: 0.29,2025-07-31T00:00:00,,
A04693A,downtime,high,120.0 h sin movimiento en 30d | Cobertura 14d: 0.66,2025-07-31T00:00:00,,
A04695A,downtime,high,163.1 h sin movimiento en 30d | Cobertura 14d: 0.53,2025-07-31T00:00:00,,
A04697A,downtime,high,168.5 h sin movimiento en 30d | Cobertura 14d: 0.50,2025-07-31T00:00:00,,
A04704A,downtime,high,198.0 h sin movimiento en 30d | Cobertura 14d: 0.52,2025-07-31T00:00:00,,
A04706A,downtime,high,194.8 h sin movimiento en 30d | Cobertura 14d: 0.47,2025-07-31T00:00:00,,
A04708A,downtime,high,165.2 h sin movimiento en 30d | Cobertura 14d: 0.58,2025-07-31T00:00:00,,
A04725A,downtime,high,154.0 h sin movimiento en 30d | Cobertura 14d: 0.59,2025-07-31T00:00:00,,
A04725A,downtime,high,325.4 h sin movimiento en 30d | Cobertura 14d: 0.43,2025-07-31T00:00:00,,
A04743A,downtime,high,202.8 h sin movimiento en 30d | Cobertura 14d: 0.44,2025-07-31T00:00:00,,
A05011A,downtime,high,149.9 h sin movimiento en 30d | Cobertura 14d: 0.59,2025-07-31T00:00:00,,
A05011A,downtime,high,231.4 h sin movimiento en 30d | Cobertura 14d: 0.46,2025-07-31T00:00:00,,
A05012A,downtime,high,121.2 h sin movimiento en 30d | Cobertura 14d: 0.63,2025-07-31T00:00:00,,
A05016A,downtime,high,148.0 h sin movimiento en 30d | Cobertura 14d: 0.59,2025-07-31T00:00:00,,
A05022A,downtime,high,134.7 h sin movimiento en 30d | Cobertura 14d: 0.65,2025-07-31T00:00:00,,
A05026A,downtime,high,128.2 h sin movimiento en 30d | Cobertura 14d: 0.63,2025-07-31T00:00:00,,
A05026A,downtime,high,308.6 h sin movimiento en 30d | Cobertura 14d: 0.38,2025-07-31T00:00:00,,
A05028A,downtime,high,171.5 h sin movimiento en 30d | Cobertura 14d: 0.51,2025-07-31T00:00:00,,
A05109A,downtime,high,189.8 h sin movimiento en 30d | Cobertura 14d: 0.49,2025-07-31T00:00:00,,
A05113A,downtime,high,172.6 h sin movimiento en 30d | Cobertura 14d: 0.53,2025-07-31T00:00:00,,
A05115A,downtime,high,168.3 h sin movimiento en 30d | Cobertura 14d: 0.53,2025-07-31T00:00:00,,
A05115A,downtime,high,269.1 h sin movimiento en 30d | Cobertura 14d: 0.40,2025-07-31T00:00:00,,
A05128A,downtime,high,168.0 h sin movimiento en 30d | Cobertura 14d: 0.63,2025-07-31T00:00:00,,
A05128A,downtime,high,346.0 h sin movimiento en 30d | Cobertura 14d: 0.40,2025-07-31T00:00:00,,
A05142A,downtime,high,185.9 h sin movimiento en 30d | Cobertura 14d: 0.50,2025-07-31T00:00:00,,
A05142A,downtime,high,266.2 h sin movimiento en 30d | Cobertura 14d: 0.39,2025-07-31T00:00:00,,
A05151A,downtime,high,130.9 h sin movimiento en 30d | Cobertura 14d: 0.65,2025-07-31T00:00:00,,
A05155A,downtime,high,196.3 h sin movimiento en 30d | Cobertura 14d: 0.52,2025-07-31T00:00:00,,
A05155A,downtime,high,325.3 h sin movimiento en 30d | Cobertura 14d: 0.34,2025-07-31T00:00:00,,
A05157A,downtime,high,166.4 h sin movimiento en 30d | Cobertura 14d: 0.58,2025-07-31T00:00:00,,
A05159A,downtime,high,180.0 h sin movimiento en 30d | Cobertura 14d: 0.55,2025-07-31T00:00:00,,
A05159A,downtime,high,357.8 h sin movimiento en 30d | Cobertura 14d: 0.26,2025-07-31T00:00:00,,
A05164A,downtime,high,120.1 h sin movimiento en 30d | Cobertura 14d: 0.67,2025-07-31T00:00:00,,
A05165A,downtime,high,197.7 h sin movimiento en 30d | Cobertura 14d: 0.46,2025-07-31T00:00:00,,
A05166A,downtime,high,178.2 h sin movimiento en 30d | Cobertura 14d: 0.53,2025-07-31T00:00:00,,
A05166A,downtime,high,362.7 h sin movimiento en 30d | Cobertura 14d: 0.31,2025-07-31T00:00:00,,
A05169A,downtime,high,145.6 h sin movimiento en 30d | Cobertura 14d: 0.58,2025-07-31T00:00:00,,
A05176A,downtime,high,172.6 h sin movimiento en 30d | Cobertura 14d: 0.51,2025-07-31T00:00:00,,
A05188A,downtime,high,238.5 h sin movimiento en 30d | Cobertura 14d: 0.39,2025-07-31T00:00:00,,
A05188A,downtime,high,219.9 h sin movimiento en 30d | Cobertura 14d: 0.48,2025-07-31T00:00:00,,
A05206A,downtime,high,187.8 h sin movimiento en 30d | Cobertura 14d: 0.43,2025-07-31T00:00:00,,
A05207A,downtime,high,181.7 h sin movimiento en 30d | Cobertura 14d: 0.50,2025-07-31T00:00:00,,
A05211A,downtime,high,162.2 h sin movimiento en 30d | Cobertura 14d: 0.49,2025-07-31T00:00:00,,
A05211A,downtime,high,373.6 h sin movimiento en 30d | Cobertura 14d: 0.23,2025-07-31T00:00:00,,
A05214A,downtime,high,182.0 h sin movimiento en 30d | Cobertura 14d: 0.47,2025-07-31T00:00:00,,
A05220A,downtime,high,178.8 h sin movimiento en 30d | Cobertura 14d: 0.52,2025-07-31T00:00:00,,
A05225A,downtime,high,168.5 h sin movimiento en 30d | Cobertura 14d: 0.49,2025-07-31T00:00:00,,
A05228A,downtime,high,167.6 h sin movimiento en 30d | Cobertura 14d: 0.55,2025-07-31T00:00:00,,
A05228A,downtime,high,298.4 h sin movimiento en 30d | Cobertura 14d: 0.33,2025-07-31T00:00:00,,
A05229A,downtime,high,160.3 h sin movimiento en 30d | Cobertura 14d: 0.59,2025-07-31T00:00:00,,
A05234A,downtime,high,150.6 h sin movimiento en 30d | Cobertura 14d: 0.55,2025-07-31T00:00:00,,
A05234A,downtime,high,370.5 h sin movimiento en 30d | Cobertura 14d: 0.36,2025-07-31T00:00:00,,
A05247A,downtime,high,153.0 h sin movimiento en 30d | Cobertura 14d: 0.46,2025-07-31T00:00:00,,
A05253A,downtime,high,222.1 h sin movimiento en 30d | Cobertura 14d: 0.35,2025-07-31T00:00:00,,
A05255A,downtime,high,169.7 h sin movimiento en 30d | Cobertura 14d: 0.51,2025-07-31T00:00:00,,
A05258A,downtime,high,122.7 h sin movimiento en 30d | Cobertura 14d: 0.60,2025-07-31T00:00:00,,
A05274A,downtime,high,154.9 h sin movimiento en 30d | Cobertura 14d: 0.60,2025-07-31T00:00:00,,
A05274A,downtime,high,368.7 h sin movimiento en 30d | Cobertura 14d: 0.39,2025-07-31T00:00:00,,
A05290A,downtime,high,186.6 h sin movimiento en 30d | Cobertura 14d: 0.47,2025-07-31T00:00:00,,
A05292A,downtime,high,165.8 h sin movimiento en 30d | Cobertura 14d: 0.51,2025-07-31T00:00:00,,
A05354A,downtime,high,155.6 h sin movimiento en 30d | Cobertura 14d: 0.58,2025-07-31T00:00:00,,
A05355A,downtime,high,191.2 h sin movimiento en 30d | Cobertura 14d: 0.46,2025-07-31T00:00:00,,
A05356A,downtime,high,189.5 h sin movimiento en 30d | Cobertura 14d: 0.52,2025-07-31T00:00:00,,
A05408A,downtime,high,145.8 h sin movimiento en 30d | Cobertura 14d: 0.55,2025-07-31T00:00:00,,
A05409A,downtime,high,128.3 h sin movimiento en 30d | Cobertura 14d: 0.61,2025-07-31T00:00:00,,
A05410A,downtime,high,232.3 h sin movimiento en 30d | Cobertura 14d: 0.54,2025-07-31T00:00:00,,
A05503A,downtime,high,154.2 h sin movimiento en 30d | Cobertura 14d: 0.53,2025-07-31T00:00:00,,
A05504A,downtime,high,139.9 h sin movimiento en 30d | Cobertura 14d: 0.59,2025-07-31T00:00:00,,
A05505A,downtime,high,196.3 h sin movimiento en 30d | Cobertura 14d: 0.47,2025-07-31T00:00:00,,
A05506A,downtime,high,173.4 h sin movimiento en 30d | Cobertura 14d: 0.53,2025-07-31T00:00:00,,
A05506A,downtime,high,251.1 h sin movimiento en 30d | Cobertura 14d: 0.47,2025-07-31T00:00:00,,
A05507A,downtime,high,125.1 h sin movimiento en 30d | Cobertura 14d: 0.59,2025-07-31T00:00:00,,
A05508A,downtime,high,201.8 h sin movimiento en 30d | Cobertura 14d: 0.48,2025-07-31T00:00:00,,
A05508A,downtime,high,281.1 h sin movimiento en 30d | Cobertura 14d: 0.35,2025-07-31T00:00:00,,
A0576E,downtime,high,267.7 h sin movimiento en 30d | Cobertura 14d: 0.25,2025-07-31T00:00:00,,
A0576E,downtime,high,321.7 h sin movimiento en 30d | Cobertura 14d: 0.13,2025-07-31T00:00:00,,
A0623N,downtime,high,278.3 h sin movimiento en 30d | Cobertura 14d: 0.24,2025-07-31T00:00:00,,
A0646E,downtime,high,280.1 h sin movimiento en 30d | Cobertura 14d: 0.24,2025-07-31T00:00:00,,
A0646E,downtime,high,459.2 h sin movimiento en 30d | Cobertura 14d: 0.05,2025-07-31T00:00:00,,
A0646E,downtime,high,397.0 h sin movimiento en 30d | Cobertura 14d: 0.13,2025-07-31T00:00:00,,
A0689J,downtime,high,265.7 h sin movimiento en 30d | Cobertura 14d: 0.23,2025-07-31T00:00:00,,
A0689J,downtime,high,328.5 h sin movimiento en 30d | Cobertura 14d: 0.17,2025-07-31T00:00:00,,
A1024C,downtime,high,201.1 h sin movimiento en 30d | Cobertura 14d: 0.27,2025-07-31T00:00:00,,
A1155G,downtime,high,283.1 h sin movimiento en 30d | Cobertura 14d: 0.22,2025-07-31T00:00:00,,
A154JMF,downtime,high,271.9 h sin movimiento en 30d | Cobertura 14d: 0.24,2025-07-31T00:00:00,,
A1776H,downtime,high,268.3 h sin movimiento en 30d | Cobertura 14d: 0.30,2025-07-31T00:00:00,,
A2000N,downtime,high,271.8 h sin movimiento en 30d | Cobertura 14d: 0.26,2025-07-31T00:00:00,,
A2000N,downtime,high,443.7 h sin movimiento en 30d | Cobertura 14d: 0.08,2025-07-31T00:00:00,,
A23232E,downtime,high,219.5 h sin movimiento en 30d | Cobertura 14d: 0.55,2025-07-31T00:00:00,,
A23443E,downtime,high,211.7 h sin movimiento en 30d | Cobertura 14d: 0.45,2025-07-31T00:00:00,,
A24207E,downtime,high,192.7 h sin movimiento en 30d | Cobertura 14d: 0.48,2025-07-31T00:00:00,,
A25096E,downtime,high,178.7 h sin movimiento en 30d | Cobertura 14d: 0.47,2025-07-31T00:00:00,,
A2525C,downtime,high,287.0 h sin movimiento en 30d | Cobertura 14d: 0.21,2025-07-31T00:00:00,,
A25924E,downtime,high,252.5 h sin movimiento en 30d | Cobertura 14d: 0.54,2025-07-31T00:00:00,,
A26082E,downtime,high,132.6 h sin movimiento en 30d | Cobertura 14d: 0.64,2025-07-31T00:00:00,,
A26082E,downtime,high,232.2 h sin movimiento en 30d | Cobertura 14d: 0.54,2025-07-31T00:00:00,,
A266JME,downtime,high,262.1 h sin movimiento en 30d | Cobertura 14d: 0.28,2025-07-31T00:00:00,,
A2862L,downtime,high,263.7 h sin movimiento en 30d | Cobertura 14d: 0.31,2025-07-31T00:00:00,,
A2961J,downtime,high,261.2 h sin movimiento en 30d | Cobertura 14d: 0.28,2025-07-31T00:00:00,,
A346JMC,downtime,high,276.0 h sin movimiento en 30d | Cobertura 14d: 0.22,2025-07-31T00:00:00,,
A346JMC,downtime,high,361.7 h sin movimiento en 30d | Cobertura 14d: 0.10,2025-07-31T00:00:00,,
A399JMB,downtime,high,271.7 h sin movimiento en 30d | Cobertura 14d: 0.23,2025-07-31T00:00:00,,
A4223B,downtime,high,291.4 h sin movimiento en 30d | Cobertura 14d: 0.20,2025-07-31T00:00:00,,
A4223B,downtime,high,373.1 h sin movimiento en 30d | Cobertura 14d: 0.15,2025-07-31T00:00:00,,
A4250B,downtime,high,292.5 h sin movimiento en 30d | Cobertura 14d: 0.18,2025-07-31T00:00:00,,
A5272H,downtime,high,275.2 h sin movimiento en 30d | Cobertura 14d: 0.25,2025-07-31T00:00:00,,
A5272H,downtime,high,483.8 h sin movimiento en 30d | Cobertura 14d: 0.00,2025-07-31T00:00:00,,
A5376K,downtime,high,299.4 h sin movimiento en 30d | Cobertura 14d: 0.18,2025-07-31T00:00:00,,
A555JMA,downtime,high,253.2 h sin movimiento en 30d | Cobertura 14d: 0.46,2025-07-31T00:00:00,,
A555JMA,downtime,high,434.1 h sin movimiento en 30d | Cobertura 14d: 0.27,2025-07-31T00:00:00,,
A555JMA,downtime,high,321.3 h sin movimiento en 30d | Cobertura 14d: 0.38,2025-07-31T00:00:00,,
A5709B,downtime,high,278.9 h sin movimiento en 30d | Cobertura 14d: 0.21,2025-07-31T00:00:00,,
A596JLA,downtime,high,244.1 h sin movimiento en 30d | Cobertura 14d: 0.34,2025-07-31T00:00:00,,
A596JLA,downtime,high,422.6 h sin movimiento en 30d | Cobertura 14d: 0.12,2025-07-31T00:00:00,,
A6317D,downtime,high,293.0 h sin movimiento en 30d | Cobertura 14d: 0.20,2025-07-31T00:00:00,,
A6617J,downtime,high,276.6 h sin movimiento en 30d | Cobertura 14d: 0.23,2025-07-31T00:00:00,,
A674JMD,downtime,high,267.6 h sin movimiento en 30d | Cobertura 14d: 0.25,2025-07-31T00:00:00,,
A6867C,downtime,high,275.5 h sin movimiento en 30d | Cobertura 14d: 0.29,2025-07-31T00:00:00,,
A7138G,downtime,high,275.6 h sin movimiento en 30d | Cobertura 14d: 0.22,2025-07-31T00:00:00,,
A7138G,downtime,high,432.2 h sin movimiento en 30d | Cobertura 14d: 0.00,2025-07-31T00:00:00,,
A728JMF,downtime,high,259.8 h sin movimiento en 30d | Cobertura 14d: 0.27,2025-07-31T00:00:00,,
A728JMF,downtime,high,385.1 h sin movimiento en 30d | Cobertura 14d: 0.09,2025-07-31T00:00:00,,
A77364D,downtime,high,272.7 h sin movimiento en 30d | Cobertura 14d: 0.68,2025-07-31T00:00:00,,
A7738C,downtime,high,250.6 h sin movimiento en 30d | Cobertura 14d: 0.27,2025-07-31T00:00:00,,
A77404D,downtime,high,191.6 h sin movimiento en 30d | Cobertura 14d: 0.65,2025-07-31T00:00:00,,
A77407D,downtime,high,219.5 h sin movimiento en 30d | Cobertura 14d: 0.76,2025-07-31T00:00:00,,
A77407D,downtime,high,338.4 h sin movimiento en 30d | Cobertura 14d: 0.69,2025-07-31T00:00:00,,
A7742G,downtime,high,271.3 h sin movimiento en 30d | Cobertura 14d: 0.26,2025-07-31T00:00:00,,
A7742G,downtime,high,391.2 h sin movimiento en 30d | Cobertura 14d: 0.14,2025-07-31T00:00:00,,
A77525D,downtime,high,179.9 h sin movimiento en 30d | Cobertura 14d: 0.63,2025-07-31T00:00:00,,
A8446C,downtime,high,304.1 h sin movimiento en 30d | Cobertura 14d: 0.16,2025-07-31T00:00:00,,
A85470D,downtime,high,204.8 h sin movimiento en 30d | Cobertura 14d: 0.54,2025-07-31T00:00:00,,
A85597D,downtime,high,183.0 h sin movimiento en 30d | Cobertura 14d: 0.62,2025-07-31T00:00:00,,
A85853D,downtime,high,129.5 h sin movimiento en 30d | Cobertura 14d: 0.55,2025-07-31T00:00:00,,
A8691L,downtime,high,160.3 h sin movimiento en 30d | Cobertura 14d: 0.21,2025-07-31T00:00:00,,
A929JMF,downtime,high,237.9 h sin movimiento en 30d | Cobertura 14d: 0.28,2025-07-31T00:00:00,,
A9425H,downtime,high,273.0 h sin movimiento en 30d | Cobertura 14d: 0.25,2025-07-31T00:00:00,,
A9588H,downtime,high,260.9 h sin movimiento en 30d | Cobertura 14d: 0.29,2025-07-31T00:00:00,,
A988JMJ,downtime,high,246.3 h sin movimiento en 30d | Cobertura 14d: 0.30,2025-07-31T00:00:00,,
A9926G,downtime,high,282.9 h sin movimiento en 30d | Cobertura 14d: 0.24,2025-07-31T00:00:00,,
A9926G,downtime,high,383.9 h sin movimiento en 30d | Cobertura 14d: 0.14,2025-07-31T00:00:00,,
A996JMF,downtime,high,272.0 h sin movimiento en 30d | Cobertura 14d: 0.22,2025-07-31T00:00:00,,
CR5816,downtime,high,196.8 h sin movimiento en 30d | Cobertura 14d: 1.00,2025-07-31T00:00:00,,
D43AFF,downtime,high,270.2 h sin movimiento en 30d | Cobertura 14d: 0.23,2025-07-31T00:00:00,,
ECA102,downtime,high,155.2 h sin movimiento en 30d | Cobertura 14d: 0.41,2025-07-31T00:00:00,,
ECA312,downtime,high,128.2 h sin movimiento en 30d | Cobertura 14d: 0.55,2025-07-31T00:00:00,,
ECA417,downtime,high,151.3 h sin movimiento en 30d | Cobertura 14d: 0.11,2025-07-31T00:00:00,,
G60APY,downtime,high,270.6 h sin movimiento en 30d | Cobertura 14d: 0.24,2025-07-31T00:00:00,,
GOLDEN01,downtime,high,212.3 h sin movimiento en 30d | Cobertura 14d: 1.00,2025-07-31T00:00:00,,
GOLDEN03,downtime,high,196.7 h sin movimiento en 30d | Cobertura 14d: 1.00,2025-07-31T00:00:00,,
GOLDEN04,downtime,high,189.6 h sin movimiento en 30d | Cobertura 14d: 1.00,2025-07-31T00:00:00,,
H34AEZ,downtime,high,253.8 h sin movimiento en 30d | Cobertura 14d: 0.29,2025-07-31T00:00:00,,
J0074334,downtime,high,163.7 h sin movimiento en 30d | Cobertura 14d: 0.58,2025-07-31T00:00:00,,
J0074334,downtime,high,322.9 h sin movimiento en 30d | Cobertura 14d: 0.30,2025-07-31T00:00:00,,
J0074334,downtime,high,210.3 h sin movimiento en 30d | Cobertura 14d: 0.47,2025-07-31T00:00:00,,
J75BNH,downtime,high,282.9 h sin movimiento en 30d | Cobertura 14d: 0.21,2025-07-31T00:00:00,,
K56BHK,downtime,high,274.3 h sin movimiento en 30d | Cobertura 14d: 0.24,2025-07-31T00:00:00,,
K95AVE,downtime,high,283.1 h sin movimiento en 30d | Cobertura 14d: 0.20,2025-07-31T00:00:00,,
K95AVE,downtime,high,452.7 h sin movimiento en 30d | Cobertura 14d: 0.00,2025-07-31T00:00:00,,
L48BKG,downtime,high,256.9 h sin movimiento en 30d | Cobertura 14d: 0.23,2025-07-31T00:00:00,,
L59AZH,downtime,high,286.6 h sin movimiento en 30d | Cobertura 14d: 0.20,2025-07-31T00:00:00,,
LB46149,downtime,high,214.3 h sin movimiento en 30d | Cobertura 14d: 0.41,2025-07-31T00:00:00,,
LB46149,downtime,high,377.9 h sin movimiento en 30d | Cobertura 14d: 0.15,2025-07-31T00:00:00,,
LC33624,downtime,high,224.7 h sin movimiento en 30d | Cobertura 14d: 0.45,2025-07-31T00:00:00,,
LC33626,downtime,high,217.0 h sin movimiento en 30d | Cobertura 14d: 0.41,2025-07-31T00:00:00,,
LF63372,downtime,high,238.1 h sin movimiento en 30d | Cobertura 14d: 0.32,2025-07-31T00:00:00,,
LLK145A,downtime,high,221.7 h sin movimiento en 30d | Cobertura 14d: 0.42,2025-07-31T00:00:00,,
LMM734A,downtime,high,241.6 h sin movimiento en 30d | Cobertura 14d: 0.33,2025-07-31T00:00:00,,
LMM734A,downtime,high,425.1 h sin movimiento en 30d | Cobertura 14d: 0.03,2025-07-31T00:00:00,,
LMS927B,downtime,high,263.2 h sin movimiento en 30d | Cobertura 14d: 0.24,2025-07-31T00:00:00,,
LMU573B,downtime,high,271.4 h sin movimiento en 30d | Cobertura 14d: 0.25,2025-07-31T00:00:00,,
LUG097B,downtime,high,251.0 h sin movimiento en 30d | Cobertura 14d: 0.30,2025-07-31T00:00:00,,
LVS956A,downtime,high,278.9 h sin movimiento en 30d | Cobertura 14d: 0.22,2025-07-31T00:00:00,,
LVS956A,downtime,high,454.6 h sin movimiento en 30d | Cobertura 14d: 0.00,2025-07-31T00:00:00,,
LYD932B,downtime,high,280.6 h sin movimiento en 30d | Cobertura 14d: 0.22,2025-07-31T00:00:00,,
M10ASM,downtime,high,267.0 h sin movimiento en 30d | Cobertura 14d: 0.26,2025-07-31T00:00:00,,
M10ASM,downtime,high,457.3 h sin movimiento en 30d | Cobertura 14d: 0.00,2025-07-31T00:00:00,,
M10ASM,downtime,high,360.1 h sin movimiento en 30d | Cobertura 14d: 0.14,2025-07-31T00:00:00,,
M88BHK,downtime,high,282.0 h sin movimiento en 30d | Cobertura 14d: 0.19,2025-07-31T00:00:00,,
M88BHK,downtime,high,454.3 h sin movimiento en 30d | Cobertura 14d: 0.02,2025-07-31T00:00:00,,
MBF355C,downtime,high,285.1 h sin movimiento en 30d | Cobertura 14d: 0.00,2025-07-31T00:00:00,,
MBF355C,downtime,high,184.4 h sin movimiento en 30d | Cobertura 14d: 0.07,2025-07-31T00:00:00,,
MFR854B,downtime,high,287.7 h sin movimiento en 30d | Cobertura 14d: 0.22,2025-07-31T00:00:00,,
MFR854B,downtime,high,285.7 h sin movimiento en 30d | Cobertura 14d: 0.20,2025-07-31T00:00:00,,
MHC436A,downtime,high,257.0 h sin movimiento en 30d | Cobertura 14d: 0.24,2025-07-31T00:00:00,,
MHC436A,downtime,high,395.8 h sin movimiento en 30d | Cobertura 14d: 0.00,2025-07-31T00:00:00,,
MKA084B,downtime,high,263.7 h sin movimiento en 30d | Cobertura 14d: 0.26,2025-07-31T00:00:00,,
MKA084B,downtime,high,337.0 h sin movimiento en 30d | Cobertura 14d: 0.18,2025-07-31T00:00:00,,
MMY372A,downtime,high,136.6 h sin movimiento en 30d | Cobertura 14d: 0.62,2025-07-31T00:00:00,,
MMY372A,downtime,high,327.1 h sin movimiento en 30d | Cobertura 14d: 0.39,2025-07-31T00:00:00,,
MNC154A,downtime,high,261.4 h sin movimiento en 30d | Cobertura 14d: 0.25,2025-07-31T00:00:00,,
MNC154A,downtime,high,460.6 h sin movimiento en 30d | Cobertura 14d: 0.05,2025-07-31T00:00:00,,
MPX066A,downtime,high,272.3 h sin movimiento en 30d | Cobertura 14d: 0.27,2025-07-31T00:00:00,,
MSE625B,downtime,high,289.3 h sin movimiento en 30d | Cobertura 14d: 0.17,2025-07-31T00:00:00,,
MSR447A,downtime,high,245.1 h sin movimiento en 30d | Cobertura 14d: 0.24,2025-07-31T00:00:00,,
MUE429B,downtime,high,273.3 h sin movimiento en 30d | Cobertura 14d: 0.28,2025-07-31T00:00:00,,
MVR221B,downtime,high,245.3 h sin movimiento en 30d | Cobertura 14d: 0.31,2025-07-31T00:00:00,,
MVR221B,downtime,high,245.5 h sin movimiento en 30d | Cobertura 14d: 0.31,2025-07-31T00:00:00,,
MVR221B,downtime,high,296.9 h sin movimiento en 30d | Cobertura 14d: 0.25,2025-07-31T00:00:00,,
MVR221B,downtime,high,324.7 h sin movimiento en 30d | Cobertura 14d: 0.22,2025-07-31T00:00:00,,
MWP074B,downtime,high,258.6 h sin movimiento en 30d | Cobertura 14d: 0.30,2025-07-31T00:00:00,,
MXM893A,downtime,high,270.7 h sin movimiento en 30d | Cobertura 14d: 0.16,2025-07-31T00:00:00,,
MZM886B,downtime,high,241.3 h sin movimiento en 30d | Cobertura 14d: 0.00,2025-07-31T00:00:00,,
MZY949B,downtime,high,136.0 h sin movimiento en 30d | Cobertura 14d: 0.00,2025-07-31T00:00:00,,
NAF870A,downtime,high,277.7 h sin movimiento en 30d | Cobertura 14d: 0.24,2025-07-31T00:00:00,,
NBF241A,downtime,high,168.6 h sin movimiento en 30d | Cobertura 14d: 0.42,2025-07-31T00:00:00,,
NBF241A,downtime,high,368.1 h sin movimiento en 30d | Cobertura 14d: 0.26,2025-07-31T00:00:00,,
NCL746B,downtime,high,262.4 h sin movimiento en 30d | Cobertura 14d: 0.27,2025-07-31T00:00:00,,
NCP207B,downtime,high,276.1 h sin movimiento en 30d | Cobertura 14d: 0.25,2025-07-31T00:00:00,,
NCP207B,downtime,high,413.9 h sin movimiento en 30d | Cobertura 14d: 0.03,2025-07-31T00:00:00,,
NDA827B,downtime,high,202.3 h sin movimiento en 30d | Cobertura 14d: 0.43,2025-07-31T00:00:00,,
NDV064A,downtime,high,281.8 h sin movimiento en 30d | Cobertura 14d: 0.22,2025-07-31T00:00:00,,
NHG251B,downtime,high,271.0 h sin movimiento en 30d | Cobertura 14d: 0.29,2025-07-31T00:00:00,,
NHG251B,downtime,high,425.9 h sin movimiento en 30d | Cobertura 14d: 0.06,2025-07-31T00:00:00,,
NKH7900,downtime,high,260.8 h sin movimiento en 30d | Cobertura 14d: 0.25,2025-07-31T00:00:00,,
NLS360A,downtime,high,267.9 h sin movimiento en 30d | Cobertura 14d: 0.23,2025-07-31T00:00:00,,
NLZ606A,downtime,high,253.3 h sin movimiento en 30d | Cobertura 14d: 0.27,2025-07-31T00:00:00,,
NNY176A,downtime,high,220.3 h sin movimiento en 30d | Cobertura 14d: 0.38,2025-07-31T00:00:00,,
NTD7982,downtime,high,277.3 h sin movimiento en 30d | Cobertura 14d: 0.23,2025-07-31T00:00:00,,
NTD7982,downtime,high,411.5 h sin movimiento en 30d | Cobertura 14d: 0.05,2025-07-31T00:00:00,,
NVP3635,downtime,high,263.1 h sin movimiento en 30d | Cobertura 14d: 0.23,2025-07-31T00:00:00,,
NYF8000,downtime,high,139.8 h sin movimiento en 30d | Cobertura 14d: 0.20,2025-07-31T00:00:00,,
NYX6756,downtime,high,280.6 h sin movimiento en 30d | Cobertura 14d: 0.20,2025-07-31T00:00:00,,
NZN4071,downtime,high,272.7 h sin movimiento en 30d | Cobertura 14d: 0.25,2025-07-31T00:00:00,,
NZN4071,downtime,high,365.9 h sin movimiento en 30d | Cobertura 14d: 0.15,2025-07-31T00:00:00,,
NZY8710,downtime,high,258.9 h sin movimiento en 30d | Cobertura 14d: 0.23,2025-07-31T00:00:00,,
P06ATS,downtime,high,281.5 h sin movimiento en 30d | Cobertura 14d: 0.22,2025-07-31T00:00:00,,
PAA6858,downtime,high,275.2 h sin movimiento en 30d | Cobertura 14d: 0.23,2025-07-31T00:00:00,,
PAA6858,downtime,high,318.4 h sin movimiento en 30d | Cobertura 14d: 0.16,2025-07-31T00:00:00,,
PAC6869,downtime,high,187.9 h sin movimiento en 30d | Cobertura 14d: 0.48,2025-07-31T00:00:00,,
PAC6869,downtime,high,259.1 h sin movimiento en 30d | Cobertura 14d: 0.39,2025-07-31T00:00:00,,
PBK804B,downtime,high,269.9 h sin movimiento en 30d | Cobertura 14d: 0.26,2025-07-31T00:00:00,,
PBR6692,downtime,high,236.4 h sin movimiento en 30d | Cobertura 14d: 0.27,2025-07-31T00:00:00,,
PCZ5897,downtime,high,255.1 h sin movimiento en 30d | Cobertura 14d: 0.26,2025-07-31T00:00:00,,
PDK8098,downtime,high,280.3 h sin movimiento en 30d | Cobertura 14d: 0.26,2025-07-31T00:00:00,,
PDX3752,downtime,high,229.7 h sin movimiento en 30d | Cobertura 14d: 0.37,2025-07-31T00:00:00,,
PEC9204,downtime,high,293.2 h sin movimiento en 30d | Cobertura 14d: 0.20,2025-07-31T00:00:00,,
PEK1713,downtime,high,251.7 h sin movimiento en 30d | Cobertura 14d: 0.30,2025-07-31T00:00:00,,
PEK1713,downtime,high,321.4 h sin movimiento en 30d | Cobertura 14d: 0.17,2025-07-31T00:00:00,,
PEL2135,downtime,high,278.7 h sin movimiento en 30d | Cobertura 14d: 0.24,2025-07-31T00:00:00,,
PEM4219,downtime,high,263.5 h sin movimiento en 30d | Cobertura 14d: 0.26,2025-07-31T00:00:00,,
S05BKH,downtime,high,284.6 h sin movimiento en 30d | Cobertura 14d: 0.22,2025-07-31T00:00:00,,
S05BKH,downtime,high,479.4 h sin movimiento en 30d | Cobertura 14d: 0.00,2025-07-31T00:00:00,,
U85AYT,downtime,high,275.8 h sin movimiento en 30d | Cobertura 14d: 0.23,2025-07-31T00:00:00,,
V25BJK,downtime,high,259.3 h sin movimiento en 30d | Cobertura 14d: 0.31,2025-07-31T00:00:00,,
V94AHX,downtime,high,260.1 h sin movimiento en 30d | Cobertura 14d: 0.27,2025-07-31T00:00:00,,
W71BJA,downtime,high,291.1 h sin movimiento en 30d | Cobertura 14d: 0.19,2025-07-31T00:00:00,,
Y64ANF,downtime,high,237.7 h sin movimiento en 30d | Cobertura 14d: 0.34,2025-07-31T00:00:00,,
Y64ANF,downtime,high,388.2 h sin movimiento en 30d | Cobertura 14d: 0.18,2025-07-31T00:00:00,,
Z53BEA,downtime,high,251.9 h sin movimiento en 30d | Cobertura 14d: 0.28,2025-07-31T00:00:00,,
A00178A,inactivity,medium,Actividad cayó 54% vs promedio de 14d,2019-01-16T00:00:00,,
A00178A,consumption,medium,Consumo cayó 54% y sólo registra 724 L en 30d,2019-01-16T00:00:00,,
A01202A,inactivity,medium,Actividad cayó 80% vs promedio de 14d,2019-01-28T00:00:00,,
A01202A,consumption,medium,Consumo cayó 80% y sólo registra 264 L en 30d,2019-01-28T00:00:00,,
A00212A,inactivity,medium,Actividad cayó 64% vs promedio de 14d,2019-02-05T00:00:00,,
A00212A,consumption,medium,"Consumo cayó 64% y sólo registra 1,065 L en 30d",2019-02-05T00:00:00,,
A00213A,inactivity,medium,Actividad cayó 72% vs promedio de 14d,2019-02-05T00:00:00,,
A00213A,consumption,medium,"Consumo cayó 72% y sólo registra 1,024 L en 30d",2019-02-05T00:00:00,,
A00068A,inactivity,medium,Actividad cayó 69% vs promedio de 14d,2019-03-05T00:00:00,,
A00068A,consumption,medium,Consumo cayó 69% y sólo registra 977 L en 30d,2019-03-05T00:00:00,,
A00367A,inactivity,medium,Actividad cayó 98% vs promedio de 14d,2019-03-08T00:00:00,,
A00316A,inactivity,medium,Actividad cayó 74% vs promedio de 14d,2019-05-08T00:00:00,,
A00316A,consumption,medium,Consumo cayó 74% y sólo registra 797 L en 30d,2019-05-08T00:00:00,,
A00095A,inactivity,medium,Actividad cayó 57% vs promedio de 14d,2019-05-16T00:00:00,,
A00095A,consumption,medium,"Consumo cayó 57% y sólo registra 1,332 L en 30d",2019-05-16T00:00:00,,
A00065A,inactivity,medium,Actividad cayó 67% vs promedio de 14d,2019-05-20T00:00:00,,
A00065A,consumption,medium,"Consumo cayó 67% y sólo registra 1,115 L en 30d",2019-05-20T00:00:00,,
A00191A,inactivity,medium,Actividad cayó 64% vs promedio de 14d,2019-05-22T00:00:00,,
A00191A,consumption,medium,"Consumo cayó 64% y sólo registra 1,124 L en 30d",2019-05-22T00:00:00,,
A00096A,inactivity,medium,Actividad cayó 64% vs promedio de 14d,2019-06-21T00:00:00,,
A00096A,consumption,medium,"Consumo cayó 64% y sólo registra 1,352 L en 30d",2019-06-21T00:00:00,,
A00301A,inactivity,medium,Actividad cayó 50% vs promedio de 14d,2019-08-24T00:00:00,,
A00301A,consumption,medium,Consumo cayó 50% y sólo registra 800 L en 30d,2019-08-24T00:00:00,,
A00070A,inactivity,medium,Actividad cayó 63% vs promedio de 14d,2019-09-05T00:00:00,,
A00070A,consumption,medium,"Consumo cayó 63% y sólo registra 1,042 L en 30d",2019-09-05T00:00:00,,
A01247A,inactivity,medium,Actividad cayó 67% vs promedio de 14d,2019-09-07T00:00:00,,
A01247A,consumption,medium,"Consumo cayó 67% y sólo registra 1,073 L en 30d",2019-09-07T00:00:00,,
A00234A,inactivity,medium,Actividad cayó 73% vs promedio de 14d,2019-09-23T00:00:00,,
A00053A,inactivity,medium,Actividad cayó 62% vs promedio de 14d,2019-10-05T00:00:00,,
A00053A,consumption,medium,Consumo cayó 62% y sólo registra 926 L en 30d,2019-10-05T00:00:00,,
A01703A,inactivity,medium,Actividad cayó 76% vs promedio de 14d,2019-10-11T00:00:00,,
A01703A,consumption,medium,Consumo cayó 76% y sólo registra 523 L en 30d,2019-10-11T00:00:00,,
A00772A,inactivity,medium,Actividad cayó 64% vs promedio de 14d,2019-10-17T00:00:00,,
A00772A,consumption,medium,"Consumo cayó 64% y sólo registra 1,035 L en 30d",2019-10-17T00:00:00,,
A01906A,inactivity,medium,Actividad cayó 64% vs promedio de 14d,2019-12-20T00:00:00,,
A01906A,consumption,medium,"Consumo cayó 64% y sólo registra 1,325 L en 30d",2019-12-20T00:00:00,,
A00137A,inactivity,medium,Actividad cayó 72% vs promedio de 14d,2020-01-17T00:00:00,,
A01278A,inactivity,medium,Actividad cayó 75% vs promedio de 14d,2020-01-18T00:00:00,,
A01278A,consumption,medium,Consumo cayó 75% y sólo registra 656 L en 30d,2020-01-18T00:00:00,,
A00774A,inactivity,medium,Actividad cayó 66% vs promedio de 14d,2020-02-10T00:00:00,,
A00774A,consumption,medium,"Consumo cayó 66% y sólo registra 1,284 L en 30d",2020-02-10T00:00:00,,
A145AA,inactivity,medium,Actividad cayó 83% vs promedio de 14d,2020-02-11T00:00:00,,
A145AA,consumption,medium,Consumo cayó 83% y sólo registra 396 L en 30d,2020-02-11T00:00:00,,
A00136A,inactivity,medium,Actividad cayó 67% vs promedio de 14d,2020-02-17T00:00:00,,
A00136A,consumption,medium,Consumo cayó 67% y sólo registra 601 L en 30d,2020-02-17T00:00:00,,
A01156A,inactivity,medium,Actividad cayó 81% vs promedio de 14d,2020-03-05T00:00:00,,
A01146A,inactivity,medium,Actividad cayó 84% vs promedio de 14d,2020-03-18T00:00:00,,
A01146A,consumption,medium,Consumo cayó 84% y sólo registra 373 L en 30d,2020-03-18T00:00:00,,
A00897A,inactivity,medium,Actividad cayó 65% vs promedio de 14d,2020-04-02T00:00:00,,
A00897A,consumption,medium,"Consumo cayó 65% y sólo registra 1,122 L en 30d",2020-04-02T00:00:00,,
A01327A,inactivity,medium,Actividad cayó 61% vs promedio de 14d,2020-04-08T00:00:00,,
A01327A,consumption,medium,Consumo cayó 61% y sólo registra 674 L en 30d,2020-04-08T00:00:00,,
A01901A,inactivity,medium,Actividad cayó 69% vs promedio de 14d,2020-04-13T00:00:00,,
A01901A,consumption,medium,Consumo cayó 69% y sólo registra 731 L en 30d,2020-04-13T00:00:00,,
A01009A,inactivity,medium,Actividad cayó 57% vs promedio de 14d,2020-05-08T00:00:00,,
A00038A,inactivity,medium,Actividad cayó 65% vs promedio de 14d,2020-05-11T00:00:00,,
A00038A,consumption,medium,Consumo cayó 65% y sólo registra 481 L en 30d,2020-05-11T00:00:00,,
A00334A,inactivity,medium,Actividad cayó 73% vs promedio de 14d,2020-06-08T00:00:00,,
A00334A,consumption,medium,Consumo cayó 73% y sólo registra 640 L en 30d,2020-06-08T00:00:00,,
A00148A,inactivity,medium,Actividad cayó 72% vs promedio de 14d,2020-06-23T00:00:00,,
A00148A,consumption,medium,Consumo cayó 72% y sólo registra 784 L en 30d,2020-06-23T00:00:00,,
A00188A,inactivity,medium,Actividad cayó 59% vs promedio de 14d,2020-07-07T00:00:00,,
A00188A,consumption,medium,Consumo cayó 59% y sólo registra 761 L en 30d,2020-07-07T00:00:00,,
A00180A,inactivity,medium,Actividad cayó 64% vs promedio de 14d,2020-08-11T00:00:00,,
A00180A,consumption,medium,"Consumo cayó 64% y sólo registra 1,062 L en 30d",2020-08-11T00:00:00,,
A00800A,inactivity,medium,Actividad cayó 76% vs promedio de 14d,2020-09-17T00:00:00,,
A00800A,consumption,medium,Consumo cayó 76% y sólo registra 739 L en 30d,2020-09-17T00:00:00,,
A00896A,inactivity,medium,Actividad cayó 70% vs promedio de 14d,2020-10-06T00:00:00,,
A00091A,inactivity,medium,Actividad cayó 84% vs promedio de 14d,2020-10-13T00:00:00,,
A00091A,consumption,medium,Consumo cayó 84% y sólo registra 343 L en 30d,2020-10-13T00:00:00,,
A02018A,inactivity,medium,Actividad cayó 74% vs promedio de 14d,2020-10-13T00:00:00,,
A02018A,consumption,medium,Consumo cayó 74% y sólo registra 613 L en 30d,2020-10-13T00:00:00,,
A02321A,inactivity,medium,Actividad cayó 75% vs promedio de 14d,2020-10-21T00:00:00,,
A02321A,consumption,medium,Consumo cayó 75% y sólo registra 452 L en 30d,2020-10-21T00:00:00,,
A00943A,inactivity,medium,Actividad cayó 61% vs promedio de 14d,2020-10-31T00:00:00,,
A00943A,consumption,medium,Consumo cayó 61% y sólo registra 338 L en 30d,2020-10-31T00:00:00,,
A02084A,inactivity,medium,Actividad cayó 71% vs promedio de 14d,2020-12-03T00:00:00,,
A01129A,inactivity,medium,Actividad cayó 80% vs promedio de 14d,2021-01-24T00:00:00,,
A00786A,inactivity,medium,Actividad cayó 75% vs promedio de 14d,2021-02-09T00:00:00,,
A00786A,consumption,medium,Consumo cayó 75% y sólo registra 955 L en 30d,2021-02-09T00:00:00,,
A01249A,inactivity,medium,Actividad cayó 62% vs promedio de 14d,2021-02-11T00:00:00,,
A00215A,inactivity,medium,Actividad cayó 75% vs promedio de 14d,2021-02-20T00:00:00,,
A00215A,consumption,medium,Consumo cayó 75% y sólo registra 833 L en 30d,2021-02-20T00:00:00,,
A01216A,inactivity,medium,Actividad cayó 82% vs promedio de 14d,2021-03-07T00:00:00,,
A01216A,consumption,medium,Consumo cayó 82% y sólo registra 495 L en 30d,2021-03-07T00:00:00,,
A00770A,inactivity,medium,Actividad cayó 77% vs promedio de 14d,2021-03-23T00:00:00,,
A00770A,consumption,medium,Consumo cayó 77% y sólo registra 561 L en 30d,2021-03-23T00:00:00,,
A00865A,inactivity,medium,Actividad cayó 73% vs promedio de 14d,2021-04-23T00:00:00,,
A01133A,inactivity,medium,Actividad cayó 84% vs promedio de 14d,2021-05-11T00:00:00,,
A00039A,inactivity,medium,Actividad cayó 75% vs promedio de 14d,2021-06-13T00:00:00,,
A00039A,consumption,medium,Consumo cayó 75% y sólo registra 945 L en 30d,2021-06-13T00:00:00,,
A00300A,inactivity,medium,Actividad cayó 75% vs promedio de 14d,2021-07-30T00:00:00,,
A00300A,consumption,medium,Consumo cayó 75% y sólo registra 652 L en 30d,2021-07-30T00:00:00,,
A00383A,inactivity,medium,Actividad cayó 78% vs promedio de 14d,2021-08-03T00:00:00,,
A00383A,consumption,medium,Consumo cayó 78% y sólo registra 856 L en 30d,2021-08-03T00:00:00,,
A02015A,inactivity,medium,Actividad cayó 75% vs promedio de 14d,2021-08-18T00:00:00,,
A02015A,consumption,medium,Consumo cayó 75% y sólo registra 654 L en 30d,2021-08-18T00:00:00,,
A00016A,inactivity,medium,Actividad cayó 86% vs promedio de 14d,2021-08-30T00:00:00,,
A00016A,consumption,medium,Consumo cayó 86% y sólo registra 354 L en 30d,2021-08-30T00:00:00,,
A00217A,inactivity,medium,Actividad cayó 70% vs promedio de 14d,2021-09-13T00:00:00,,
A00217A,consumption,medium,"Consumo cayó 70% y sólo registra 1,158 L en 30d",2021-09-13T00:00:00,,
A00232A,inactivity,medium,Actividad cayó 72% vs promedio de 14d,2021-09-13T00:00:00,,
A00232A,consumption,medium,"Consumo cayó 72% y sólo registra 1,116 L en 30d",2021-09-13T00:00:00,,
A02035A,inactivity,medium,Actividad cayó 65% vs promedio de 14d,2021-10-15T00:00:00,,
A02035A,consumption,medium,Consumo cayó 65% y sólo registra 545 L en 30d,2021-10-15T00:00:00,,
A02014A,inactivity,medium,Actividad cayó 66% vs promedio de 14d,2021-10-19T00:00:00,,
A02014A,consumption,medium,Consumo cayó 66% y sólo registra 460 L en 30d,2021-10-19T00:00:00,,
A02226A,inactivity,medium,Actividad cayó 78% vs promedio de 14d,2021-10-22T00:00:00,,
A02226A,consumption,medium,Consumo cayó 78% y sólo registra 703 L en 30d,2021-10-22T00:00:00,,
A01121A,inactivity,medium,Actividad cayó 83% vs promedio de 14d,2021-11-08T00:00:00,,
A02062A,inactivity,medium,Actividad cayó 73% vs promedio de 14d,2021-11-10T00:00:00,,
A02062A,consumption,medium,Consumo cayó 73% y sólo registra 739 L en 30d,2021-11-10T00:00:00,,
A00007A,inactivity,medium,Actividad cayó 66% vs promedio de 14d,2021-11-26T00:00:00,,
A00007A,consumption,medium,"Consumo cayó 66% y sólo registra 1,225 L en 30d",2021-11-26T00:00:00,,
A00147A,inactivity,medium,Actividad cayó 78% vs promedio de 14d,2021-11-30T00:00:00,,
A00147A,consumption,medium,"Consumo cayó 78% y sólo registra 1,012 L en 30d",2021-11-30T00:00:00,,
A00368A,inactivity,medium,Actividad cayó 82% vs promedio de 14d,2022-02-02T00:00:00,,
A00368A,consumption,medium,Consumo cayó 82% y sólo registra 801 L en 30d,2022-02-02T00:00:00,,
A01747A,inactivity,medium,Actividad cayó 64% vs promedio de 14d,2022-02-18T00:00:00,,
A01747A,consumption,medium,"Consumo cayó 64% y sólo registra 1,529 L en 30d",2022-02-18T00:00:00,,
A01738A,inactivity,medium,Actividad cayó 74% vs promedio de 14d,2022-02-26T00:00:00,,
A01738A,consumption,medium,Consumo cayó 74% y sólo registra 978 L en 30d,2022-02-26T00:00:00,,
A00329A,inactivity,medium,Actividad cayó 84% vs promedio de 14d,2022-03-01T00:00:00,,
A00329A,consumption,medium,Consumo cayó 84% y sólo registra 667 L en 30d,2022-03-01T00:00:00,,
A00214A,inactivity,medium,Actividad cayó 76% vs promedio de 14d,2022-04-15T00:00:00,,
A01722A,inactivity,medium,Actividad cayó 60% vs promedio de 14d,2022-05-10T00:00:00,,
A01722A,consumption,medium,Consumo cayó 60% y sólo registra 895 L en 30d,2022-05-10T00:00:00,,
A00796A,inactivity,medium,Actividad cayó 72% vs promedio de 14d,2022-05-13T00:00:00,,
A00796A,consumption,medium,Consumo cayó 72% y sólo registra 349 L en 30d,2022-05-13T00:00:00,,
A00242A,inactivity,medium,Actividad cayó 81% vs promedio de 14d,2022-05-17T00:00:00,,
A00242A,consumption,medium,Consumo cayó 81% y sólo registra 792 L en 30d,2022-05-17T00:00:00,,
A00317A,inactivity,medium,Actividad cayó 80% vs promedio de 14d,2022-05-30T00:00:00,,
A00317A,consumption,medium,Consumo cayó 80% y sólo registra 830 L en 30d,2022-05-30T00:00:00,,
A00196A,inactivity,medium,Actividad cayó 88% vs promedio de 14d,2022-06-11T00:00:00,,
A00001A,inactivity,medium,Actividad cayó 79% vs promedio de 14d,2022-07-07T00:00:00,,
A00001A,consumption,medium,Consumo cayó 79% y sólo registra 886 L en 30d,2022-07-07T00:00:00,,
A00789A,inactivity,medium,Actividad cayó 79% vs promedio de 14d,2022-08-08T00:00:00,,
A00079A,inactivity,medium,Actividad cayó 72% vs promedio de 14d,2022-08-12T00:00:00,,
A00253A,inactivity,medium,Actividad cayó 79% vs promedio de 14d,2022-08-18T00:00:00,,
A00253A,consumption,medium,Consumo cayó 79% y sólo registra 908 L en 30d,2022-08-18T00:00:00,,
A01164A,inactivity,medium,Actividad cayó 86% vs promedio de 14d,2022-08-22T00:00:00,,
A01164A,consumption,medium,Consumo cayó 86% y sólo registra 646 L en 30d,2022-08-22T00:00:00,,
A00150A,inactivity,medium,Actividad cayó 76% vs promedio de 14d,2022-09-08T00:00:00,,
A00150A,consumption,medium,"Consumo cayó 76% y sólo registra 1,004 L en 30d",2022-09-08T00:00:00,,
A02209A,inactivity,medium,Actividad cayó 87% vs promedio de 14d,2022-09-19T00:00:00,,
A02209A,consumption,medium,Consumo cayó 87% y sólo registra 472 L en 30d,2022-09-19T00:00:00,,
A01726A,inactivity,medium,Actividad cayó 85% vs promedio de 14d,2022-10-19T00:00:00,,
A01726A,consumption,medium,Consumo cayó 85% y sólo registra 456 L en 30d,2022-10-19T00:00:00,,
A00252A,inactivity,medium,Actividad cayó 76% vs promedio de 14d,2022-11-01T00:00:00,,
A00252A,consumption,medium,Consumo cayó 76% y sólo registra 262 L en 30d,2022-11-01T00:00:00,,
A00002A,inactivity,medium,Actividad cayó 80% vs promedio de 14d,2022-12-27T00:00:00,,
A00002A,consumption,medium,Consumo cayó 80% y sólo registra 815 L en 30d,2022-12-27T00:00:00,,
A00798A,inactivity,medium,Actividad cayó 75% vs promedio de 14d,2022-12-27T00:00:00,,
A00798A,consumption,medium,Consumo cayó 75% y sólo registra 617 L en 30d,2022-12-27T00:00:00,,
A954AA,inactivity,medium,Actividad cayó 79% vs promedio de 14d,2022-12-31T00:00:00,,
A954AA,consumption,medium,Consumo cayó 79% y sólo registra 910 L en 30d,2022-12-31T00:00:00,,
A00983A,inactivity,medium,Actividad cayó 85% vs promedio de 14d,2023-01-10T00:00:00,,
A00983A,consumption,medium,Consumo cayó 85% y sólo registra 520 L en 30d,2023-01-10T00:00:00,,
A00276A,inactivity,medium,Actividad cayó 79% vs promedio de 14d,2023-01-13T00:00:00,,
A00276A,consumption,medium,Consumo cayó 79% y sólo registra 728 L en 30d,2023-01-13T00:00:00,,
A01159A,inactivity,medium,Actividad cayó 72% vs promedio de 14d,2023-01-31T00:00:00,,
A01159A,consumption,medium,Consumo cayó 72% y sólo registra 400 L en 30d,2023-01-31T00:00:00,,
A01155A,inactivity,medium,Actividad cayó 76% vs promedio de 14d,2023-02-03T00:00:00,,
A01155A,consumption,medium,Consumo cayó 76% y sólo registra 516 L en 30d,2023-02-03T00:00:00,,
A00790A,inactivity,medium,Actividad cayó 75% vs promedio de 14d,2023-03-07T00:00:00,,
A00790A,consumption,medium,"Consumo cayó 75% y sólo registra 1,333 L en 30d",2023-03-07T00:00:00,,
A01332A,inactivity,medium,Actividad cayó 70% vs promedio de 14d,2023-03-22T00:00:00,,
A01332A,consumption,medium,Consumo cayó 70% y sólo registra 404 L en 30d,2023-03-22T00:00:00,,
A01867A,inactivity,medium,Actividad cayó 84% vs promedio de 14d,2023-03-30T00:00:00,,
A01867A,consumption,medium,Consumo cayó 84% y sólo registra 323 L en 30d,2023-03-30T00:00:00,,
A02255A,inactivity,medium,Actividad cayó 70% vs promedio de 14d,2023-04-01T00:00:00,,
A00895A,inactivity,medium,Actividad cayó 71% vs promedio de 14d,2023-04-05T00:00:00,,
A00895A,consumption,medium,Consumo cayó 71% y sólo registra 650 L en 30d,2023-04-05T00:00:00,,
A01973A,inactivity,medium,Actividad cayó 74% vs promedio de 14d,2023-04-06T00:00:00,,
A01973A,consumption,medium,Consumo cayó 74% y sólo registra 270 L en 30d,2023-04-06T00:00:00,,
A02218A,inactivity,medium,Actividad cayó 80% vs promedio de 14d,2023-04-19T00:00:00,,
A02218A,consumption,medium,Consumo cayó 80% y sólo registra 979 L en 30d,2023-04-19T00:00:00,,
A00241A,inactivity,medium,Actividad cayó 72% vs promedio de 14d,2023-05-16T00:00:00,,
A02262A,inactivity,medium,Actividad cayó 89% vs promedio de 14d,2023-05-28T00:00:00,,
A02262A,consumption,medium,Consumo cayó 89% y sólo registra 250 L en 30d,2023-05-28T00:00:00,,
A00982A,inactivity,medium,Actividad cayó 79% vs promedio de 14d,2023-06-11T00:00:00,,
A00982A,consumption,medium,Consumo cayó 79% y sólo registra 865 L en 30d,2023-06-11T00:00:00,,
A00042A,inactivity,medium,Actividad cayó 80% vs promedio de 14d,2023-06-22T00:00:00,,
A00042A,consumption,medium,Consumo cayó 80% y sólo registra 326 L en 30d,2023-06-22T00:00:00,,
A02231A,inactivity,medium,Actividad cayó 68% vs promedio de 14d,2023-07-01T00:00:00,,
A02231A,consumption,medium,Consumo cayó 68% y sólo registra 881 L en 30d,2023-07-01T00:00:00,,
A00977A,inactivity,medium,Actividad cayó 67% vs promedio de 14d,2023-07-04T00:00:00,,
A01937A,inactivity,medium,Actividad cayó 76% vs promedio de 14d,2023-08-02T00:00:00,,
A01937A,consumption,medium,Consumo cayó 76% y sólo registra 825 L en 30d,2023-08-02T00:00:00,,
A02233A,inactivity,medium,Actividad cayó 69% vs promedio de 14d,2023-08-15T00:00:00,,
A02233A,consumption,medium,"Consumo cayó 69% y sólo registra 1,272 L en 30d",2023-08-15T00:00:00,,
A03864A,inactivity,medium,Actividad cayó 78% vs promedio de 14d,2023-08-16T00:00:00,,
A03864A,consumption,medium,Consumo cayó 78% y sólo registra 879 L en 30d,2023-08-16T00:00:00,,
A0278C,inactivity,medium,Actividad cayó 99% vs promedio de 14d,2023-09-13T00:00:00,,
A8610B,inactivity,medium,Actividad cayó 99% vs promedio de 14d,2023-09-13T00:00:00,,
A5282B,inactivity,medium,Actividad cayó 97% vs promedio de 14d,2023-09-22T00:00:00,,
UAS6288,inactivity,medium,Actividad cayó 99% vs promedio de 14d,2023-09-24T00:00:00,,
1703MDF193,inactivity,medium,Actividad cayó 95% vs promedio de 14d,2023-09-25T00:00:00,,
88107,inactivity,medium,Actividad cayó 92% vs promedio de 14d,2023-09-25T00:00:00,,
A00947A,inactivity,medium,Actividad cayó 68% vs promedio de 14d,2023-09-25T00:00:00,,
A00947A,consumption,medium,Consumo cayó 68% y sólo registra 529 L en 30d,2023-09-25T00:00:00,,
A02336A,inactivity,medium,Actividad cayó 76% vs promedio de 14d,2023-09-25T00:00:00,,
A02336A,consumption,medium,"Consumo cayó 76% y sólo registra 1,030 L en 30d",2023-09-25T00:00:00,,
GENTPL,inactivity,medium,Actividad cayó 48% vs promedio de 14d,2023-09-25T00:00:00,,
GENTPL,consumption,medium,Consumo cayó 48% y sólo registra 498 L en 30d,2023-09-25T00:00:00,,
A3315E,inactivity,medium,Actividad cayó 98% vs promedio de 14d,2023-09-27T00:00:00,,
NJB4766,inactivity,medium,Actividad cayó 98% vs promedio de 14d,2023-09-29T00:00:00,,
E44BFC,inactivity,medium,Actividad cayó 97% vs promedio de 14d,2023-10-04T00:00:00,,
J32BGP,inactivity,medium,Actividad cayó 99% vs promedio de 14d,2023-10-05T00:00:00,,
PBG2889,inactivity,medium,Actividad cayó 88% vs promedio de 14d,2023-10-08T00:00:00,,
A02446A,inactivity,medium,Actividad cayó 85% vs promedio de 14d,2023-10-11T00:00:00,,
A02446A,consumption,medium,Consumo cayó 85% y sólo registra 570 L en 30d,2023-10-11T00:00:00,,
NGH1704,inactivity,medium,Actividad cayó 92% vs promedio de 14d,2023-10-11T00:00:00,,
X42BBB,inactivity,medium,Actividad cayó 99% vs promedio de 14d,2023-10-11T00:00:00,,
NTU4623,inactivity,medium,Actividad cayó 92% vs promedio de 14d,2023-10-13T00:00:00,,
NTU4623,consumption,medium,Consumo cayó 92% y sólo registra 261 L en 30d,2023-10-13T00:00:00,,
NHT9672,inactivity,medium,Actividad cayó 96% vs promedio de 14d,2023-10-14T00:00:00,,
A3472C,inactivity,medium,Actividad cayó 99% vs promedio de 14d,2023-10-15T00:00:00,,
1712MDF162,inactivity,medium,Actividad cayó 82% vs promedio de 14d,2023-10-18T00:00:00,,
PCG7490,inactivity,medium,Actividad cayó 99% vs promedio de 14d,2023-10-18T00:00:00,,
K0088915,inactivity,medium,Actividad cayó 85% vs promedio de 14d,2023-10-24T00:00:00,,
GKZ425B,inactivity,medium,Actividad cayó 99% vs promedio de 14d,2023-10-25T00:00:00,,
A00027A,inactivity,medium,Actividad cayó 73% vs promedio de 14d,2023-11-02T00:00:00,,
A00027A,consumption,medium,Consumo cayó 73% y sólo registra 545 L en 30d,2023-11-02T00:00:00,,
NZG6214,inactivity,medium,Actividad cayó 88% vs promedio de 14d,2023-11-02T00:00:00,,
PEP9965,inactivity,medium,Actividad cayó 85% vs promedio de 14d,2023-11-02T00:00:00,,
PEP9965,consumption,medium,Consumo cayó 85% y sólo registra 499 L en 30d,2023-11-02T00:00:00,,
M76BDV,inactivity,medium,Actividad cayó 99% vs promedio de 14d,2023-11-04T00:00:00,,
PDR8767,inactivity,medium,Actividad cayó 98% vs promedio de 14d,2023-11-06T00:00:00,,
A0945H,inactivity,medium,Actividad cayó 99% vs promedio de 14d,2023-11-09T00:00:00,,
1804501,inactivity,medium,Actividad cayó 99% vs promedio de 14d,2023-11-11T00:00:00,,
ECO057,inactivity,medium,Actividad cayó 96% vs promedio de 14d,2023-11-16T00:00:00,,
ECO010,inactivity,medium,Actividad cayó 96% vs promedio de 14d,2023-11-19T00:00:00,,
A24766E,inactivity,medium,Actividad cayó 86% vs promedio de 14d,2023-11-20T00:00:00,,
A8322M,inactivity,medium,Actividad cayó 97% vs promedio de 14d,2023-11-20T00:00:00,,
1711MDF017,inactivity,medium,Actividad cayó 87% vs promedio de 14d,2023-11-21T00:00:00,,
A00275A,inactivity,medium,Actividad cayó 75% vs promedio de 14d,2023-11-21T00:00:00,,
ECO010R,inactivity,medium,Actividad cayó 94% vs promedio de 14d,2023-11-22T00:00:00,,
A25097E,inactivity,medium,Actividad cayó 97% vs promedio de 14d,2023-11-23T00:00:00,,
A0363B,inactivity,medium,Actividad cayó 93% vs promedio de 14d,2023-12-01T00:00:00,,
RAN627C,inactivity,medium,Actividad cayó 97% vs promedio de 14d,2023-12-01T00:00:00,,
ECO065,inactivity,medium,Actividad cayó 82% vs promedio de 14d,2023-12-02T00:00:00,,
A3083D,inactivity,medium,Actividad cayó 97% vs promedio de 14d,2023-12-03T00:00:00,,
PBV4760,inactivity,medium,Actividad cayó 97% vs promedio de 14d,2023-12-04T00:00:00,,
A9358L,inactivity,medium,Actividad cayó 98% vs promedio de 14d,2023-12-06T00:00:00,,
A3187E,inactivity,medium,Actividad cayó 86% vs promedio de 14d,2023-12-10T00:00:00,,
A3187E,consumption,medium,Consumo cayó 86% y sólo registra 221 L en 30d,2023-12-10T00:00:00,,
ECO049,inactivity,medium,Actividad cayó 79% vs promedio de 14d,2023-12-10T00:00:00,,
ECO049,consumption,medium,Consumo cayó 79% y sólo registra 383 L en 30d,2023-12-10T00:00:00,,
122432K,inactivity,medium,Actividad cayó 75% vs promedio de 14d,2023-12-13T00:00:00,,
122432K,consumption,medium,Consumo cayó 75% y sólo registra 439 L en 30d,2023-12-13T00:00:00,,
ECO15,inactivity,medium,Actividad cayó 88% vs promedio de 14d,2023-12-15T00:00:00,,
NLD8153,inactivity,medium,Actividad cayó 90% vs promedio de 14d,2023-12-16T00:00:00,,
NLD8153,consumption,medium,Consumo cayó 90% y sólo registra 200 L en 30d,2023-12-16T00:00:00,,
A7279E,inactivity,medium,Actividad cayó 97% vs promedio de 14d,2023-12-18T00:00:00,,
PBP4733,inactivity,medium,Actividad cayó 100% vs promedio de 14d,2023-12-19T00:00:00,,
A4488G,inactivity,medium,Actividad cayó 93% vs promedio de 14d,2023-12-23T00:00:00,,
A2044N,inactivity,medium,Actividad cayó 90% vs promedio de 14d,2023-12-24T00:00:00,,
ECO533,inactivity,medium,Actividad cayó 95% vs promedio de 14d,2023-12-26T00:00:00,,
A1693J,inactivity,medium,Actividad cayó 98% vs promedio de 14d,2023-12-30T00:00:00,,
ECO026R,inactivity,medium,Actividad cayó 96% vs promedio de 14d,2023-12-30T00:00:00,,
A01914A,inactivity,medium,Actividad cayó 84% vs promedio de 14d,2023-12-31T00:00:00,,
A4272L,inactivity,medium,Actividad cayó 96% vs promedio de 14d,2023-12-31T00:00:00,,
A29517E,inactivity,medium,Actividad cayó 89% vs promedio de 14d,2024-01-01T00:00:00,,
2617JGE,inactivity,medium,Actividad cayó 95% vs promedio de 14d,2024-01-06T00:00:00,,
A4385LA,inactivity,medium,Actividad cayó 97% vs promedio de 14d,2024-01-11T00:00:00,,
A4609G,inactivity,medium,Actividad cayó 99% vs promedio de 14d,2024-01-11T00:00:00,,
B36AYC,inactivity,medium,Actividad cayó 92% vs promedio de 14d,2024-01-12T00:00:00,,
A6354C,inactivity,medium,Actividad cayó 99% vs promedio de 14d,2024-01-13T00:00:00,,
L93AXB,inactivity,medium,Actividad cayó 98% vs promedio de 14d,2024-01-13T00:00:00,,
NWK8907,inactivity,medium,Actividad cayó 96% vs promedio de 14d,2024-01-13T00:00:00,,
HEC477G,inactivity,medium,Actividad cayó 85% vs promedio de 14d,2024-01-19T00:00:00,,
NXG9080,inactivity,medium,Actividad cayó 89% vs promedio de 14d,2024-01-21T00:00:00,,
A5301H,inactivity,medium,Actividad cayó 99% vs promedio de 14d,2024-01-22T00:00:00,,
G42ASF,inactivity,medium,Actividad cayó 98% vs promedio de 14d,2024-01-22T00:00:00,,
405TL302,inactivity,medium,Actividad cayó 75% vs promedio de 14d,2024-01-24T00:00:00,,
NKN3733,inactivity,medium,Actividad cayó 100% vs promedio de 14d,2024-01-24T00:00:00,,
A9913D,inactivity,medium,Actividad cayó 98% vs promedio de 14d,2024-01-27T00:00:00,,
1511MDF034,inactivity,medium,Actividad cayó 98% vs promedio de 14d,2024-01-28T00:00:00,,
MST069A,inactivity,medium,Actividad cayó 89% vs promedio de 14d,2024-01-29T00:00:00,,
MST069A,consumption,medium,Consumo cayó 89% y sólo registra 381 L en 30d,2024-01-29T00:00:00,,
NSV5525,inactivity,medium,Actividad cayó 99% vs promedio de 14d,2024-02-02T00:00:00,,
P08BJW,inactivity,medium,Actividad cayó 89% vs promedio de 14d,2024-02-02T00:00:00,,
A7315E,inactivity,medium,Actividad cayó 99% vs promedio de 14d,2024-02-04T00:00:00,,
1602MDF050,inactivity,medium,Actividad cayó 95% vs promedio de 14d,2024-02-06T00:00:00,,
A7212G,inactivity,medium,Actividad cayó 88% vs promedio de 14d,2024-02-07T00:00:00,,
A7653C,inactivity,medium,Actividad cayó 92% vs promedio de 14d,2024-02-08T00:00:00,,
K72ADJ,inactivity,medium,Actividad cayó 94% vs promedio de 14d,2024-02-09T00:00:00,,
A1669G,inactivity,medium,Actividad cayó 98% vs promedio de 14d,2024-02-11T00:00:00,,
NZW4553,inactivity,medium,Actividad cayó 90% vs promedio de 14d,2024-02-11T00:00:00,,
A2901C,inactivity,medium,Actividad cayó 99% vs promedio de 14d,2024-02-12T00:00:00,,
A4614H,inactivity,medium,Actividad cayó 98% vs promedio de 14d,2024-02-13T00:00:00,,
1416JFHA,inactivity,medium,Actividad cayó 98% vs promedio de 14d,2024-02-15T00:00:00,,
NJT3798,inactivity,medium,Actividad cayó 98% vs promedio de 14d,2024-02-19T00:00:00,,
A4913C,inactivity,medium,Actividad cayó 99% vs promedio de 14d,2024-02-20T00:00:00,,
A9254H,inactivity,medium,Actividad cayó 99% vs promedio de 14d,2024-02-21T00:00:00,,
A7276E,inactivity,medium,Actividad cayó 98% vs promedio de 14d,2024-02-23T00:00:00,,
A8731E,inactivity,medium,Actividad cayó 89% vs promedio de 14d,2024-02-23T00:00:00,,
A9793C,inactivity,medium,Actividad cayó 97% vs promedio de 14d,2024-02-23T00:00:00,,
K0088228,inactivity,medium,Actividad cayó 94% vs promedio de 14d,2024-02-26T00:00:00,,
1612MDF009,inactivity,medium,Actividad cayó 92% vs promedio de 14d,2024-02-27T00:00:00,,
A4172C,inactivity,medium,Actividad cayó 91% vs promedio de 14d,2024-02-27T00:00:00,,
A0465C,inactivity,medium,Actividad cayó 89% vs promedio de 14d,2024-03-01T00:00:00,,
F42BCG,inactivity,medium,Actividad cayó 88% vs promedio de 14d,2024-03-02T00:00:00,,
F42BCG,consumption,medium,Consumo cayó 88% y sólo registra 238 L en 30d,2024-03-02T00:00:00,,
LUY792A,inactivity,medium,Actividad cayó 95% vs promedio de 14d,2024-03-02T00:00:00,,
845NA083C,inactivity,medium,Actividad cayó 97% vs promedio de 14d,2024-03-03T00:00:00,,
A02325A,inactivity,medium,Actividad cayó 69% vs promedio de 14d,2024-03-04T00:00:00,,
A02325A,consumption,medium,Consumo cayó 69% y sólo registra 947 L en 30d,2024-03-04T00:00:00,,
A696JMA,inactivity,medium,Actividad cayó 89% vs promedio de 14d,2024-03-04T00:00:00,,
A02350A,inactivity,medium,Actividad cayó 63% vs promedio de 14d,2024-03-05T00:00:00,,
A02350A,consumption,medium,"Consumo cayó 63% y sólo registra 1,436 L en 30d",2024-03-05T00:00:00,,
A02457A,inactivity,medium,Actividad cayó 64% vs promedio de 14d,2024-03-05T00:00:00,,
A02457A,consumption,medium,"Consumo cayó 64% y sólo registra 1,333 L en 30d",2024-03-05T00:00:00,,
A02468A,inactivity,medium,Actividad cayó 68% vs promedio de 14d,2024-03-05T00:00:00,,
A02468A,consumption,medium,Consumo cayó 68% y sólo registra 619 L en 30d,2024-03-05T00:00:00,,
A0682K,inactivity,medium,Actividad cayó 89% vs promedio de 14d,2024-03-06T00:00:00,,
LXL030A,inactivity,medium,Actividad cayó 87% vs promedio de 14d,2024-03-06T00:00:00,,
1711MDF033,inactivity,medium,Actividad cayó 100% vs promedio de 14d,2024-03-07T00:00:00,,
NRA8543,inactivity,medium,Actividad cayó 97% vs promedio de 14d,2024-03-07T00:00:00,,
A2082M,inactivity,medium,Actividad cayó 97% vs promedio de 14d,2024-03-08T00:00:00,,
A1656L,inactivity,medium,Actividad cayó 92% vs promedio de 14d,2024-03-09T00:00:00,,
NPM6657,inactivity,medium,Actividad cayó 88% vs promedio de 14d,2024-03-09T00:00:00,,
A516JME,inactivity,medium,Actividad cayó 99% vs promedio de 14d,2024-03-10T00:00:00,,
A1113L,inactivity,medium,Actividad cayó 91% vs promedio de 14d,2024-03-11T00:00:00,,
NNX1745,inactivity,medium,Actividad cayó 88% vs promedio de 14d,2024-03-12T00:00:00,,
NNX1745,consumption,medium,Consumo cayó 88% y sólo registra 261 L en 30d,2024-03-12T00:00:00,,
B05479,inactivity,medium,Actividad cayó 97% vs promedio de 14d,2024-03-13T00:00:00,,
NSV2306,inactivity,medium,Actividad cayó 88% vs promedio de 14d,2024-03-13T00:00:00,,
1507MDF049,inactivity,medium,Actividad cayó 97% vs promedio de 14d,2024-03-17T00:00:00,,
PCR7008,inactivity,medium,Actividad cayó 92% vs promedio de 14d,2024-03-21T00:00:00,,
A9939H,inactivity,medium,Actividad cayó 98% vs promedio de 14d,2024-03-22T00:00:00,,
PNE283B,inactivity,medium,Actividad cayó 98% vs promedio de 14d,2024-03-22T00:00:00,,
A23685E,inactivity,medium,Actividad cayó 66% vs promedio de 14d,2024-03-24T00:00:00,,
A23685E,consumption,medium,Consumo cayó 66% y sólo registra 547 L en 30d,2024-03-24T00:00:00,,
LSC039A,inactivity,medium,Actividad cayó 99% vs promedio de 14d,2024-03-24T00:00:00,,
69AY8K,inactivity,medium,Actividad cayó 89% vs promedio de 14d,2024-03-25T00:00:00,,
A00200A,inactivity,medium,Actividad cayó 70% vs promedio de 14d,2024-03-27T00:00:00,,
A00200A,consumption,medium,"Consumo cayó 70% y sólo registra 1,050 L en 30d",2024-03-27T00:00:00,,
A4649L,inactivity,medium,Actividad cayó 96% vs promedio de 14d,2024-04-01T00:00:00,,
A6107K,inactivity,medium,Actividad cayó 95% vs promedio de 14d,2024-04-01T00:00:00,,
A3873M,inactivity,medium,Actividad cayó 95% vs promedio de 14d,2024-04-02T00:00:00,,
A9636H,inactivity,medium,Actividad cayó 89% vs promedio de 14d,2024-04-02T00:00:00,,
1712MDF125,inactivity,medium,Actividad cayó 96% vs promedio de 14d,2024-04-04T00:00:00,,
UPZ963G,inactivity,medium,Actividad cayó 89% vs promedio de 14d,2024-04-04T00:00:00,,
NNF5462,inactivity,medium,Actividad cayó 88% vs promedio de 14d,2024-04-05T00:00:00,,
A04210A,inactivity,medium,Actividad cayó 68% vs promedio de 14d,2024-04-07T00:00:00,,
A04210A,consumption,medium,Consumo cayó 68% y sólo registra 527 L en 30d,2024-04-07T00:00:00,,
A6869D,inactivity,medium,Actividad cayó 97% vs promedio de 14d,2024-04-07T00:00:00,,
NKP6417,inactivity,medium,Actividad cayó 88% vs promedio de 14d,2024-04-11T00:00:00,,
PBG6023,inactivity,medium,Actividad cayó 99% vs promedio de 14d,2024-04-11T00:00:00,,
122409K,inactivity,medium,Actividad cayó 56% vs promedio de 14d,2024-04-12T00:00:00,,
122409K,consumption,medium,Consumo cayó 56% y sólo registra 735 L en 30d,2024-04-12T00:00:00,,
A01960A,inactivity,medium,Actividad cayó 72% vs promedio de 14d,2024-04-12T00:00:00,,
A01960A,consumption,medium,"Consumo cayó 72% y sólo registra 1,127 L en 30d",2024-04-12T00:00:00,,
LRV397A,inactivity,medium,Actividad cayó 89% vs promedio de 14d,2024-04-12T00:00:00,,
MMW997A,inactivity,medium,Actividad cayó 98% vs promedio de 14d,2024-04-16T00:00:00,,
A00172A,inactivity,medium,Actividad cayó 69% vs promedio de 14d,2024-04-17T00:00:00,,
A00172A,consumption,medium,"Consumo cayó 69% y sólo registra 1,377 L en 30d",2024-04-17T00:00:00,,
1706MDF121,inactivity,medium,Actividad cayó 85% vs promedio de 14d,2024-04-19T00:00:00,,
A5070M,inactivity,medium,Actividad cayó 89% vs promedio de 14d,2024-04-19T00:00:00,,
NCC4186,inactivity,medium,Actividad cayó 94% vs promedio de 14d,2024-04-19T00:00:00,,
A036JLC,inactivity,medium,Actividad cayó 92% vs promedio de 14d,2024-04-21T00:00:00,,
A3315J,inactivity,medium,Actividad cayó 96% vs promedio de 14d,2024-04-21T00:00:00,,
PDD8511,inactivity,medium,Actividad cayó 86% vs promedio de 14d,2024-04-21T00:00:00,,
PEB7197,inactivity,medium,Actividad cayó 86% vs promedio de 14d,2024-04-24T00:00:00,,
741601J,inactivity,medium,Actividad cayó 99% vs promedio de 14d,2024-04-25T00:00:00,,
A00201A,inactivity,medium,Actividad cayó 88% vs promedio de 14d,2024-04-25T00:00:00,,
A00201A,consumption,medium,Consumo cayó 88% y sólo registra 458 L en 30d,2024-04-25T00:00:00,,
A559JMC,inactivity,medium,Actividad cayó 98% vs promedio de 14d,2024-04-25T00:00:00,,
LLG870A,inactivity,medium,Actividad cayó 92% vs promedio de 14d,2024-04-25T00:00:00,,
NUW7185,inactivity,medium,Actividad cayó 98% vs promedio de 14d,2024-04-26T00:00:00,,
A8077A,inactivity,medium,Actividad cayó 98% vs promedio de 14d,2024-04-27T00:00:00,,
NUJ4051,inactivity,medium,Actividad cayó 95% vs promedio de 14d,2024-04-30T00:00:00,,
A3486H,inactivity,medium,Actividad cayó 99% vs promedio de 14d,2024-05-06T00:00:00,,
LUE056A,inactivity,medium,Actividad cayó 88% vs promedio de 14d,2024-05-06T00:00:00,,
A6907D,inactivity,medium,Actividad cayó 95% vs promedio de 14d,2024-05-08T00:00:00,,
A5993L,inactivity,medium,Actividad cayó 92% vs promedio de 14d,2024-05-10T00:00:00,,
A5993L,consumption,medium,Consumo cayó 92% y sólo registra 247 L en 30d,2024-05-10T00:00:00,,
1610MDF123,inactivity,medium,Actividad cayó 92% vs promedio de 14d,2024-05-13T00:00:00,,
LRN332A,inactivity,medium,Actividad cayó 98% vs promedio de 14d,2024-05-13T00:00:00,,
NFW3006,inactivity,medium,Actividad cayó 89% vs promedio de 14d,2024-05-16T00:00:00,,
A04232A,inactivity,medium,Actividad cayó 78% vs promedio de 14d,2024-05-18T00:00:00,,
A04232A,consumption,medium,Consumo cayó 78% y sólo registra 968 L en 30d,2024-05-18T00:00:00,,
A5253L,inactivity,medium,Actividad cayó 91% vs promedio de 14d,2024-05-18T00:00:00,,
500ZDU,inactivity,medium,Actividad cayó 99% vs promedio de 14d,2024-05-20T00:00:00,,
A0604A,inactivity,medium,Actividad cayó 90% vs promedio de 14d,2024-05-21T00:00:00,,
A5425L,inactivity,medium,Actividad cayó 90% vs promedio de 14d,2024-05-25T00:00:00,,
A6058C,inactivity,medium,Actividad cayó 90% vs promedio de 14d,2024-05-28T00:00:00,,
A4821E,inactivity,medium,Actividad cayó 96% vs promedio de 14d,2024-05-30T00:00:00,,
A01931A,inactivity,medium,Actividad cayó 69% vs promedio de 14d,2024-06-02T00:00:00,,
A01931A,consumption,medium,"Consumo cayó 69% y sólo registra 1,203 L en 30d",2024-06-02T00:00:00,,
A40958,inactivity,medium,Actividad cayó 99% vs promedio de 14d,2024-06-02T00:00:00,,
A29124E,inactivity,medium,Actividad cayó 60% vs promedio de 14d,2024-06-05T00:00:00,,
A29124E,consumption,medium,Consumo cayó 60% y sólo registra 471 L en 30d,2024-06-05T00:00:00,,
A3697K,inactivity,medium,Actividad cayó 98% vs promedio de 14d,2024-06-05T00:00:00,,
A4193A,inactivity,medium,Actividad cayó 88% vs promedio de 14d,2024-06-05T00:00:00,,
A4193A,consumption,medium,Consumo cayó 88% y sólo registra 232 L en 30d,2024-06-05T00:00:00,,
PAJ5018,inactivity,medium,Actividad cayó 89% vs promedio de 14d,2024-06-05T00:00:00,,
A8695B,inactivity,medium,Actividad cayó 96% vs promedio de 14d,2024-06-07T00:00:00,,
1712MDF018,inactivity,medium,Actividad cayó 90% vs promedio de 14d,2024-06-08T00:00:00,,
MXU8000,inactivity,medium,Actividad cayó 89% vs promedio de 14d,2024-06-09T00:00:00,,
X40BLP,inactivity,medium,Actividad cayó 93% vs promedio de 14d,2024-06-14T00:00:00,,
A27513E,inactivity,medium,Actividad cayó 66% vs promedio de 14d,2024-06-17T00:00:00,,
A27513E,consumption,medium,Consumo cayó 66% y sólo registra 281 L en 30d,2024-06-17T00:00:00,,
M05ADW,inactivity,medium,Actividad cayó 98% vs promedio de 14d,2024-06-17T00:00:00,,
A3820J,inactivity,medium,Actividad cayó 88% vs promedio de 14d,2024-06-19T00:00:00,,
A9675D,inactivity,medium,Actividad cayó 98% vs promedio de 14d,2024-06-19T00:00:00,,
H42ASY,inactivity,medium,Actividad cayó 98% vs promedio de 14d,2024-06-20T00:00:00,,
Z50BGG,inactivity,medium,Actividad cayó 98% vs promedio de 14d,2024-06-23T00:00:00,,
A2757H,inactivity,medium,Actividad cayó 98% vs promedio de 14d,2024-06-24T00:00:00,,
MVY284A,inactivity,medium,Actividad cayó 85% vs promedio de 14d,2024-06-25T00:00:00,,
MVY284A,consumption,medium,Consumo cayó 85% y sólo registra 286 L en 30d,2024-06-25T00:00:00,,
NEJ369A,inactivity,medium,Actividad cayó 98% vs promedio de 14d,2024-06-27T00:00:00,,
120370K,inactivity,medium,Actividad cayó 67% vs promedio de 14d,2024-06-29T00:00:00,,
120370K,consumption,medium,Consumo cayó 67% y sólo registra 895 L en 30d,2024-06-29T00:00:00,,
A9119G,inactivity,medium,Actividad cayó 89% vs promedio de 14d,2024-06-29T00:00:00,,
403TL167,inactivity,medium,Actividad cayó 95% vs promedio de 14d,2024-07-01T00:00:00,,
NWE4850,inactivity,medium,Actividad cayó 90% vs promedio de 14d,2024-07-04T00:00:00,,
A04685A,inactivity,medium,Actividad cayó 72% vs promedio de 14d,2024-07-05T00:00:00,,
A04685A,consumption,medium,"Consumo cayó 72% y sólo registra 1,109 L en 30d",2024-07-05T00:00:00,,
PEC8365,inactivity,medium,Actividad cayó 99% vs promedio de 14d,2024-07-07T00:00:00,,
A00296A,inactivity,medium,Actividad cayó 76% vs promedio de 14d,2024-07-09T00:00:00,,
A00296A,consumption,medium,"Consumo cayó 76% y sólo registra 1,170 L en 30d",2024-07-09T00:00:00,,
A3496J,inactivity,medium,Actividad cayó 79% vs promedio de 14d,2024-07-10T00:00:00,,
A3496J,consumption,medium,Consumo cayó 79% y sólo registra 454 L en 30d,2024-07-10T00:00:00,,
A9448K,inactivity,medium,Actividad cayó 98% vs promedio de 14d,2024-07-10T00:00:00,,
405TL020,inactivity,medium,Actividad cayó 99% vs promedio de 14d,2024-07-11T00:00:00,,
A00022A,inactivity,medium,Actividad cayó 81% vs promedio de 14d,2024-07-11T00:00:00,,
A00022A,consumption,medium,Consumo cayó 81% y sólo registra 799 L en 30d,2024-07-11T00:00:00,,
A7563G,inactivity,medium,Actividad cayó 95% vs promedio de 14d,2024-07-11T00:00:00,,
ECO508,inactivity,medium,Actividad cayó 96% vs promedio de 14d,2024-07-16T00:00:00,,
MUN882A,inactivity,medium,Actividad cayó 99% vs promedio de 14d,2024-07-16T00:00:00,,
NKH9513,inactivity,medium,Actividad cayó 91% vs promedio de 14d,2024-07-16T00:00:00,,
NTS6641,inactivity,medium,Actividad cayó 98% vs promedio de 14d,2024-07-16T00:00:00,,
A01259A,inactivity,medium,Actividad cayó 85% vs promedio de 14d,2024-07-18T00:00:00,,
A01259A,consumption,medium,Consumo cayó 85% y sólo registra 375 L en 30d,2024-07-18T00:00:00,,
A4171D,inactivity,medium,Actividad cayó 98% vs promedio de 14d,2024-07-18T00:00:00,,
2000012,inactivity,medium,Actividad cayó 96% vs promedio de 14d,2024-07-19T00:00:00,,
A23276E,inactivity,medium,Actividad cayó 94% vs promedio de 14d,2024-07-19T00:00:00,,
NJA3266,inactivity,medium,Actividad cayó 89% vs promedio de 14d,2024-07-19T00:00:00,,
NJA3266,consumption,medium,Consumo cayó 89% y sólo registra 308 L en 30d,2024-07-19T00:00:00,,
A6506B,inactivity,medium,Actividad cayó 89% vs promedio de 14d,2024-07-20T00:00:00,,
F15BEA,inactivity,medium,Actividad cayó 83% vs promedio de 14d,2024-07-20T00:00:00,,
F15BEA,consumption,medium,Consumo cayó 83% y sólo registra 269 L en 30d,2024-07-20T00:00:00,,
L0093988,inactivity,medium,Actividad cayó 78% vs promedio de 14d,2024-07-20T00:00:00,,
T99AZF,inactivity,medium,Actividad cayó 97% vs promedio de 14d,2024-07-20T00:00:00,,
845NA116C,inactivity,medium,Actividad cayó 100% vs promedio de 14d,2024-07-22T00:00:00,,
ECO534,inactivity,medium,Actividad cayó 87% vs promedio de 14d,2024-07-23T00:00:00,,
467TL118,inactivity,medium,Actividad cayó 97% vs promedio de 14d,2024-07-24T00:00:00,,
ECO035,inactivity,medium,Actividad cayó 70% vs promedio de 14d,2024-07-24T00:00:00,,
ECO035,consumption,medium,Consumo cayó 70% y sólo registra 513 L en 30d,2024-07-24T00:00:00,,
N66BJB,inactivity,medium,Actividad cayó 91% vs promedio de 14d,2024-07-24T00:00:00,,
A59BEB,inactivity,medium,Actividad cayó 99% vs promedio de 14d,2024-07-25T00:00:00,,
A6277E,inactivity,medium,Actividad cayó 94% vs promedio de 14d,2024-07-28T00:00:00,,
J68BGU,inactivity,medium,Actividad cayó 90% vs promedio de 14d,2024-07-29T00:00:00,,
NKT1129,inactivity,medium,Actividad cayó 98% vs promedio de 14d,2024-07-30T00:00:00,,
A0813B,inactivity,medium,Actividad cayó 88% vs promedio de 14d,2024-08-04T00:00:00,,
A7049M,inactivity,medium,Actividad cayó 97% vs promedio de 14d,2024-08-04T00:00:00,,
A6274J,inactivity,medium,Actividad cayó 93% vs promedio de 14d,2024-08-05T00:00:00,,
91171,inactivity,medium,Actividad cayó 76% vs promedio de 14d,2024-08-06T00:00:00,,
A9293J,inactivity,medium,Actividad cayó 97% vs promedio de 14d,2024-08-09T00:00:00,,
A1297B,inactivity,medium,Actividad cayó 97% vs promedio de 14d,2024-08-10T00:00:00,,
A9007G,inactivity,medium,Actividad cayó 99% vs promedio de 14d,2024-08-10T00:00:00,,
Z14ARR,inactivity,medium,Actividad cayó 90% vs promedio de 14d,2024-08-10T00:00:00,,
W57BCN,inactivity,medium,Actividad cayó 98% vs promedio de 14d,2024-08-14T00:00:00,,
1804272,inactivity,medium,Actividad cayó 93% vs promedio de 14d,2024-08-15T00:00:00,,
A2101H,inactivity,medium,Actividad cayó 98% vs promedio de 14d,2024-08-16T00:00:00,,
GYM770,consumption,medium,Consumo cayó 0% y sólo registra 339 L en 30d,2024-08-17T00:00:00,,
NJK7453,inactivity,medium,Actividad cayó 86% vs promedio de 14d,2024-08-17T00:00:00,,
A2025H,inactivity,medium,Actividad cayó 99% vs promedio de 14d,2024-08-18T00:00:00,,
1712MDF131,inactivity,medium,Actividad cayó 61% vs promedio de 14d,2024-08-19T00:00:00,,
1712MDF131,consumption,medium,Consumo cayó 61% y sólo registra 919 L en 30d,2024-08-19T00:00:00,,
U75AXN,inactivity,medium,Actividad cayó 87% vs promedio de 14d,2024-08-19T00:00:00,,
A1930N,inactivity,medium,Actividad cayó 98% vs promedio de 14d,2024-08-20T00:00:00,,
A931JMD,inactivity,medium,Actividad cayó 94% vs promedio de 14d,2024-08-20T00:00:00,,
J55BFW,inactivity,medium,Actividad cayó 90% vs promedio de 14d,2024-08-21T00:00:00,,
A0858A,inactivity,medium,Actividad cayó 100% vs promedio de 14d,2024-08-22T00:00:00,,
A5460L,inactivity,medium,Actividad cayó 98% vs promedio de 14d,2024-08-25T00:00:00,,
A00158A,inactivity,medium,Actividad cayó 67% vs promedio de 14d,2024-08-27T00:00:00,,
A00158A,consumption,medium,"Consumo cayó 67% y sólo registra 1,029 L en 30d",2024-08-27T00:00:00,,
A8570D,inactivity,medium,Actividad cayó 98% vs promedio de 14d,2024-08-29T00:00:00,,
A26160E,inactivity,medium,Actividad cayó 88% vs promedio de 14d,2024-08-30T00:00:00,,
ECO518,inactivity,medium,Actividad cayó 100% vs promedio de 14d,2024-08-30T00:00:00,,
109456,inactivity,medium,Actividad cayó 93% vs promedio de 14d,2024-08-31T00:00:00,,
K52BEM,inactivity,medium,Actividad cayó 98% vs promedio de 14d,2024-09-01T00:00:00,,
1705MDF058,inactivity,medium,Actividad cayó 93% vs promedio de 14d,2024-09-03T00:00:00,,
A9502L,inactivity,medium,Actividad cayó 96% vs promedio de 14d,2024-09-03T00:00:00,,
305,inactivity,medium,Actividad cayó 94% vs promedio de 14d,2024-09-04T00:00:00,,
417,inactivity,medium,Actividad cayó 98% vs promedio de 14d,2024-09-04T00:00:00,,
A064,inactivity,medium,Actividad cayó 96% vs promedio de 14d,2024-09-04T00:00:00,,
A191JMD,inactivity,medium,Actividad cayó 94% vs promedio de 14d,2024-09-05T00:00:00,,
A29057E,inactivity,medium,Actividad cayó 71% vs promedio de 14d,2024-09-05T00:00:00,,
A29057E,consumption,medium,Consumo cayó 71% y sólo registra 837 L en 30d,2024-09-05T00:00:00,,
757306J,inactivity,medium,Actividad cayó 95% vs promedio de 14d,2024-09-06T00:00:00,,
A13857,inactivity,medium,Actividad cayó 88% vs promedio de 14d,2024-09-07T00:00:00,,
A13857,consumption,medium,Consumo cayó 88% y sólo registra 305 L en 30d,2024-09-07T00:00:00,,
P803547,inactivity,medium,Actividad cayó 99% vs promedio de 14d,2024-09-09T00:00:00,,
MYZ280A,inactivity,medium,Actividad cayó 97% vs promedio de 14d,2024-09-10T00:00:00,,
NCH8736,inactivity,medium,Actividad cayó 90% vs promedio de 14d,2024-09-10T00:00:00,,
370,inactivity,medium,Actividad cayó 92% vs promedio de 14d,2024-09-11T00:00:00,,
G18AMC,inactivity,medium,Actividad cayó 98% vs promedio de 14d,2024-09-11T00:00:00,,
NGS840A,inactivity,medium,Actividad cayó 99% vs promedio de 14d,2024-09-12T00:00:00,,
NXY5000,inactivity,medium,Actividad cayó 90% vs promedio de 14d,2024-09-12T00:00:00,,
A04513A,inactivity,medium,Actividad cayó 60% vs promedio de 14d,2024-09-13T00:00:00,,
A04513A,consumption,medium,"Consumo cayó 60% y sólo registra 1,493 L en 30d",2024-09-13T00:00:00,,
CR5986,inactivity,medium,Actividad cayó 66% vs promedio de 14d,2024-09-13T00:00:00,,
CR5986,consumption,medium,Consumo cayó 66% y sólo registra 315 L en 30d,2024-09-13T00:00:00,,
A0772M,inactivity,medium,Actividad cayó 90% vs promedio de 14d,2024-09-14T00:00:00,,
A5651M,inactivity,medium,Actividad cayó 90% vs promedio de 14d,2024-09-14T00:00:00,,
NPU6648,inactivity,medium,Actividad cayó 98% vs promedio de 14d,2024-09-14T00:00:00,,
NZJ2346,inactivity,medium,Actividad cayó 90% vs promedio de 14d,2024-09-14T00:00:00,,
A2797B,inactivity,medium,Actividad cayó 98% vs promedio de 14d,2024-09-15T00:00:00,,
NZJ9353,inactivity,medium,Actividad cayó 90% vs promedio de 14d,2024-09-15T00:00:00,,
NKK4840,inactivity,medium,Actividad cayó 87% vs promedio de 14d,2024-09-17T00:00:00,,
1610MDF004,inactivity,medium,Actividad cayó 98% vs promedio de 14d,2024-09-18T00:00:00,,
A4680C,inactivity,medium,Actividad cayó 100% vs promedio de 14d,2024-09-20T00:00:00,,
640NZ022M,inactivity,medium,Actividad cayó 90% vs promedio de 14d,2024-09-23T00:00:00,,
A8801K,inactivity,medium,Actividad cayó 90% vs promedio de 14d,2024-09-23T00:00:00,,
C89BFD,inactivity,medium,Actividad cayó 89% vs promedio de 14d,2024-09-23T00:00:00,,
C89BFD,consumption,medium,Consumo cayó 89% y sólo registra 231 L en 30d,2024-09-23T00:00:00,,
NWE6364,inactivity,medium,Actividad cayó 98% vs promedio de 14d,2024-09-23T00:00:00,,
A5387E,inactivity,medium,Actividad cayó 91% vs promedio de 14d,2024-09-24T00:00:00,,
A4114B,inactivity,medium,Actividad cayó 98% vs promedio de 14d,2024-09-25T00:00:00,,
NTD3059,inactivity,medium,Actividad cayó 97% vs promedio de 14d,2024-09-25T00:00:00,,
400TL078,inactivity,medium,Actividad cayó 48% vs promedio de 14d,2024-09-28T00:00:00,,
400TL078,consumption,medium,Consumo cayó 48% y sólo registra 700 L en 30d,2024-09-28T00:00:00,,
CR5842,consumption,medium,Consumo cayó 45% y sólo registra 506 L en 30d,2024-09-28T00:00:00,,
NZE6296,inactivity,medium,Actividad cayó 88% vs promedio de 14d,2024-09-30T00:00:00,,
PBZ4454,inactivity,medium,Actividad cayó 95% vs promedio de 14d,2024-09-30T00:00:00,,
UNIDAD113,inactivity,medium,Actividad cayó 95% vs promedio de 14d,2024-09-30T00:00:00,,
MYZ409A,inactivity,medium,Actividad cayó 98% vs promedio de 14d,2024-10-02T00:00:00,,
NZG4949,inactivity,medium,Actividad cayó 90% vs promedio de 14d,2024-10-02T00:00:00,,
A1343H,inactivity,medium,Actividad cayó 88% vs promedio de 14d,2024-10-03T00:00:00,,
LKH469A,inactivity,medium,Actividad cayó 88% vs promedio de 14d,2024-10-03T00:00:00,,
PCT9966,inactivity,medium,Actividad cayó 99% vs promedio de 14d,2024-10-03T00:00:00,,
UTZ406K,inactivity,medium,Actividad cayó 98% vs promedio de 14d,2024-10-03T00:00:00,,
1710MDF045,inactivity,medium,Actividad cayó 67% vs promedio de 14d,2024-10-05T00:00:00,,
LMN574A,inactivity,medium,Actividad cayó 99% vs promedio de 14d,2024-10-05T00:00:00,,
A4533K,inactivity,medium,Actividad cayó 87% vs promedio de 14d,2024-10-07T00:00:00,,
A7145D,inactivity,medium,Actividad cayó 91% vs promedio de 14d,2024-10-07T00:00:00,,
NSM4747,inactivity,medium,Actividad cayó 98% vs promedio de 14d,2024-10-07T00:00:00,,
A23350E,inactivity,medium,Actividad cayó 56% vs promedio de 14d,2024-10-09T00:00:00,,
A23350E,consumption,medium,Consumo cayó 56% y sólo registra 445 L en 30d,2024-10-09T00:00:00,,
A1725K,inactivity,medium,Actividad cayó 94% vs promedio de 14d,2024-10-10T00:00:00,,
A5263L,inactivity,medium,Actividad cayó 92% vs promedio de 14d,2024-10-11T00:00:00,,
MES443A,inactivity,medium,Actividad cayó 98% vs promedio de 14d,2024-10-13T00:00:00,,
PBP6833,inactivity,medium,Actividad cayó 98% vs promedio de 14d,2024-10-13T00:00:00,,
B27ALF,inactivity,medium,Actividad cayó 95% vs promedio de 14d,2024-10-14T00:00:00,,
NJT3199,inactivity,medium,Actividad cayó 97% vs promedio de 14d,2024-10-14T00:00:00,,
NYM4040,inactivity,medium,Actividad cayó 99% vs promedio de 14d,2024-10-14T00:00:00,,
NZD4088,inactivity,medium,Actividad cayó 86% vs promedio de 14d,2024-10-14T00:00:00,,
MNR321A,inactivity,medium,Actividad cayó 88% vs promedio de 14d,2024-10-16T00:00:00,,
A2164D,inactivity,medium,Actividad cayó 97% vs promedio de 14d,2024-10-17T00:00:00,,
A26364E,inactivity,medium,Actividad cayó 96% vs promedio de 14d,2024-10-17T00:00:00,,
R53AZA,inactivity,medium,Actividad cayó 87% vs promedio de 14d,2024-10-17T00:00:00,,
A88211,inactivity,medium,Actividad cayó 98% vs promedio de 14d,2024-10-19T00:00:00,,
NUH9419,inactivity,medium,Actividad cayó 87% vs promedio de 14d,2024-10-19T00:00:00,,
A00889A,inactivity,medium,Actividad cayó 74% vs promedio de 14d,2024-10-20T00:00:00,,
NYP4901,inactivity,medium,Actividad cayó 94% vs promedio de 14d,2024-10-20T00:00:00,,
PDE4380,inactivity,medium,Actividad cayó 89% vs promedio de 14d,2024-10-20T00:00:00,,
PDN2243,inactivity,medium,Actividad cayó 98% vs promedio de 14d,2024-10-20T00:00:00,,
A25250E,inactivity,medium,Actividad cayó 95% vs promedio de 14d,2024-10-21T00:00:00,,
PBE4208,inactivity,medium,Actividad cayó 98% vs promedio de 14d,2024-10-21T00:00:00,,
W79AKU,inactivity,medium,Actividad cayó 86% vs promedio de 14d,2024-10-21T00:00:00,,
W79AKU,consumption,medium,Consumo cayó 86% y sólo registra 237 L en 30d,2024-10-21T00:00:00,,
A9054A,inactivity,medium,Actividad cayó 90% vs promedio de 14d,2024-10-22T00:00:00,,
M90632,inactivity,medium,Actividad cayó 61% vs promedio de 14d,2024-10-22T00:00:00,,
M90632,consumption,medium,Consumo cayó 61% y sólo registra 918 L en 30d,2024-10-22T00:00:00,,
NPR7970,inactivity,medium,Actividad cayó 85% vs promedio de 14d,2024-10-24T00:00:00,,
NPR7970,consumption,medium,Consumo cayó 85% y sólo registra 227 L en 30d,2024-10-24T00:00:00,,
A24333E,inactivity,medium,Actividad cayó 71% vs promedio de 14d,2024-10-25T00:00:00,,
A24333E,consumption,medium,Consumo cayó 71% y sólo registra 347 L en 30d,2024-10-25T00:00:00,,
PAX7437,inactivity,medium,Actividad cayó 86% vs promedio de 14d,2024-10-25T00:00:00,,
PAX7437,consumption,medium,Consumo cayó 86% y sólo registra 402 L en 30d,2024-10-25T00:00:00,,
1712MDF126,inactivity,medium,Actividad cayó 90% vs promedio de 14d,2024-10-26T00:00:00,,
A24472E,inactivity,medium,Actividad cayó 66% vs promedio de 14d,2024-10-26T00:00:00,,
NDE730A,inactivity,medium,Actividad cayó 99% vs promedio de 14d,2024-10-26T00:00:00,,
PBZ4742,inactivity,medium,Actividad cayó 99% vs promedio de 14d,2024-10-26T00:00:00,,
LYX364A,inactivity,medium,Actividad cayó 86% vs promedio de 14d,2024-10-27T00:00:00,,
NHT5940,inactivity,medium,Actividad cayó 96% vs promedio de 14d,2024-10-27T00:00:00,,
PBJ5086,inactivity,medium,Actividad cayó 98% vs promedio de 14d,2024-10-27T00:00:00,,
A0316B,inactivity,medium,Actividad cayó 94% vs promedio de 14d,2024-10-29T00:00:00,,
A24778E,inactivity,medium,Actividad cayó 62% vs promedio de 14d,2024-10-29T00:00:00,,
A2591J,inactivity,medium,Actividad cayó 89% vs promedio de 14d,2024-10-29T00:00:00,,
1247JGE,inactivity,medium,Actividad cayó 96% vs promedio de 14d,2024-10-31T00:00:00,,
CR5666,inactivity,medium,Actividad cayó 87% vs promedio de 14d,2024-10-31T00:00:00,,
1050,inactivity,medium,Actividad cayó 91% vs promedio de 14d,2024-11-01T00:00:00,,
W32ABF,inactivity,medium,Actividad cayó 99% vs promedio de 14d,2024-11-01T00:00:00,,
PDV9084,inactivity,medium,Actividad cayó 88% vs promedio de 14d,2024-11-02T00:00:00,,
330C,inactivity,medium,Actividad cayó 58% vs promedio de 14d,2024-11-03T00:00:00,,
330C,consumption,medium,Consumo cayó 58% y sólo registra 958 L en 30d,2024-11-03T00:00:00,,
A0582H,inactivity,medium,Actividad cayó 99% vs promedio de 14d,2024-11-03T00:00:00,,
PEF6959,inactivity,medium,Actividad cayó 88% vs promedio de 14d,2024-11-03T00:00:00,,
PEF6959,consumption,medium,Consumo cayó 88% y sólo registra 212 L en 30d,2024-11-03T00:00:00,,
NSG8670,inactivity,medium,Actividad cayó 94% vs promedio de 14d,2024-11-04T00:00:00,,
121368K,inactivity,medium,Actividad cayó 92% vs promedio de 14d,2024-11-07T00:00:00,,
P801079,inactivity,medium,Actividad cayó 94% vs promedio de 14d,2024-11-07T00:00:00,,
A46353,inactivity,medium,Actividad cayó 98% vs promedio de 14d,2024-11-08T00:00:00,,
MAF974B,inactivity,medium,Actividad cayó 89% vs promedio de 14d,2024-11-08T00:00:00,,
A9417K,inactivity,medium,Actividad cayó 96% vs promedio de 14d,2024-11-09T00:00:00,,
B07991,inactivity,medium,Actividad cayó 97% vs promedio de 14d,2024-11-09T00:00:00,,
1704MDF094,inactivity,medium,Actividad cayó 95% vs promedio de 14d,2024-11-10T00:00:00,,
A9094E,inactivity,medium,Actividad cayó 98% vs promedio de 14d,2024-11-10T00:00:00,,
NBH9999,inactivity,medium,Actividad cayó 94% vs promedio de 14d,2024-11-10T00:00:00,,
A29081,inactivity,medium,Actividad cayó 91% vs promedio de 14d,2024-11-11T00:00:00,,
NAN301A,inactivity,medium,Actividad cayó 83% vs promedio de 14d,2024-11-11T00:00:00,,
NAN301A,consumption,medium,Consumo cayó 83% y sólo registra 494 L en 30d,2024-11-11T00:00:00,,
PDN2241,inactivity,medium,Actividad cayó 85% vs promedio de 14d,2024-11-12T00:00:00,,
PDN2241,consumption,medium,Consumo cayó 85% y sólo registra 213 L en 30d,2024-11-12T00:00:00,,
NZN7779,inactivity,medium,Actividad cayó 92% vs promedio de 14d,2024-11-13T00:00:00,,
807703J,inactivity,medium,Actividad cayó 61% vs promedio de 14d,2024-11-14T00:00:00,,
807703J,consumption,medium,Consumo cayó 61% y sólo registra 213 L en 30d,2024-11-14T00:00:00,,
A04691A,inactivity,medium,Actividad cayó 69% vs promedio de 14d,2024-11-15T00:00:00,,
A04691A,consumption,medium,"Consumo cayó 69% y sólo registra 1,082 L en 30d",2024-11-15T00:00:00,,
A5818G,inactivity,medium,Actividad cayó 98% vs promedio de 14d,2024-11-16T00:00:00,,
MDE922A,inactivity,medium,Actividad cayó 97% vs promedio de 14d,2024-11-17T00:00:00,,
A0537H,inactivity,medium,Actividad cayó 88% vs promedio de 14d,2024-11-18T00:00:00,,
A1016L,inactivity,medium,Actividad cayó 97% vs promedio de 14d,2024-11-18T00:00:00,,
A83155D,inactivity,medium,Actividad cayó 88% vs promedio de 14d,2024-11-18T00:00:00,,
V25AUE,inactivity,medium,Actividad cayó 99% vs promedio de 14d,2024-11-18T00:00:00,,
A2945E,inactivity,medium,Actividad cayó 96% vs promedio de 14d,2024-11-20T00:00:00,,
ECO517,inactivity,medium,Actividad cayó 81% vs promedio de 14d,2024-11-20T00:00:00,,
P802435,inactivity,medium,Actividad cayó 76% vs promedio de 14d,2024-11-20T00:00:00,,
ECO507,inactivity,medium,Actividad cayó 98% vs promedio de 14d,2024-11-21T00:00:00,,
NTD7180,inactivity,medium,Actividad cayó 99% vs promedio de 14d,2024-11-21T00:00:00,,
A5685J,inactivity,medium,Actividad cayó 89% vs promedio de 14d,2024-11-22T00:00:00,,
902246,inactivity,medium,Actividad cayó 60% vs promedio de 14d,2024-11-23T00:00:00,,
902246,consumption,medium,"Consumo cayó 60% y sólo registra 1,242 L en 30d",2024-11-23T00:00:00,,
LVJ213A,inactivity,medium,Actividad cayó 90% vs promedio de 14d,2024-11-24T00:00:00,,
A9514J,inactivity,medium,Actividad cayó 88% vs promedio de 14d,2024-11-25T00:00:00,,
A9514J,consumption,medium,Consumo cayó 88% y sólo registra 212 L en 30d,2024-11-25T00:00:00,,
A23726E,inactivity,medium,Actividad cayó 73% vs promedio de 14d,2024-11-26T00:00:00,,
A23726E,consumption,medium,Consumo cayó 73% y sólo registra 386 L en 30d,2024-11-26T00:00:00,,
N86BHC,inactivity,medium,Actividad cayó 97% vs promedio de 14d,2024-11-26T00:00:00,,
NSF7001,inactivity,medium,Actividad cayó 86% vs promedio de 14d,2024-11-26T00:00:00,,
NSF7001,consumption,medium,Consumo cayó 86% y sólo registra 229 L en 30d,2024-11-26T00:00:00,,
ECA530,inactivity,medium,Actividad cayó 95% vs promedio de 14d,2024-11-27T00:00:00,,
Y38BEE,inactivity,medium,Actividad cayó 98% vs promedio de 14d,2024-11-29T00:00:00,,
A00012,inactivity,medium,Actividad cayó 98% vs promedio de 14d,2024-11-30T00:00:00,,
NTC2304,inactivity,medium,Actividad cayó 99% vs promedio de 14d,2024-11-30T00:00:00,,
A7764J,inactivity,medium,Actividad cayó 98% vs promedio de 14d,2024-12-01T00:00:00,,
A9053B,inactivity,medium,Actividad cayó 96% vs promedio de 14d,2024-12-01T00:00:00,,
NYM9892,inactivity,medium,Actividad cayó 99% vs promedio de 14d,2024-12-01T00:00:00,,
MES414A,inactivity,medium,Actividad cayó 94% vs promedio de 14d,2024-12-02T00:00:00,,
A6060E,inactivity,medium,Actividad cayó 99% vs promedio de 14d,2024-12-04T00:00:00,,
A9560B,inactivity,medium,Actividad cayó 87% vs promedio de 14d,2024-12-04T00:00:00,,
B16790,inactivity,medium,Actividad cayó 94% vs promedio de 14d,2024-12-06T00:00:00,,
PDC2428,inactivity,medium,Actividad cayó 99% vs promedio de 14d,2024-12-07T00:00:00,,
A04522A,inactivity,medium,Actividad cayó 70% vs promedio de 14d,2024-12-09T00:00:00,,
A04522A,consumption,medium,"Consumo cayó 70% y sólo registra 1,174 L en 30d",2024-12-09T00:00:00,,
LPB973A,inactivity,medium,Actividad cayó 89% vs promedio de 14d,2024-12-09T00:00:00,,
747276J,inactivity,medium,Actividad cayó 96% vs promedio de 14d,2024-12-10T00:00:00,,
NYZ2678,inactivity,medium,Actividad cayó 98% vs promedio de 14d,2024-12-11T00:00:00,,
P802569,inactivity,medium,Actividad cayó 58% vs promedio de 14d,2024-12-11T00:00:00,,
MZU169A,inactivity,medium,Actividad cayó 98% vs promedio de 14d,2024-12-13T00:00:00,,
NWC5697,inactivity,medium,Actividad cayó 98% vs promedio de 14d,2024-12-13T00:00:00,,
PDP9740,inactivity,medium,Actividad cayó 97% vs promedio de 14d,2024-12-13T00:00:00,,
PES7501,inactivity,medium,Actividad cayó 91% vs promedio de 14d,2024-12-13T00:00:00,,
A7739H,inactivity,medium,Actividad cayó 92% vs promedio de 14d,2024-12-14T00:00:00,,
Y01BBX,inactivity,medium,Actividad cayó 99% vs promedio de 14d,2024-12-14T00:00:00,,
A5829B,inactivity,medium,Actividad cayó 98% vs promedio de 14d,2024-12-15T00:00:00,,
A8601E,inactivity,medium,Actividad cayó 99% vs promedio de 14d,2024-12-16T00:00:00,,
PDN2262,inactivity,medium,Actividad cayó 91% vs promedio de 14d,2024-12-17T00:00:00,,
T47BEC,inactivity,medium,Actividad cayó 99% vs promedio de 14d,2024-12-17T00:00:00,,
A3043J,inactivity,medium,Actividad cayó 97% vs promedio de 14d,2024-12-18T00:00:00,,
121440K,inactivity,medium,Actividad cayó 61% vs promedio de 14d,2024-12-20T00:00:00,,
121440K,consumption,medium,Consumo cayó 61% y sólo registra 763 L en 30d,2024-12-20T00:00:00,,
A278JMF,inactivity,medium,Actividad cayó 91% vs promedio de 14d,2024-12-20T00:00:00,,
A2810C,inactivity,medium,Actividad cayó 96% vs promedio de 14d,2024-12-20T00:00:00,,
A6323E,inactivity,medium,Actividad cayó 87% vs promedio de 14d,2024-12-20T00:00:00,,
RBZ248C,inactivity,medium,Actividad cayó 95% vs promedio de 14d,2024-12-21T00:00:00,,
A0855A,inactivity,medium,Actividad cayó 89% vs promedio de 14d,2024-12-22T00:00:00,,
A0855A,consumption,medium,Consumo cayó 89% y sólo registra 247 L en 30d,2024-12-22T00:00:00,,
N22BAK,inactivity,medium,Actividad cayó 96% vs promedio de 14d,2024-12-22T00:00:00,,
P000400,inactivity,medium,Actividad cayó 96% vs promedio de 14d,2024-12-22T00:00:00,,
P43AMA,inactivity,medium,Actividad cayó 90% vs promedio de 14d,2024-12-22T00:00:00,,
PBW6191,inactivity,medium,Actividad cayó 89% vs promedio de 14d,2024-12-22T00:00:00,,
418,inactivity,medium,Actividad cayó 97% vs promedio de 14d,2024-12-23T00:00:00,,
LF95269,inactivity,medium,Actividad cayó 63% vs promedio de 14d,2024-12-23T00:00:00,,
LF95269,consumption,medium,Consumo cayó 63% y sólo registra 326 L en 30d,2024-12-23T00:00:00,,
1701MDF118,inactivity,medium,Actividad cayó 98% vs promedio de 14d,2024-12-27T00:00:00,,
44VLB,inactivity,medium,Actividad cayó 90% vs promedio de 14d,2024-12-27T00:00:00,,
W73BCM,inactivity,medium,Actividad cayó 98% vs promedio de 14d,2024-12-27T00:00:00,,
2900JGE,inactivity,medium,Actividad cayó 86% vs promedio de 14d,2024-12-30T00:00:00,,
2900JGE,consumption,medium,Consumo cayó 86% y sólo registra 613 L en 30d,2024-12-30T00:00:00,,
A7861D,inactivity,medium,Actividad cayó 99% vs promedio de 14d,2024-12-30T00:00:00,,
299TLA,inactivity,medium,Actividad cayó 97% vs promedio de 14d,2024-12-31T00:00:00,,
NXD1136,inactivity,medium,Actividad cayó 90% vs promedio de 14d,2024-12-31T00:00:00,,
A9914E,inactivity,medium,Actividad cayó 98% vs promedio de 14d,2025-01-01T00:00:00,,
PXJ289D,inactivity,medium,Actividad cayó 95% vs promedio de 14d,2025-01-01T00:00:00,,
A6175M,inactivity,medium,Actividad cayó 86% vs promedio de 14d,2025-01-03T00:00:00,,
A7284B,inactivity,medium,Actividad cayó 89% vs promedio de 14d,2025-01-03T00:00:00,,
418C,inactivity,medium,Actividad cayó 75% vs promedio de 14d,2025-01-04T00:00:00,,
418C,consumption,medium,Consumo cayó 75% y sólo registra 472 L en 30d,2025-01-04T00:00:00,,
A2705K,inactivity,medium,Actividad cayó 87% vs promedio de 14d,2025-01-04T00:00:00,,
A83112D,inactivity,medium,Actividad cayó 82% vs promedio de 14d,2025-01-04T00:00:00,,
A83112D,consumption,medium,Consumo cayó 82% y sólo registra 434 L en 30d,2025-01-04T00:00:00,,
L95BCL,inactivity,medium,Actividad cayó 89% vs promedio de 14d,2025-01-07T00:00:00,,
ECO01,inactivity,medium,Actividad cayó 93% vs promedio de 14d,2025-01-08T00:00:00,,
A04684A,inactivity,medium,Actividad cayó 74% vs promedio de 14d,2025-01-10T00:00:00,,
A04684A,consumption,medium,"Consumo cayó 74% y sólo registra 1,041 L en 30d",2025-01-10T00:00:00,,
A96BCJ,inactivity,medium,Actividad cayó 92% vs promedio de 14d,2025-01-10T00:00:00,,
NTK9602,inactivity,medium,Actividad cayó 91% vs promedio de 14d,2025-01-11T00:00:00,,
NTK9602,consumption,medium,Consumo cayó 91% y sólo registra 212 L en 30d,2025-01-11T00:00:00,,
X91BEH,inactivity,medium,Actividad cayó 94% vs promedio de 14d,2025-01-11T00:00:00,,
A3889A,inactivity,medium,Actividad cayó 91% vs promedio de 14d,2025-01-12T00:00:00,,
L97BKG,inactivity,medium,Actividad cayó 86% vs promedio de 14d,2025-01-12T00:00:00,,
PEP7595,inactivity,medium,Actividad cayó 88% vs promedio de 14d,2025-01-12T00:00:00,,
A8675A,inactivity,medium,Actividad cayó 98% vs promedio de 14d,2025-01-13T00:00:00,,
1701MDF078,inactivity,medium,Actividad cayó 100% vs promedio de 14d,2025-01-15T00:00:00,,
NXV2821,inactivity,medium,Actividad cayó 99% vs promedio de 14d,2025-01-15T00:00:00,,
A0814M,inactivity,medium,Actividad cayó 99% vs promedio de 14d,2025-01-16T00:00:00,,
120053K,inactivity,medium,Actividad cayó 69% vs promedio de 14d,2025-01-17T00:00:00,,
120053K,consumption,medium,Consumo cayó 69% y sólo registra 676 L en 30d,2025-01-17T00:00:00,,
LYD851A,inactivity,medium,Actividad cayó 89% vs promedio de 14d,2025-01-17T00:00:00,,
NZW4847,inactivity,medium,Actividad cayó 87% vs promedio de 14d,2025-01-18T00:00:00,,
NJB3707,inactivity,medium,Actividad cayó 74% vs promedio de 14d,2025-01-19T00:00:00,,
A5739D,inactivity,medium,Actividad cayó 96% vs promedio de 14d,2025-01-21T00:00:00,,
NZE5695,inactivity,medium,Actividad cayó 88% vs promedio de 14d,2025-01-21T00:00:00,,
P801561,inactivity,medium,Actividad cayó 100% vs promedio de 14d,2025-01-21T00:00:00,,
A00115A,inactivity,medium,Actividad cayó 80% vs promedio de 14d,2025-01-23T00:00:00,,
A00115A,consumption,medium,Consumo cayó 80% y sólo registra 686 L en 30d,2025-01-23T00:00:00,,
PDR6179,inactivity,medium,Actividad cayó 88% vs promedio de 14d,2025-01-23T00:00:00,,
PDR6179,consumption,medium,Consumo cayó 88% y sólo registra 360 L en 30d,2025-01-23T00:00:00,,
120466K,inactivity,medium,Actividad cayó 68% vs promedio de 14d,2025-01-24T00:00:00,,
A6086J,inactivity,medium,Actividad cayó 87% vs promedio de 14d,2025-01-24T00:00:00,,
PEZ7226,inactivity,medium,Actividad cayó 94% vs promedio de 14d,2025-01-24T00:00:00,,
A222JMG,inactivity,medium,Actividad cayó 88% vs promedio de 14d,2025-01-25T00:00:00,,
A5947G,inactivity,medium,Actividad cayó 98% vs promedio de 14d,2025-01-25T00:00:00,,
A6293D,inactivity,medium,Actividad cayó 86% vs promedio de 14d,2025-01-25T00:00:00,,
M07BKD,inactivity,medium,Actividad cayó 89% vs promedio de 14d,2025-01-25T00:00:00,,
M07BKD,consumption,medium,Consumo cayó 89% y sólo registra 208 L en 30d,2025-01-25T00:00:00,,
PBC6570,inactivity,medium,Actividad cayó 94% vs promedio de 14d,2025-01-25T00:00:00,,
A6899H,inactivity,medium,Actividad cayó 97% vs promedio de 14d,2025-01-26T00:00:00,,
A25907,inactivity,medium,Actividad cayó 99% vs promedio de 14d,2025-01-27T00:00:00,,
A5213A,inactivity,medium,Actividad cayó 99% vs promedio de 14d,2025-01-27T00:00:00,,
CR5838,consumption,medium,"Consumo cayó 0% y sólo registra 1,744 L en 30d",2025-01-27T00:00:00,,
NVM9692,inactivity,medium,Actividad cayó 87% vs promedio de 14d,2025-01-27T00:00:00,,
PEL8558,inactivity,medium,Actividad cayó 91% vs promedio de 14d,2025-01-27T00:00:00,,
1912VLL28,inactivity,medium,Actividad cayó 100% vs promedio de 14d,2025-01-28T00:00:00,,
B49AGZ,inactivity,medium,Actividad cayó 98% vs promedio de 14d,2025-01-29T00:00:00,,
320C,inactivity,medium,Actividad cayó 77% vs promedio de 14d,2025-01-30T00:00:00,,
A67282,inactivity,medium,Actividad cayó 88% vs promedio de 14d,2025-01-30T00:00:00,,
NDY621A,inactivity,medium,Actividad cayó 99% vs promedio de 14d,2025-01-30T00:00:00,,
PBB5710,inactivity,medium,Actividad cayó 92% vs promedio de 14d,2025-01-30T00:00:00,,
NUT2155,inactivity,medium,Actividad cayó 99% vs promedio de 14d,2025-02-01T00:00:00,,
PBY6165,inactivity,medium,Actividad cayó 89% vs promedio de 14d,2025-02-01T00:00:00,,
PEC1932,inactivity,medium,Actividad cayó 92% vs promedio de 14d,2025-02-01T00:00:00,,
MCJ666A,inactivity,medium,Actividad cayó 96% vs promedio de 14d,2025-02-02T00:00:00,,
NHB290A,inactivity,medium,Actividad cayó 89% vs promedio de 14d,2025-02-02T00:00:00,,
061803K,inactivity,medium,Actividad cayó 98% vs promedio de 14d,2025-02-03T00:00:00,,
1802709,inactivity,medium,Actividad cayó 96% vs promedio de 14d,2025-02-03T00:00:00,,
NXR9396,inactivity,medium,Actividad cayó 92% vs promedio de 14d,2025-02-03T00:00:00,,
NXR9396,consumption,medium,Consumo cayó 92% y sólo registra 329 L en 30d,2025-02-03T00:00:00,,
ECA29,inactivity,medium,Actividad cayó 71% vs promedio de 14d,2025-02-05T00:00:00,,
MCJ790B,inactivity,medium,Actividad cayó 91% vs promedio de 14d,2025-02-05T00:00:00,,
NTA5765,inactivity,medium,Actividad cayó 99% vs promedio de 14d,2025-02-06T00:00:00,,
A26052E,inactivity,medium,Actividad cayó 55% vs promedio de 14d,2025-02-07T00:00:00,,
A26052E,consumption,medium,Consumo cayó 55% y sólo registra 794 L en 30d,2025-02-07T00:00:00,,
PAY4740,inactivity,medium,Actividad cayó 86% vs promedio de 14d,2025-02-07T00:00:00,,
P802066,inactivity,medium,Actividad cayó 97% vs promedio de 14d,2025-02-08T00:00:00,,
A3861B,inactivity,medium,Actividad cayó 98% vs promedio de 14d,2025-02-09T00:00:00,,
A5872H,inactivity,medium,Actividad cayó 94% vs promedio de 14d,2025-02-09T00:00:00,,
A6934H,inactivity,medium,Actividad cayó 98% vs promedio de 14d,2025-02-10T00:00:00,,
F87AEX,inactivity,medium,Actividad cayó 90% vs promedio de 14d,2025-02-10T00:00:00,,
1603MDF019,inactivity,medium,Actividad cayó 93% vs promedio de 14d,2025-02-11T00:00:00,,
061706K,inactivity,medium,Actividad cayó 98% vs promedio de 14d,2025-02-12T00:00:00,,
A23757E,inactivity,medium,Actividad cayó 55% vs promedio de 14d,2025-02-12T00:00:00,,
A23757E,consumption,medium,Consumo cayó 55% y sólo registra 354 L en 30d,2025-02-12T00:00:00,,
ECO516,inactivity,medium,Actividad cayó 66% vs promedio de 14d,2025-02-14T00:00:00,,
ECO516,consumption,medium,Consumo cayó 66% y sólo registra 974 L en 30d,2025-02-14T00:00:00,,
NCT2598,inactivity,medium,Actividad cayó 95% vs promedio de 14d,2025-02-14T00:00:00,,
A0240L,inactivity,medium,Actividad cayó 88% vs promedio de 14d,2025-02-15T00:00:00,,
MJV798B,inactivity,medium,Actividad cayó 97% vs promedio de 14d,2025-02-15T00:00:00,,
NPP1204,inactivity,medium,Actividad cayó 97% vs promedio de 14d,2025-02-15T00:00:00,,
MHJ174B,inactivity,medium,Actividad cayó 92% vs promedio de 14d,2025-02-16T00:00:00,,
NZS8009,inactivity,medium,Actividad cayó 90% vs promedio de 14d,2025-02-16T00:00:00,,
NWR1656,inactivity,medium,Actividad cayó 91% vs promedio de 14d,2025-02-17T00:00:00,,
460TL122,inactivity,medium,Actividad cayó 62% vs promedio de 14d,2025-02-18T00:00:00,,
460TL122,consumption,medium,Consumo cayó 62% y sólo registra 581 L en 30d,2025-02-18T00:00:00,,
A01905A,inactivity,medium,Actividad cayó 66% vs promedio de 14d,2025-02-18T00:00:00,,
A01905A,consumption,medium,"Consumo cayó 66% y sólo registra 1,336 L en 30d",2025-02-18T00:00:00,,
G69AWY,inactivity,medium,Actividad cayó 98% vs promedio de 14d,2025-02-18T00:00:00,,
NWF7409,inactivity,medium,Actividad cayó 88% vs promedio de 14d,2025-02-18T00:00:00,,
W96AUN,inactivity,medium,Actividad cayó 98% vs promedio de 14d,2025-02-18T00:00:00,,
Z17BDN,inactivity,medium,Actividad cayó 88% vs promedio de 14d,2025-02-18T00:00:00,,
A8482M,inactivity,medium,Actividad cayó 93% vs promedio de 14d,2025-02-19T00:00:00,,
1711MDF126,inactivity,medium,Actividad cayó 100% vs promedio de 14d,2025-02-20T00:00:00,,
A27549E,inactivity,medium,Actividad cayó 49% vs promedio de 14d,2025-02-20T00:00:00,,
A27549E,consumption,medium,Consumo cayó 49% y sólo registra 886 L en 30d,2025-02-20T00:00:00,,
A00926A,inactivity,medium,Actividad cayó 71% vs promedio de 14d,2025-02-21T00:00:00,,
NZU5285,inactivity,medium,Actividad cayó 90% vs promedio de 14d,2025-02-21T00:00:00,,
A465JME,inactivity,medium,Actividad cayó 86% vs promedio de 14d,2025-02-22T00:00:00,,
CR5843,consumption,medium,Consumo cayó 38% y sólo registra 303 L en 30d,2025-02-22T00:00:00,,
A1343HA,inactivity,medium,Actividad cayó 98% vs promedio de 14d,2025-02-23T00:00:00,,
E9003344,inactivity,medium,Actividad cayó 68% vs promedio de 14d,2025-02-23T00:00:00,,
E9003344,consumption,medium,Consumo cayó 68% y sólo registra 452 L en 30d,2025-02-23T00:00:00,,
L57AZT,inactivity,medium,Actividad cayó 61% vs promedio de 14d,2025-02-23T00:00:00,,
L57AZT,consumption,medium,Consumo cayó 61% y sólo registra 357 L en 30d,2025-02-23T00:00:00,,
PDM6606,inactivity,medium,Actividad cayó 88% vs promedio de 14d,2025-02-23T00:00:00,,
061802K,inactivity,medium,Actividad cayó 82% vs promedio de 14d,2025-02-24T00:00:00,,
A28624E,inactivity,medium,Actividad cayó 72% vs promedio de 14d,2025-02-24T00:00:00,,
A28624E,consumption,medium,Consumo cayó 72% y sólo registra 476 L en 30d,2025-02-24T00:00:00,,
C96ATD,inactivity,medium,Actividad cayó 100% vs promedio de 14d,2025-02-24T00:00:00,,
MGS123A,inactivity,medium,Actividad cayó 95% vs promedio de 14d,2025-02-24T00:00:00,,
V45ALS,inactivity,medium,Actividad cayó 97% vs promedio de 14d,2025-02-26T00:00:00,,
A2175D,inactivity,medium,Actividad cayó 90% vs promedio de 14d,2025-02-27T00:00:00,,
A7878L,inactivity,medium,Actividad cayó 98% vs promedio de 14d,2025-03-01T00:00:00,,
B01923,inactivity,medium,Actividad cayó 98% vs promedio de 14d,2025-03-01T00:00:00,,
MFK307A,inactivity,medium,Actividad cayó 91% vs promedio de 14d,2025-03-01T00:00:00,,
A8204H,inactivity,medium,Actividad cayó 85% vs promedio de 14d,2025-03-02T00:00:00,,
1802MDF002,inactivity,medium,Actividad cayó 99% vs promedio de 14d,2025-03-03T00:00:00,,
1260079,inactivity,medium,Actividad cayó 53% vs promedio de 14d,2025-03-06T00:00:00,,
A4766C,inactivity,medium,Actividad cayó 91% vs promedio de 14d,2025-03-06T00:00:00,,
A4766C,consumption,medium,Consumo cayó 91% y sólo registra 264 L en 30d,2025-03-06T00:00:00,,
ECA557,inactivity,medium,Actividad cayó 91% vs promedio de 14d,2025-03-08T00:00:00,,
ECA557,consumption,medium,Consumo cayó 91% y sólo registra 345 L en 30d,2025-03-08T00:00:00,,
NTT7520,inactivity,medium,Actividad cayó 91% vs promedio de 14d,2025-03-09T00:00:00,,
NZA4429,inactivity,medium,Actividad cayó 86% vs promedio de 14d,2025-03-09T00:00:00,,
NZA4429,consumption,medium,Consumo cayó 86% y sólo registra 367 L en 30d,2025-03-09T00:00:00,,
PBS7821,inactivity,medium,Actividad cayó 89% vs promedio de 14d,2025-03-09T00:00:00,,
A1939N,inactivity,medium,Actividad cayó 91% vs promedio de 14d,2025-03-10T00:00:00,,
X45ATY,inactivity,medium,Actividad cayó 97% vs promedio de 14d,2025-03-10T00:00:00,,
NZS2931,inactivity,medium,Actividad cayó 98% vs promedio de 14d,2025-03-12T00:00:00,,
A1908B,inactivity,medium,Actividad cayó 90% vs promedio de 14d,2025-03-14T00:00:00,,
V24BJA,inactivity,medium,Actividad cayó 90% vs promedio de 14d,2025-03-14T00:00:00,,
V24BJA,consumption,medium,Consumo cayó 90% y sólo registra 205 L en 30d,2025-03-14T00:00:00,,
NUK9880,inactivity,medium,Actividad cayó 98% vs promedio de 14d,2025-03-15T00:00:00,,
A0022K,inactivity,medium,Actividad cayó 88% vs promedio de 14d,2025-03-16T00:00:00,,
L37AZX,inactivity,medium,Actividad cayó 98% vs promedio de 14d,2025-03-17T00:00:00,,
LRV034B,inactivity,medium,Actividad cayó 98% vs promedio de 14d,2025-03-17T00:00:00,,
LYC130B,inactivity,medium,Actividad cayó 87% vs promedio de 14d,2025-03-18T00:00:00,,
CR5662,inactivity,medium,Actividad cayó 100% vs promedio de 14d,2025-03-20T00:00:00,,
K76BKB,inactivity,medium,Actividad cayó 98% vs promedio de 14d,2025-03-20T00:00:00,,
NZN1683,inactivity,medium,Actividad cayó 88% vs promedio de 14d,2025-03-20T00:00:00,,
1802MDF053,inactivity,medium,Actividad cayó 99% vs promedio de 14d,2025-03-21T00:00:00,,
NCL940A,inactivity,medium,Actividad cayó 84% vs promedio de 14d,2025-03-22T00:00:00,,
NCL940A,consumption,medium,Consumo cayó 84% y sólo registra 432 L en 30d,2025-03-22T00:00:00,,
A02033A,inactivity,medium,Actividad cayó 84% vs promedio de 14d,2025-03-23T00:00:00,,
PEN9459,inactivity,medium,Actividad cayó 90% vs promedio de 14d,2025-03-23T00:00:00,,
X28ABB,inactivity,medium,Actividad cayó 98% vs promedio de 14d,2025-03-23T00:00:00,,
837757J,inactivity,medium,Actividad cayó 64% vs promedio de 14d,2025-03-24T00:00:00,,
837757J,consumption,medium,"Consumo cayó 64% y sólo registra 1,010 L en 30d",2025-03-24T00:00:00,,
TWB842A,inactivity,medium,Actividad cayó 97% vs promedio de 14d,2025-03-24T00:00:00,,
6CS8F90,inactivity,medium,Actividad cayó 67% vs promedio de 14d,2025-03-25T00:00:00,,
6CS8F90,consumption,medium,Consumo cayó 67% y sólo registra 929 L en 30d,2025-03-25T00:00:00,,
K0088219,inactivity,medium,Actividad cayó 96% vs promedio de 14d,2025-03-25T00:00:00,,
A0339H,inactivity,medium,Actividad cayó 99% vs promedio de 14d,2025-03-26T00:00:00,,
K00882,inactivity,medium,Actividad cayó 62% vs promedio de 14d,2025-03-26T00:00:00,,
K00882,consumption,medium,Consumo cayó 62% y sólo registra 968 L en 30d,2025-03-26T00:00:00,,
P802460,inactivity,medium,Actividad cayó 94% vs promedio de 14d,2025-03-26T00:00:00,,
A03782R,inactivity,medium,Actividad cayó 66% vs promedio de 14d,2025-03-27T00:00:00,,
A03782R,consumption,medium,Consumo cayó 66% y sólo registra 236 L en 30d,2025-03-27T00:00:00,,
A2381G,inactivity,medium,Actividad cayó 98% vs promedio de 14d,2025-03-27T00:00:00,,
A25990E,inactivity,medium,Actividad cayó 66% vs promedio de 14d,2025-03-27T00:00:00,,
A25990E,consumption,medium,Consumo cayó 66% y sólo registra 209 L en 30d,2025-03-27T00:00:00,,
NFZ815A,inactivity,medium,Actividad cayó 88% vs promedio de 14d,2025-03-27T00:00:00,,
E65BCF,inactivity,medium,Actividad cayó 97% vs promedio de 14d,2025-03-28T00:00:00,,
A24346E,inactivity,medium,Actividad cayó 67% vs promedio de 14d,2025-03-30T00:00:00,,
A24346E,consumption,medium,Consumo cayó 67% y sólo registra 547 L en 30d,2025-03-30T00:00:00,,
A2967L,inactivity,medium,Actividad cayó 99% vs promedio de 14d,2025-03-30T00:00:00,,
MXD890B,inactivity,medium,Actividad cayó 88% vs promedio de 14d,2025-03-30T00:00:00,,
MXD890B,consumption,medium,Consumo cayó 88% y sólo registra 298 L en 30d,2025-03-30T00:00:00,,
A2118G,inactivity,medium,Actividad cayó 89% vs promedio de 14d,2025-03-31T00:00:00,,
J75AUP,inactivity,medium,Actividad cayó 97% vs promedio de 14d,2025-03-31T00:00:00,,
LE41033,inactivity,medium,Actividad cayó 86% vs promedio de 14d,2025-03-31T00:00:00,,
MWM963A,inactivity,medium,Actividad cayó 99% vs promedio de 14d,2025-03-31T00:00:00,,
NWR6510,inactivity,medium,Actividad cayó 79% vs promedio de 14d,2025-03-31T00:00:00,,
NWR6510,consumption,medium,Consumo cayó 79% y sólo registra 249 L en 30d,2025-03-31T00:00:00,,
403TL180,inactivity,medium,Actividad cayó 67% vs promedio de 14d,2025-04-01T00:00:00,,
403TL180,consumption,medium,Consumo cayó 67% y sólo registra 305 L en 30d,2025-04-01T00:00:00,,
A1291M,inactivity,medium,Actividad cayó 90% vs promedio de 14d,2025-04-01T00:00:00,,
PBP2691,inactivity,medium,Actividad cayó 90% vs promedio de 14d,2025-04-01T00:00:00,,
A4521C,inactivity,medium,Actividad cayó 90% vs promedio de 14d,2025-04-02T00:00:00,,
LZW205B,inactivity,medium,Actividad cayó 86% vs promedio de 14d,2025-04-02T00:00:00,,
PDL5824,inactivity,medium,Actividad cayó 86% vs promedio de 14d,2025-04-02T00:00:00,,
PDL5824,consumption,medium,Consumo cayó 86% y sólo registra 232 L en 30d,2025-04-02T00:00:00,,
6CS4E9,inactivity,medium,Actividad cayó 67% vs promedio de 14d,2025-04-03T00:00:00,,
6CS4E9,consumption,medium,"Consumo cayó 67% y sólo registra 1,035 L en 30d",2025-04-03T00:00:00,,
DV7041B,inactivity,medium,Actividad cayó 80% vs promedio de 14d,2025-04-03T00:00:00,,
NUS5749,inactivity,medium,Actividad cayó 90% vs promedio de 14d,2025-04-03T00:00:00,,
NUS5749,consumption,medium,Consumo cayó 90% y sólo registra 278 L en 30d,2025-04-03T00:00:00,,
906301,inactivity,medium,Actividad cayó 64% vs promedio de 14d,2025-04-04T00:00:00,,
906301,consumption,medium,Consumo cayó 64% y sólo registra 957 L en 30d,2025-04-04T00:00:00,,
NYF7657,inactivity,medium,Actividad cayó 88% vs promedio de 14d,2025-04-04T00:00:00,,
NZV2611,inactivity,medium,Actividad cayó 99% vs promedio de 14d,2025-04-04T00:00:00,,
A6086L,inactivity,medium,Actividad cayó 92% vs promedio de 14d,2025-04-06T00:00:00,,
B07BGL,inactivity,medium,Actividad cayó 95% vs promedio de 14d,2025-04-06T00:00:00,,
M02696,inactivity,medium,Actividad cayó 86% vs promedio de 14d,2025-04-06T00:00:00,,
NZT1226,inactivity,medium,Actividad cayó 90% vs promedio de 14d,2025-04-06T00:00:00,,
A5775E,inactivity,medium,Actividad cayó 97% vs promedio de 14d,2025-04-07T00:00:00,,
A4898K,inactivity,medium,Actividad cayó 91% vs promedio de 14d,2025-04-08T00:00:00,,
A77638D,inactivity,medium,Actividad cayó 73% vs promedio de 14d,2025-04-08T00:00:00,,
A77638D,consumption,medium,Consumo cayó 73% y sólo registra 282 L en 30d,2025-04-08T00:00:00,,
LGX501B,inactivity,medium,Actividad cayó 90% vs promedio de 14d,2025-04-08T00:00:00,,
061238K,inactivity,medium,Actividad cayó 66% vs promedio de 14d,2025-04-09T00:00:00,,
061238K,consumption,medium,Consumo cayó 66% y sólo registra 552 L en 30d,2025-04-09T00:00:00,,
A24473E,inactivity,medium,Actividad cayó 62% vs promedio de 14d,2025-04-09T00:00:00,,
A24473E,consumption,medium,Consumo cayó 62% y sólo registra 412 L en 30d,2025-04-09T00:00:00,,
A26374E,inactivity,medium,Actividad cayó 98% vs promedio de 14d,2025-04-09T00:00:00,,
A6251M,inactivity,medium,Actividad cayó 92% vs promedio de 14d,2025-04-09T00:00:00,,
A5208G,inactivity,medium,Actividad cayó 89% vs promedio de 14d,2025-04-10T00:00:00,,
A2059C,inactivity,medium,Actividad cayó 89% vs promedio de 14d,2025-04-11T00:00:00,,
A84873D,inactivity,medium,Actividad cayó 75% vs promedio de 14d,2025-04-11T00:00:00,,
NCE5193,inactivity,medium,Actividad cayó 95% vs promedio de 14d,2025-04-11T00:00:00,,
A6814L,inactivity,medium,Actividad cayó 90% vs promedio de 14d,2025-04-12T00:00:00,,
P803046,inactivity,medium,Actividad cayó 61% vs promedio de 14d,2025-04-12T00:00:00,,
A0148G,inactivity,medium,Actividad cayó 90% vs promedio de 14d,2025-04-13T00:00:00,,
A26614E,inactivity,medium,Actividad cayó 50% vs promedio de 14d,2025-04-13T00:00:00,,
A26614E,consumption,medium,Consumo cayó 50% y sólo registra 685 L en 30d,2025-04-13T00:00:00,,
MTH187A,inactivity,medium,Actividad cayó 88% vs promedio de 14d,2025-04-13T00:00:00,,
NXK8810,inactivity,medium,Actividad cayó 97% vs promedio de 14d,2025-04-13T00:00:00,,
PBN5416,inactivity,medium,Actividad cayó 87% vs promedio de 14d,2025-04-13T00:00:00,,
8E9003481,inactivity,medium,Actividad cayó 61% vs promedio de 14d,2025-04-14T00:00:00,,
8E9003481,consumption,medium,"Consumo cayó 61% y sólo registra 1,201 L en 30d",2025-04-14T00:00:00,,
A04526A,inactivity,medium,Actividad cayó 81% vs promedio de 14d,2025-04-14T00:00:00,,
A04526A,consumption,medium,Consumo cayó 81% y sólo registra 203 L en 30d,2025-04-14T00:00:00,,
A1118K,inactivity,medium,Actividad cayó 98% vs promedio de 14d,2025-04-14T00:00:00,,
A9088G,inactivity,medium,Actividad cayó 90% vs promedio de 14d,2025-04-14T00:00:00,,
K009100,inactivity,medium,Actividad cayó 65% vs promedio de 14d,2025-04-14T00:00:00,,
PAZ3649,inactivity,medium,Actividad cayó 88% vs promedio de 14d,2025-04-14T00:00:00,,
1801MDF009,inactivity,medium,Actividad cayó 91% vs promedio de 14d,2025-04-15T00:00:00,,
A83527D,inactivity,medium,Actividad cayó 79% vs promedio de 14d,2025-04-15T00:00:00,,
A83527D,consumption,medium,Consumo cayó 79% y sólo registra 501 L en 30d,2025-04-15T00:00:00,,
PCZ3897,inactivity,medium,Actividad cayó 88% vs promedio de 14d,2025-04-15T00:00:00,,
A5948A,inactivity,medium,Actividad cayó 82% vs promedio de 14d,2025-04-16T00:00:00,,
A5948A,consumption,medium,Consumo cayó 82% y sólo registra 387 L en 30d,2025-04-16T00:00:00,,
NCZ4998,inactivity,medium,Actividad cayó 98% vs promedio de 14d,2025-04-16T00:00:00,,
NHY2352,inactivity,medium,Actividad cayó 98% vs promedio de 14d,2025-04-16T00:00:00,,
MDF887A,inactivity,medium,Actividad cayó 90% vs promedio de 14d,2025-04-17T00:00:00,,
A4620M,inactivity,medium,Actividad cayó 99% vs promedio de 14d,2025-04-18T00:00:00,,
A5007M,inactivity,medium,Actividad cayó 88% vs promedio de 14d,2025-04-18T00:00:00,,
A5616D,inactivity,medium,Actividad cayó 99% vs promedio de 14d,2025-04-18T00:00:00,,
1803342,inactivity,medium,Actividad cayó 93% vs promedio de 14d,2025-04-19T00:00:00,,
A0348J,inactivity,medium,Actividad cayó 96% vs promedio de 14d,2025-04-20T00:00:00,,
A6090C,inactivity,medium,Actividad cayó 97% vs promedio de 14d,2025-04-20T00:00:00,,
PAG663A,inactivity,medium,Actividad cayó 97% vs promedio de 14d,2025-04-20T00:00:00,,
V57BDK,inactivity,medium,Actividad cayó 96% vs promedio de 14d,2025-04-20T00:00:00,,
A77636D,inactivity,medium,Actividad cayó 75% vs promedio de 14d,2025-04-21T00:00:00,,
A77636D,consumption,medium,Consumo cayó 75% y sólo registra 780 L en 30d,2025-04-21T00:00:00,,
C30BCE,inactivity,medium,Actividad cayó 96% vs promedio de 14d,2025-04-21T00:00:00,,
LHT976A,inactivity,medium,Actividad cayó 99% vs promedio de 14d,2025-04-21T00:00:00,,
NAE825A,inactivity,medium,Actividad cayó 86% vs promedio de 14d,2025-04-21T00:00:00,,
PAJ2909,inactivity,medium,Actividad cayó 87% vs promedio de 14d,2025-04-21T00:00:00,,
6CSL90,consumption,medium,"Consumo cayó 35% y sólo registra 1,339 L en 30d",2025-04-22T00:00:00,,
A4863E,inactivity,medium,Actividad cayó 87% vs promedio de 14d,2025-04-22T00:00:00,,
A4863E,consumption,medium,Consumo cayó 87% y sólo registra 212 L en 30d,2025-04-22T00:00:00,,
A5956L,inactivity,medium,Actividad cayó 96% vs promedio de 14d,2025-04-22T00:00:00,,
LSA232A,inactivity,medium,Actividad cayó 79% vs promedio de 14d,2025-04-22T00:00:00,,
NYF7608,inactivity,medium,Actividad cayó 85% vs promedio de 14d,2025-04-22T00:00:00,,
Y20BNF,inactivity,medium,Actividad cayó 93% vs promedio de 14d,2025-04-22T00:00:00,,
772,inactivity,medium,Actividad cayó 100% vs promedio de 14d,2025-04-23T00:00:00,,
A6918G,inactivity,medium,Actividad cayó 94% vs promedio de 14d,2025-04-23T00:00:00,,
A7734B,inactivity,medium,Actividad cayó 90% vs promedio de 14d,2025-04-23T00:00:00,,
A7734B,consumption,medium,Consumo cayó 90% y sólo registra 330 L en 30d,2025-04-23T00:00:00,,
PCJ6877,inactivity,medium,Actividad cayó 88% vs promedio de 14d,2025-04-23T00:00:00,,
A2473G,inactivity,medium,Actividad cayó 93% vs promedio de 14d,2025-04-24T00:00:00,,
NWD1976,inactivity,medium,Actividad cayó 89% vs promedio de 14d,2025-04-24T00:00:00,,
PDE3038,inactivity,medium,Actividad cayó 98% vs promedio de 14d,2025-04-24T00:00:00,,
UKE843V,inactivity,medium,Actividad cayó 91% vs promedio de 14d,2025-04-25T00:00:00,,
A6275M,inactivity,medium,Actividad cayó 99% vs promedio de 14d,2025-04-26T00:00:00,,
MXG194A,inactivity,medium,Actividad cayó 93% vs promedio de 14d,2025-04-26T00:00:00,,
M00623,inactivity,medium,Actividad cayó 86% vs promedio de 14d,2025-04-27T00:00:00,,
NWM1788,inactivity,medium,Actividad cayó 99% vs promedio de 14d,2025-04-27T00:00:00,,
W43BEE,inactivity,medium,Actividad cayó 99% vs promedio de 14d,2025-04-27T00:00:00,,
A9933E,inactivity,medium,Actividad cayó 98% vs promedio de 14d,2025-04-28T00:00:00,,
MDC441A,inactivity,medium,Actividad cayó 91% vs promedio de 14d,2025-04-28T00:00:00,,
NWY3792,inactivity,medium,Actividad cayó 90% vs promedio de 14d,2025-04-28T00:00:00,,
A5037G,inactivity,medium,Actividad cayó 98% vs promedio de 14d,2025-04-29T00:00:00,,
A9933G,inactivity,medium,Actividad cayó 97% vs promedio de 14d,2025-04-29T00:00:00,,
LHJ272C,inactivity,medium,Actividad cayó 100% vs promedio de 14d,2025-04-29T00:00:00,,
MBK588A,inactivity,medium,Actividad cayó 90% vs promedio de 14d,2025-04-29T00:00:00,,
NJU829B,inactivity,medium,Actividad cayó 98% vs promedio de 14d,2025-04-29T00:00:00,,
1804586,inactivity,medium,Actividad cayó 98% vs promedio de 14d,2025-04-30T00:00:00,,
PWR358D,inactivity,medium,Actividad cayó 96% vs promedio de 14d,2025-04-30T00:00:00,,
2000578,inactivity,medium,Actividad cayó 96% vs promedio de 14d,2025-05-02T00:00:00,,
A6041C,inactivity,medium,Actividad cayó 97% vs promedio de 14d,2025-05-03T00:00:00,,
NWT2578,inactivity,medium,Actividad cayó 89% vs promedio de 14d,2025-05-03T00:00:00,,
PDV1717,inactivity,medium,Actividad cayó 95% vs promedio de 14d,2025-05-03T00:00:00,,
A4174H,inactivity,medium,Actividad cayó 98% vs promedio de 14d,2025-05-04T00:00:00,,
NXW6665,inactivity,medium,Actividad cayó 53% vs promedio de 14d,2025-05-04T00:00:00,,
NXW6665,consumption,medium,Consumo cayó 53% y sólo registra 343 L en 30d,2025-05-04T00:00:00,,
A03787E,inactivity,medium,Actividad cayó 83% vs promedio de 14d,2025-05-05T00:00:00,,
A6932H,inactivity,medium,Actividad cayó 93% vs promedio de 14d,2025-05-05T00:00:00,,
MSP256A,inactivity,medium,Actividad cayó 87% vs promedio de 14d,2025-05-05T00:00:00,,
A03851A,inactivity,medium,Actividad cayó 80% vs promedio de 14d,2025-05-06T00:00:00,,
A2235C,inactivity,medium,Actividad cayó 90% vs promedio de 14d,2025-05-06T00:00:00,,
MTC009A,inactivity,medium,Actividad cayó 90% vs promedio de 14d,2025-05-07T00:00:00,,
PDK4435,inactivity,medium,Actividad cayó 87% vs promedio de 14d,2025-05-07T00:00:00,,
PEK2696,inactivity,medium,Actividad cayó 88% vs promedio de 14d,2025-05-09T00:00:00,,
MJS110B,inactivity,medium,Actividad cayó 88% vs promedio de 14d,2025-05-10T00:00:00,,
NFN637A,inactivity,medium,Actividad cayó 98% vs promedio de 14d,2025-05-11T00:00:00,,
A27973E,inactivity,medium,Actividad cayó 72% vs promedio de 14d,2025-05-12T00:00:00,,
LUP764B,inactivity,medium,Actividad cayó 86% vs promedio de 14d,2025-05-12T00:00:00,,
A9822K,inactivity,medium,Actividad cayó 97% vs promedio de 14d,2025-05-13T00:00:00,,
ECO028,inactivity,medium,Actividad cayó 96% vs promedio de 14d,2025-05-14T00:00:00,,
A02361A,inactivity,medium,Actividad cayó 82% vs promedio de 14d,2025-05-15T00:00:00,,
A02361A,consumption,medium,Consumo cayó 82% y sólo registra 765 L en 30d,2025-05-15T00:00:00,,
120768K,inactivity,medium,Actividad cayó 96% vs promedio de 14d,2025-05-16T00:00:00,,
A0282D,inactivity,medium,Actividad cayó 88% vs promedio de 14d,2025-05-16T00:00:00,,
A2203E,inactivity,medium,Actividad cayó 88% vs promedio de 14d,2025-05-16T00:00:00,,
A2203E,consumption,medium,Consumo cayó 88% y sólo registra 317 L en 30d,2025-05-16T00:00:00,,
MBH168A,inactivity,medium,Actividad cayó 97% vs promedio de 14d,2025-05-16T00:00:00,,
MMX820A,inactivity,medium,Actividad cayó 96% vs promedio de 14d,2025-05-16T00:00:00,,
754292J,inactivity,medium,Actividad cayó 71% vs promedio de 14d,2025-05-17T00:00:00,,
A1805G,inactivity,medium,Actividad cayó 98% vs promedio de 14d,2025-05-17T00:00:00,,
MHB508A,inactivity,medium,Actividad cayó 90% vs promedio de 14d,2025-05-17T00:00:00,,
MRZ643A,inactivity,medium,Actividad cayó 93% vs promedio de 14d,2025-05-17T00:00:00,,
NTK1467,inactivity,medium,Actividad cayó 87% vs promedio de 14d,2025-05-17T00:00:00,,
NVA1155,inactivity,medium,Actividad cayó 94% vs promedio de 14d,2025-05-17T00:00:00,,
LPM957A,inactivity,medium,Actividad cayó 92% vs promedio de 14d,2025-05-18T00:00:00,,
403TL113,inactivity,medium,Actividad cayó 95% vs promedio de 14d,2025-05-19T00:00:00,,
A03975A,inactivity,medium,Actividad cayó 76% vs promedio de 14d,2025-05-19T00:00:00,,
A03975A,consumption,medium,"Consumo cayó 76% y sólo registra 1,155 L en 30d",2025-05-19T00:00:00,,
A037JLC,inactivity,medium,Actividad cayó 88% vs promedio de 14d,2025-05-20T00:00:00,,
A1123C,inactivity,medium,Actividad cayó 98% vs promedio de 14d,2025-05-20T00:00:00,,
PDR246A,inactivity,medium,Actividad cayó 68% vs promedio de 14d,2025-05-20T00:00:00,,
PDR246A,consumption,medium,Consumo cayó 68% y sólo registra 223 L en 30d,2025-05-20T00:00:00,,
1512EDM010,inactivity,medium,Actividad cayó 95% vs promedio de 14d,2025-05-21T00:00:00,,
F62ALD,inactivity,medium,Actividad cayó 95% vs promedio de 14d,2025-05-21T00:00:00,,
752895J,inactivity,medium,Actividad cayó 77% vs promedio de 14d,2025-05-22T00:00:00,,
LMF593A,inactivity,medium,Actividad cayó 90% vs promedio de 14d,2025-05-22T00:00:00,,
PDU4392,inactivity,medium,Actividad cayó 89% vs promedio de 14d,2025-05-22T00:00:00,,
LXL539A,inactivity,medium,Actividad cayó 90% vs promedio de 14d,2025-05-23T00:00:00,,
NXH6263,inactivity,medium,Actividad cayó 96% vs promedio de 14d,2025-05-23T00:00:00,,
NZB4926,inactivity,medium,Actividad cayó 84% vs promedio de 14d,2025-05-23T00:00:00,,
NZB4926,consumption,medium,Consumo cayó 84% y sólo registra 336 L en 30d,2025-05-23T00:00:00,,
K008854,inactivity,medium,Actividad cayó 58% vs promedio de 14d,2025-05-25T00:00:00,,
K008854,consumption,medium,"Consumo cayó 58% y sólo registra 1,549 L en 30d",2025-05-25T00:00:00,,
LSG918A,inactivity,medium,Actividad cayó 95% vs promedio de 14d,2025-05-25T00:00:00,,
NWV5181,inactivity,medium,Actividad cayó 88% vs promedio de 14d,2025-05-26T00:00:00,,
PEL3520,inactivity,medium,Actividad cayó 90% vs promedio de 14d,2025-05-26T00:00:00,,
A05238A,inactivity,medium,Actividad cayó 77% vs promedio de 14d,2025-05-27T00:00:00,,
A05238A,consumption,medium,"Consumo cayó 77% y sólo registra 1,170 L en 30d",2025-05-27T00:00:00,,
A6076H,inactivity,medium,Actividad cayó 92% vs promedio de 14d,2025-05-27T00:00:00,,
CR6078,inactivity,medium,Actividad cayó 72% vs promedio de 14d,2025-05-27T00:00:00,,
CR6078,consumption,medium,Consumo cayó 72% y sólo registra 259 L en 30d,2025-05-27T00:00:00,,
PBB3001,inactivity,medium,Actividad cayó 62% vs promedio de 14d,2025-05-27T00:00:00,,
A2488M,inactivity,medium,Actividad cayó 89% vs promedio de 14d,2025-05-28T00:00:00,,
A2488M,consumption,medium,Consumo cayó 89% y sólo registra 271 L en 30d,2025-05-28T00:00:00,,
A3859D,inactivity,medium,Actividad cayó 91% vs promedio de 14d,2025-05-28T00:00:00,,
MVB471B,inactivity,medium,Actividad cayó 94% vs promedio de 14d,2025-05-28T00:00:00,,
P33ATH,inactivity,medium,Actividad cayó 90% vs promedio de 14d,2025-05-28T00:00:00,,
A2889E,inactivity,medium,Actividad cayó 95% vs promedio de 14d,2025-05-29T00:00:00,,
A85266D,inactivity,medium,Actividad cayó 69% vs promedio de 14d,2025-05-29T00:00:00,,
MUS763B,inactivity,medium,Actividad cayó 99% vs promedio de 14d,2025-05-29T00:00:00,,
PCD3001,inactivity,medium,Actividad cayó 88% vs promedio de 14d,2025-05-29T00:00:00,,
A4531G,inactivity,medium,Actividad cayó 88% vs promedio de 14d,2025-05-30T00:00:00,,
NYW4034,inactivity,medium,Actividad cayó 99% vs promedio de 14d,2025-05-30T00:00:00,,
A05160A,inactivity,medium,Actividad cayó 73% vs promedio de 14d,2025-05-31T00:00:00,,
A05160A,consumption,medium,"Consumo cayó 73% y sólo registra 1,282 L en 30d",2025-05-31T00:00:00,,
LZG813A,inactivity,medium,Actividad cayó 94% vs promedio de 14d,2025-05-31T00:00:00,,
PAZ1744,inactivity,medium,Actividad cayó 89% vs promedio de 14d,2025-05-31T00:00:00,,
PAZ1744,consumption,medium,Consumo cayó 89% y sólo registra 231 L en 30d,2025-05-31T00:00:00,,
A85421D,inactivity,medium,Actividad cayó 76% vs promedio de 14d,2025-06-01T00:00:00,,
A85421D,consumption,medium,Consumo cayó 76% y sólo registra 985 L en 30d,2025-06-01T00:00:00,,
A04511A,inactivity,medium,Actividad cayó 68% vs promedio de 14d,2025-06-02T00:00:00,,
A04511A,consumption,medium,"Consumo cayó 68% y sólo registra 1,363 L en 30d",2025-06-02T00:00:00,,
MMJ562A,inactivity,medium,Actividad cayó 90% vs promedio de 14d,2025-06-02T00:00:00,,
NZV8496,inactivity,medium,Actividad cayó 94% vs promedio de 14d,2025-06-02T00:00:00,,
4000009,inactivity,medium,Actividad cayó 90% vs promedio de 14d,2025-06-03T00:00:00,,
LWT662A,inactivity,medium,Actividad cayó 98% vs promedio de 14d,2025-06-04T00:00:00,,
NGH5846,inactivity,medium,Actividad cayó 86% vs promedio de 14d,2025-06-04T00:00:00,,
PCE3341,inactivity,medium,Actividad cayó 88% vs promedio de 14d,2025-06-04T00:00:00,,
PDY4327,inactivity,medium,Actividad cayó 91% vs promedio de 14d,2025-06-04T00:00:00,,
U48BKJ,inactivity,medium,Actividad cayó 88% vs promedio de 14d,2025-06-04T00:00:00,,
A28124E,inactivity,medium,Actividad cayó 65% vs promedio de 14d,2025-06-05T00:00:00,,
A28124E,consumption,medium,Consumo cayó 65% y sólo registra 353 L en 30d,2025-06-05T00:00:00,,
A93980,inactivity,medium,Actividad cayó 86% vs promedio de 14d,2025-06-05T00:00:00,,
LG58472,inactivity,medium,Actividad cayó 87% vs promedio de 14d,2025-06-05T00:00:00,,
NYR2020,inactivity,medium,Actividad cayó 95% vs promedio de 14d,2025-06-05T00:00:00,,
U76BHV,inactivity,medium,Actividad cayó 90% vs promedio de 14d,2025-06-05T00:00:00,,
A0089L,inactivity,medium,Actividad cayó 98% vs promedio de 14d,2025-06-06T00:00:00,,
A1724E,inactivity,medium,Actividad cayó 99% vs promedio de 14d,2025-06-06T00:00:00,,
NYJY115A,inactivity,medium,Actividad cayó 90% vs promedio de 14d,2025-06-06T00:00:00,,
A3513J,inactivity,medium,Actividad cayó 89% vs promedio de 14d,2025-06-07T00:00:00,,
A3513J,consumption,medium,Consumo cayó 89% y sólo registra 259 L en 30d,2025-06-07T00:00:00,,
S3M9065,inactivity,medium,Actividad cayó 61% vs promedio de 14d,2025-06-07T00:00:00,,
S3M9065,consumption,medium,"Consumo cayó 61% y sólo registra 1,888 L en 30d",2025-06-07T00:00:00,,
A2988C,inactivity,medium,Actividad cayó 89% vs promedio de 14d,2025-06-08T00:00:00,,
MDX643A,inactivity,medium,Actividad cayó 96% vs promedio de 14d,2025-06-08T00:00:00,,
MFL068A,inactivity,medium,Actividad cayó 89% vs promedio de 14d,2025-06-08T00:00:00,,
T07BAW,inactivity,medium,Actividad cayó 98% vs promedio de 14d,2025-06-08T00:00:00,,
MVJ595A,inactivity,medium,Actividad cayó 95% vs promedio de 14d,2025-06-09T00:00:00,,
A2175A,inactivity,medium,Actividad cayó 91% vs promedio de 14d,2025-06-10T00:00:00,,
A5352E,inactivity,medium,Actividad cayó 95% vs promedio de 14d,2025-06-10T00:00:00,,
B73AVH,inactivity,medium,Actividad cayó 91% vs promedio de 14d,2025-06-10T00:00:00,,
PDZ7437,inactivity,medium,Actividad cayó 97% vs promedio de 14d,2025-06-10T00:00:00,,
8163JES,inactivity,medium,Actividad cayó 88% vs promedio de 14d,2025-06-11T00:00:00,,
PDS9475,inactivity,medium,Actividad cayó 90% vs promedio de 14d,2025-06-11T00:00:00,,
A0393A,inactivity,medium,Actividad cayó 87% vs promedio de 14d,2025-06-12T00:00:00,,
A77510D,inactivity,medium,Actividad cayó 87% vs promedio de 14d,2025-06-12T00:00:00,,
A7861A,inactivity,medium,Actividad cayó 93% vs promedio de 14d,2025-06-12T00:00:00,,
A85596D,inactivity,medium,Actividad cayó 82% vs promedio de 14d,2025-06-12T00:00:00,,
A95229,inactivity,medium,Actividad cayó 89% vs promedio de 14d,2025-06-12T00:00:00,,
PCP5901,inactivity,medium,Actividad cayó 98% vs promedio de 14d,2025-06-12T00:00:00,,
A4538J,inactivity,medium,Actividad cayó 89% vs promedio de 14d,2025-06-13T00:00:00,,
3866GMK,inactivity,medium,Actividad cayó 94% vs promedio de 14d,2025-06-14T00:00:00,,
MYU919B,inactivity,medium,Actividad cayó 97% vs promedio de 14d,2025-06-15T00:00:00,,
NDE466A,inactivity,medium,Actividad cayó 98% vs promedio de 14d,2025-06-15T00:00:00,,
A04206A,inactivity,medium,Actividad cayó 70% vs promedio de 14d,2025-06-16T00:00:00,,
A04206A,consumption,medium,"Consumo cayó 70% y sólo registra 1,181 L en 30d",2025-06-16T00:00:00,,
A24630E,inactivity,medium,Actividad cayó 76% vs promedio de 14d,2025-06-16T00:00:00,,
A7077E,inactivity,medium,Actividad cayó 89% vs promedio de 14d,2025-06-16T00:00:00,,
LWP774A,inactivity,medium,Actividad cayó 98% vs promedio de 14d,2025-06-16T00:00:00,,
A4147E,inactivity,medium,Actividad cayó 87% vs promedio de 14d,2025-06-17T00:00:00,,
A4147E,consumption,medium,Consumo cayó 87% y sólo registra 217 L en 30d,2025-06-17T00:00:00,,
B05BJN,inactivity,medium,Actividad cayó 88% vs promedio de 14d,2025-06-17T00:00:00,,
NXZ2150,inactivity,medium,Actividad cayó 87% vs promedio de 14d,2025-06-17T00:00:00,,
NXZ2150,consumption,medium,Consumo cayó 87% y sólo registra 297 L en 30d,2025-06-17T00:00:00,,
X21BBW,inactivity,medium,Actividad cayó 94% vs promedio de 14d,2025-06-17T00:00:00,,
061899K,inactivity,medium,Actividad cayó 92% vs promedio de 14d,2025-06-18T00:00:00,,
2000705,inactivity,medium,Actividad cayó 89% vs promedio de 14d,2025-06-18T00:00:00,,
A0028N,inactivity,medium,Actividad cayó 95% vs promedio de 14d,2025-06-18T00:00:00,,
A0005J,inactivity,medium,Actividad cayó 88% vs promedio de 14d,2025-06-19T00:00:00,,
A0921D,inactivity,medium,Actividad cayó 96% vs promedio de 14d,2025-06-19T00:00:00,,
B49BEB,inactivity,medium,Actividad cayó 90% vs promedio de 14d,2025-06-19T00:00:00,,
LE16176,inactivity,medium,Actividad cayó 83% vs promedio de 14d,2025-06-19T00:00:00,,
S4078349,inactivity,medium,Actividad cayó 86% vs promedio de 14d,2025-06-19T00:00:00,,
A7642C,inactivity,medium,Actividad cayó 94% vs promedio de 14d,2025-06-20T00:00:00,,
CR5902,inactivity,medium,Actividad cayó 64% vs promedio de 14d,2025-06-20T00:00:00,,
CR5902,consumption,medium,Consumo cayó 64% y sólo registra 261 L en 30d,2025-06-20T00:00:00,,
JPL2583,inactivity,medium,Actividad cayó 92% vs promedio de 14d,2025-06-20T00:00:00,,
LMA529B,inactivity,medium,Actividad cayó 94% vs promedio de 14d,2025-06-20T00:00:00,,
D15ALS,inactivity,medium,Actividad cayó 90% vs promedio de 14d,2025-06-21T00:00:00,,
HCF283E,inactivity,medium,Actividad cayó 87% vs promedio de 14d,2025-06-21T00:00:00,,
PAZ7154,inactivity,medium,Actividad cayó 88% vs promedio de 14d,2025-06-21T00:00:00,,
A7833A,inactivity,medium,Actividad cayó 90% vs promedio de 14d,2025-06-22T00:00:00,,
LUC775A,inactivity,medium,Actividad cayó 85% vs promedio de 14d,2025-06-22T00:00:00,,
A3864B,inactivity,medium,Actividad cayó 88% vs promedio de 14d,2025-06-23T00:00:00,,
A4925J,inactivity,medium,Actividad cayó 100% vs promedio de 14d,2025-06-23T00:00:00,,
NZA2706,inactivity,medium,Actividad cayó 87% vs promedio de 14d,2025-06-23T00:00:00,,
0NXA9936,inactivity,medium,Actividad cayó 91% vs promedio de 14d,2025-06-24T00:00:00,,
0NXA9936,consumption,medium,Consumo cayó 91% y sólo registra 221 L en 30d,2025-06-24T00:00:00,,
A00291A,inactivity,medium,Actividad cayó 76% vs promedio de 14d,2025-06-24T00:00:00,,
A4981E,inactivity,medium,Actividad cayó 90% vs promedio de 14d,2025-06-24T00:00:00,,
A970JMF,inactivity,medium,Actividad cayó 91% vs promedio de 14d,2025-06-24T00:00:00,,
LLZ105A,inactivity,medium,Actividad cayó 90% vs promedio de 14d,2025-06-24T00:00:00,,
LLZ105A,consumption,medium,Consumo cayó 90% y sólo registra 254 L en 30d,2025-06-24T00:00:00,,
A3606J,inactivity,medium,Actividad cayó 91% vs promedio de 14d,2025-06-26T00:00:00,,
A5026G,inactivity,medium,Actividad cayó 88% vs promedio de 14d,2025-06-26T00:00:00,,
MBC922B,inactivity,medium,Actividad cayó 93% vs promedio de 14d,2025-06-26T00:00:00,,
MWW205A,inactivity,medium,Actividad cayó 89% vs promedio de 14d,2025-06-26T00:00:00,,
PBG5124,inactivity,medium,Actividad cayó 89% vs promedio de 14d,2025-06-26T00:00:00,,
PDD9589,inactivity,medium,Actividad cayó 86% vs promedio de 14d,2025-06-26T00:00:00,,
A0776D,inactivity,medium,Actividad cayó 91% vs promedio de 14d,2025-06-27T00:00:00,,
K74BDK,inactivity,medium,Actividad cayó 94% vs promedio de 14d,2025-06-27T00:00:00,,
Z93AFX,inactivity,medium,Actividad cayó 86% vs promedio de 14d,2025-06-27T00:00:00,,
A32194E,inactivity,medium,Actividad cayó 58% vs promedio de 14d,2025-06-28T00:00:00,,
AA2539C,inactivity,medium,Actividad cayó 96% vs promedio de 14d,2025-06-28T00:00:00,,
MVD212A,inactivity,medium,Actividad cayó 87% vs promedio de 14d,2025-06-28T00:00:00,,
NZP212B,inactivity,medium,Actividad cayó 99% vs promedio de 14d,2025-06-28T00:00:00,,
A281JTS,inactivity,medium,Actividad cayó 98% vs promedio de 14d,2025-06-29T00:00:00,,
MWT540A,inactivity,medium,Actividad cayó 97% vs promedio de 14d,2025-06-29T00:00:00,,
N82AMJ,inactivity,medium,Actividad cayó 93% vs promedio de 14d,2025-06-29T00:00:00,,
710TL065M,inactivity,medium,Actividad cayó 98% vs promedio de 14d,2025-06-30T00:00:00,,
MBB284A,inactivity,medium,Actividad cayó 91% vs promedio de 14d,2025-06-30T00:00:00,,
NPD9651,inactivity,medium,Actividad cayó 90% vs promedio de 14d,2025-06-30T00:00:00,,
7681JFL,inactivity,medium,Actividad cayó 91% vs promedio de 14d,2025-07-01T00:00:00,,
A1861G,inactivity,medium,Actividad cayó 91% vs promedio de 14d,2025-07-01T00:00:00,,
A7831H,inactivity,medium,Actividad cayó 90% vs promedio de 14d,2025-07-01T00:00:00,,
LRK797A,inactivity,medium,Actividad cayó 91% vs promedio de 14d,2025-07-01T00:00:00,,
MSV2246,inactivity,medium,Actividad cayó 89% vs promedio de 14d,2025-07-01T00:00:00,,
NAR581A,inactivity,medium,Actividad cayó 98% vs promedio de 14d,2025-07-01T00:00:00,,
NCT211B,inactivity,medium,Actividad cayó 88% vs promedio de 14d,2025-07-01T00:00:00,,
A0802E,inactivity,medium,Actividad cayó 88% vs promedio de 14d,2025-07-02T00:00:00,,
A0802E,consumption,medium,Consumo cayó 88% y sólo registra 223 L en 30d,2025-07-02T00:00:00,,
LB46144,inactivity,medium,Actividad cayó 79% vs promedio de 14d,2025-07-02T00:00:00,,
NEG316A,inactivity,medium,Actividad cayó 92% vs promedio de 14d,2025-07-02T00:00:00,,
NYT3731,inactivity,medium,Actividad cayó 93% vs promedio de 14d,2025-07-02T00:00:00,,
PBP3474,inactivity,medium,Actividad cayó 90% vs promedio de 14d,2025-07-02T00:00:00,,
XWC117B,inactivity,medium,Actividad cayó 99% vs promedio de 14d,2025-07-02T00:00:00,,
A05163A,inactivity,medium,Actividad cayó 73% vs promedio de 14d,2025-07-03T00:00:00,,
A05163A,consumption,medium,"Consumo cayó 73% y sólo registra 1,108 L en 30d",2025-07-03T00:00:00,,
770792J,inactivity,medium,Actividad cayó 52% vs promedio de 14d,2025-07-04T00:00:00,,
770792J,consumption,medium,Consumo cayó 52% y sólo registra 720 L en 30d,2025-07-04T00:00:00,,
CR6088,inactivity,medium,Actividad cayó 68% vs promedio de 14d,2025-07-04T00:00:00,,
CR6088,consumption,medium,Consumo cayó 68% y sólo registra 298 L en 30d,2025-07-04T00:00:00,,
L89ADJ,inactivity,medium,Actividad cayó 89% vs promedio de 14d,2025-07-04T00:00:00,,
NKW1174,inactivity,medium,Actividad cayó 90% vs promedio de 14d,2025-07-04T00:00:00,,
1387JGE,inactivity,medium,Actividad cayó 96% vs promedio de 14d,2025-07-05T00:00:00,,
PDM6702,inactivity,medium,Actividad cayó 90% vs promedio de 14d,2025-07-05T00:00:00,,
60F708,inactivity,medium,Actividad cayó 87% vs promedio de 14d,2025-07-06T00:00:00,,
A04610A,inactivity,medium,Actividad cayó 84% vs promedio de 14d,2025-07-06T00:00:00,,
A04610A,consumption,medium,Consumo cayó 84% y sólo registra 880 L en 30d,2025-07-06T00:00:00,,
A6954H,inactivity,medium,Actividad cayó 88% vs promedio de 14d,2025-07-06T00:00:00,,
A8340B,inactivity,medium,Actividad cayó 90% vs promedio de 14d,2025-07-06T00:00:00,,
LE73329,inactivity,medium,Actividad cayó 83% vs promedio de 14d,2025-07-06T00:00:00,,
NTJ047A,inactivity,medium,Actividad cayó 89% vs promedio de 14d,2025-07-06T00:00:00,,
PCK8847,inactivity,medium,Actividad cayó 85% vs promedio de 14d,2025-07-06T00:00:00,,
A582JLA,inactivity,medium,Actividad cayó 86% vs promedio de 14d,2025-07-07T00:00:00,,
A8395L,inactivity,medium,Actividad cayó 92% vs promedio de 14d,2025-07-07T00:00:00,,
B34116,inactivity,medium,Actividad cayó 96% vs promedio de 14d,2025-07-07T00:00:00,,
CR5778,inactivity,medium,Actividad cayó 64% vs promedio de 14d,2025-07-07T00:00:00,,
CR5778,consumption,medium,Consumo cayó 64% y sólo registra 260 L en 30d,2025-07-07T00:00:00,,
J45ADU,inactivity,medium,Actividad cayó 87% vs promedio de 14d,2025-07-07T00:00:00,,
J50AXL,inactivity,medium,Actividad cayó 91% vs promedio de 14d,2025-07-07T00:00:00,,
MJA605A,inactivity,medium,Actividad cayó 87% vs promedio de 14d,2025-07-07T00:00:00,,
MJA605A,consumption,medium,Consumo cayó 87% y sólo registra 242 L en 30d,2025-07-07T00:00:00,,
MXH354A,inactivity,medium,Actividad cayó 96% vs promedio de 14d,2025-07-07T00:00:00,,
1507EDM016,inactivity,medium,Actividad cayó 68% vs promedio de 14d,2025-07-08T00:00:00,,
1507EDM016,consumption,medium,Consumo cayó 68% y sólo registra 425 L en 30d,2025-07-08T00:00:00,,
A04588A,inactivity,medium,Actividad cayó 78% vs promedio de 14d,2025-07-08T00:00:00,,
A04588A,consumption,medium,Consumo cayó 78% y sólo registra 803 L en 30d,2025-07-08T00:00:00,,
A177JMK,inactivity,medium,Actividad cayó 91% vs promedio de 14d,2025-07-08T00:00:00,,
A4777J,inactivity,medium,Actividad cayó 89% vs promedio de 14d,2025-07-08T00:00:00,,
A7606J,inactivity,medium,Actividad cayó 93% vs promedio de 14d,2025-07-08T00:00:00,,
A77506D,inactivity,medium,Actividad cayó 49% vs promedio de 14d,2025-07-08T00:00:00,,
A77506D,consumption,medium,Consumo cayó 49% y sólo registra 962 L en 30d,2025-07-08T00:00:00,,
NZD3499,inactivity,medium,Actividad cayó 90% vs promedio de 14d,2025-07-08T00:00:00,,
PEF5712,inactivity,medium,Actividad cayó 96% vs promedio de 14d,2025-07-08T00:00:00,,
CR5768,inactivity,medium,Actividad cayó 69% vs promedio de 14d,2025-07-09T00:00:00,,
CR5768,consumption,medium,Consumo cayó 69% y sólo registra 219 L en 30d,2025-07-09T00:00:00,,
CR5822,inactivity,medium,Actividad cayó 75% vs promedio de 14d,2025-07-09T00:00:00,,
CR5898,inactivity,medium,Actividad cayó 60% vs promedio de 14d,2025-07-09T00:00:00,,
CR5898,consumption,medium,Consumo cayó 60% y sólo registra 289 L en 30d,2025-07-09T00:00:00,,
W46ADC,inactivity,medium,Actividad cayó 86% vs promedio de 14d,2025-07-09T00:00:00,,
W46ADC,consumption,medium,Consumo cayó 86% y sólo registra 251 L en 30d,2025-07-09T00:00:00,,
1708MDF054,inactivity,medium,Actividad cayó 96% vs promedio de 14d,2025-07-10T00:00:00,,
400TL310,inactivity,medium,Actividad cayó 98% vs promedio de 14d,2025-07-10T00:00:00,,
A26706E,inactivity,medium,Actividad cayó 77% vs promedio de 14d,2025-07-10T00:00:00,,
CR5823,inactivity,medium,Actividad cayó 64% vs promedio de 14d,2025-07-10T00:00:00,,
CR5823,consumption,medium,Consumo cayó 64% y sólo registra 261 L en 30d,2025-07-10T00:00:00,,
NHU5137,inactivity,medium,Actividad cayó 89% vs promedio de 14d,2025-07-10T00:00:00,,
NHU5137,consumption,medium,Consumo cayó 89% y sólo registra 238 L en 30d,2025-07-10T00:00:00,,
P0320,inactivity,medium,Actividad cayó 89% vs promedio de 14d,2025-07-10T00:00:00,,
X46BNX,inactivity,medium,Actividad cayó 92% vs promedio de 14d,2025-07-10T00:00:00,,
A01710A,inactivity,medium,Actividad cayó 79% vs promedio de 14d,2025-07-11T00:00:00,,
A01710A,consumption,medium,Consumo cayó 79% y sólo registra 764 L en 30d,2025-07-11T00:00:00,,
A04305A,inactivity,medium,Actividad cayó 85% vs promedio de 14d,2025-07-11T00:00:00,,
A04305A,consumption,medium,Consumo cayó 85% y sólo registra 253 L en 30d,2025-07-11T00:00:00,,
A3151A,inactivity,medium,Actividad cayó 98% vs promedio de 14d,2025-07-11T00:00:00,,
A3929L,inactivity,medium,Actividad cayó 89% vs promedio de 14d,2025-07-11T00:00:00,,
CR5733,consumption,medium,"Consumo cayó 0% y sólo registra 2,189 L en 30d",2025-07-11T00:00:00,,
A01913A,inactivity,medium,Actividad cayó 76% vs promedio de 14d,2025-07-12T00:00:00,,
A01913A,consumption,medium,Consumo cayó 76% y sólo registra 648 L en 30d,2025-07-12T00:00:00,,
A04732A,inactivity,medium,Actividad cayó 72% vs promedio de 14d,2025-07-12T00:00:00,,
A04732A,consumption,medium,Consumo cayó 72% y sólo registra 509 L en 30d,2025-07-12T00:00:00,,
A3487H,inactivity,medium,Actividad cayó 91% vs promedio de 14d,2025-07-12T00:00:00,,
A6814G,inactivity,medium,Actividad cayó 99% vs promedio de 14d,2025-07-12T00:00:00,,
A7778M,inactivity,medium,Actividad cayó 89% vs promedio de 14d,2025-07-12T00:00:00,,
G01BFL,inactivity,medium,Actividad cayó 89% vs promedio de 14d,2025-07-12T00:00:00,,
LKX660B,inactivity,medium,Actividad cayó 88% vs promedio de 14d,2025-07-12T00:00:00,,
M30AFK,inactivity,medium,Actividad cayó 88% vs promedio de 14d,2025-07-12T00:00:00,,
NWD2314,inactivity,medium,Actividad cayó 92% vs promedio de 14d,2025-07-12T00:00:00,,
NYD3632,inactivity,medium,Actividad cayó 89% vs promedio de 14d,2025-07-12T00:00:00,,
PZL117C,inactivity,medium,Actividad cayó 99% vs promedio de 14d,2025-07-12T00:00:00,,
X56BGM,inactivity,medium,Actividad cayó 91% vs promedio de 14d,2025-07-12T00:00:00,,
744733J,inactivity,medium,Actividad cayó 56% vs promedio de 14d,2025-07-13T00:00:00,,
A04724E,inactivity,medium,Actividad cayó 80% vs promedio de 14d,2025-07-13T00:00:00,,
A04724E,consumption,medium,Consumo cayó 80% y sólo registra 274 L en 30d,2025-07-13T00:00:00,,
A2539C,inactivity,medium,Actividad cayó 97% vs promedio de 14d,2025-07-13T00:00:00,,
A3816H,inactivity,medium,Actividad cayó 86% vs promedio de 14d,2025-07-13T00:00:00,,
LGM538A,inactivity,medium,Actividad cayó 88% vs promedio de 14d,2025-07-13T00:00:00,,
LWZ452A,inactivity,medium,Actividad cayó 84% vs promedio de 14d,2025-07-13T00:00:00,,
LWZ452A,consumption,medium,Consumo cayó 84% y sólo registra 432 L en 30d,2025-07-13T00:00:00,,
MKH203A,inactivity,medium,Actividad cayó 86% vs promedio de 14d,2025-07-13T00:00:00,,
MVN795A,inactivity,medium,Actividad cayó 91% vs promedio de 14d,2025-07-13T00:00:00,,
NTE1249,inactivity,medium,Actividad cayó 87% vs promedio de 14d,2025-07-13T00:00:00,,
NXR1067,inactivity,medium,Actividad cayó 92% vs promedio de 14d,2025-07-13T00:00:00,,
PBR6322,inactivity,medium,Actividad cayó 92% vs promedio de 14d,2025-07-13T00:00:00,,
PED4226,inactivity,medium,Actividad cayó 87% vs promedio de 14d,2025-07-13T00:00:00,,
YNF562A,inactivity,medium,Actividad cayó 96% vs promedio de 14d,2025-07-13T00:00:00,,
6CS5F50,inactivity,medium,Actividad cayó 62% vs promedio de 14d,2025-07-14T00:00:00,,
6CS5F50,consumption,medium,"Consumo cayó 62% y sólo registra 1,295 L en 30d",2025-07-14T00:00:00,,
A3392G,inactivity,medium,Actividad cayó 89% vs promedio de 14d,2025-07-14T00:00:00,,
A3730M,inactivity,medium,Actividad cayó 91% vs promedio de 14d,2025-07-14T00:00:00,,
A4792J,inactivity,medium,Actividad cayó 90% vs promedio de 14d,2025-07-14T00:00:00,,
A6784G,inactivity,medium,Actividad cayó 92% vs promedio de 14d,2025-07-14T00:00:00,,
A7876M,inactivity,medium,Actividad cayó 88% vs promedio de 14d,2025-07-14T00:00:00,,
P000037,inactivity,medium,Actividad cayó 96% vs promedio de 14d,2025-07-14T00:00:00,,
PCP7656,inactivity,medium,Actividad cayó 89% vs promedio de 14d,2025-07-14T00:00:00,,
A1022C,inactivity,medium,Actividad cayó 98% vs promedio de 14d,2025-07-15T00:00:00,,
A3750L,inactivity,medium,Actividad cayó 91% vs promedio de 14d,2025-07-15T00:00:00,,
A4056C,inactivity,medium,Actividad cayó 89% vs promedio de 14d,2025-07-15T00:00:00,,
A4342L,inactivity,medium,Actividad cayó 96% vs promedio de 14d,2025-07-15T00:00:00,,
MCZ173A,inactivity,medium,Actividad cayó 87% vs promedio de 14d,2025-07-15T00:00:00,,
NWH8687,inactivity,medium,Actividad cayó 99% vs promedio de 14d,2025-07-15T00:00:00,,
NWU2870,inactivity,medium,Actividad cayó 88% vs promedio de 14d,2025-07-15T00:00:00,,
YNF452A,inactivity,medium,Actividad cayó 96% vs promedio de 14d,2025-07-15T00:00:00,,
756963J,inactivity,medium,Actividad cayó 68% vs promedio de 14d,2025-07-16T00:00:00,,
756963J,consumption,medium,"Consumo cayó 68% y sólo registra 1,321 L en 30d",2025-07-16T00:00:00,,
A4267D,inactivity,medium,Actividad cayó 92% vs promedio de 14d,2025-07-16T00:00:00,,
A85212D,inactivity,medium,Actividad cayó 77% vs promedio de 14d,2025-07-16T00:00:00,,
D41AKT,inactivity,medium,Actividad cayó 91% vs promedio de 14d,2025-07-16T00:00:00,,
MGU109A,inactivity,medium,Actividad cayó 91% vs promedio de 14d,2025-07-16T00:00:00,,
MJJ069A,inactivity,medium,Actividad cayó 86% vs promedio de 14d,2025-07-16T00:00:00,,
MJJ069A,consumption,medium,Consumo cayó 86% y sólo registra 342 L en 30d,2025-07-16T00:00:00,,
NYU1735,inactivity,medium,Actividad cayó 90% vs promedio de 14d,2025-07-16T00:00:00,,
0116YXA,inactivity,medium,Actividad cayó 86% vs promedio de 14d,2025-07-17T00:00:00,,
A1921M,inactivity,medium,Actividad cayó 96% vs promedio de 14d,2025-07-17T00:00:00,,
A26145,inactivity,medium,Actividad cayó 89% vs promedio de 14d,2025-07-17T00:00:00,,
A3086D,inactivity,medium,Actividad cayó 89% vs promedio de 14d,2025-07-17T00:00:00,,
A7515C,inactivity,medium,Actividad cayó 91% vs promedio de 14d,2025-07-17T00:00:00,,
A831JMD,inactivity,medium,Actividad cayó 88% vs promedio de 14d,2025-07-17T00:00:00,,
F66BAM,inactivity,medium,Actividad cayó 91% vs promedio de 14d,2025-07-17T00:00:00,,
PCE9259,inactivity,medium,Actividad cayó 89% vs promedio de 14d,2025-07-17T00:00:00,,
1800827,inactivity,medium,Actividad cayó 94% vs promedio de 14d,2025-07-18T00:00:00,,
A0016D,inactivity,medium,Actividad cayó 88% vs promedio de 14d,2025-07-18T00:00:00,,
A0748J,inactivity,medium,Actividad cayó 88% vs promedio de 14d,2025-07-18T00:00:00,,
A2674M,inactivity,medium,Actividad cayó 92% vs promedio de 14d,2025-07-18T00:00:00,,
F52BEF,inactivity,medium,Actividad cayó 97% vs promedio de 14d,2025-07-18T00:00:00,,
LKS335C,inactivity,medium,Actividad cayó 94% vs promedio de 14d,2025-07-18T00:00:00,,
LMB124C,inactivity,medium,Actividad cayó 85% vs promedio de 14d,2025-07-18T00:00:00,,
NVK163A,inactivity,medium,Actividad cayó 96% vs promedio de 14d,2025-07-18T00:00:00,,
NYE3957,inactivity,medium,Actividad cayó 90% vs promedio de 14d,2025-07-18T00:00:00,,
NZU3316,inactivity,medium,Actividad cayó 89% vs promedio de 14d,2025-07-18T00:00:00,,
PBB3219,inactivity,medium,Actividad cayó 97% vs promedio de 14d,2025-07-18T00:00:00,,
PBE9461,inactivity,medium,Actividad cayó 86% vs promedio de 14d,2025-07-18T00:00:00,,
Z87ACD,inactivity,medium,Actividad cayó 87% vs promedio de 14d,2025-07-18T00:00:00,,
A04126A,inactivity,medium,Actividad cayó 81% vs promedio de 14d,2025-07-19T00:00:00,,
A04126A,consumption,medium,Consumo cayó 81% y sólo registra 263 L en 30d,2025-07-19T00:00:00,,
A1185K,inactivity,medium,Actividad cayó 92% vs promedio de 14d,2025-07-19T00:00:00,,
A3358A,inactivity,medium,Actividad cayó 90% vs promedio de 14d,2025-07-19T00:00:00,,
A3757E,inactivity,medium,Actividad cayó 88% vs promedio de 14d,2025-07-19T00:00:00,,
A9592J,inactivity,medium,Actividad cayó 88% vs promedio de 14d,2025-07-19T00:00:00,,
LMF749A,inactivity,medium,Actividad cayó 87% vs promedio de 14d,2025-07-19T00:00:00,,
N28BEP,inactivity,medium,Actividad cayó 89% vs promedio de 14d,2025-07-19T00:00:00,,
NFN693A,inactivity,medium,Actividad cayó 91% vs promedio de 14d,2025-07-19T00:00:00,,
NRD541A,inactivity,medium,Actividad cayó 98% vs promedio de 14d,2025-07-19T00:00:00,,
NXU8505,inactivity,medium,Actividad cayó 89% vs promedio de 14d,2025-07-19T00:00:00,,
PDH897B,inactivity,medium,Actividad cayó 86% vs promedio de 14d,2025-07-19T00:00:00,,
PDH897B,consumption,medium,Consumo cayó 86% y sólo registra 368 L en 30d,2025-07-19T00:00:00,,
A1830K,inactivity,medium,Actividad cayó 98% vs promedio de 14d,2025-07-20T00:00:00,,
A2490E,inactivity,medium,Actividad cayó 88% vs promedio de 14d,2025-07-20T00:00:00,,
A3330M,inactivity,medium,Actividad cayó 88% vs promedio de 14d,2025-07-20T00:00:00,,
A3512J,inactivity,medium,Actividad cayó 86% vs promedio de 14d,2025-07-20T00:00:00,,
A4177K,inactivity,medium,Actividad cayó 90% vs promedio de 14d,2025-07-20T00:00:00,,
A8402L,inactivity,medium,Actividad cayó 90% vs promedio de 14d,2025-07-20T00:00:00,,
A84390D,inactivity,medium,Actividad cayó 68% vs promedio de 14d,2025-07-20T00:00:00,,
A8944C,inactivity,medium,Actividad cayó 91% vs promedio de 14d,2025-07-20T00:00:00,,
MVJ923A,inactivity,medium,Actividad cayó 71% vs promedio de 14d,2025-07-20T00:00:00,,
NFH392B,inactivity,medium,Actividad cayó 66% vs promedio de 14d,2025-07-20T00:00:00,,
NFH392B,consumption,medium,Consumo cayó 66% y sólo registra 786 L en 30d,2025-07-20T00:00:00,,
NUT6571,inactivity,medium,Actividad cayó 95% vs promedio de 14d,2025-07-20T00:00:00,,
NZN9885,inactivity,medium,Actividad cayó 87% vs promedio de 14d,2025-07-20T00:00:00,,
PCM9650,inactivity,medium,Actividad cayó 91% vs promedio de 14d,2025-07-20T00:00:00,,
PDA8039,inactivity,medium,Actividad cayó 91% vs promedio de 14d,2025-07-20T00:00:00,,
6CS4L60,inactivity,medium,Actividad cayó 58% vs promedio de 14d,2025-07-21T00:00:00,,
6CS4L60,consumption,medium,"Consumo cayó 58% y sólo registra 1,340 L en 30d",2025-07-21T00:00:00,,
A2657C,inactivity,medium,Actividad cayó 90% vs promedio de 14d,2025-07-21T00:00:00,,
A52753,inactivity,medium,Actividad cayó 89% vs promedio de 14d,2025-07-21T00:00:00,,
A7010H,inactivity,medium,Actividad cayó 98% vs promedio de 14d,2025-07-21T00:00:00,,
MNW3118,inactivity,medium,Actividad cayó 90% vs promedio de 14d,2025-07-21T00:00:00,,
NUD6464,inactivity,medium,Actividad cayó 94% vs promedio de 14d,2025-07-21T00:00:00,,
PAL6787,inactivity,medium,Actividad cayó 87% vs promedio de 14d,2025-07-21T00:00:00,,
457C,inactivity,medium,Actividad cayó 58% vs promedio de 14d,2025-07-22T00:00:00,,
710TL023M,inactivity,medium,Actividad cayó 87% vs promedio de 14d,2025-07-22T00:00:00,,
A9130A,inactivity,medium,Actividad cayó 92% vs promedio de 14d,2025-07-22T00:00:00,,
H02BNA,inactivity,medium,Actividad cayó 95% vs promedio de 14d,2025-07-22T00:00:00,,
MET467A,inactivity,medium,Actividad cayó 88% vs promedio de 14d,2025-07-22T00:00:00,,
MFN464A,inactivity,medium,Actividad cayó 88% vs promedio de 14d,2025-07-22T00:00:00,,
NUZ7516,inactivity,medium,Actividad cayó 94% vs promedio de 14d,2025-07-22T00:00:00,,
NZY5605,inactivity,medium,Actividad cayó 91% vs promedio de 14d,2025-07-22T00:00:00,,
PDT552A,inactivity,medium,Actividad cayó 92% vs promedio de 14d,2025-07-22T00:00:00,,
060863K,inactivity,medium,Actividad cayó 85% vs promedio de 14d,2025-07-23T00:00:00,,
060863K,consumption,medium,Consumo cayó 85% y sólo registra 375 L en 30d,2025-07-23T00:00:00,,
867004J,inactivity,medium,Actividad cayó 61% vs promedio de 14d,2025-07-23T00:00:00,,
A04123A,inactivity,medium,Actividad cayó 87% vs promedio de 14d,2025-07-23T00:00:00,,
A04123A,consumption,medium,Consumo cayó 87% y sólo registra 299 L en 30d,2025-07-23T00:00:00,,
A2761B,inactivity,medium,Actividad cayó 92% vs promedio de 14d,2025-07-23T00:00:00,,
A3524H,inactivity,medium,Actividad cayó 92% vs promedio de 14d,2025-07-23T00:00:00,,
A4096M,inactivity,medium,Actividad cayó 90% vs promedio de 14d,2025-07-23T00:00:00,,
A6069L,inactivity,medium,Actividad cayó 90% vs promedio de 14d,2025-07-23T00:00:00,,
A6069L,consumption,medium,Consumo cayó 90% y sólo registra 327 L en 30d,2025-07-23T00:00:00,,
A6741B,inactivity,medium,Actividad cayó 98% vs promedio de 14d,2025-07-23T00:00:00,,
A83828D,inactivity,medium,Actividad cayó 61% vs promedio de 14d,2025-07-23T00:00:00,,
A83828D,consumption,medium,Consumo cayó 61% y sólo registra 970 L en 30d,2025-07-23T00:00:00,,
LB46147,inactivity,medium,Actividad cayó 93% vs promedio de 14d,2025-07-23T00:00:00,,
LWM663A,inactivity,medium,Actividad cayó 90% vs promedio de 14d,2025-07-23T00:00:00,,
NUA336A,inactivity,medium,Actividad cayó 87% vs promedio de 14d,2025-07-23T00:00:00,,
NUT3437,inactivity,medium,Actividad cayó 91% vs promedio de 14d,2025-07-23T00:00:00,,
PBH008B,inactivity,medium,Actividad cayó 90% vs promedio de 14d,2025-07-23T00:00:00,,
A25271E,inactivity,medium,Actividad cayó 63% vs promedio de 14d,2025-07-24T00:00:00,,
A25271E,consumption,medium,Consumo cayó 63% y sólo registra 970 L en 30d,2025-07-24T00:00:00,,
A7371K,inactivity,medium,Actividad cayó 89% vs promedio de 14d,2025-07-24T00:00:00,,
A77637D,inactivity,medium,Actividad cayó 85% vs promedio de 14d,2025-07-24T00:00:00,,
A77637D,consumption,medium,Consumo cayó 85% y sólo registra 200 L en 30d,2025-07-24T00:00:00,,
FVV484A,inactivity,medium,Actividad cayó 99% vs promedio de 14d,2025-07-24T00:00:00,,
NZJ2375,inactivity,medium,Actividad cayó 88% vs promedio de 14d,2025-07-24T00:00:00,,
NZN4196,inactivity,medium,Actividad cayó 88% vs promedio de 14d,2025-07-24T00:00:00,,
S8M9064,consumption,medium,"Consumo cayó 44% y sólo registra 1,163 L en 30d",2025-07-24T00:00:00,,
W24APU,inactivity,medium,Actividad cayó 89% vs promedio de 14d,2025-07-24T00:00:00,,
770680J,inactivity,medium,Actividad cayó 65% vs promedio de 14d,2025-07-25T00:00:00,,
770680J,consumption,medium,Consumo cayó 65% y sólo registra 604 L en 30d,2025-07-25T00:00:00,,
770778J,inactivity,medium,Actividad cayó 84% vs promedio de 14d,2025-07-25T00:00:00,,
A0103J,inactivity,medium,Actividad cayó 98% vs promedio de 14d,2025-07-25T00:00:00,,
A05286A,inactivity,medium,Actividad cayó 72% vs promedio de 14d,2025-07-25T00:00:00,,
A05286A,consumption,medium,"Consumo cayó 72% y sólo registra 1,088 L en 30d",2025-07-25T00:00:00,,
A2464C,inactivity,medium,Actividad cayó 83% vs promedio de 14d,2025-07-25T00:00:00,,
A2464C,consumption,medium,Consumo cayó 83% y sólo registra 498 L en 30d,2025-07-25T00:00:00,,
A6525L,inactivity,medium,Actividad cayó 88% vs promedio de 14d,2025-07-25T00:00:00,,
D45BME,inactivity,medium,Actividad cayó 96% vs promedio de 14d,2025-07-25T00:00:00,,
MVY555B,inactivity,medium,Actividad cayó 86% vs promedio de 14d,2025-07-25T00:00:00,,
MVY555B,consumption,medium,Consumo cayó 86% y sólo registra 374 L en 30d,2025-07-25T00:00:00,,
NFH2748,inactivity,medium,Actividad cayó 89% vs promedio de 14d,2025-07-25T00:00:00,,
NUJ6630,inactivity,medium,Actividad cayó 88% vs promedio de 14d,2025-07-25T00:00:00,,
NUP773A,inactivity,medium,Actividad cayó 90% vs promedio de 14d,2025-07-25T00:00:00,,
NUP773A,consumption,medium,Consumo cayó 90% y sólo registra 218 L en 30d,2025-07-25T00:00:00,,
NXF168A,inactivity,medium,Actividad cayó 90% vs promedio de 14d,2025-07-25T00:00:00,,
NYM3174,inactivity,medium,Actividad cayó 90% vs promedio de 14d,2025-07-25T00:00:00,,
109327,inactivity,medium,Actividad cayó 92% vs promedio de 14d,2025-07-26T00:00:00,,
A03782E,inactivity,medium,Actividad cayó 66% vs promedio de 14d,2025-07-26T00:00:00,,
A03782E,consumption,medium,Consumo cayó 66% y sólo registra 702 L en 30d,2025-07-26T00:00:00,,
A04255A,inactivity,medium,Actividad cayó 83% vs promedio de 14d,2025-07-26T00:00:00,,
A04255A,consumption,medium,Consumo cayó 83% y sólo registra 397 L en 30d,2025-07-26T00:00:00,,
A04429A,inactivity,medium,Actividad cayó 71% vs promedio de 14d,2025-07-26T00:00:00,,
A04429A,consumption,medium,Consumo cayó 71% y sólo registra 943 L en 30d,2025-07-26T00:00:00,,
A05175A,inactivity,medium,Actividad cayó 76% vs promedio de 14d,2025-07-26T00:00:00,,
A114JLB,inactivity,medium,Actividad cayó 90% vs promedio de 14d,2025-07-26T00:00:00,,
A3612C,inactivity,medium,Actividad cayó 88% vs promedio de 14d,2025-07-26T00:00:00,,
A7145G,inactivity,medium,Actividad cayó 87% vs promedio de 14d,2025-07-26T00:00:00,,
A7164E,inactivity,medium,Actividad cayó 88% vs promedio de 14d,2025-07-26T00:00:00,,
A77647D,inactivity,medium,Actividad cayó 61% vs promedio de 14d,2025-07-26T00:00:00,,
A77647D,consumption,medium,Consumo cayó 61% y sólo registra 308 L en 30d,2025-07-26T00:00:00,,
A84780D,inactivity,medium,Actividad cayó 89% vs promedio de 14d,2025-07-26T00:00:00,,
A85424D,inactivity,medium,Actividad cayó 80% vs promedio de 14d,2025-07-26T00:00:00,,
A952JMF,inactivity,medium,Actividad cayó 91% vs promedio de 14d,2025-07-26T00:00:00,,
G07BJK,inactivity,medium,Actividad cayó 89% vs promedio de 14d,2025-07-26T00:00:00,,
LVA200C,inactivity,medium,Actividad cayó 91% vs promedio de 14d,2025-07-26T00:00:00,,
MHN831B,inactivity,medium,Actividad cayó 87% vs promedio de 14d,2025-07-26T00:00:00,,
NZT3779,inactivity,medium,Actividad cayó 88% vs promedio de 14d,2025-07-26T00:00:00,,
P08BJB,inactivity,medium,Actividad cayó 88% vs promedio de 14d,2025-07-26T00:00:00,,
PED7381,inactivity,medium,Actividad cayó 90% vs promedio de 14d,2025-07-26T00:00:00,,
PEF6461,inactivity,medium,Actividad cayó 93% vs promedio de 14d,2025-07-26T00:00:00,,
R11BRA,inactivity,medium,Actividad cayó 85% vs promedio de 14d,2025-07-26T00:00:00,,
XXJ175B,inactivity,medium,Actividad cayó 94% vs promedio de 14d,2025-07-26T00:00:00,,
0603561C,inactivity,medium,Actividad cayó 73% vs promedio de 14d,2025-07-27T00:00:00,,
060374K,inactivity,medium,Actividad cayó 78% vs promedio de 14d,2025-07-27T00:00:00,,
060374K,consumption,medium,Consumo cayó 78% y sólo registra 204 L en 30d,2025-07-27T00:00:00,,
1802MDF058,inactivity,medium,Actividad cayó 89% vs promedio de 14d,2025-07-27T00:00:00,,
770517J,inactivity,medium,Actividad cayó 72% vs promedio de 14d,2025-07-27T00:00:00,,
770517J,consumption,medium,Consumo cayó 72% y sólo registra 261 L en 30d,2025-07-27T00:00:00,,
A0030N,inactivity,medium,Actividad cayó 88% vs promedio de 14d,2025-07-27T00:00:00,,
A04626A,inactivity,medium,Actividad cayó 71% vs promedio de 14d,2025-07-27T00:00:00,,
A04626A,consumption,medium,"Consumo cayó 71% y sólo registra 1,101 L en 30d",2025-07-27T00:00:00,,
A1506D,inactivity,medium,Actividad cayó 91% vs promedio de 14d,2025-07-27T00:00:00,,
A2092L,inactivity,medium,Actividad cayó 90% vs promedio de 14d,2025-07-27T00:00:00,,
A22603,inactivity,medium,Actividad cayó 91% vs promedio de 14d,2025-07-27T00:00:00,,
A274JMF,inactivity,medium,Actividad cayó 84% vs promedio de 14d,2025-07-27T00:00:00,,
A274JMF,consumption,medium,Consumo cayó 84% y sólo registra 296 L en 30d,2025-07-27T00:00:00,,
A4404M,inactivity,medium,Actividad cayó 92% vs promedio de 14d,2025-07-27T00:00:00,,
A4434C,inactivity,medium,Actividad cayó 87% vs promedio de 14d,2025-07-27T00:00:00,,
A5176E,inactivity,medium,Actividad cayó 90% vs promedio de 14d,2025-07-27T00:00:00,,
A6316G,inactivity,medium,Actividad cayó 97% vs promedio de 14d,2025-07-27T00:00:00,,
A6839B,inactivity,medium,Actividad cayó 92% vs promedio de 14d,2025-07-27T00:00:00,,
A77281D,inactivity,medium,Actividad cayó 58% vs promedio de 14d,2025-07-27T00:00:00,,
A77281D,consumption,medium,Consumo cayó 58% y sólo registra 490 L en 30d,2025-07-27T00:00:00,,
A77639D,inactivity,medium,Actividad cayó 70% vs promedio de 14d,2025-07-27T00:00:00,,
A77639D,consumption,medium,Consumo cayó 70% y sólo registra 364 L en 30d,2025-07-27T00:00:00,,
A7886M,inactivity,medium,Actividad cayó 88% vs promedio de 14d,2025-07-27T00:00:00,,
A8912B,inactivity,medium,Actividad cayó 89% vs promedio de 14d,2025-07-27T00:00:00,,
H27AKN,inactivity,medium,Actividad cayó 90% vs promedio de 14d,2025-07-27T00:00:00,,
LGG763B,inactivity,medium,Actividad cayó 85% vs promedio de 14d,2025-07-27T00:00:00,,
LRS739A,inactivity,medium,Actividad cayó 90% vs promedio de 14d,2025-07-27T00:00:00,,
LUK295A,inactivity,medium,Actividad cayó 95% vs promedio de 14d,2025-07-27T00:00:00,,
MGY297A,inactivity,medium,Actividad cayó 84% vs promedio de 14d,2025-07-27T00:00:00,,
MGY297A,consumption,medium,Consumo cayó 84% y sólo registra 301 L en 30d,2025-07-27T00:00:00,,
MRH677A,inactivity,medium,Actividad cayó 92% vs promedio de 14d,2025-07-27T00:00:00,,
MXD895A,inactivity,medium,Actividad cayó 91% vs promedio de 14d,2025-07-27T00:00:00,,
MZB912A,inactivity,medium,Actividad cayó 87% vs promedio de 14d,2025-07-27T00:00:00,,
NAV388A,inactivity,medium,Actividad cayó 87% vs promedio de 14d,2025-07-27T00:00:00,,
NDG818A,inactivity,medium,Actividad cayó 86% vs promedio de 14d,2025-07-27T00:00:00,,
NYJ2223,inactivity,medium,Actividad cayó 86% vs promedio de 14d,2025-07-27T00:00:00,,
NYJ2223,consumption,medium,Consumo cayó 86% y sólo registra 214 L en 30d,2025-07-27T00:00:00,,
NYU750B,inactivity,medium,Actividad cayó 86% vs promedio de 14d,2025-07-27T00:00:00,,
PBV1337,inactivity,medium,Actividad cayó 88% vs promedio de 14d,2025-07-27T00:00:00,,
PDF2203,inactivity,medium,Actividad cayó 88% vs promedio de 14d,2025-07-27T00:00:00,,
PEM8837,inactivity,medium,Actividad cayó 87% vs promedio de 14d,2025-07-27T00:00:00,,
TXB978B,inactivity,medium,Actividad cayó 92% vs promedio de 14d,2025-07-27T00:00:00,,
753233J,inactivity,medium,Actividad cayó 82% vs promedio de 14d,2025-07-28T00:00:00,,
A05177A,inactivity,medium,Actividad cayó 74% vs promedio de 14d,2025-07-28T00:00:00,,
A05177A,consumption,medium,"Consumo cayó 74% y sólo registra 1,075 L en 30d",2025-07-28T00:00:00,,
A1844K,inactivity,medium,Actividad cayó 91% vs promedio de 14d,2025-07-28T00:00:00,,
A4756A,inactivity,medium,Actividad cayó 86% vs promedio de 14d,2025-07-28T00:00:00,,
A4756A,consumption,medium,Consumo cayó 86% y sólo registra 223 L en 30d,2025-07-28T00:00:00,,
A579JMD,inactivity,medium,Actividad cayó 87% vs promedio de 14d,2025-07-28T00:00:00,,
A6397J,inactivity,medium,Actividad cayó 90% vs promedio de 14d,2025-07-28T00:00:00,,
A77634D,inactivity,medium,Actividad cayó 78% vs promedio de 14d,2025-07-28T00:00:00,,
A77634D,consumption,medium,Consumo cayó 78% y sólo registra 363 L en 30d,2025-07-28T00:00:00,,
A8046M,inactivity,medium,Actividad cayó 92% vs promedio de 14d,2025-07-28T00:00:00,,
A85090D,inactivity,medium,Actividad cayó 62% vs promedio de 14d,2025-07-28T00:00:00,,
A9423D,inactivity,medium,Actividad cayó 89% vs promedio de 14d,2025-07-28T00:00:00,,
A9895M,inactivity,medium,Actividad cayó 87% vs promedio de 14d,2025-07-28T00:00:00,,
A9895M,consumption,medium,Consumo cayó 87% y sólo registra 282 L en 30d,2025-07-28T00:00:00,,
CR6105,consumption,medium,"Consumo cayó 0% y sólo registra 3,117 L en 30d",2025-07-28T00:00:00,,
LE17532,inactivity,medium,Actividad cayó 80% vs promedio de 14d,2025-07-28T00:00:00,,
LKC143B,inactivity,medium,Actividad cayó 88% vs promedio de 14d,2025-07-28T00:00:00,,
LKC143B,consumption,medium,Consumo cayó 88% y sólo registra 205 L en 30d,2025-07-28T00:00:00,,
LUB299B,inactivity,medium,Actividad cayó 84% vs promedio de 14d,2025-07-28T00:00:00,,
LUB299B,consumption,medium,Consumo cayó 84% y sólo registra 207 L en 30d,2025-07-28T00:00:00,,
N66BPK,inactivity,medium,Actividad cayó 90% vs promedio de 14d,2025-07-28T00:00:00,,
NNN9753,inactivity,medium,Actividad cayó 97% vs promedio de 14d,2025-07-28T00:00:00,,
NVN2055,inactivity,medium,Actividad cayó 97% vs promedio de 14d,2025-07-28T00:00:00,,
NXY1429,inactivity,medium,Actividad cayó 86% vs promedio de 14d,2025-07-28T00:00:00,,
NZT1108,inactivity,medium,Actividad cayó 94% vs promedio de 14d,2025-07-28T00:00:00,,
NZY4328,inactivity,medium,Actividad cayó 88% vs promedio de 14d,2025-07-28T00:00:00,,
PCD9582,inactivity,medium,Actividad cayó 89% vs promedio de 14d,2025-07-28T00:00:00,,
PDP9133,inactivity,medium,Actividad cayó 87% vs promedio de 14d,2025-07-28T00:00:00,,
PEE3676,inactivity,medium,Actividad cayó 89% vs promedio de 14d,2025-07-28T00:00:00,,
UPS230G,inactivity,medium,Actividad cayó 89% vs promedio de 14d,2025-07-28T00:00:00,,
11G896,inactivity,medium,Actividad cayó 91% vs promedio de 14d,2025-07-29T00:00:00,,
11G896,consumption,medium,Consumo cayó 91% y sólo registra 220 L en 30d,2025-07-29T00:00:00,,
A01034A,inactivity,medium,Actividad cayó 78% vs promedio de 14d,2025-07-29T00:00:00,,
A01034A,consumption,medium,Consumo cayó 78% y sólo registra 316 L en 30d,2025-07-29T00:00:00,,
A02303A,inactivity,medium,Actividad cayó 83% vs promedio de 14d,2025-07-29T00:00:00,,
A02303A,consumption,medium,Consumo cayó 83% y sólo registra 451 L en 30d,2025-07-29T00:00:00,,
A03956A,inactivity,medium,Actividad cayó 81% vs promedio de 14d,2025-07-29T00:00:00,,
A03956A,consumption,medium,Consumo cayó 81% y sólo registra 457 L en 30d,2025-07-29T00:00:00,,
A04664E,inactivity,medium,Actividad cayó 68% vs promedio de 14d,2025-07-29T00:00:00,,
A04664E,consumption,medium,Consumo cayó 68% y sólo registra 636 L en 30d,2025-07-29T00:00:00,,
A05278A,inactivity,medium,Actividad cayó 81% vs promedio de 14d,2025-07-29T00:00:00,,
A05278A,consumption,medium,Consumo cayó 81% y sólo registra 938 L en 30d,2025-07-29T00:00:00,,
A19BNE,inactivity,medium,Actividad cayó 89% vs promedio de 14d,2025-07-29T00:00:00,,
A24616E,inactivity,medium,Actividad cayó 63% vs promedio de 14d,2025-07-29T00:00:00,,
A24616E,consumption,medium,Consumo cayó 63% y sólo registra 967 L en 30d,2025-07-29T00:00:00,,
A3319E,inactivity,medium,Actividad cayó 89% vs promedio de 14d,2025-07-29T00:00:00,,
A4584C,inactivity,medium,Actividad cayó 92% vs promedio de 14d,2025-07-29T00:00:00,,
A546JMF,inactivity,medium,Actividad cayó 89% vs promedio de 14d,2025-07-29T00:00:00,,
A6181H,inactivity,medium,Actividad cayó 90% vs promedio de 14d,2025-07-29T00:00:00,,
A6187A,inactivity,medium,Actividad cayó 89% vs promedio de 14d,2025-07-29T00:00:00,,
A6505B,inactivity,medium,Actividad cayó 85% vs promedio de 14d,2025-07-29T00:00:00,,
A6505B,consumption,medium,Consumo cayó 85% y sólo registra 474 L en 30d,2025-07-29T00:00:00,,
A77524D,inactivity,medium,Actividad cayó 67% vs promedio de 14d,2025-07-29T00:00:00,,
A77524D,consumption,medium,Consumo cayó 67% y sólo registra 475 L en 30d,2025-07-29T00:00:00,,
A8624L,inactivity,medium,Actividad cayó 90% vs promedio de 14d,2025-07-29T00:00:00,,
K0088237,inactivity,medium,Actividad cayó 66% vs promedio de 14d,2025-07-29T00:00:00,,
K0088237,consumption,medium,Consumo cayó 66% y sólo registra 621 L en 30d,2025-07-29T00:00:00,,
L62AYS,inactivity,medium,Actividad cayó 88% vs promedio de 14d,2025-07-29T00:00:00,,
LB67312,inactivity,medium,Actividad cayó 78% vs promedio de 14d,2025-07-29T00:00:00,,
LB82663,inactivity,medium,Actividad cayó 81% vs promedio de 14d,2025-07-29T00:00:00,,
LG58491,inactivity,medium,Actividad cayó 87% vs promedio de 14d,2025-07-29T00:00:00,,
LG58491,consumption,medium,Consumo cayó 87% y sólo registra 229 L en 30d,2025-07-29T00:00:00,,
LHN874B,inactivity,medium,Actividad cayó 88% vs promedio de 14d,2025-07-29T00:00:00,,
LHY326B,inactivity,medium,Actividad cayó 89% vs promedio de 14d,2025-07-29T00:00:00,,
MAT739C,inactivity,medium,Actividad cayó 96% vs promedio de 14d,2025-07-29T00:00:00,,
MGU724A,inactivity,medium,Actividad cayó 84% vs promedio de 14d,2025-07-29T00:00:00,,
MGU724A,consumption,medium,Consumo cayó 84% y sólo registra 234 L en 30d,2025-07-29T00:00:00,,
NSZ793A,inactivity,medium,Actividad cayó 88% vs promedio de 14d,2025-07-29T00:00:00,,
NTD7979,inactivity,medium,Actividad cayó 84% vs promedio de 14d,2025-07-29T00:00:00,,
NVS700A,inactivity,medium,Actividad cayó 88% vs promedio de 14d,2025-07-29T00:00:00,,
NVS700A,consumption,medium,Consumo cayó 88% y sólo registra 238 L en 30d,2025-07-29T00:00:00,,
NZT5678,inactivity,medium,Actividad cayó 94% vs promedio de 14d,2025-07-29T00:00:00,,
PBP3281,inactivity,medium,Actividad cayó 90% vs promedio de 14d,2025-07-29T00:00:00,,
PBW6513,inactivity,medium,Actividad cayó 80% vs promedio de 14d,2025-07-29T00:00:00,,
PBW6513,consumption,medium,Consumo cayó 80% y sólo registra 326 L en 30d,2025-07-29T00:00:00,,
PCB4784,inactivity,medium,Actividad cayó 89% vs promedio de 14d,2025-07-29T00:00:00,,
PEF2218,inactivity,medium,Actividad cayó 88% vs promedio de 14d,2025-07-29T00:00:00,,
PEK2124,inactivity,medium,Actividad cayó 89% vs promedio de 14d,2025-07-29T00:00:00,,
PEM2390,inactivity,medium,Actividad cayó 90% vs promedio de 14d,2025-07-29T00:00:00,,
PEU5630,inactivity,medium,Actividad cayó 90% vs promedio de 14d,2025-07-29T00:00:00,,
S3M90654,inactivity,medium,Actividad cayó 55% vs promedio de 14d,2025-07-29T00:00:00,,
S3M90654,consumption,medium,"Consumo cayó 55% y sólo registra 1,742 L en 30d",2025-07-29T00:00:00,,
W92AMJ,inactivity,medium,Actividad cayó 88% vs promedio de 14d,2025-07-29T00:00:00,,
1704EDM001,inactivity,medium,Actividad cayó 91% vs promedio de 14d,2025-07-30T00:00:00,,
203ZCT,inactivity,medium,Actividad cayó 88% vs promedio de 14d,2025-07-30T00:00:00,,
5480JES,inactivity,medium,Actividad cayó 85% vs promedio de 14d,2025-07-30T00:00:00,,
5480JES,consumption,medium,Consumo cayó 85% y sólo registra 366 L en 30d,2025-07-30T00:00:00,,
770957J,inactivity,medium,Actividad cayó 66% vs promedio de 14d,2025-07-30T00:00:00,,
770957J,consumption,medium,Consumo cayó 66% y sólo registra 845 L en 30d,2025-07-30T00:00:00,,
8162,inactivity,medium,Actividad cayó 72% vs promedio de 14d,2025-07-30T00:00:00,,
838850J,inactivity,medium,Actividad cayó 58% vs promedio de 14d,2025-07-30T00:00:00,,
838850J,consumption,medium,Consumo cayó 58% y sólo registra 584 L en 30d,2025-07-30T00:00:00,,
A0050B,inactivity,medium,Actividad cayó 90% vs promedio de 14d,2025-07-30T00:00:00,,
A02362A,inactivity,medium,Actividad cayó 76% vs promedio de 14d,2025-07-30T00:00:00,,
A02362A,consumption,medium,"Consumo cayó 76% y sólo registra 1,055 L en 30d",2025-07-30T00:00:00,,
A03951A,inactivity,medium,Actividad cayó 68% vs promedio de 14d,2025-07-30T00:00:00,,
A03951A,consumption,medium,Consumo cayó 68% y sólo registra 647 L en 30d,2025-07-30T00:00:00,,
A03992A,inactivity,medium,Actividad cayó 75% vs promedio de 14d,2025-07-30T00:00:00,,
A03992A,consumption,medium,Consumo cayó 75% y sólo registra 884 L en 30d,2025-07-30T00:00:00,,
A04151A,inactivity,medium,Actividad cayó 75% vs promedio de 14d,2025-07-30T00:00:00,,
A04151A,consumption,medium,Consumo cayó 75% y sólo registra 392 L en 30d,2025-07-30T00:00:00,,
A04214A,inactivity,medium,Actividad cayó 72% vs promedio de 14d,2025-07-30T00:00:00,,
A04214A,consumption,medium,Consumo cayó 72% y sólo registra 704 L en 30d,2025-07-30T00:00:00,,
A04251A,inactivity,medium,Actividad cayó 75% vs promedio de 14d,2025-07-30T00:00:00,,
A04251A,consumption,medium,Consumo cayó 75% y sólo registra 359 L en 30d,2025-07-30T00:00:00,,
A04254A,inactivity,medium,Actividad cayó 84% vs promedio de 14d,2025-07-30T00:00:00,,
A04254A,consumption,medium,Consumo cayó 84% y sólo registra 417 L en 30d,2025-07-30T00:00:00,,
A04427A,inactivity,medium,Actividad cayó 72% vs promedio de 14d,2025-07-30T00:00:00,,
A04427A,consumption,medium,Consumo cayó 72% y sólo registra 467 L en 30d,2025-07-30T00:00:00,,
A0478C,inactivity,medium,Actividad cayó 86% vs promedio de 14d,2025-07-30T00:00:00,,
A0478C,consumption,medium,Consumo cayó 86% y sólo registra 560 L en 30d,2025-07-30T00:00:00,,
A05018A,inactivity,medium,Actividad cayó 71% vs promedio de 14d,2025-07-30T00:00:00,,
A05018A,consumption,medium,"Consumo cayó 71% y sólo registra 1,221 L en 30d",2025-07-30T00:00:00,,
A05024A,inactivity,medium,Actividad cayó 72% vs promedio de 14d,2025-07-30T00:00:00,,
A05024A,consumption,medium,Consumo cayó 72% y sólo registra 894 L en 30d,2025-07-30T00:00:00,,
A0528N,inactivity,medium,Actividad cayó 88% vs promedio de 14d,2025-07-30T00:00:00,,
A0528N,consumption,medium,Consumo cayó 88% y sólo registra 263 L en 30d,2025-07-30T00:00:00,,
A05432A,inactivity,medium,Actividad cayó 75% vs promedio de 14d,2025-07-30T00:00:00,,
A05432A,consumption,medium,Consumo cayó 75% y sólo registra 416 L en 30d,2025-07-30T00:00:00,,
A1178C,inactivity,medium,Actividad cayó 99% vs promedio de 14d,2025-07-30T00:00:00,,
A24320E,inactivity,medium,Actividad cayó 67% vs promedio de 14d,2025-07-30T00:00:00,,
A24320E,consumption,medium,Consumo cayó 67% y sólo registra 737 L en 30d,2025-07-30T00:00:00,,
A24654E,inactivity,medium,Actividad cayó 80% vs promedio de 14d,2025-07-30T00:00:00,,
A24654E,consumption,medium,Consumo cayó 80% y sólo registra 410 L en 30d,2025-07-30T00:00:00,,
A26057E,inactivity,medium,Actividad cayó 83% vs promedio de 14d,2025-07-30T00:00:00,,
A2835L,inactivity,medium,Actividad cayó 89% vs promedio de 14d,2025-07-30T00:00:00,,
A2835L,consumption,medium,Consumo cayó 89% y sólo registra 220 L en 30d,2025-07-30T00:00:00,,
A2841C,inactivity,medium,Actividad cayó 81% vs promedio de 14d,2025-07-30T00:00:00,,
A2841C,consumption,medium,Consumo cayó 81% y sólo registra 461 L en 30d,2025-07-30T00:00:00,,
A28535E,inactivity,medium,Actividad cayó 66% vs promedio de 14d,2025-07-30T00:00:00,,
A28535E,consumption,medium,"Consumo cayó 66% y sólo registra 1,024 L en 30d",2025-07-30T00:00:00,,
A29015E,inactivity,medium,Actividad cayó 65% vs promedio de 14d,2025-07-30T00:00:00,,
A29015E,consumption,medium,Consumo cayó 65% y sólo registra 951 L en 30d,2025-07-30T00:00:00,,
A29465E,inactivity,medium,Actividad cayó 75% vs promedio de 14d,2025-07-30T00:00:00,,
A29465E,consumption,medium,Consumo cayó 75% y sólo registra 793 L en 30d,2025-07-30T00:00:00,,
A29998E,inactivity,medium,Actividad cayó 68% vs promedio de 14d,2025-07-30T00:00:00,,
A29998E,consumption,medium,Consumo cayó 68% y sólo registra 635 L en 30d,2025-07-30T00:00:00,,
A30514E,inactivity,medium,Actividad cayó 63% vs promedio de 14d,2025-07-30T00:00:00,,
A30514E,consumption,medium,Consumo cayó 63% y sólo registra 677 L en 30d,2025-07-30T00:00:00,,
A3155K,inactivity,medium,Actividad cayó 86% vs promedio de 14d,2025-07-30T00:00:00,,
A3625B,inactivity,medium,Actividad cayó 89% vs promedio de 14d,2025-07-30T00:00:00,,
A3917B,inactivity,medium,Actividad cayó 95% vs promedio de 14d,2025-07-30T00:00:00,,
A4307J,inactivity,medium,Actividad cayó 92% vs promedio de 14d,2025-07-30T00:00:00,,
A4826H,inactivity,medium,Actividad cayó 90% vs promedio de 14d,2025-07-30T00:00:00,,
A4826H,consumption,medium,Consumo cayó 90% y sólo registra 336 L en 30d,2025-07-30T00:00:00,,
A6140E,inactivity,medium,Actividad cayó 90% vs promedio de 14d,2025-07-30T00:00:00,,
A6164B,inactivity,medium,Actividad cayó 90% vs promedio de 14d,2025-07-30T00:00:00,,
A6274A,inactivity,medium,Actividad cayó 87% vs promedio de 14d,2025-07-30T00:00:00,,
A6360C,inactivity,medium,Actividad cayó 85% vs promedio de 14d,2025-07-30T00:00:00,,
A6859J,inactivity,medium,Actividad cayó 88% vs promedio de 14d,2025-07-30T00:00:00,,
A7360E,inactivity,medium,Actividad cayó 85% vs promedio de 14d,2025-07-30T00:00:00,,
A7360E,consumption,medium,Consumo cayó 85% y sólo registra 266 L en 30d,2025-07-30T00:00:00,,
A77254D,inactivity,medium,Actividad cayó 72% vs promedio de 14d,2025-07-30T00:00:00,,
A77254D,consumption,medium,Consumo cayó 72% y sólo registra 930 L en 30d,2025-07-30T00:00:00,,
A7874H,inactivity,medium,Actividad cayó 91% vs promedio de 14d,2025-07-30T00:00:00,,
A8143L,inactivity,medium,Actividad cayó 87% vs promedio de 14d,2025-07-30T00:00:00,,
A8143L,consumption,medium,Consumo cayó 87% y sólo registra 217 L en 30d,2025-07-30T00:00:00,,
A835JMF,inactivity,medium,Actividad cayó 89% vs promedio de 14d,2025-07-30T00:00:00,,
A84130D,inactivity,medium,Actividad cayó 70% vs promedio de 14d,2025-07-30T00:00:00,,
A84130D,consumption,medium,Consumo cayó 70% y sólo registra 640 L en 30d,2025-07-30T00:00:00,,
A84826D,inactivity,medium,Actividad cayó 50% vs promedio de 14d,2025-07-30T00:00:00,,
A84826D,consumption,medium,Consumo cayó 50% y sólo registra 276 L en 30d,2025-07-30T00:00:00,,
A8523D,inactivity,medium,Actividad cayó 87% vs promedio de 14d,2025-07-30T00:00:00,,
A8527J,inactivity,medium,Actividad cayó 87% vs promedio de 14d,2025-07-30T00:00:00,,
A85593D,inactivity,medium,Actividad cayó 60% vs promedio de 14d,2025-07-30T00:00:00,,
A85593D,consumption,medium,Consumo cayó 60% y sólo registra 641 L en 30d,2025-07-30T00:00:00,,
A8584C,inactivity,medium,Actividad cayó 92% vs promedio de 14d,2025-07-30T00:00:00,,
A9255J,inactivity,medium,Actividad cayó 86% vs promedio de 14d,2025-07-30T00:00:00,,
A9255J,consumption,medium,Consumo cayó 86% y sólo registra 352 L en 30d,2025-07-30T00:00:00,,
A9412C,inactivity,medium,Actividad cayó 92% vs promedio de 14d,2025-07-30T00:00:00,,
A9862H,inactivity,medium,Actividad cayó 90% vs promedio de 14d,2025-07-30T00:00:00,,
A9976D,inactivity,medium,Actividad cayó 94% vs promedio de 14d,2025-07-30T00:00:00,,
AEW266B,inactivity,medium,Actividad cayó 85% vs promedio de 14d,2025-07-30T00:00:00,,
AEW266B,consumption,medium,Consumo cayó 85% y sólo registra 281 L en 30d,2025-07-30T00:00:00,,
F73AGY,inactivity,medium,Actividad cayó 89% vs promedio de 14d,2025-07-30T00:00:00,,
L95BJV,inactivity,medium,Actividad cayó 89% vs promedio de 14d,2025-07-30T00:00:00,,
L95BJV,consumption,medium,Consumo cayó 89% y sólo registra 224 L en 30d,2025-07-30T00:00:00,,
LC33620,inactivity,medium,Actividad cayó 80% vs promedio de 14d,2025-07-30T00:00:00,,
LC33620,consumption,medium,Consumo cayó 80% y sólo registra 318 L en 30d,2025-07-30T00:00:00,,
LF28206,inactivity,medium,Actividad cayó 83% vs promedio de 14d,2025-07-30T00:00:00,,
LHL900C,inactivity,medium,Actividad cayó 89% vs promedio de 14d,2025-07-30T00:00:00,,
LHL900C,consumption,medium,Consumo cayó 89% y sólo registra 212 L en 30d,2025-07-30T00:00:00,,
LKE361A,inactivity,medium,Actividad cayó 88% vs promedio de 14d,2025-07-30T00:00:00,,
LMG569A,inactivity,medium,Actividad cayó 85% vs promedio de 14d,2025-07-30T00:00:00,,
LMG569A,consumption,medium,Consumo cayó 85% y sólo registra 410 L en 30d,2025-07-30T00:00:00,,
LTY048A,inactivity,medium,Actividad cayó 89% vs promedio de 14d,2025-07-30T00:00:00,,
LTY048A,consumption,medium,Consumo cayó 89% y sólo registra 253 L en 30d,2025-07-30T00:00:00,,
LWY580A,inactivity,medium,Actividad cayó 75% vs promedio de 14d,2025-07-30T00:00:00,,
MAW556B,inactivity,medium,Actividad cayó 83% vs promedio de 14d,2025-07-30T00:00:00,,
MAW556B,consumption,medium,Consumo cayó 83% y sólo registra 301 L en 30d,2025-07-30T00:00:00,,
MKM030B,inactivity,medium,Actividad cayó 85% vs promedio de 14d,2025-07-30T00:00:00,,
MKM030B,consumption,medium,Consumo cayó 85% y sólo registra 253 L en 30d,2025-07-30T00:00:00,,
MMZ579A,inactivity,medium,Actividad cayó 91% vs promedio de 14d,2025-07-30T00:00:00,,
MTE9565,inactivity,medium,Actividad cayó 86% vs promedio de 14d,2025-07-30T00:00:00,,
MZV5006,inactivity,medium,Actividad cayó 89% vs promedio de 14d,2025-07-30T00:00:00,,
NEE554A,inactivity,medium,Actividad cayó 90% vs promedio de 14d,2025-07-30T00:00:00,,
NES3833,inactivity,medium,Actividad cayó 93% vs promedio de 14d,2025-07-30T00:00:00,,
NLK6258,inactivity,medium,Actividad cayó 89% vs promedio de 14d,2025-07-30T00:00:00,,
NWR8317,inactivity,medium,Actividad cayó 87% vs promedio de 14d,2025-07-30T00:00:00,,
NXK3934,inactivity,medium,Actividad cayó 90% vs promedio de 14d,2025-07-30T00:00:00,,
NXK6292,inactivity,medium,Actividad cayó 87% vs promedio de 14d,2025-07-30T00:00:00,,
NXK6292,consumption,medium,Consumo cayó 87% y sólo registra 218 L en 30d,2025-07-30T00:00:00,,
NYB2200,inactivity,medium,Actividad cayó 87% vs promedio de 14d,2025-07-30T00:00:00,,
NYB2200,consumption,medium,Consumo cayó 87% y sólo registra 360 L en 30d,2025-07-30T00:00:00,,
NYX9511,inactivity,medium,Actividad cayó 88% vs promedio de 14d,2025-07-30T00:00:00,,
NZT6199,inactivity,medium,Actividad cayó 88% vs promedio de 14d,2025-07-30T00:00:00,,
PAA8087,inactivity,medium,Actividad cayó 51% vs promedio de 14d,2025-07-30T00:00:00,,
PAE1032,inactivity,medium,Actividad cayó 88% vs promedio de 14d,2025-07-30T00:00:00,,
PAY7657,inactivity,medium,Actividad cayó 89% vs promedio de 14d,2025-07-30T00:00:00,,
PAY7657,consumption,medium,Consumo cayó 89% y sólo registra 223 L en 30d,2025-07-30T00:00:00,,
PBT3215,inactivity,medium,Actividad cayó 88% vs promedio de 14d,2025-07-30T00:00:00,,
PBW4091,inactivity,medium,Actividad cayó 85% vs promedio de 14d,2025-07-30T00:00:00,,
PBW4091,consumption,medium,Consumo cayó 85% y sólo registra 201 L en 30d,2025-07-30T00:00:00,,
PCA9362,inactivity,medium,Actividad cayó 90% vs promedio de 14d,2025-07-30T00:00:00,,
PCE9619,inactivity,medium,Actividad cayó 86% vs promedio de 14d,2025-07-30T00:00:00,,
PCE9619,consumption,medium,Consumo cayó 86% y sólo registra 242 L en 30d,2025-07-30T00:00:00,,
PDR4456,inactivity,medium,Actividad cayó 86% vs promedio de 14d,2025-07-30T00:00:00,,
PDR4456,consumption,medium,Consumo cayó 86% y sólo registra 248 L en 30d,2025-07-30T00:00:00,,
PEH5762,inactivity,medium,Actividad cayó 87% vs promedio de 14d,2025-07-30T00:00:00,,
PEH5762,consumption,medium,Consumo cayó 87% y sólo registra 238 L en 30d,2025-07-30T00:00:00,,
PEH9697,inactivity,medium,Actividad cayó 91% vs promedio de 14d,2025-07-30T00:00:00,,
PEH9697,consumption,medium,Consumo cayó 91% y sólo registra 225 L en 30d,2025-07-30T00:00:00,,
PEZ8103,inactivity,medium,Actividad cayó 90% vs promedio de 14d,2025-07-30T00:00:00,,
R75ASY,inactivity,medium,Actividad cayó 88% vs promedio de 14d,2025-07-30T00:00:00,,
RAF432D,inactivity,medium,Actividad cayó 87% vs promedio de 14d,2025-07-30T00:00:00,,
S52BCX,inactivity,medium,Actividad cayó 91% vs promedio de 14d,2025-07-30T00:00:00,,
S52BCX,consumption,medium,Consumo cayó 91% y sólo registra 277 L en 30d,2025-07-30T00:00:00,,
W41APD,inactivity,medium,Actividad cayó 92% vs promedio de 14d,2025-07-30T00:00:00,,
060381K,inactivity,medium,Actividad cayó 74% vs promedio de 14d,2025-07-31T00:00:00,,
060381K,consumption,medium,Consumo cayó 74% y sólo registra 794 L en 30d,2025-07-31T00:00:00,,
060820K,inactivity,medium,Actividad cayó 74% vs promedio de 14d,2025-07-31T00:00:00,,
060820K,consumption,medium,Consumo cayó 74% y sólo registra 935 L en 30d,2025-07-31T00:00:00,,
060845K,inactivity,medium,Actividad cayó 81% vs promedio de 14d,2025-07-31T00:00:00,,
060845K,consumption,medium,Consumo cayó 81% y sólo registra 621 L en 30d,2025-07-31T00:00:00,,
060874K,inactivity,medium,Actividad cayó 72% vs promedio de 14d,2025-07-31T00:00:00,,
060874K,consumption,medium,Consumo cayó 72% y sólo registra 353 L en 30d,2025-07-31T00:00:00,,
061288K,inactivity,medium,Actividad cayó 70% vs promedio de 14d,2025-07-31T00:00:00,,
061288K,consumption,medium,Consumo cayó 70% y sólo registra 421 L en 30d,2025-07-31T00:00:00,,
1611MDF003,inactivity,medium,Actividad cayó 90% vs promedio de 14d,2025-07-31T00:00:00,,
225C,inactivity,medium,Actividad cayó 53% vs promedio de 14d,2025-07-31T00:00:00,,
225C,consumption,medium,"Consumo cayó 53% y sólo registra 2,964 L en 30d",2025-07-31T00:00:00,,
308C,inactivity,medium,Actividad cayó 46% vs promedio de 14d,2025-07-31T00:00:00,,
308C,consumption,medium,"Consumo cayó 46% y sólo registra 2,255 L en 30d",2025-07-31T00:00:00,,
329VBS,inactivity,medium,Actividad cayó 83% vs promedio de 14d,2025-07-31T00:00:00,,
329VBS,consumption,medium,Consumo cayó 83% y sólo registra 464 L en 30d,2025-07-31T00:00:00,,
400TL319,inactivity,medium,Actividad cayó 63% vs promedio de 14d,2025-07-31T00:00:00,,
400TL319,consumption,medium,Consumo cayó 63% y sólo registra 914 L en 30d,2025-07-31T00:00:00,,
404TL087,inactivity,medium,Actividad cayó 68% vs promedio de 14d,2025-07-31T00:00:00,,
404TL087,consumption,medium,Consumo cayó 68% y sólo registra 880 L en 30d,2025-07-31T00:00:00,,
475TL188,inactivity,medium,Actividad cayó 48% vs promedio de 14d,2025-07-31T00:00:00,,
475TL188,consumption,medium,Consumo cayó 48% y sólo registra 910 L en 30d,2025-07-31T00:00:00,,
701TL011C,inactivity,medium,Actividad cayó 60% vs promedio de 14d,2025-07-31T00:00:00,,
701TL011C,consumption,medium,Consumo cayó 60% y sólo registra 932 L en 30d,2025-07-31T00:00:00,,
705TL005M,inactivity,medium,Actividad cayó 75% vs promedio de 14d,2025-07-31T00:00:00,,
705TL005M,consumption,medium,Consumo cayó 75% y sólo registra 772 L en 30d,2025-07-31T00:00:00,,
770529J,inactivity,medium,Actividad cayó 74% vs promedio de 14d,2025-07-31T00:00:00,,
770529J,consumption,medium,Consumo cayó 74% y sólo registra 854 L en 30d,2025-07-31T00:00:00,,
770804J,inactivity,medium,Actividad cayó 66% vs promedio de 14d,2025-07-31T00:00:00,,
770804J,consumption,medium,Consumo cayó 66% y sólo registra 915 L en 30d,2025-07-31T00:00:00,,
770973J,inactivity,medium,Actividad cayó 61% vs promedio de 14d,2025-07-31T00:00:00,,
770973J,consumption,medium,Consumo cayó 61% y sólo registra 746 L en 30d,2025-07-31T00:00:00,,
838745J,inactivity,medium,Actividad cayó 69% vs promedio de 14d,2025-07-31T00:00:00,,
838745J,consumption,medium,Consumo cayó 69% y sólo registra 578 L en 30d,2025-07-31T00:00:00,,
852EC085,inactivity,medium,Actividad cayó 66% vs promedio de 14d,2025-07-31T00:00:00,,
9026746,inactivity,medium,Actividad cayó 83% vs promedio de 14d,2025-07-31T00:00:00,,
9026746,consumption,medium,Consumo cayó 83% y sólo registra 576 L en 30d,2025-07-31T00:00:00,,
906068,inactivity,medium,Actividad cayó 68% vs promedio de 14d,2025-07-31T00:00:00,,
906068,consumption,medium,Consumo cayó 68% y sólo registra 295 L en 30d,2025-07-31T00:00:00,,
9312JES,inactivity,medium,Actividad cayó 89% vs promedio de 14d,2025-07-31T00:00:00,,
9312JES,consumption,medium,Consumo cayó 89% y sólo registra 319 L en 30d,2025-07-31T00:00:00,,
9RK9096968,inactivity,medium,Actividad cayó 62% vs promedio de 14d,2025-07-31T00:00:00,,
9RK9096968,consumption,medium,"Consumo cayó 62% y sólo registra 1,140 L en 30d",2025-07-31T00:00:00,,
A00082A,inactivity,medium,Actividad cayó 68% vs promedio de 14d,2025-07-31T00:00:00,,
A00082A,consumption,medium,"Consumo cayó 68% y sólo registra 1,697 L en 30d",2025-07-31T00:00:00,,
A005JMD,inactivity,medium,Actividad cayó 87% vs promedio de 14d,2025-07-31T00:00:00,,
A005JMD,consumption,medium,Consumo cayó 87% y sólo registra 472 L en 30d,2025-07-31T00:00:00,,
A00819A,inactivity,medium,Actividad cayó 82% vs promedio de 14d,2025-07-31T00:00:00,,
A00819A,consumption,medium,Consumo cayó 82% y sólo registra 749 L en 30d,2025-07-31T00:00:00,,
A01860A,inactivity,medium,Actividad cayó 70% vs promedio de 14d,2025-07-31T00:00:00,,
A01860A,consumption,medium,Consumo cayó 70% y sólo registra 764 L en 30d,2025-07-31T00:00:00,,
A01929A,inactivity,medium,Actividad cayó 78% vs promedio de 14d,2025-07-31T00:00:00,,
A01929A,consumption,medium,Consumo cayó 78% y sólo registra 893 L en 30d,2025-07-31T00:00:00,,
A02013A,inactivity,medium,Actividad cayó 68% vs promedio de 14d,2025-07-31T00:00:00,,
A02013A,consumption,medium,Consumo cayó 68% y sólo registra 916 L en 30d,2025-07-31T00:00:00,,
A02076A,inactivity,medium,Actividad cayó 73% vs promedio de 14d,2025-07-31T00:00:00,,
A02076A,consumption,medium,Consumo cayó 73% y sólo registra 869 L en 30d,2025-07-31T00:00:00,,
A02212A,inactivity,medium,Actividad cayó 65% vs promedio de 14d,2025-07-31T00:00:00,,
A02212A,consumption,medium,"Consumo cayó 65% y sólo registra 1,269 L en 30d",2025-07-31T00:00:00,,
A02294A,inactivity,medium,Actividad cayó 74% vs promedio de 14d,2025-07-31T00:00:00,,
A02294A,consumption,medium,Consumo cayó 74% y sólo registra 917 L en 30d,2025-07-31T00:00:00,,
A02414A,inactivity,medium,Actividad cayó 69% vs promedio de 14d,2025-07-31T00:00:00,,
A02414A,consumption,medium,"Consumo cayó 69% y sólo registra 1,080 L en 30d",2025-07-31T00:00:00,,
A02415A,inactivity,medium,Actividad cayó 68% vs promedio de 14d,2025-07-31T00:00:00,,
A02415A,consumption,medium,Consumo cayó 68% y sólo registra 682 L en 30d,2025-07-31T00:00:00,,
A02425A,inactivity,medium,Actividad cayó 66% vs promedio de 14d,2025-07-31T00:00:00,,
A02425A,consumption,medium,"Consumo cayó 66% y sólo registra 1,237 L en 30d",2025-07-31T00:00:00,,
A02465A,inactivity,medium,Actividad cayó 75% vs promedio de 14d,2025-07-31T00:00:00,,
A02465A,consumption,medium,Consumo cayó 75% y sólo registra 709 L en 30d,2025-07-31T00:00:00,,
A02902A,inactivity,medium,Actividad cayó 73% vs promedio de 14d,2025-07-31T00:00:00,,
A02902A,consumption,medium,"Consumo cayó 73% y sólo registra 1,048 L en 30d",2025-07-31T00:00:00,,
A02925A,inactivity,medium,Actividad cayó 75% vs promedio de 14d,2025-07-31T00:00:00,,
A02925A,consumption,medium,"Consumo cayó 75% y sólo registra 1,230 L en 30d",2025-07-31T00:00:00,,
A02939A,inactivity,medium,Actividad cayó 72% vs promedio de 14d,2025-07-31T00:00:00,,
A02939A,consumption,medium,"Consumo cayó 72% y sólo registra 1,251 L en 30d",2025-07-31T00:00:00,,
A03898A,inactivity,medium,Actividad cayó 86% vs promedio de 14d,2025-07-31T00:00:00,,
A03898A,consumption,medium,Consumo cayó 86% y sólo registra 330 L en 30d,2025-07-31T00:00:00,,
A03952A,inactivity,medium,Actividad cayó 71% vs promedio de 14d,2025-07-31T00:00:00,,
A03952A,consumption,medium,Consumo cayó 71% y sólo registra 937 L en 30d,2025-07-31T00:00:00,,
A03961A,inactivity,medium,Actividad cayó 74% vs promedio de 14d,2025-07-31T00:00:00,,
A03961A,consumption,medium,"Consumo cayó 74% y sólo registra 1,270 L en 30d",2025-07-31T00:00:00,,
A03962A,inactivity,medium,Actividad cayó 76% vs promedio de 14d,2025-07-31T00:00:00,,
A03962A,consumption,medium,"Consumo cayó 76% y sólo registra 1,076 L en 30d",2025-07-31T00:00:00,,
A03966A,inactivity,medium,Actividad cayó 71% vs promedio de 14d,2025-07-31T00:00:00,,
A03966A,consumption,medium,"Consumo cayó 71% y sólo registra 1,230 L en 30d",2025-07-31T00:00:00,,
A03970A,inactivity,medium,Actividad cayó 77% vs promedio de 14d,2025-07-31T00:00:00,,
A03970A,consumption,medium,Consumo cayó 77% y sólo registra 938 L en 30d,2025-07-31T00:00:00,,
A03972A,inactivity,medium,Actividad cayó 80% vs promedio de 14d,2025-07-31T00:00:00,,
A03972A,consumption,medium,Consumo cayó 80% y sólo registra 867 L en 30d,2025-07-31T00:00:00,,
A03974A,inactivity,medium,Actividad cayó 72% vs promedio de 14d,2025-07-31T00:00:00,,
A03974A,consumption,medium,"Consumo cayó 72% y sólo registra 1,351 L en 30d",2025-07-31T00:00:00,,
A03977A,inactivity,medium,Actividad cayó 55% vs promedio de 14d,2025-07-31T00:00:00,,
A03977A,consumption,medium,"Consumo cayó 55% y sólo registra 1,122 L en 30d",2025-07-31T00:00:00,,
A03978A,inactivity,medium,Actividad cayó 62% vs promedio de 14d,2025-07-31T00:00:00,,
A03978A,consumption,medium,Consumo cayó 62% y sólo registra 966 L en 30d,2025-07-31T00:00:00,,
A03981A,inactivity,medium,Actividad cayó 60% vs promedio de 14d,2025-07-31T00:00:00,,
A03981A,consumption,medium,"Consumo cayó 60% y sólo registra 1,036 L en 30d",2025-07-31T00:00:00,,
A03982A,inactivity,medium,Actividad cayó 59% vs promedio de 14d,2025-07-31T00:00:00,,
A03982A,consumption,medium,Consumo cayó 59% y sólo registra 859 L en 30d,2025-07-31T00:00:00,,
A03983A,inactivity,medium,Actividad cayó 51% vs promedio de 14d,2025-07-31T00:00:00,,
A03983A,consumption,medium,"Consumo cayó 51% y sólo registra 1,125 L en 30d",2025-07-31T00:00:00,,
A03985A,inactivity,medium,Actividad cayó 66% vs promedio de 14d,2025-07-31T00:00:00,,
A03985A,consumption,medium,"Consumo cayó 66% y sólo registra 1,392 L en 30d",2025-07-31T00:00:00,,
A03986A,inactivity,medium,Actividad cayó 64% vs promedio de 14d,2025-07-31T00:00:00,,
A03986A,consumption,medium,"Consumo cayó 64% y sólo registra 1,492 L en 30d",2025-07-31T00:00:00,,
A03987A,inactivity,medium,Actividad cayó 82% vs promedio de 14d,2025-07-31T00:00:00,,
A03987A,consumption,medium,Consumo cayó 82% y sólo registra 859 L en 30d,2025-07-31T00:00:00,,
A03988A,inactivity,medium,Actividad cayó 65% vs promedio de 14d,2025-07-31T00:00:00,,
A03988A,consumption,medium,"Consumo cayó 65% y sólo registra 1,524 L en 30d",2025-07-31T00:00:00,,
A03989A,inactivity,medium,Actividad cayó 72% vs promedio de 14d,2025-07-31T00:00:00,,
A03989A,consumption,medium,"Consumo cayó 72% y sólo registra 1,051 L en 30d",2025-07-31T00:00:00,,
A03990A,inactivity,medium,Actividad cayó 82% vs promedio de 14d,2025-07-31T00:00:00,,
A03990A,consumption,medium,Consumo cayó 82% y sólo registra 945 L en 30d,2025-07-31T00:00:00,,
A03991A,inactivity,medium,Actividad cayó 76% vs promedio de 14d,2025-07-31T00:00:00,,
A03991A,consumption,medium,Consumo cayó 76% y sólo registra 931 L en 30d,2025-07-31T00:00:00,,
A03993A,inactivity,medium,Actividad cayó 77% vs promedio de 14d,2025-07-31T00:00:00,,
A03993A,consumption,medium,Consumo cayó 77% y sólo registra 980 L en 30d,2025-07-31T00:00:00,,
A04128A,inactivity,medium,Actividad cayó 80% vs promedio de 14d,2025-07-31T00:00:00,,
A04128A,consumption,medium,Consumo cayó 80% y sólo registra 602 L en 30d,2025-07-31T00:00:00,,
A04205A,inactivity,medium,Actividad cayó 74% vs promedio de 14d,2025-07-31T00:00:00,,
A04205A,consumption,medium,"Consumo cayó 74% y sólo registra 1,242 L en 30d",2025-07-31T00:00:00,,
A04213A,inactivity,medium,Actividad cayó 65% vs promedio de 14d,2025-07-31T00:00:00,,
A04213A,consumption,medium,"Consumo cayó 65% y sólo registra 1,198 L en 30d",2025-07-31T00:00:00,,
A04229A,inactivity,medium,Actividad cayó 72% vs promedio de 14d,2025-07-31T00:00:00,,
A04229A,consumption,medium,Consumo cayó 72% y sólo registra 933 L en 30d,2025-07-31T00:00:00,,
A04230A,inactivity,medium,Actividad cayó 77% vs promedio de 14d,2025-07-31T00:00:00,,
A04230A,consumption,medium,Consumo cayó 77% y sólo registra 943 L en 30d,2025-07-31T00:00:00,,
A04231A,inactivity,medium,Actividad cayó 70% vs promedio de 14d,2025-07-31T00:00:00,,
A04231A,consumption,medium,"Consumo cayó 70% y sólo registra 1,207 L en 30d",2025-07-31T00:00:00,,
A04233A,inactivity,medium,Actividad cayó 81% vs promedio de 14d,2025-07-31T00:00:00,,
A04233A,consumption,medium,Consumo cayó 81% y sólo registra 457 L en 30d,2025-07-31T00:00:00,,
A04243A,inactivity,medium,Actividad cayó 78% vs promedio de 14d,2025-07-31T00:00:00,,
A04243A,consumption,medium,Consumo cayó 78% y sólo registra 839 L en 30d,2025-07-31T00:00:00,,
A04247A,inactivity,medium,Actividad cayó 73% vs promedio de 14d,2025-07-31T00:00:00,,
A04247A,consumption,medium,"Consumo cayó 73% y sólo registra 1,174 L en 30d",2025-07-31T00:00:00,,
A04248A,inactivity,medium,Actividad cayó 79% vs promedio de 14d,2025-07-31T00:00:00,,
A04248A,consumption,medium,Consumo cayó 79% y sólo registra 999 L en 30d,2025-07-31T00:00:00,,
A04249A,inactivity,medium,Actividad cayó 82% vs promedio de 14d,2025-07-31T00:00:00,,
A04249A,consumption,medium,Consumo cayó 82% y sólo registra 852 L en 30d,2025-07-31T00:00:00,,
A04250A,inactivity,medium,Actividad cayó 80% vs promedio de 14d,2025-07-31T00:00:00,,
A04250A,consumption,medium,Consumo cayó 80% y sólo registra 832 L en 30d,2025-07-31T00:00:00,,
A04344A,inactivity,medium,Actividad cayó 70% vs promedio de 14d,2025-07-31T00:00:00,,
A04344A,consumption,medium,Consumo cayó 70% y sólo registra 658 L en 30d,2025-07-31T00:00:00,,
A04351A,inactivity,medium,Actividad cayó 76% vs promedio de 14d,2025-07-31T00:00:00,,
A04351A,consumption,medium,Consumo cayó 76% y sólo registra 264 L en 30d,2025-07-31T00:00:00,,
A04353A,inactivity,medium,Actividad cayó 77% vs promedio de 14d,2025-07-31T00:00:00,,
A04353A,consumption,medium,Consumo cayó 77% y sólo registra 845 L en 30d,2025-07-31T00:00:00,,
A04363A,inactivity,medium,Actividad cayó 73% vs promedio de 14d,2025-07-31T00:00:00,,
A04363A,consumption,medium,"Consumo cayó 73% y sólo registra 1,211 L en 30d",2025-07-31T00:00:00,,
A04428A,inactivity,medium,Actividad cayó 73% vs promedio de 14d,2025-07-31T00:00:00,,
A04428A,consumption,medium,"Consumo cayó 73% y sólo registra 1,051 L en 30d",2025-07-31T00:00:00,,
A04440A,inactivity,medium,Actividad cayó 78% vs promedio de 14d,2025-07-31T00:00:00,,
A04440A,consumption,medium,Consumo cayó 78% y sólo registra 809 L en 30d,2025-07-31T00:00:00,,
A04501A,inactivity,medium,Actividad cayó 66% vs promedio de 14d,2025-07-31T00:00:00,,
A04501A,consumption,medium,"Consumo cayó 66% y sólo registra 1,007 L en 30d",2025-07-31T00:00:00,,
A04502A,inactivity,medium,Actividad cayó 81% vs promedio de 14d,2025-07-31T00:00:00,,
A04502A,consumption,medium,Consumo cayó 81% y sólo registra 893 L en 30d,2025-07-31T00:00:00,,
A04504A,inactivity,medium,Actividad cayó 69% vs promedio de 14d,2025-07-31T00:00:00,,
A04504A,consumption,medium,"Consumo cayó 69% y sólo registra 1,196 L en 30d",2025-07-31T00:00:00,,
A04509A,inactivity,medium,Actividad cayó 69% vs promedio de 14d,2025-07-31T00:00:00,,
A04509A,consumption,medium,"Consumo cayó 69% y sólo registra 1,354 L en 30d",2025-07-31T00:00:00,,
A04512A,inactivity,medium,Actividad cayó 75% vs promedio de 14d,2025-07-31T00:00:00,,
A04512A,consumption,medium,Consumo cayó 75% y sólo registra 970 L en 30d,2025-07-31T00:00:00,,
A04516A,inactivity,medium,Actividad cayó 76% vs promedio de 14d,2025-07-31T00:00:00,,
A04516A,consumption,medium,Consumo cayó 76% y sólo registra 976 L en 30d,2025-07-31T00:00:00,,
A04521A,inactivity,medium,Actividad cayó 71% vs promedio de 14d,2025-07-31T00:00:00,,
A04521A,consumption,medium,"Consumo cayó 71% y sólo registra 1,097 L en 30d",2025-07-31T00:00:00,,
A04523A,inactivity,medium,Actividad cayó 66% vs promedio de 14d,2025-07-31T00:00:00,,
A04523A,consumption,medium,"Consumo cayó 66% y sólo registra 1,374 L en 30d",2025-07-31T00:00:00,,
A04525A,inactivity,medium,Actividad cayó 74% vs promedio de 14d,2025-07-31T00:00:00,,
A04525A,consumption,medium,"Consumo cayó 74% y sólo registra 1,039 L en 30d",2025-07-31T00:00:00,,
A04527A,inactivity,medium,Actividad cayó 80% vs promedio de 14d,2025-07-31T00:00:00,,
A04527A,consumption,medium,Consumo cayó 80% y sólo registra 916 L en 30d,2025-07-31T00:00:00,,
A04533A,inactivity,medium,Actividad cayó 75% vs promedio de 14d,2025-07-31T00:00:00,,
A04533A,consumption,medium,Consumo cayó 75% y sólo registra 972 L en 30d,2025-07-31T00:00:00,,
A04538A,inactivity,medium,Actividad cayó 80% vs promedio de 14d,2025-07-31T00:00:00,,
A04538A,consumption,medium,Consumo cayó 80% y sólo registra 928 L en 30d,2025-07-31T00:00:00,,
A04549A,inactivity,medium,Actividad cayó 80% vs promedio de 14d,2025-07-31T00:00:00,,
A04549A,consumption,medium,Consumo cayó 80% y sólo registra 928 L en 30d,2025-07-31T00:00:00,,
A04552A,inactivity,medium,Actividad cayó 78% vs promedio de 14d,2025-07-31T00:00:00,,
A04552A,consumption,medium,Consumo cayó 78% y sólo registra 779 L en 30d,2025-07-31T00:00:00,,
A04554A,inactivity,medium,Actividad cayó 74% vs promedio de 14d,2025-07-31T00:00:00,,
A04554A,consumption,medium,"Consumo cayó 74% y sólo registra 1,079 L en 30d",2025-07-31T00:00:00,,
A04559A,inactivity,medium,Actividad cayó 77% vs promedio de 14d,2025-07-31T00:00:00,,
A04559A,consumption,medium,Consumo cayó 77% y sólo registra 701 L en 30d,2025-07-31T00:00:00,,
A04565A,inactivity,medium,Actividad cayó 76% vs promedio de 14d,2025-07-31T00:00:00,,
A04565A,consumption,medium,Consumo cayó 76% y sólo registra 973 L en 30d,2025-07-31T00:00:00,,
A04566A,inactivity,medium,Actividad cayó 74% vs promedio de 14d,2025-07-31T00:00:00,,
A04566A,consumption,medium,Consumo cayó 74% y sólo registra 862 L en 30d,2025-07-31T00:00:00,,
A04568A,inactivity,medium,Actividad cayó 75% vs promedio de 14d,2025-07-31T00:00:00,,
A04568A,consumption,medium,"Consumo cayó 75% y sólo registra 1,268 L en 30d",2025-07-31T00:00:00,,
A04573A,inactivity,medium,Actividad cayó 76% vs promedio de 14d,2025-07-31T00:00:00,,
A04573A,consumption,medium,"Consumo cayó 76% y sólo registra 1,141 L en 30d",2025-07-31T00:00:00,,
A04584A,inactivity,medium,Actividad cayó 70% vs promedio de 14d,2025-07-31T00:00:00,,
A04584A,consumption,medium,"Consumo cayó 70% y sólo registra 1,378 L en 30d",2025-07-31T00:00:00,,
A04591A,inactivity,medium,Actividad cayó 79% vs promedio de 14d,2025-07-31T00:00:00,,
A04591A,consumption,medium,Consumo cayó 79% y sólo registra 999 L en 30d,2025-07-31T00:00:00,,
A04592A,inactivity,medium,Actividad cayó 77% vs promedio de 14d,2025-07-31T00:00:00,,
A04592A,consumption,medium,"Consumo cayó 77% y sólo registra 1,005 L en 30d",2025-07-31T00:00:00,,
A04596A,inactivity,medium,Actividad cayó 70% vs promedio de 14d,2025-07-31T00:00:00,,
A04596A,consumption,medium,"Consumo cayó 70% y sólo registra 1,080 L en 30d",2025-07-31T00:00:00,,
A04600A,inactivity,medium,Actividad cayó 81% vs promedio de 14d,2025-07-31T00:00:00,,
A04600A,consumption,medium,Consumo cayó 81% y sólo registra 757 L en 30d,2025-07-31T00:00:00,,
A04661A,inactivity,medium,Actividad cayó 79% vs promedio de 14d,2025-07-31T00:00:00,,
A04661A,consumption,medium,Consumo cayó 79% y sólo registra 751 L en 30d,2025-07-31T00:00:00,,
A0466L,inactivity,medium,Actividad cayó 88% vs promedio de 14d,2025-07-31T00:00:00,,
A0466L,consumption,medium,Consumo cayó 88% y sólo registra 328 L en 30d,2025-07-31T00:00:00,,
A04671A,inactivity,medium,Actividad cayó 70% vs promedio de 14d,2025-07-31T00:00:00,,
A04671A,consumption,medium,"Consumo cayó 70% y sólo registra 1,257 L en 30d",2025-07-31T00:00:00,,
A04673A,inactivity,medium,Actividad cayó 72% vs promedio de 14d,2025-07-31T00:00:00,,
A04673A,consumption,medium,Consumo cayó 72% y sólo registra 784 L en 30d,2025-07-31T00:00:00,,
A04675A,inactivity,medium,Actividad cayó 67% vs promedio de 14d,2025-07-31T00:00:00,,
A04675A,consumption,medium,"Consumo cayó 67% y sólo registra 1,445 L en 30d",2025-07-31T00:00:00,,
A04678A,inactivity,medium,Actividad cayó 77% vs promedio de 14d,2025-07-31T00:00:00,,
A04678A,consumption,medium,Consumo cayó 77% y sólo registra 968 L en 30d,2025-07-31T00:00:00,,
A04680A,inactivity,medium,Actividad cayó 71% vs promedio de 14d,2025-07-31T00:00:00,,
A04680A,consumption,medium,"Consumo cayó 71% y sólo registra 1,195 L en 30d",2025-07-31T00:00:00,,
A04686A,inactivity,medium,Actividad cayó 74% vs promedio de 14d,2025-07-31T00:00:00,,
A04686A,consumption,medium,"Consumo cayó 74% y sólo registra 1,048 L en 30d",2025-07-31T00:00:00,,
A04688A,inactivity,medium,Actividad cayó 69% vs promedio de 14d,2025-07-31T00:00:00,,
A04688A,consumption,medium,"Consumo cayó 69% y sólo registra 1,358 L en 30d",2025-07-31T00:00:00,,
A04689A,inactivity,medium,Actividad cayó 77% vs promedio de 14d,2025-07-31T00:00:00,,
A04689A,consumption,medium,Consumo cayó 77% y sólo registra 766 L en 30d,2025-07-31T00:00:00,,
A04692A,inactivity,medium,Actividad cayó 70% vs promedio de 14d,2025-07-31T00:00:00,,
A04692A,consumption,medium,"Consumo cayó 70% y sólo registra 1,166 L en 30d",2025-07-31T00:00:00,,
A04693A,inactivity,medium,Actividad cayó 70% vs promedio de 14d,2025-07-31T00:00:00,,
A04693A,consumption,medium,"Consumo cayó 70% y sólo registra 1,502 L en 30d",2025-07-31T00:00:00,,
A04695A,inactivity,medium,Actividad cayó 74% vs promedio de 14d,2025-07-31T00:00:00,,
A04695A,consumption,medium,"Consumo cayó 74% y sólo registra 1,072 L en 30d",2025-07-31T00:00:00,,
A04697A,inactivity,medium,Actividad cayó 78% vs promedio de 14d,2025-07-31T00:00:00,,
A04697A,consumption,medium,"Consumo cayó 78% y sólo registra 1,050 L en 30d",2025-07-31T00:00:00,,
A04704A,inactivity,medium,Actividad cayó 74% vs promedio de 14d,2025-07-31T00:00:00,,
A04704A,consumption,medium,Consumo cayó 74% y sólo registra 568 L en 30d,2025-07-31T00:00:00,,
A04706A,inactivity,medium,Actividad cayó 80% vs promedio de 14d,2025-07-31T00:00:00,,
A04706A,consumption,medium,Consumo cayó 80% y sólo registra 649 L en 30d,2025-07-31T00:00:00,,
A04708A,inactivity,medium,Actividad cayó 70% vs promedio de 14d,2025-07-31T00:00:00,,
A04708A,consumption,medium,Consumo cayó 70% y sólo registra 808 L en 30d,2025-07-31T00:00:00,,
A04725A,inactivity,medium,Actividad cayó 72% vs promedio de 14d,2025-07-31T00:00:00,,
A04725A,consumption,medium,Consumo cayó 72% y sólo registra 970 L en 30d,2025-07-31T00:00:00,,
A04743A,inactivity,medium,Actividad cayó 79% vs promedio de 14d,2025-07-31T00:00:00,,
A04743A,consumption,medium,Consumo cayó 79% y sólo registra 374 L en 30d,2025-07-31T00:00:00,,
A05001A,inactivity,medium,Actividad cayó 66% vs promedio de 14d,2025-07-31T00:00:00,,
A05001A,consumption,medium,"Consumo cayó 66% y sólo registra 1,433 L en 30d",2025-07-31T00:00:00,,
A05011A,inactivity,medium,Actividad cayó 71% vs promedio de 14d,2025-07-31T00:00:00,,
A05011A,consumption,medium,"Consumo cayó 71% y sólo registra 1,109 L en 30d",2025-07-31T00:00:00,,
A05012A,inactivity,medium,Actividad cayó 68% vs promedio de 14d,2025-07-31T00:00:00,,
A05012A,consumption,medium,"Consumo cayó 68% y sólo registra 1,259 L en 30d",2025-07-31T00:00:00,,
A05016A,inactivity,medium,Actividad cayó 74% vs promedio de 14d,2025-07-31T00:00:00,,
A05016A,consumption,medium,"Consumo cayó 74% y sólo registra 1,198 L en 30d",2025-07-31T00:00:00,,
A05022A,inactivity,medium,Actividad cayó 66% vs promedio de 14d,2025-07-31T00:00:00,,
A05022A,consumption,medium,Consumo cayó 66% y sólo registra 912 L en 30d,2025-07-31T00:00:00,,
A05026A,inactivity,medium,Actividad cayó 70% vs promedio de 14d,2025-07-31T00:00:00,,
A05026A,consumption,medium,"Consumo cayó 70% y sólo registra 1,393 L en 30d",2025-07-31T00:00:00,,
A05028A,inactivity,medium,Actividad cayó 73% vs promedio de 14d,2025-07-31T00:00:00,,
A05028A,consumption,medium,"Consumo cayó 73% y sólo registra 1,006 L en 30d",2025-07-31T00:00:00,,
A05072E,inactivity,medium,Actividad cayó 59% vs promedio de 14d,2025-07-31T00:00:00,,
A05072E,consumption,medium,"Consumo cayó 59% y sólo registra 1,288 L en 30d",2025-07-31T00:00:00,,
A05109A,inactivity,medium,Actividad cayó 75% vs promedio de 14d,2025-07-31T00:00:00,,
A05109A,consumption,medium,Consumo cayó 75% y sólo registra 274 L en 30d,2025-07-31T00:00:00,,
A05113A,inactivity,medium,Actividad cayó 73% vs promedio de 14d,2025-07-31T00:00:00,,
A05113A,consumption,medium,Consumo cayó 73% y sólo registra 868 L en 30d,2025-07-31T00:00:00,,
A05115A,inactivity,medium,Actividad cayó 72% vs promedio de 14d,2025-07-31T00:00:00,,
A05115A,consumption,medium,Consumo cayó 72% y sólo registra 690 L en 30d,2025-07-31T00:00:00,,
A05128A,inactivity,medium,Actividad cayó 68% vs promedio de 14d,2025-07-31T00:00:00,,
A05128A,consumption,medium,Consumo cayó 68% y sólo registra 820 L en 30d,2025-07-31T00:00:00,,
A05142A,inactivity,medium,Actividad cayó 74% vs promedio de 14d,2025-07-31T00:00:00,,
A05142A,consumption,medium,Consumo cayó 74% y sólo registra 783 L en 30d,2025-07-31T00:00:00,,
A05151A,inactivity,medium,Actividad cayó 69% vs promedio de 14d,2025-07-31T00:00:00,,
A05151A,consumption,medium,"Consumo cayó 69% y sólo registra 1,514 L en 30d",2025-07-31T00:00:00,,
A05155A,inactivity,medium,Actividad cayó 76% vs promedio de 14d,2025-07-31T00:00:00,,
A05155A,consumption,medium,Consumo cayó 76% y sólo registra 901 L en 30d,2025-07-31T00:00:00,,
A05157A,inactivity,medium,Actividad cayó 74% vs promedio de 14d,2025-07-31T00:00:00,,
A05157A,consumption,medium,Consumo cayó 74% y sólo registra 671 L en 30d,2025-07-31T00:00:00,,
A05159A,inactivity,medium,Actividad cayó 74% vs promedio de 14d,2025-07-31T00:00:00,,
A05159A,consumption,medium,Consumo cayó 74% y sólo registra 767 L en 30d,2025-07-31T00:00:00,,
A05164A,inactivity,medium,Actividad cayó 68% vs promedio de 14d,2025-07-31T00:00:00,,
A05164A,consumption,medium,"Consumo cayó 68% y sólo registra 1,320 L en 30d",2025-07-31T00:00:00,,
A05165A,inactivity,medium,Actividad cayó 76% vs promedio de 14d,2025-07-31T00:00:00,,
A05165A,consumption,medium,Consumo cayó 76% y sólo registra 833 L en 30d,2025-07-31T00:00:00,,
A05166A,inactivity,medium,Actividad cayó 75% vs promedio de 14d,2025-07-31T00:00:00,,
A05166A,consumption,medium,"Consumo cayó 75% y sólo registra 1,031 L en 30d",2025-07-31T00:00:00,,
A05169A,inactivity,medium,Actividad cayó 72% vs promedio de 14d,2025-07-31T00:00:00,,
A05169A,consumption,medium,Consumo cayó 72% y sólo registra 992 L en 30d,2025-07-31T00:00:00,,
A05176A,inactivity,medium,Actividad cayó 71% vs promedio de 14d,2025-07-31T00:00:00,,
A05176A,consumption,medium,"Consumo cayó 71% y sólo registra 1,197 L en 30d",2025-07-31T00:00:00,,
A05188A,inactivity,medium,Actividad cayó 70% vs promedio de 14d,2025-07-31T00:00:00,,
A05188A,consumption,medium,"Consumo cayó 70% y sólo registra 1,332 L en 30d",2025-07-31T00:00:00,,
A05197A,inactivity,medium,Actividad cayó 66% vs promedio de 14d,2025-07-31T00:00:00,,
A05197A,consumption,medium,"Consumo cayó 66% y sólo registra 1,267 L en 30d",2025-07-31T00:00:00,,
A05206A,inactivity,medium,Actividad cayó 80% vs promedio de 14d,2025-07-31T00:00:00,,
A05206A,consumption,medium,Consumo cayó 80% y sólo registra 825 L en 30d,2025-07-31T00:00:00,,
A05207A,inactivity,medium,Actividad cayó 75% vs promedio de 14d,2025-07-31T00:00:00,,
A05207A,consumption,medium,"Consumo cayó 75% y sólo registra 1,018 L en 30d",2025-07-31T00:00:00,,
A05211A,inactivity,medium,Actividad cayó 76% vs promedio de 14d,2025-07-31T00:00:00,,
A05211A,consumption,medium,"Consumo cayó 76% y sólo registra 1,181 L en 30d",2025-07-31T00:00:00,,
A05214A,inactivity,medium,Actividad cayó 75% vs promedio de 14d,2025-07-31T00:00:00,,
A05214A,consumption,medium,"Consumo cayó 75% y sólo registra 1,039 L en 30d",2025-07-31T00:00:00,,
A05219A,inactivity,medium,Actividad cayó 65% vs promedio de 14d,2025-07-31T00:00:00,,
A05219A,consumption,medium,"Consumo cayó 65% y sólo registra 1,337 L en 30d",2025-07-31T00:00:00,,
A05220A,inactivity,medium,Actividad cayó 73% vs promedio de 14d,2025-07-31T00:00:00,,
A05220A,consumption,medium,Consumo cayó 73% y sólo registra 865 L en 30d,2025-07-31T00:00:00,,
A05225A,inactivity,medium,Actividad cayó 74% vs promedio de 14d,2025-07-31T00:00:00,,
A05225A,consumption,medium,Consumo cayó 74% y sólo registra 908 L en 30d,2025-07-31T00:00:00,,
A05226A,inactivity,medium,Actividad cayó 76% vs promedio de 14d,2025-07-31T00:00:00,,
A05226A,consumption,medium,Consumo cayó 76% y sólo registra 904 L en 30d,2025-07-31T00:00:00,,
A05228A,inactivity,medium,Actividad cayó 74% vs promedio de 14d,2025-07-31T00:00:00,,
A05228A,consumption,medium,"Consumo cayó 74% y sólo registra 1,140 L en 30d",2025-07-31T00:00:00,,
A05229A,inactivity,medium,Actividad cayó 70% vs promedio de 14d,2025-07-31T00:00:00,,
A05229A,consumption,medium,Consumo cayó 70% y sólo registra 991 L en 30d,2025-07-31T00:00:00,,
A05234A,inactivity,medium,Actividad cayó 73% vs promedio de 14d,2025-07-31T00:00:00,,
A05234A,consumption,medium,"Consumo cayó 73% y sólo registra 1,316 L en 30d",2025-07-31T00:00:00,,
A05247A,inactivity,medium,Actividad cayó 78% vs promedio de 14d,2025-07-31T00:00:00,,
A05247A,consumption,medium,Consumo cayó 78% y sólo registra 340 L en 30d,2025-07-31T00:00:00,,
A05253A,inactivity,medium,Actividad cayó 82% vs promedio de 14d,2025-07-31T00:00:00,,
A05253A,consumption,medium,Consumo cayó 82% y sólo registra 513 L en 30d,2025-07-31T00:00:00,,
A05255A,inactivity,medium,Actividad cayó 76% vs promedio de 14d,2025-07-31T00:00:00,,
A05255A,consumption,medium,"Consumo cayó 76% y sólo registra 1,181 L en 30d",2025-07-31T00:00:00,,
A05258A,inactivity,medium,Actividad cayó 72% vs promedio de 14d,2025-07-31T00:00:00,,
A05258A,consumption,medium,"Consumo cayó 72% y sólo registra 1,223 L en 30d",2025-07-31T00:00:00,,
A05274A,inactivity,medium,Actividad cayó 70% vs promedio de 14d,2025-07-31T00:00:00,,
A05274A,consumption,medium,"Consumo cayó 70% y sólo registra 1,218 L en 30d",2025-07-31T00:00:00,,
A05290A,inactivity,medium,Actividad cayó 78% vs promedio de 14d,2025-07-31T00:00:00,,
A05290A,consumption,medium,"Consumo cayó 78% y sólo registra 1,048 L en 30d",2025-07-31T00:00:00,,
A05292A,inactivity,medium,Actividad cayó 72% vs promedio de 14d,2025-07-31T00:00:00,,
A05292A,consumption,medium,"Consumo cayó 72% y sólo registra 1,167 L en 30d",2025-07-31T00:00:00,,
A05296A,inactivity,medium,Actividad cayó 74% vs promedio de 14d,2025-07-31T00:00:00,,
A05296A,consumption,medium,Consumo cayó 74% y sólo registra 538 L en 30d,2025-07-31T00:00:00,,
A05354A,inactivity,medium,Actividad cayó 70% vs promedio de 14d,2025-07-31T00:00:00,,
A05354A,consumption,medium,Consumo cayó 70% y sólo registra 988 L en 30d,2025-07-31T00:00:00,,
A05355A,inactivity,medium,Actividad cayó 76% vs promedio de 14d,2025-07-31T00:00:00,,
A05355A,consumption,medium,Consumo cayó 76% y sólo registra 835 L en 30d,2025-07-31T00:00:00,,
A05356A,inactivity,medium,Actividad cayó 80% vs promedio de 14d,2025-07-31T00:00:00,,
A05356A,consumption,medium,Consumo cayó 80% y sólo registra 771 L en 30d,2025-07-31T00:00:00,,
A05366E,inactivity,medium,Actividad cayó 64% vs promedio de 14d,2025-07-31T00:00:00,,
A05366E,consumption,medium,Consumo cayó 64% y sólo registra 939 L en 30d,2025-07-31T00:00:00,,
A05408A,inactivity,medium,Actividad cayó 69% vs promedio de 14d,2025-07-31T00:00:00,,
A05408A,consumption,medium,Consumo cayó 69% y sólo registra 912 L en 30d,2025-07-31T00:00:00,,
A05409A,inactivity,medium,Actividad cayó 68% vs promedio de 14d,2025-07-31T00:00:00,,
A05409A,consumption,medium,Consumo cayó 68% y sólo registra 965 L en 30d,2025-07-31T00:00:00,,
A05410A,inactivity,medium,Actividad cayó 67% vs promedio de 14d,2025-07-31T00:00:00,,
A05410A,consumption,medium,"Consumo cayó 67% y sólo registra 1,192 L en 30d",2025-07-31T00:00:00,,
A05501A,inactivity,medium,Actividad cayó 67% vs promedio de 14d,2025-07-31T00:00:00,,
A05501A,consumption,medium,"Consumo cayó 67% y sólo registra 1,261 L en 30d",2025-07-31T00:00:00,,
A05502A,inactivity,medium,Actividad cayó 59% vs promedio de 14d,2025-07-31T00:00:00,,
A05502A,consumption,medium,"Consumo cayó 59% y sólo registra 1,384 L en 30d",2025-07-31T00:00:00,,
A05503A,inactivity,medium,Actividad cayó 73% vs promedio de 14d,2025-07-31T00:00:00,,
A05503A,consumption,medium,Consumo cayó 73% y sólo registra 885 L en 30d,2025-07-31T00:00:00,,
A05504A,inactivity,medium,Actividad cayó 70% vs promedio de 14d,2025-07-31T00:00:00,,
A05504A,consumption,medium,"Consumo cayó 70% y sólo registra 1,019 L en 30d",2025-07-31T00:00:00,,
A05505A,inactivity,medium,Actividad cayó 77% vs promedio de 14d,2025-07-31T00:00:00,,
A05505A,consumption,medium,Consumo cayó 77% y sólo registra 909 L en 30d,2025-07-31T00:00:00,,
A05506A,inactivity,medium,Actividad cayó 73% vs promedio de 14d,2025-07-31T00:00:00,,
A05506A,consumption,medium,Consumo cayó 73% y sólo registra 779 L en 30d,2025-07-31T00:00:00,,
A05507A,inactivity,medium,Actividad cayó 72% vs promedio de 14d,2025-07-31T00:00:00,,
A05507A,consumption,medium,"Consumo cayó 72% y sólo registra 1,283 L en 30d",2025-07-31T00:00:00,,
A05508A,inactivity,medium,Actividad cayó 75% vs promedio de 14d,2025-07-31T00:00:00,,
A05508A,consumption,medium,Consumo cayó 75% y sólo registra 961 L en 30d,2025-07-31T00:00:00,,
A05509A,inactivity,medium,Actividad cayó 88% vs promedio de 14d,2025-07-31T00:00:00,,
A0576E,inactivity,medium,Actividad cayó 87% vs promedio de 14d,2025-07-31T00:00:00,,
A0576E,consumption,medium,Consumo cayó 87% y sólo registra 328 L en 30d,2025-07-31T00:00:00,,
A0623N,inactivity,medium,Actividad cayó 88% vs promedio de 14d,2025-07-31T00:00:00,,
A0646E,inactivity,medium,Actividad cayó 88% vs promedio de 14d,2025-07-31T00:00:00,,
A0646E,consumption,medium,Consumo cayó 88% y sólo registra 312 L en 30d,2025-07-31T00:00:00,,
A0689J,inactivity,medium,Actividad cayó 88% vs promedio de 14d,2025-07-31T00:00:00,,
A0689J,consumption,medium,Consumo cayó 88% y sólo registra 402 L en 30d,2025-07-31T00:00:00,,
A1024C,inactivity,medium,Actividad cayó 88% vs promedio de 14d,2025-07-31T00:00:00,,
A1024C,consumption,medium,Consumo cayó 88% y sólo registra 243 L en 30d,2025-07-31T00:00:00,,
A1155G,inactivity,medium,Actividad cayó 90% vs promedio de 14d,2025-07-31T00:00:00,,
A1155G,consumption,medium,Consumo cayó 90% y sólo registra 300 L en 30d,2025-07-31T00:00:00,,
A154JMF,inactivity,medium,Actividad cayó 88% vs promedio de 14d,2025-07-31T00:00:00,,
A154JMF,consumption,medium,Consumo cayó 88% y sólo registra 373 L en 30d,2025-07-31T00:00:00,,
A1776H,inactivity,medium,Actividad cayó 84% vs promedio de 14d,2025-07-31T00:00:00,,
A1776H,consumption,medium,Consumo cayó 84% y sólo registra 429 L en 30d,2025-07-31T00:00:00,,
A2000N,inactivity,medium,Actividad cayó 85% vs promedio de 14d,2025-07-31T00:00:00,,
A23232E,inactivity,medium,Actividad cayó 63% vs promedio de 14d,2025-07-31T00:00:00,,
A23232E,consumption,medium,Consumo cayó 63% y sólo registra 579 L en 30d,2025-07-31T00:00:00,,
A23443E,inactivity,medium,Actividad cayó 77% vs promedio de 14d,2025-07-31T00:00:00,,
A23443E,consumption,medium,Consumo cayó 77% y sólo registra 498 L en 30d,2025-07-31T00:00:00,,
A24207E,inactivity,medium,Actividad cayó 69% vs promedio de 14d,2025-07-31T00:00:00,,
A24207E,consumption,medium,Consumo cayó 69% y sólo registra 693 L en 30d,2025-07-31T00:00:00,,
A24761E,inactivity,medium,Actividad cayó 56% vs promedio de 14d,2025-07-31T00:00:00,,
A24761E,consumption,medium,"Consumo cayó 56% y sólo registra 1,285 L en 30d",2025-07-31T00:00:00,,
A25096E,inactivity,medium,Actividad cayó 76% vs promedio de 14d,2025-07-31T00:00:00,,
A25096E,consumption,medium,Consumo cayó 76% y sólo registra 459 L en 30d,2025-07-31T00:00:00,,
A2525C,inactivity,medium,Actividad cayó 90% vs promedio de 14d,2025-07-31T00:00:00,,
A2525C,consumption,medium,Consumo cayó 90% y sólo registra 304 L en 30d,2025-07-31T00:00:00,,
A25924E,inactivity,medium,Actividad cayó 63% vs promedio de 14d,2025-07-31T00:00:00,,
A26082E,inactivity,medium,Actividad cayó 71% vs promedio de 14d,2025-07-31T00:00:00,,
A26082E,consumption,medium,Consumo cayó 71% y sólo registra 631 L en 30d,2025-07-31T00:00:00,,
A266JME,inactivity,medium,Actividad cayó 86% vs promedio de 14d,2025-07-31T00:00:00,,
A266JME,consumption,medium,Consumo cayó 86% y sólo registra 502 L en 30d,2025-07-31T00:00:00,,
A2862L,inactivity,medium,Actividad cayó 83% vs promedio de 14d,2025-07-31T00:00:00,,
A2862L,consumption,medium,Consumo cayó 83% y sólo registra 258 L en 30d,2025-07-31T00:00:00,,
A2961J,inactivity,medium,Actividad cayó 86% vs promedio de 14d,2025-07-31T00:00:00,,
A2961J,consumption,medium,Consumo cayó 86% y sólo registra 278 L en 30d,2025-07-31T00:00:00,,
A346JMC,inactivity,medium,Actividad cayó 88% vs promedio de 14d,2025-07-31T00:00:00,,
A399JMB,inactivity,medium,Actividad cayó 89% vs promedio de 14d,2025-07-31T00:00:00,,
A4223B,inactivity,medium,Actividad cayó 88% vs promedio de 14d,2025-07-31T00:00:00,,
A4250B,inactivity,medium,Actividad cayó 91% vs promedio de 14d,2025-07-31T00:00:00,,
A5272H,inactivity,medium,Actividad cayó 86% vs promedio de 14d,2025-07-31T00:00:00,,
A5376K,inactivity,medium,Actividad cayó 91% vs promedio de 14d,2025-07-31T00:00:00,,
A5376K,consumption,medium,Consumo cayó 91% y sólo registra 266 L en 30d,2025-07-31T00:00:00,,
A555JMA,inactivity,medium,Actividad cayó 78% vs promedio de 14d,2025-07-31T00:00:00,,
A555JMA,consumption,medium,Consumo cayó 78% y sólo registra 338 L en 30d,2025-07-31T00:00:00,,
A5709B,inactivity,medium,Actividad cayó 89% vs promedio de 14d,2025-07-31T00:00:00,,
A5709B,consumption,medium,Consumo cayó 89% y sólo registra 284 L en 30d,2025-07-31T00:00:00,,
A596JLA,inactivity,medium,Actividad cayó 82% vs promedio de 14d,2025-07-31T00:00:00,,
A596JLA,consumption,medium,Consumo cayó 82% y sólo registra 451 L en 30d,2025-07-31T00:00:00,,
A6317D,inactivity,medium,Actividad cayó 90% vs promedio de 14d,2025-07-31T00:00:00,,
A6617J,inactivity,medium,Actividad cayó 88% vs promedio de 14d,2025-07-31T00:00:00,,
A6617J,consumption,medium,Consumo cayó 88% y sólo registra 326 L en 30d,2025-07-31T00:00:00,,
A674JMD,inactivity,medium,Actividad cayó 87% vs promedio de 14d,2025-07-31T00:00:00,,
A674JMD,consumption,medium,Consumo cayó 87% y sólo registra 319 L en 30d,2025-07-31T00:00:00,,
A6867C,inactivity,medium,Actividad cayó 83% vs promedio de 14d,2025-07-31T00:00:00,,
A6867C,consumption,medium,Consumo cayó 83% y sólo registra 436 L en 30d,2025-07-31T00:00:00,,
A7138G,inactivity,medium,Actividad cayó 89% vs promedio de 14d,2025-07-31T00:00:00,,
A7138G,consumption,medium,Consumo cayó 89% y sólo registra 368 L en 30d,2025-07-31T00:00:00,,
A728JMF,inactivity,medium,Actividad cayó 88% vs promedio de 14d,2025-07-31T00:00:00,,
A728JMF,consumption,medium,Consumo cayó 88% y sólo registra 406 L en 30d,2025-07-31T00:00:00,,
A77157D,inactivity,medium,Actividad cayó 69% vs promedio de 14d,2025-07-31T00:00:00,,
A77157D,consumption,medium,Consumo cayó 69% y sólo registra 797 L en 30d,2025-07-31T00:00:00,,
A77364D,inactivity,medium,Actividad cayó 58% vs promedio de 14d,2025-07-31T00:00:00,,
A77364D,consumption,medium,Consumo cayó 58% y sólo registra 705 L en 30d,2025-07-31T00:00:00,,
A7738C,inactivity,medium,Actividad cayó 86% vs promedio de 14d,2025-07-31T00:00:00,,
A7738C,consumption,medium,Consumo cayó 86% y sólo registra 373 L en 30d,2025-07-31T00:00:00,,
A77404D,inactivity,medium,Actividad cayó 63% vs promedio de 14d,2025-07-31T00:00:00,,
A77404D,consumption,medium,Consumo cayó 63% y sólo registra 989 L en 30d,2025-07-31T00:00:00,,
A77407D,inactivity,medium,Actividad cayó 61% vs promedio de 14d,2025-07-31T00:00:00,,
A77407D,consumption,medium,Consumo cayó 61% y sólo registra 745 L en 30d,2025-07-31T00:00:00,,
A7742G,inactivity,medium,Actividad cayó 86% vs promedio de 14d,2025-07-31T00:00:00,,
A77507D,inactivity,medium,Actividad cayó 49% vs promedio de 14d,2025-07-31T00:00:00,,
A77507D,consumption,medium,"Consumo cayó 49% y sólo registra 1,436 L en 30d",2025-07-31T00:00:00,,
A77525D,inactivity,medium,Actividad cayó 63% vs promedio de 14d,2025-07-31T00:00:00,,
A77525D,consumption,medium,"Consumo cayó 63% y sólo registra 1,826 L en 30d",2025-07-31T00:00:00,,
A77526D,inactivity,medium,Actividad cayó 75% vs promedio de 14d,2025-07-31T00:00:00,,
A83338D,inactivity,medium,Actividad cayó 57% vs promedio de 14d,2025-07-31T00:00:00,,
A83338D,consumption,medium,Consumo cayó 57% y sólo registra 984 L en 30d,2025-07-31T00:00:00,,
A83496D,inactivity,medium,Actividad cayó 61% vs promedio de 14d,2025-07-31T00:00:00,,
A83496D,consumption,medium,Consumo cayó 61% y sólo registra 825 L en 30d,2025-07-31T00:00:00,,
A84113D,inactivity,medium,Actividad cayó 75% vs promedio de 14d,2025-07-31T00:00:00,,
A84113D,consumption,medium,Consumo cayó 75% y sólo registra 465 L en 30d,2025-07-31T00:00:00,,
A84209D,inactivity,medium,Actividad cayó 70% vs promedio de 14d,2025-07-31T00:00:00,,
A84209D,consumption,medium,Consumo cayó 70% y sólo registra 585 L en 30d,2025-07-31T00:00:00,,
A8446C,inactivity,medium,Actividad cayó 93% vs promedio de 14d,2025-07-31T00:00:00,,
A84663D,inactivity,medium,Actividad cayó 48% vs promedio de 14d,2025-07-31T00:00:00,,
A84663D,consumption,medium,"Consumo cayó 48% y sólo registra 1,131 L en 30d",2025-07-31T00:00:00,,
A84782D,inactivity,medium,Actividad cayó 68% vs promedio de 14d,2025-07-31T00:00:00,,
A84782D,consumption,medium,Consumo cayó 68% y sólo registra 961 L en 30d,2025-07-31T00:00:00,,
A85439D,inactivity,medium,Actividad cayó 66% vs promedio de 14d,2025-07-31T00:00:00,,
A85439D,consumption,medium,Consumo cayó 66% y sólo registra 921 L en 30d,2025-07-31T00:00:00,,
A85444D,inactivity,medium,Actividad cayó 69% vs promedio de 14d,2025-07-31T00:00:00,,
A85444D,consumption,medium,Consumo cayó 69% y sólo registra 390 L en 30d,2025-07-31T00:00:00,,
A85470D,inactivity,medium,Actividad cayó 59% vs promedio de 14d,2025-07-31T00:00:00,,
A85470D,consumption,medium,"Consumo cayó 59% y sólo registra 1,320 L en 30d",2025-07-31T00:00:00,,
A85595D,inactivity,medium,Actividad cayó 54% vs promedio de 14d,2025-07-31T00:00:00,,
A85595D,consumption,medium,"Consumo cayó 54% y sólo registra 1,417 L en 30d",2025-07-31T00:00:00,,
A85597D,inactivity,medium,Actividad cayó 58% vs promedio de 14d,2025-07-31T00:00:00,,
A85597D,consumption,medium,"Consumo cayó 58% y sólo registra 1,287 L en 30d",2025-07-31T00:00:00,,
A85853D,inactivity,medium,Actividad cayó 67% vs promedio de 14d,2025-07-31T00:00:00,,
A85853D,consumption,medium,Consumo cayó 67% y sólo registra 265 L en 30d,2025-07-31T00:00:00,,
A8691L,inactivity,medium,Actividad cayó 90% vs promedio de 14d,2025-07-31T00:00:00,,
A929JMF,inactivity,medium,Actividad cayó 85% vs promedio de 14d,2025-07-31T00:00:00,,
A929JMF,consumption,medium,Consumo cayó 85% y sólo registra 444 L en 30d,2025-07-31T00:00:00,,
A9341M,inactivity,medium,Actividad cayó 88% vs promedio de 14d,2025-07-31T00:00:00,,
A9425H,inactivity,medium,Actividad cayó 87% vs promedio de 14d,2025-07-31T00:00:00,,
A9425H,consumption,medium,Consumo cayó 87% y sólo registra 283 L en 30d,2025-07-31T00:00:00,,
A9588H,inactivity,medium,Actividad cayó 86% vs promedio de 14d,2025-07-31T00:00:00,,
A9588H,consumption,medium,Consumo cayó 86% y sólo registra 262 L en 30d,2025-07-31T00:00:00,,
A988JMJ,inactivity,medium,Actividad cayó 85% vs promedio de 14d,2025-07-31T00:00:00,,
A988JMJ,consumption,medium,Consumo cayó 85% y sólo registra 492 L en 30d,2025-07-31T00:00:00,,
A9926G,inactivity,medium,Actividad cayó 89% vs promedio de 14d,2025-07-31T00:00:00,,
A996JMF,inactivity,medium,Actividad cayó 88% vs promedio de 14d,2025-07-31T00:00:00,,
A996JMF,consumption,medium,Consumo cayó 88% y sólo registra 447 L en 30d,2025-07-31T00:00:00,,
CR5847,consumption,medium,"Consumo cayó 0% y sólo registra 5,872 L en 30d",2025-07-31T00:00:00,,
D43AFF,inactivity,medium,Actividad cayó 88% vs promedio de 14d,2025-07-31T00:00:00,,
D43AFF,consumption,medium,Consumo cayó 88% y sólo registra 260 L en 30d,2025-07-31T00:00:00,,
ECA102,inactivity,medium,Actividad cayó 80% vs promedio de 14d,2025-07-31T00:00:00,,
ECA312,inactivity,medium,Actividad cayó 69% vs promedio de 14d,2025-07-31T00:00:00,,
ECA312,consumption,medium,Consumo cayó 69% y sólo registra 922 L en 30d,2025-07-31T00:00:00,,
ECA417,inactivity,medium,Actividad cayó 90% vs promedio de 14d,2025-07-31T00:00:00,,
G60APY,inactivity,medium,Actividad cayó 87% vs promedio de 14d,2025-07-31T00:00:00,,
G60APY,consumption,medium,Consumo cayó 87% y sólo registra 204 L en 30d,2025-07-31T00:00:00,,
GOLDEN02,consumption,medium,"Consumo cayó 0% y sólo registra 4,731 L en 30d",2025-07-31T00:00:00,,
GOLDEN05,consumption,medium,"Consumo cayó 14% y sólo registra 2,981 L en 30d",2025-07-31T00:00:00,,
H34AEZ,inactivity,medium,Actividad cayó 86% vs promedio de 14d,2025-07-31T00:00:00,,
H34AEZ,consumption,medium,Consumo cayó 86% y sólo registra 485 L en 30d,2025-07-31T00:00:00,,
J0074334,inactivity,medium,Actividad cayó 70% vs promedio de 14d,2025-07-31T00:00:00,,
J0074334,consumption,medium,Consumo cayó 70% y sólo registra 814 L en 30d,2025-07-31T00:00:00,,
J75BNH,inactivity,medium,Actividad cayó 89% vs promedio de 14d,2025-07-31T00:00:00,,
K56BHK,inactivity,medium,Actividad cayó 88% vs promedio de 14d,2025-07-31T00:00:00,,
K95AVE,inactivity,medium,Actividad cayó 90% vs promedio de 14d,2025-07-31T00:00:00,,
L48BKG,inactivity,medium,Actividad cayó 89% vs promedio de 14d,2025-07-31T00:00:00,,
L48BKG,consumption,medium,Consumo cayó 89% y sólo registra 271 L en 30d,2025-07-31T00:00:00,,
L59AZH,inactivity,medium,Actividad cayó 90% vs promedio de 14d,2025-07-31T00:00:00,,
L59AZH,consumption,medium,Consumo cayó 90% y sólo registra 321 L en 30d,2025-07-31T00:00:00,,
LB46149,inactivity,medium,Actividad cayó 79% vs promedio de 14d,2025-07-31T00:00:00,,
LC33624,inactivity,medium,Actividad cayó 77% vs promedio de 14d,2025-07-31T00:00:00,,
LC33624,consumption,medium,Consumo cayó 77% y sólo registra 226 L en 30d,2025-07-31T00:00:00,,
LC33626,inactivity,medium,Actividad cayó 79% vs promedio de 14d,2025-07-31T00:00:00,,
LF63372,inactivity,medium,Actividad cayó 84% vs promedio de 14d,2025-07-31T00:00:00,,
LF63372,consumption,medium,Consumo cayó 84% y sólo registra 333 L en 30d,2025-07-31T00:00:00,,
LGJ732B,inactivity,medium,Actividad cayó 71% vs promedio de 14d,2025-07-31T00:00:00,,
LGJ732B,consumption,medium,Consumo cayó 71% y sólo registra 905 L en 30d,2025-07-31T00:00:00,,
LLK145A,inactivity,medium,Actividad cayó 79% vs promedio de 14d,2025-07-31T00:00:00,,
LLK145A,consumption,medium,Consumo cayó 79% y sólo registra 473 L en 30d,2025-07-31T00:00:00,,
LMM734A,inactivity,medium,Actividad cayó 85% vs promedio de 14d,2025-07-31T00:00:00,,
LMM734A,consumption,medium,Consumo cayó 85% y sólo registra 389 L en 30d,2025-07-31T00:00:00,,
LMS927B,inactivity,medium,Actividad cayó 89% vs promedio de 14d,2025-07-31T00:00:00,,
LMU573B,inactivity,medium,Actividad cayó 87% vs promedio de 14d,2025-07-31T00:00:00,,
LMU573B,consumption,medium,Consumo cayó 87% y sólo registra 324 L en 30d,2025-07-31T00:00:00,,
LUG097B,inactivity,medium,Actividad cayó 86% vs promedio de 14d,2025-07-31T00:00:00,,
LUG097B,consumption,medium,Consumo cayó 86% y sólo registra 341 L en 30d,2025-07-31T00:00:00,,
LUJ963A,inactivity,medium,Actividad cayó 60% vs promedio de 14d,2025-07-31T00:00:00,,
LUJ963A,consumption,medium,Consumo cayó 60% y sólo registra 442 L en 30d,2025-07-31T00:00:00,,
LVS956A,inactivity,medium,Actividad cayó 90% vs promedio de 14d,2025-07-31T00:00:00,,
LYD932B,inactivity,medium,Actividad cayó 89% vs promedio de 14d,2025-07-31T00:00:00,,
M10ASM,inactivity,medium,Actividad cayó 88% vs promedio de 14d,2025-07-31T00:00:00,,
M10ASM,consumption,medium,Consumo cayó 88% y sólo registra 255 L en 30d,2025-07-31T00:00:00,,
M88BHK,inactivity,medium,Actividad cayó 91% vs promedio de 14d,2025-07-31T00:00:00,,
MBF355C,inactivity,medium,Actividad cayó 86% vs promedio de 14d,2025-07-31T00:00:00,,
MFR854B,inactivity,medium,Actividad cayó 91% vs promedio de 14d,2025-07-31T00:00:00,,
MFR854B,consumption,medium,Consumo cayó 91% y sólo registra 458 L en 30d,2025-07-31T00:00:00,,
MHC436A,inactivity,medium,Actividad cayó 88% vs promedio de 14d,2025-07-31T00:00:00,,
MHC436A,consumption,medium,Consumo cayó 88% y sólo registra 345 L en 30d,2025-07-31T00:00:00,,
MKA084B,inactivity,medium,Actividad cayó 87% vs promedio de 14d,2025-07-31T00:00:00,,
MKA084B,consumption,medium,Consumo cayó 87% y sólo registra 250 L en 30d,2025-07-31T00:00:00,,
MMY372A,inactivity,medium,Actividad cayó 69% vs promedio de 14d,2025-07-31T00:00:00,,
MMY372A,consumption,medium,"Consumo cayó 69% y sólo registra 1,023 L en 30d",2025-07-31T00:00:00,,
MNA244B,inactivity,medium,Actividad cayó 90% vs promedio de 14d,2025-07-31T00:00:00,,
MNC154A,inactivity,medium,Actividad cayó 89% vs promedio de 14d,2025-07-31T00:00:00,,
MNC154A,consumption,medium,Consumo cayó 89% y sólo registra 237 L en 30d,2025-07-31T00:00:00,,
MPX066A,inactivity,medium,Actividad cayó 86% vs promedio de 14d,2025-07-31T00:00:00,,
MPX066A,consumption,medium,Consumo cayó 86% y sólo registra 350 L en 30d,2025-07-31T00:00:00,,
MSE625B,inactivity,medium,Actividad cayó 91% vs promedio de 14d,2025-07-31T00:00:00,,
MSR447A,inactivity,medium,Actividad cayó 90% vs promedio de 14d,2025-07-31T00:00:00,,
MSR447A,consumption,medium,Consumo cayó 90% y sólo registra 280 L en 30d,2025-07-31T00:00:00,,
MUE429B,inactivity,medium,Actividad cayó 86% vs promedio de 14d,2025-07-31T00:00:00,,
MUE429B,consumption,medium,Consumo cayó 86% y sólo registra 344 L en 30d,2025-07-31T00:00:00,,
MVR221B,inactivity,medium,Actividad cayó 85% vs promedio de 14d,2025-07-31T00:00:00,,
MVR221B,consumption,medium,Consumo cayó 85% y sólo registra 391 L en 30d,2025-07-31T00:00:00,,
MWP074B,inactivity,medium,Actividad cayó 85% vs promedio de 14d,2025-07-31T00:00:00,,
MWP074B,consumption,medium,Consumo cayó 85% y sólo registra 253 L en 30d,2025-07-31T00:00:00,,
MXM893A,inactivity,medium,Actividad cayó 91% vs promedio de 14d,2025-07-31T00:00:00,,
MZM886B,inactivity,medium,Actividad cayó 83% vs promedio de 14d,2025-07-31T00:00:00,,
MZY949B,inactivity,medium,Actividad cayó 98% vs promedio de 14d,2025-07-31T00:00:00,,
NAF870A,inactivity,medium,Actividad cayó 88% vs promedio de 14d,2025-07-31T00:00:00,,
NAF870A,consumption,medium,Consumo cayó 88% y sólo registra 251 L en 30d,2025-07-31T00:00:00,,
NBF241A,inactivity,medium,Actividad cayó 79% vs promedio de 14d,2025-07-31T00:00:00,,
NCL746B,inactivity,medium,Actividad cayó 86% vs promedio de 14d,2025-07-31T00:00:00,,
NCL746B,consumption,medium,Consumo cayó 86% y sólo registra 401 L en 30d,2025-07-31T00:00:00,,
NCP207B,inactivity,medium,Actividad cayó 87% vs promedio de 14d,2025-07-31T00:00:00,,
NDA827B,inactivity,medium,Actividad cayó 80% vs promedio de 14d,2025-07-31T00:00:00,,
NDA827B,consumption,medium,Consumo cayó 80% y sólo registra 375 L en 30d,2025-07-31T00:00:00,,
NDJ498A,inactivity,medium,Actividad cayó 88% vs promedio de 14d,2025-07-31T00:00:00,,
NDV064A,inactivity,medium,Actividad cayó 89% vs promedio de 14d,2025-07-31T00:00:00,,
NHG251B,inactivity,medium,Actividad cayó 83% vs promedio de 14d,2025-07-31T00:00:00,,
NHG251B,consumption,medium,Consumo cayó 83% y sólo registra 323 L en 30d,2025-07-31T00:00:00,,
NKH7900,inactivity,medium,Actividad cayó 88% vs promedio de 14d,2025-07-31T00:00:00,,
NLS360A,inactivity,medium,Actividad cayó 90% vs promedio de 14d,2025-07-31T00:00:00,,
NLZ606A,inactivity,medium,Actividad cayó 88% vs promedio de 14d,2025-07-31T00:00:00,,
NLZ606A,consumption,medium,Consumo cayó 88% y sólo registra 375 L en 30d,2025-07-31T00:00:00,,
NNY176A,inactivity,medium,Actividad cayó 81% vs promedio de 14d,2025-07-31T00:00:00,,
NNY176A,consumption,medium,Consumo cayó 81% y sólo registra 513 L en 30d,2025-07-31T00:00:00,,
NTD7982,inactivity,medium,Actividad cayó 88% vs promedio de 14d,2025-07-31T00:00:00,,
NTD7982,consumption,medium,Consumo cayó 88% y sólo registra 262 L en 30d,2025-07-31T00:00:00,,
NVP3635,inactivity,medium,Actividad cayó 88% vs promedio de 14d,2025-07-31T00:00:00,,
NYF8000,inactivity,medium,Actividad cayó 88% vs promedio de 14d,2025-07-31T00:00:00,,
NYX6756,inactivity,medium,Actividad cayó 90% vs promedio de 14d,2025-07-31T00:00:00,,
NYX6756,consumption,medium,Consumo cayó 90% y sólo registra 315 L en 30d,2025-07-31T00:00:00,,
NZN4071,inactivity,medium,Actividad cayó 87% vs promedio de 14d,2025-07-31T00:00:00,,
NZN4071,consumption,medium,Consumo cayó 87% y sólo registra 400 L en 30d,2025-07-31T00:00:00,,
NZY8710,inactivity,medium,Actividad cayó 88% vs promedio de 14d,2025-07-31T00:00:00,,
NZY8710,consumption,medium,Consumo cayó 88% y sólo registra 429 L en 30d,2025-07-31T00:00:00,,
P06ATS,inactivity,medium,Actividad cayó 89% vs promedio de 14d,2025-07-31T00:00:00,,
PAA6858,inactivity,medium,Actividad cayó 89% vs promedio de 14d,2025-07-31T00:00:00,,
PAA6858,consumption,medium,Consumo cayó 89% y sólo registra 208 L en 30d,2025-07-31T00:00:00,,
PAC6869,inactivity,medium,Actividad cayó 78% vs promedio de 14d,2025-07-31T00:00:00,,
PAC6869,consumption,medium,Consumo cayó 78% y sólo registra 497 L en 30d,2025-07-31T00:00:00,,
PBK804B,inactivity,medium,Actividad cayó 84% vs promedio de 14d,2025-07-31T00:00:00,,
PBK804B,consumption,medium,Consumo cayó 84% y sólo registra 471 L en 30d,2025-07-31T00:00:00,,
PBR6692,inactivity,medium,Actividad cayó 88% vs promedio de 14d,2025-07-31T00:00:00,,
PBR6692,consumption,medium,Consumo cayó 88% y sólo registra 299 L en 30d,2025-07-31T00:00:00,,
PCZ5897,inactivity,medium,Actividad cayó 86% vs promedio de 14d,2025-07-31T00:00:00,,
PCZ5897,consumption,medium,Consumo cayó 86% y sólo registra 298 L en 30d,2025-07-31T00:00:00,,
PDK8098,inactivity,medium,Actividad cayó 85% vs promedio de 14d,2025-07-31T00:00:00,,
PDK8098,consumption,medium,Consumo cayó 85% y sólo registra 214 L en 30d,2025-07-31T00:00:00,,
PDX3752,inactivity,medium,Actividad cayó 83% vs promedio de 14d,2025-07-31T00:00:00,,
PDX3752,consumption,medium,Consumo cayó 83% y sólo registra 450 L en 30d,2025-07-31T00:00:00,,
PEC9204,inactivity,medium,Actividad cayó 90% vs promedio de 14d,2025-07-31T00:00:00,,
PEC9204,consumption,medium,Consumo cayó 90% y sólo registra 286 L en 30d,2025-07-31T00:00:00,,
PEK1713,inactivity,medium,Actividad cayó 86% vs promedio de 14d,2025-07-31T00:00:00,,
PEK1713,consumption,medium,Consumo cayó 86% y sólo registra 419 L en 30d,2025-07-31T00:00:00,,
PEL2135,inactivity,medium,Actividad cayó 87% vs promedio de 14d,2025-07-31T00:00:00,,
PEM4219,inactivity,medium,Actividad cayó 86% vs promedio de 14d,2025-07-31T00:00:00,,
PEM4219,consumption,medium,Consumo cayó 86% y sólo registra 228 L en 30d,2025-07-31T00:00:00,,
S05BKH,inactivity,medium,Actividad cayó 88% vs promedio de 14d,2025-07-31T00:00:00,,
S05BKH,consumption,medium,Consumo cayó 88% y sólo registra 357 L en 30d,2025-07-31T00:00:00,,
S93APC,inactivity,medium,Actividad cayó 98% vs promedio de 14d,2025-07-31T00:00:00,,
U85AYT,inactivity,medium,Actividad cayó 90% vs promedio de 14d,2025-07-31T00:00:00,,
V25BJK,inactivity,medium,Actividad cayó 83% vs promedio de 14d,2025-07-31T00:00:00,,
V25BJK,consumption,medium,Consumo cayó 83% y sólo registra 246 L en 30d,2025-07-31T00:00:00,,
V94AHX,inactivity,medium,Actividad cayó 87% vs promedio de 14d,2025-07-31T00:00:00,,
V94AHX,consumption,medium,Consumo cayó 87% y sólo registra 405 L en 30d,2025-07-31T00:00:00,,
W71BJA,inactivity,medium,Actividad cayó 91% vs promedio de 14d,2025-07-31T00:00:00,,
W71BJA,consumption,medium,Consumo cayó 91% y sólo registra 225 L en 30d,2025-07-31T00:00:00,,
Y64ANF,inactivity,medium,Actividad cayó 87% vs promedio de 14d,2025-07-31T00:00:00,,
Y64ANF,consumption,medium,Consumo cayó 87% y sólo registra 334 L en 30d,2025-07-31T00:00:00,,
Z53BEA,inactivity,medium,Actividad cayó 86% vs promedio de 14d,2025-07-31T00:00:00,,
Z53BEA,consumption,medium,Consumo cayó 86% y sólo registra 439 L en 30d,2025-07-31T00:00:00,,
A-05501-A,dtc,medium,Código ENG-002 | Luz general de advertencia encendida en tablero | Estado: Active,2025-10-14T20:07:22+00:00,ENG-002,DiagnosticGeneralVehicleWarningLightId
A-05503-A,dtc,medium,Diagnóstico OEM sin catalogar (id asmsNmIh…) | Estado: Active,2025-10-18T00:19:36+00:00,,asmsNmIhBEkug4_fPPcxGjw
A-05504-A,dtc,medium,Diagnóstico OEM sin catalogar (id aeAx1iI…) | Estado: Pending,2025-10-21T06:10:59+00:00,,aeAx1iIdw7U28BQED9dJ7Fg
A-05355-A,dtc,medium,Diagnóstico OEM sin catalogar (id aeAx1iI…) | Estado: Pending,2025-10-21T18:00:27+00:00,,aeAx1iIdw7U28BQED9dJ7Fg
A-05502-A,dtc,medium,Diagnóstico OEM sin catalogar (id aeAx1iI…) | Estado: Pending,2025-10-21T18:51:48+00:00,,aeAx1iIdw7U28BQED9dJ7Fg
A-05503-A,dtc,medium,Diagnóstico OEM sin catalogar (id aeAx1iI…) | Estado: Pending,2025-10-21T19:04:52+00:00,,aeAx1iIdw7U28BQED9dJ7Fg
A-05501-A,dtc,medium,Diagnóstico OEM sin catalogar (id aeAx1iI…) | Estado: Pending,2025-10-21T23:29:33+00:00,,aeAx1iIdw7U28BQED9dJ7Fg
A-05355-A,dtc,info,Código DEVICE-FW-RESTART | El dispositivo GO se reinició por actualización de firmware | Estado: Pending,2025-10-24T17:57:34+00:00,DEVICE-FW-RESTART,DiagnosticDeviceRestartedBecauseOfFirmwareUpdateId
