Reporte de errores del motor,,"oct. 05, 2025",,,,,,,,,
DIDCOM IOT,,,,,,,,,,,
,,,,,,,,,,,
Fecha,,,,,,,,,,,
Desde,"sep. 01, 2025",,,,,,,,,,
Hasta,"sep. 30, 2025",,,,,,,,,,
Días,30,,,,,,,,,,
,,,,,,,,,,,
Huso horario,America/Mexico_City,,,,,,,,,,
,,,,,,,,,,,
Dispositivo,Grupo de dispositivos,Fecha,Fecha de descarte,Usuario que lo descarta,Descripción,Modo de Falla,Fuente,Controlador de motor,Código,,
A-05355-A,"Vehicle, Conductores del mundo","sep. 04, 2025 7:23:36 p. m.","ene. 00, 1900 12:00:00 a. m.",0,Firmware update applied,,Telematics Device,Telematics device,132,,
A-05355-A,"Vehicle, Conductores del mundo","sep. 08, 2025 10:39:45 a. m.","ene. 00, 1900 12:00:00 a. m.",0,Telematics device fault: internal reset initiated,,Telematics Device,Telematics device,292,,
A-05355-A,"Vehicle, Conductores del mundo","sep. 08, 2025 12:46:50 p. m.","ene. 00, 1900 12:00:00 a. m.",0,Telematics device fault: internal reset initiated,,Telematics Device,Telematics device,292,,
A-05355-A,"Vehicle, Conductores del mundo","sep. 08, 2025 4:53:54 p. m.","ene. 00, 1900 12:00:00 a. m.",0,Telematics device fault: internal reset initiated,,Telematics Device,Telematics device,292,,
A-05355-A,"Vehicle, Conductores del mundo","sep. 08, 2025 6:00:58 p. m.","ene. 00, 1900 12:00:00 a. m.",0,Telematics device fault: internal reset initiated,,Telematics Device,Telematics device,292,,
A-05355-A,"Vehicle, Conductores del mundo","sep. 09, 2025 3:08:04 p. m.","ene. 00, 1900 12:00:00 a. m.",0,Telematics device fault: internal reset initiated,,Telematics Device,Telematics device,292,,
A-05355-A,"Vehicle, Conductores del mundo","sep. 22, 2025 2:35:32 p. m.","ene. 00, 1900 12:00:00 a. m.",0,Telematics device fault: internal reset initiated,,Telematics Device,Telematics device,292,,
A-05355-A,"Vehicle, Conductores del mundo","sep. 22, 2025 2:40:52 p. m.","ene. 00, 1900 12:00:00 a. m.",0,Telematics device fault: internal reset initiated,,Telematics Device,Telematics device,292,,
A-05355-A,"Vehicle, Conductores del mundo","sep. 22, 2025 3:17:59 p. m.","ene. 00, 1900 12:00:00 a. m.",0,Telematics device fault: internal reset initiated,,Telematics Device,Telematics device,292,,
A-05501-A,"Vehicle, Conductores del mundo","sep. 13, 2025 1:16:24 p. m.","ene. 00, 1900 12:00:00 a. m.",0,Fallo de dispositivo telemático: Se eliminó toda la energía y se reinició el dispositivo,,Telematics Device,Telematics device,130,,
A-05501-A,"Vehicle, Conductores del mundo","sep. 13, 2025 1:33:07 p. m.","ene. 00, 1900 12:00:00 a. m.",0,Device reset due to parameter change,,Telematics Device,Telematics device,377,,
A-05501-A,"Vehicle, Conductores del mundo","sep. 13, 2025 1:36:35 p. m.","ene. 00, 1900 12:00:00 a. m.",0,Calibración del acelerómetro en curso (se requiere más conducción),,Telematics Device,Telematics device,281,,
A-05501-A,"Vehicle, Conductores del mundo","sep. 13, 2025 1:39:14 p. m.","ene. 00, 1900 12:00:00 a. m.",0,Alerta: Se excedió el límite de aceleración para colisiones,,Telematics Device,Telematics device,166,,
A-05501-A,"Vehicle, Conductores del mundo","sep. 13, 2025 1:47:39 p. m.","ene. 00, 1900 12:00:00 a. m.",0,Calibración del acelerómetro en curso (se requiere más conducción),,Telematics Device,Telematics device,281,,
A-05501-A,"Vehicle, Conductores del mundo","sep. 13, 2025 1:49:30 p. m.","ene. 00, 1900 12:00:00 a. m.",0,Calibración del acelerómetro en curso (se requiere más conducción),,Telematics Device,Telematics device,281,,
A-05501-A,"Vehicle, Conductores del mundo","sep. 13, 2025 1:58:44 p. m.","ene. 00, 1900 12:00:00 a. m.",0,Calibración del acelerómetro en curso (se requiere más conducción),,Telematics Device,Telematics device,281,,
A-05501-A,"Vehicle, Conductores del mundo","sep. 14, 2025 6:29:54 p. m.","ene. 00, 1900 12:00:00 a. m.",0,Firmware update applied,,Telematics Device,Telematics device,132,,
A-05501-A,"Vehicle, Conductores del mundo","sep. 14, 2025 6:36:34 p. m.","ene. 00, 1900 12:00:00 a. m.",0,Device reset due to parameter change,,Telematics Device,Telematics device,377,,
A-05501-A,"Vehicle, Conductores del mundo","sep. 22, 2025 4:45:12 p. m.","ene. 00, 1900 12:00:00 a. m.",0,Telematics device fault: internal reset initiated,,Telematics Device,Telematics device,292,,
A-05502-A,"Vehicle, Conductores del mundo","sep. 01, 2025 5:35:35 a. m.","ene. 00, 1900 12:00:00 a. m.",0,System too rich at idle bank 1,No sub type information,OBD with Source Address Information,OBD Powertrain,P2188,,
A-05502-A,"Vehicle, Conductores del mundo","sep. 01, 2025 5:35:36 a. m.","ene. 00, 1900 12:00:00 a. m.",0,System too rich at idle bank 1,No sub type information,OBD with Source Address Information,OBD Powertrain,P2188,,
A-05502-A,"Vehicle, Conductores del mundo","sep. 01, 2025 5:35:55 a. m.","ene. 00, 1900 12:00:00 a. m.",0,La luz de advertencia del vehículo está encendida,,Telematics Device,Telematics device,168,,
A-05502-A,"Vehicle, Conductores del mundo","sep. 01, 2025 8:47:12 a. m.","ene. 00, 1900 12:00:00 a. m.",0,System too rich at idle bank 1,No sub type information,OBD with Source Address Information,OBD Powertrain,P2188,,
A-05502-A,"Vehicle, Conductores del mundo","sep. 01, 2025 8:47:13 a. m.","ene. 00, 1900 12:00:00 a. m.",0,System too rich at idle bank 1,No sub type information,OBD with Source Address Information,OBD Powertrain,P2188,,
A-05502-A,"Vehicle, Conductores del mundo","sep. 01, 2025 8:47:32 a. m.","ene. 00, 1900 12:00:00 a. m.",0,La luz de advertencia del vehículo está encendida,,Telematics Device,Telematics device,168,,
A-05502-A,"Vehicle, Conductores del mundo","sep. 01, 2025 10:08:07 a. m.","ene. 00, 1900 12:00:00 a. m.",0,System too rich at idle bank 1,No sub type information,OBD with Source Address Information,OBD Powertrain,P2188,,
A-05502-A,"Vehicle, Conductores del mundo","sep. 01, 2025 10:08:07 a. m.","ene. 00, 1900 12:00:00 a. m.",0,System too rich at idle bank 1,No sub type information,OBD with Source Address Information,OBD Powertrain,P2188,,
A-05502-A,"Vehicle, Conductores del mundo","sep. 01, 2025 10:08:27 a. m.","ene. 00, 1900 12:00:00 a. m.",0,La luz de advertencia del vehículo está encendida,,Telematics Device,Telematics device,168,,
A-05502-A,"Vehicle, Conductores del mundo","sep. 01, 2025 10:25:19 a. m.","ene. 00, 1900 12:00:00 a. m.",0,System too rich at idle bank 1,No sub type information,OBD with Source Address Information,OBD Powertrain,P2188,,
A-05502-A,"Vehicle, Conductores del mundo","sep. 01, 2025 10:25:19 a. m.","ene. 00, 1900 12:00:00 a. m.",0,System too rich at idle bank 1,No sub type information,OBD with Source Address Information,OBD Powertrain,P2188,,
A-05502-A,"Vehicle, Conductores del mundo","sep. 01, 2025 10:25:39 a. m.","ene. 00, 1900 12:00:00 a. m.",0,La luz de advertencia del vehículo está encendida,,Telematics Device,Telematics device,168,,
A-05502-A,"Vehicle, Conductores del mundo","sep. 01, 2025 10:55:25 a. m.","ene. 00, 1900 12:00:00 a. m.",0,System too rich at idle bank 1,No sub type information,OBD with Source Address Information,OBD Powertrain,P2188,,
A-05502-A,"Vehicle, Conductores del mundo","sep. 01, 2025 10:55:25 a. m.","ene. 00, 1900 12:00:00 a. m.",0,System too rich at idle bank 1,No sub type information,OBD with Source Address Information,OBD Powertrain,P2188,,
A-05502-A,"Vehicle, Conductores del mundo","sep. 01, 2025 10:55:44 a. m.","ene. 00, 1900 12:00:00 a. m.",0,La luz de advertencia del vehículo está encendida,,Telematics Device,Telematics device,168,,
A-05502-A,"Vehicle, Conductores del mundo","sep. 01, 2025 12:13:07 p. m.","ene. 00, 1900 12:00:00 a. m.",0,System too rich at idle bank 1,No sub type information,OBD with Source Address Information,OBD Powertrain,P2188,,
A-05502-A,"Vehicle, Conductores del mundo","sep. 01, 2025 12:13:07 p. m.","ene. 00, 1900 12:00:00 a. m.",0,System too rich at idle bank 1,No sub type information,OBD with Source Address Information,OBD Powertrain,P2188,,
A-05502-A,"Vehicle, Conductores del mundo","sep. 01, 2025 12:13:27 p. m.","ene. 00, 1900 12:00:00 a. m.",0,La luz de advertencia del vehículo está encendida,,Telematics Device,Telematics device,168,,
A-05502-A,"Vehicle, Conductores del mundo","sep. 01, 2025 12:17:24 p. m.","ene. 00, 1900 12:00:00 a. m.",0,System too rich at idle bank 1,No sub type information,OBD with Source Address Information,OBD Powertrain,P2188,,
A-05502-A,"Vehicle, Conductores del mundo","sep. 01, 2025 12:17:24 p. m.","ene. 00, 1900 12:00:00 a. m.",0,System too rich at idle bank 1,No sub type information,OBD with Source Address Information,OBD Powertrain,P2188,,
A-05502-A,"Vehicle, Conductores del mundo","sep. 01, 2025 12:17:44 p. m.","ene. 00, 1900 12:00:00 a. m.",0,La luz de advertencia del vehículo está encendida,,Telematics Device,Telematics device,168,,
A-05502-A,"Vehicle, Conductores del mundo","sep. 01, 2025 12:25:25 p. m.","ene. 00, 1900 12:00:00 a. m.",0,System too rich at idle bank 1,No sub type information,OBD with Source Address Information,OBD Powertrain,P2188,,
A-05502-A,"Vehicle, Conductores del mundo","sep. 01, 2025 12:25:26 p. m.","ene. 00, 1900 12:00:00 a. m.",0,System too rich at idle bank 1,No sub type information,OBD with Source Address Information,OBD Powertrain,P2188,,
A-05502-A,"Vehicle, Conductores del mundo","sep. 01, 2025 12:25:45 p. m.","ene. 00, 1900 12:00:00 a. m.",0,La luz de advertencia del vehículo está encendida,,Telematics Device,Telematics device,168,,
A-05502-A,"Vehicle, Conductores del mundo","sep. 01, 2025 1:01:37 p. m.","ene. 00, 1900 12:00:00 a. m.",0,System too rich at idle bank 1,No sub type information,OBD with Source Address Information,OBD Powertrain,P2188,,
A-05502-A,"Vehicle, Conductores del mundo","sep. 01, 2025 1:01:37 p. m.","ene. 00, 1900 12:00:00 a. m.",0,System too rich at idle bank 1,No sub type information,OBD with Source Address Information,OBD Powertrain,P2188,,
A-05502-A,"Vehicle, Conductores del mundo","sep. 01, 2025 1:01:56 p. m.","ene. 00, 1900 12:00:00 a. m.",0,La luz de advertencia del vehículo está encendida,,Telematics Device,Telematics device,168,,
A-05502-A,"Vehicle, Conductores del mundo","sep. 01, 2025 3:24:57 p. m.","ene. 00, 1900 12:00:00 a. m.",0,System too rich at idle bank 1,No sub type information,OBD with Source Address Information,OBD Powertrain,P2188,,
A-05502-A,"Vehicle, Conductores del mundo","sep. 01, 2025 3:24:57 p. m.","ene. 00, 1900 12:00:00 a. m.",0,System too rich at idle bank 1,No sub type information,OBD with Source Address Information,OBD Powertrain,P2188,,
A-05502-A,"Vehicle, Conductores del mundo","sep. 01, 2025 3:25:17 p. m.","ene. 00, 1900 12:00:00 a. m.",0,La luz de advertencia del vehículo está encendida,,Telematics Device,Telematics device,168,,
A-05502-A,"Vehicle, Conductores del mundo","sep. 01, 2025 5:14:59 p. m.","ene. 00, 1900 12:00:00 a. m.",0,System too rich at idle bank 1,No sub type information,OBD with Source Address Information,OBD Powertrain,P2188,,
A-05502-A,"Vehicle, Conductores del mundo","sep. 01, 2025 5:14:59 p. m.","ene. 00, 1900 12:00:00 a. m.",0,System too rich at idle bank 1,No sub type information,OBD with Source Address Information,OBD Powertrain,P2188,,
A-05502-A,"Vehicle, Conductores del mundo","sep. 01, 2025 5:15:19 p. m.","ene. 00, 1900 12:00:00 a. m.",0,La luz de advertencia del vehículo está encendida,,Telematics Device,Telematics device,168,,
A-05502-A,"Vehicle, Conductores del mundo","sep. 01, 2025 6:57:07 p. m.","ene. 00, 1900 12:00:00 a. m.",0,System too rich at idle bank 1,No sub type information,OBD with Source Address Information,OBD Powertrain,P2188,,
A-05502-A,"Vehicle, Conductores del mundo","sep. 01, 2025 6:57:07 p. m.","ene. 00, 1900 12:00:00 a. m.",0,System too rich at idle bank 1,No sub type information,OBD with Source Address Information,OBD Powertrain,P2188,,
A-05502-A,"Vehicle, Conductores del mundo","sep. 01, 2025 6:57:27 p. m.","ene. 00, 1900 12:00:00 a. m.",0,La luz de advertencia del vehículo está encendida,,Telematics Device,Telematics device,168,,
A-05502-A,"Vehicle, Conductores del mundo","sep. 01, 2025 7:08:37 p. m.","ene. 00, 1900 12:00:00 a. m.",0,System too rich at idle bank 1,No sub type information,OBD with Source Address Information,OBD Powertrain,P2188,,
A-05502-A,"Vehicle, Conductores del mundo","sep. 01, 2025 7:08:37 p. m.","ene. 00, 1900 12:00:00 a. m.",0,System too rich at idle bank 1,No sub type information,OBD with Source Address Information,OBD Powertrain,P2188,,
A-05502-A,"Vehicle, Conductores del mundo","sep. 01, 2025 7:08:57 p. m.","ene. 00, 1900 12:00:00 a. m.",0,La luz de advertencia del vehículo está encendida,,Telematics Device,Telematics device,168,,
A-05502-A,"Vehicle, Conductores del mundo","sep. 01, 2025 8:36:30 p. m.","ene. 00, 1900 12:00:00 a. m.",0,System too rich at idle bank 1,No sub type information,OBD with Source Address Information,OBD Powertrain,P2188,,
A-05502-A,"Vehicle, Conductores del mundo","sep. 01, 2025 8:36:31 p. m.","ene. 00, 1900 12:00:00 a. m.",0,System too rich at idle bank 1,No sub type information,OBD with Source Address Information,OBD Powertrain,P2188,,
A-05502-A,"Vehicle, Conductores del mundo","sep. 01, 2025 8:36:51 p. m.","ene. 00, 1900 12:00:00 a. m.",0,La luz de advertencia del vehículo está encendida,,Telematics Device,Telematics device,168,,
A-05502-A,"Vehicle, Conductores del mundo","sep. 02, 2025 5:36:39 a. m.","ene. 00, 1900 12:00:00 a. m.",0,System too rich at idle bank 1,No sub type information,OBD with Source Address Information,OBD Powertrain,P2188,,
A-05502-A,"Vehicle, Conductores del mundo","sep. 02, 2025 5:36:39 a. m.","ene. 00, 1900 12:00:00 a. m.",0,System too rich at idle bank 1,No sub type information,OBD with Source Address Information,OBD Powertrain,P2188,,
A-05502-A,"Vehicle, Conductores del mundo","sep. 02, 2025 5:36:59 a. m.","ene. 00, 1900 12:00:00 a. m.",0,La luz de advertencia del vehículo está encendida,,Telematics Device,Telematics device,168,,
A-05502-A,"Vehicle, Conductores del mundo","sep. 02, 2025 9:00:19 a. m.","ene. 00, 1900 12:00:00 a. m.",0,System too rich at idle bank 1,No sub type information,OBD with Source Address Information,OBD Powertrain,P2188,,
A-05502-A,"Vehicle, Conductores del mundo","sep. 02, 2025 9:00:19 a. m.","ene. 00, 1900 12:00:00 a. m.",0,System too rich at idle bank 1,No sub type information,OBD with Source Address Information,OBD Powertrain,P2188,,
A-05502-A,"Vehicle, Conductores del mundo","sep. 02, 2025 9:00:39 a. m.","ene. 00, 1900 12:00:00 a. m.",0,La luz de advertencia del vehículo está encendida,,Telematics Device,Telematics device,168,,
A-05502-A,"Vehicle, Conductores del mundo","sep. 02, 2025 10:10:39 a. m.","ene. 00, 1900 12:00:00 a. m.",0,System too rich at idle bank 1,No sub type information,OBD with Source Address Information,OBD Powertrain,P2188,,
A-05502-A,"Vehicle, Conductores del mundo","sep. 02, 2025 10:10:40 a. m.","ene. 00, 1900 12:00:00 a. m.",0,System too rich at idle bank 1,No sub type information,OBD with Source Address Information,OBD Powertrain,P2188,,
A-05502-A,"Vehicle, Conductores del mundo","sep. 02, 2025 10:10:59 a. m.","ene. 00, 1900 12:00:00 a. m.",0,La luz de advertencia del vehículo está encendida,,Telematics Device,Telematics device,168,,
A-05502-A,"Vehicle, Conductores del mundo","sep. 02, 2025 10:26:40 a. m.","ene. 00, 1900 12:00:00 a. m.",0,System too rich at idle bank 1,No sub type information,OBD with Source Address Information,OBD Powertrain,P2188,,
A-05502-A,"Vehicle, Conductores del mundo","sep. 02, 2025 10:26:40 a. m.","ene. 00, 1900 12:00:00 a. m.",0,System too rich at idle bank 1,No sub type information,OBD with Source Address Information,OBD Powertrain,P2188,,
A-05502-A,"Vehicle, Conductores del mundo","sep. 02, 2025 10:27:00 a. m.","ene. 00, 1900 12:00:00 a. m.",0,La luz de advertencia del vehículo está encendida,,Telematics Device,Telematics device,168,,
A-05502-A,"Vehicle, Conductores del mundo","sep. 02, 2025 11:01:53 a. m.","ene. 00, 1900 12:00:00 a. m.",0,System too rich at idle bank 1,No sub type information,OBD with Source Address Information,OBD Powertrain,P2188,,
A-05502-A,"Vehicle, Conductores del mundo","sep. 02, 2025 11:01:53 a. m.","ene. 00, 1900 12:00:00 a. m.",0,System too rich at idle bank 1,No sub type information,OBD with Source Address Information,OBD Powertrain,P2188,,
A-05502-A,"Vehicle, Conductores del mundo","sep. 02, 2025 11:12:54 a. m.","ene. 00, 1900 12:00:00 a. m.",0,System too rich at idle bank 1,No sub type information,OBD with Source Address Information,OBD Powertrain,P2188,,
A-05502-A,"Vehicle, Conductores del mundo","sep. 02, 2025 11:12:54 a. m.","ene. 00, 1900 12:00:00 a. m.",0,System too rich at idle bank 1,No sub type information,OBD with Source Address Information,OBD Powertrain,P2188,,
A-05502-A,"Vehicle, Conductores del mundo","sep. 02, 2025 11:13:14 a. m.","ene. 00, 1900 12:00:00 a. m.",0,La luz de advertencia del vehículo está encendida,,Telematics Device,Telematics device,168,,
A-05502-A,"Vehicle, Conductores del mundo","sep. 02, 2025 1:57:11 p. m.","ene. 00, 1900 12:00:00 a. m.",0,System too rich at idle bank 1,No sub type information,OBD with Source Address Information,OBD Powertrain,P2188,,
A-05502-A,"Vehicle, Conductores del mundo","sep. 02, 2025 1:57:12 p. m.","ene. 00, 1900 12:00:00 a. m.",0,System too rich at idle bank 1,No sub type information,OBD with Source Address Information,OBD Powertrain,P2188,,
A-05502-A,"Vehicle, Conductores del mundo","sep. 02, 2025 1:57:32 p. m.","ene. 00, 1900 12:00:00 a. m.",0,La luz de advertencia del vehículo está encendida,,Telematics Device,Telematics device,168,,
A-05502-A,"Vehicle, Conductores del mundo","sep. 02, 2025 3:08:47 p. m.","ene. 00, 1900 12:00:00 a. m.",0,System too rich at idle bank 1,No sub type information,OBD with Source Address Information,OBD Powertrain,P2188,,
A-05502-A,"Vehicle, Conductores del mundo","sep. 02, 2025 3:08:47 p. m.","ene. 00, 1900 12:00:00 a. m.",0,System too rich at idle bank 1,No sub type information,OBD with Source Address Information,OBD Powertrain,P2188,,
A-05502-A,"Vehicle, Conductores del mundo","sep. 02, 2025 3:09:07 p. m.","ene. 00, 1900 12:00:00 a. m.",0,La luz de advertencia del vehículo está encendida,,Telematics Device,Telematics device,168,,
A-05502-A,"Vehicle, Conductores del mundo","sep. 02, 2025 3:14:53 p. m.","ene. 00, 1900 12:00:00 a. m.",0,System too rich at idle bank 1,No sub type information,OBD with Source Address Information,OBD Powertrain,P2188,,
A-05502-A,"Vehicle, Conductores del mundo","sep. 02, 2025 3:14:54 p. m.","ene. 00, 1900 12:00:00 a. m.",0,System too rich at idle bank 1,No sub type information,OBD with Source Address Information,OBD Powertrain,P2188,,
A-05502-A,"Vehicle, Conductores del mundo","sep. 02, 2025 3:15:13 p. m.","ene. 00, 1900 12:00:00 a. m.",0,La luz de advertencia del vehículo está encendida,,Telematics Device,Telematics device,168,,
A-05502-A,"Vehicle, Conductores del mundo","sep. 02, 2025 3:26:25 p. m.","ene. 00, 1900 12:00:00 a. m.",0,System too rich at idle bank 1,No sub type information,OBD with Source Address Information,OBD Powertrain,P2188,,
A-05502-A,"Vehicle, Conductores del mundo","sep. 02, 2025 3:26:26 p. m.","ene. 00, 1900 12:00:00 a. m.",0,System too rich at idle bank 1,No sub type information,OBD with Source Address Information,OBD Powertrain,P2188,,
A-05502-A,"Vehicle, Conductores del mundo","sep. 02, 2025 3:26:46 p. m.","ene. 00, 1900 12:00:00 a. m.",0,La luz de advertencia del vehículo está encendida,,Telematics Device,Telematics device,168,,
A-05502-A,"Vehicle, Conductores del mundo","sep. 02, 2025 3:31:29 p. m.","ene. 00, 1900 12:00:00 a. m.",0,System too rich at idle bank 1,No sub type information,OBD with Source Address Information,OBD Powertrain,P2188,,
A-05502-A,"Vehicle, Conductores del mundo","sep. 02, 2025 3:31:30 p. m.","ene. 00, 1900 12:00:00 a. m.",0,System too rich at idle bank 1,No sub type information,OBD with Source Address Information,OBD Powertrain,P2188,,
A-05502-A,"Vehicle, Conductores del mundo","sep. 02, 2025 3:31:49 p. m.","ene. 00, 1900 12:00:00 a. m.",0,La luz de advertencia del vehículo está encendida,,Telematics Device,Telematics device,168,,
A-05502-A,"Vehicle, Conductores del mundo","sep. 02, 2025 3:48:29 p. m.","ene. 00, 1900 12:00:00 a. m.",0,System too rich at idle bank 1,No sub type information,OBD with Source Address Information,OBD Powertrain,P2188,,
A-05502-A,"Vehicle, Conductores del mundo","sep. 02, 2025 3:48:30 p. m.","ene. 00, 1900 12:00:00 a. m.",0,System too rich at idle bank 1,No sub type information,OBD with Source Address Information,OBD Powertrain,P2188,,
A-05502-A,"Vehicle, Conductores del mundo","sep. 02, 2025 3:48:50 p. m.","ene. 00, 1900 12:00:00 a. m.",0,La luz de advertencia del vehículo está encendida,,Telematics Device,Telematics device,168,,
A-05502-A,"Vehicle, Conductores del mundo","sep. 02, 2025 5:38:05 p. m.","ene. 00, 1900 12:00:00 a. m.",0,System too rich at idle bank 1,No sub type information,OBD with Source Address Information,OBD Powertrain,P2188,,
A-05502-A,"Vehicle, Conductores del mundo","sep. 02, 2025 5:38:06 p. m.","ene. 00, 1900 12:00:00 a. m.",0,System too rich at idle bank 1,No sub type information,OBD with Source Address Information,OBD Powertrain,P2188,,
A-05502-A,"Vehicle, Conductores del mundo","sep. 02, 2025 5:38:26 p. m.","ene. 00, 1900 12:00:00 a. m.",0,La luz de advertencia del vehículo está encendida,,Telematics Device,Telematics device,168,,
A-05502-A,"Vehicle, Conductores del mundo","sep. 02, 2025 7:25:55 p. m.","ene. 00, 1900 12:00:00 a. m.",0,System too rich at idle bank 1,No sub type information,OBD with Source Address Information,OBD Powertrain,P2188,,
A-05502-A,"Vehicle, Conductores del mundo","sep. 02, 2025 7:25:55 p. m.","ene. 00, 1900 12:00:00 a. m.",0,System too rich at idle bank 1,No sub type information,OBD with Source Address Information,OBD Powertrain,P2188,,
A-05502-A,"Vehicle, Conductores del mundo","sep. 02, 2025 7:26:15 p. m.","ene. 00, 1900 12:00:00 a. m.",0,La luz de advertencia del vehículo está encendida,,Telematics Device,Telematics device,168,,
A-05502-A,"Vehicle, Conductores del mundo","sep. 03, 2025 5:34:38 a. m.","ene. 00, 1900 12:00:00 a. m.",0,System too rich at idle bank 1,No sub type information,OBD with Source Address Information,OBD Powertrain,P2188,,
A-05502-A,"Vehicle, Conductores del mundo","sep. 03, 2025 5:34:39 a. m.","ene. 00, 1900 12:00:00 a. m.",0,System too rich at idle bank 1,No sub type information,OBD with Source Address Information,OBD Powertrain,P2188,,
A-05502-A,"Vehicle, Conductores del mundo","sep. 03, 2025 5:34:59 a. m.","ene. 00, 1900 12:00:00 a. m.",0,La luz de advertencia del vehículo está encendida,,Telematics Device,Telematics device,168,,
A-05502-A,"Vehicle, Conductores del mundo","sep. 03, 2025 6:40:39 a. m.","ene. 00, 1900 12:00:00 a. m.",0,System too rich at idle bank 1,No sub type information,OBD with Source Address Information,OBD Powertrain,P2188,,
A-05502-A,"Vehicle, Conductores del mundo","sep. 03, 2025 6:40:39 a. m.","ene. 00, 1900 12:00:00 a. m.",0,System too rich at idle bank 1,No sub type information,OBD with Source Address Information,OBD Powertrain,P2188,,
A-05502-A,"Vehicle, Conductores del mundo","sep. 03, 2025 6:40:58 a. m.","ene. 00, 1900 12:00:00 a. m.",0,La luz de advertencia del vehículo está encendida,,Telematics Device,Telematics device,168,,
A-05502-A,"Vehicle, Conductores del mundo","sep. 03, 2025 6:50:14 a. m.","ene. 00, 1900 12:00:00 a. m.",0,System too rich at idle bank 1,No sub type information,OBD with Source Address Information,OBD Powertrain,P2188,,
A-05502-A,"Vehicle, Conductores del mundo","sep. 03, 2025 6:50:14 a. m.","ene. 00, 1900 12:00:00 a. m.",0,System too rich at idle bank 1,No sub type information,OBD with Source Address Information,OBD Powertrain,P2188,,
A-05502-A,"Vehicle, Conductores del mundo","sep. 03, 2025 6:50:34 a. m.","ene. 00, 1900 12:00:00 a. m.",0,La luz de advertencia del vehículo está encendida,,Telematics Device,Telematics device,168,,
A-05502-A,"Vehicle, Conductores del mundo","sep. 03, 2025 8:51:56 a. m.","ene. 00, 1900 12:00:00 a. m.",0,System too rich at idle bank 1,No sub type information,OBD with Source Address Information,OBD Powertrain,P2188,,
A-05502-A,"Vehicle, Conductores del mundo","sep. 03, 2025 8:51:56 a. m.","ene. 00, 1900 12:00:00 a. m.",0,System too rich at idle bank 1,No sub type information,OBD with Source Address Information,OBD Powertrain,P2188,,
A-05502-A,"Vehicle, Conductores del mundo","sep. 03, 2025 8:52:16 a. m.","ene. 00, 1900 12:00:00 a. m.",0,La luz de advertencia del vehículo está encendida,,Telematics Device,Telematics device,168,,
A-05502-A,"Vehicle, Conductores del mundo","sep. 03, 2025 10:01:28 a. m.","ene. 00, 1900 12:00:00 a. m.",0,System too rich at idle bank 1,No sub type information,OBD with Source Address Information,OBD Powertrain,P2188,,
A-05502-A,"Vehicle, Conductores del mundo","sep. 03, 2025 10:01:29 a. m.","ene. 00, 1900 12:00:00 a. m.",0,System too rich at idle bank 1,No sub type information,OBD with Source Address Information,OBD Powertrain,P2188,,
A-05502-A,"Vehicle, Conductores del mundo","sep. 03, 2025 10:01:49 a. m.","ene. 00, 1900 12:00:00 a. m.",0,La luz de advertencia del vehículo está encendida,,Telematics Device,Telematics device,168,,
A-05502-A,"Vehicle, Conductores del mundo","sep. 03, 2025 10:16:38 a. m.","ene. 00, 1900 12:00:00 a. m.",0,System too rich at idle bank 1,No sub type information,OBD with Source Address Information,OBD Powertrain,P2188,,
A-05502-A,"Vehicle, Conductores del mundo","sep. 03, 2025 10:16:38 a. m.","ene. 00, 1900 12:00:00 a. m.",0,System too rich at idle bank 1,No sub type information,OBD with Source Address Information,OBD Powertrain,P2188,,
A-05502-A,"Vehicle, Conductores del mundo","sep. 03, 2025 10:16:58 a. m.","ene. 00, 1900 12:00:00 a. m.",0,La luz de advertencia del vehículo está encendida,,Telematics Device,Telematics device,168,,
A-05502-A,"Vehicle, Conductores del mundo","sep. 03, 2025 11:06:24 a. m.","ene. 00, 1900 12:00:00 a. m.",0,System too rich at idle bank 1,No sub type information,OBD with Source Address Information,OBD Powertrain,P2188,,
A-05502-A,"Vehicle, Conductores del mundo","sep. 03, 2025 11:06:24 a. m.","ene. 00, 1900 12:00:00 a. m.",0,System too rich at idle bank 1,No sub type information,OBD with Source Address Information,OBD Powertrain,P2188,,
A-05502-A,"Vehicle, Conductores del mundo","sep. 03, 2025 11:06:44 a. m.","ene. 00, 1900 12:00:00 a. m.",0,La luz de advertencia del vehículo está encendida,,Telematics Device,Telematics device,168,,
A-05502-A,"Vehicle, Conductores del mundo","sep. 03, 2025 1:30:58 p. m.","ene. 00, 1900 12:00:00 a. m.",0,System too rich at idle bank 1,No sub type information,OBD with Source Address Information,OBD Powertrain,P2188,,
A-05502-A,"Vehicle, Conductores del mundo","sep. 03, 2025 1:30:58 p. m.","ene. 00, 1900 12:00:00 a. m.",0,System too rich at idle bank 1,No sub type information,OBD with Source Address Information,OBD Powertrain,P2188,,
A-05502-A,"Vehicle, Conductores del mundo","sep. 03, 2025 1:31:18 p. m.","ene. 00, 1900 12:00:00 a. m.",0,La luz de advertencia del vehículo está encendida,,Telematics Device,Telematics device,168,,
A-05502-A,"Vehicle, Conductores del mundo","sep. 03, 2025 2:52:44 p. m.","ene. 00, 1900 12:00:00 a. m.",0,System too rich at idle bank 1,No sub type information,OBD with Source Address Information,OBD Powertrain,P2188,,
A-05502-A,"Vehicle, Conductores del mundo","sep. 03, 2025 2:52:45 p. m.","ene. 00, 1900 12:00:00 a. m.",0,System too rich at idle bank 1,No sub type information,OBD with Source Address Information,OBD Powertrain,P2188,,
A-05502-A,"Vehicle, Conductores del mundo","sep. 03, 2025 2:53:05 p. m.","ene. 00, 1900 12:00:00 a. m.",0,La luz de advertencia del vehículo está encendida,,Telematics Device,Telematics device,168,,
A-05502-A,"Vehicle, Conductores del mundo","sep. 03, 2025 3:30:26 p. m.","ene. 00, 1900 12:00:00 a. m.",0,System too rich at idle bank 1,No sub type information,OBD with Source Address Information,OBD Powertrain,P2188,,
A-05502-A,"Vehicle, Conductores del mundo","sep. 03, 2025 3:30:26 p. m.","ene. 00, 1900 12:00:00 a. m.",0,System too rich at idle bank 1,No sub type information,OBD with Source Address Information,OBD Powertrain,P2188,,
A-05502-A,"Vehicle, Conductores del mundo","sep. 03, 2025 3:36:31 p. m.","ene. 00, 1900 12:00:00 a. m.",0,System too rich at idle bank 1,No sub type information,OBD with Source Address Information,OBD Powertrain,P2188,,
A-05502-A,"Vehicle, Conductores del mundo","sep. 03, 2025 3:36:31 p. m.","ene. 00, 1900 12:00:00 a. m.",0,System too rich at idle bank 1,No sub type information,OBD with Source Address Information,OBD Powertrain,P2188,,
A-05502-A,"Vehicle, Conductores del mundo","sep. 03, 2025 3:36:51 p. m.","ene. 00, 1900 12:00:00 a. m.",0,La luz de advertencia del vehículo está encendida,,Telematics Device,Telematics device,168,,
A-05502-A,"Vehicle, Conductores del mundo","sep. 03, 2025 3:55:53 p. m.","ene. 00, 1900 12:00:00 a. m.",0,Fallo de dispositivo telemático: Se eliminó toda la energía y se reinició el dispositivo,,Telematics Device,Telematics device,130,,
A-05502-A,"Vehicle, Conductores del mundo","sep. 03, 2025 4:00:38 p. m.","ene. 00, 1900 12:00:00 a. m.",0,System too rich at idle bank 1,No sub type information,OBD with Source Address Information,OBD Powertrain,P2188,,
A-05502-A,"Vehicle, Conductores del mundo","sep. 03, 2025 4:00:38 p. m.","ene. 00, 1900 12:00:00 a. m.",0,System too rich at idle bank 1,No sub type information,OBD with Source Address Information,OBD Powertrain,P2188,,
A-05502-A,"Vehicle, Conductores del mundo","sep. 03, 2025 4:00:58 p. m.","ene. 00, 1900 12:00:00 a. m.",0,La luz de advertencia del vehículo está encendida,,Telematics Device,Telematics device,168,,
A-05502-A,"Vehicle, Conductores del mundo","sep. 03, 2025 4:11:14 p. m.","ene. 00, 1900 12:00:00 a. m.",0,System too rich at idle bank 1,No sub type information,OBD with Source Address Information,OBD Powertrain,P2188,,
A-05502-A,"Vehicle, Conductores del mundo","sep. 03, 2025 4:11:15 p. m.","ene. 00, 1900 12:00:00 a. m.",0,System too rich at idle bank 1,No sub type information,OBD with Source Address Information,OBD Powertrain,P2188,,
A-05502-A,"Vehicle, Conductores del mundo","sep. 03, 2025 4:11:34 p. m.","ene. 00, 1900 12:00:00 a. m.",0,La luz de advertencia del vehículo está encendida,,Telematics Device,Telematics device,168,,
A-05502-A,"Vehicle, Conductores del mundo","sep. 03, 2025 5:35:09 p. m.","ene. 00, 1900 12:00:00 a. m.",0,System too rich at idle bank 1,No sub type information,OBD with Source Address Information,OBD Powertrain,P2188,,
A-05502-A,"Vehicle, Conductores del mundo","sep. 03, 2025 5:35:10 p. m.","ene. 00, 1900 12:00:00 a. m.",0,System too rich at idle bank 1,No sub type information,OBD with Source Address Information,OBD Powertrain,P2188,,
A-05502-A,"Vehicle, Conductores del mundo","sep. 03, 2025 5:35:28 p. m.","ene. 00, 1900 12:00:00 a. m.",0,La luz de advertencia del vehículo está encendida,,Telematics Device,Telematics device,168,,
A-05502-A,"Vehicle, Conductores del mundo","sep. 03, 2025 8:33:05 p. m.","ene. 00, 1900 12:00:00 a. m.",0,System too rich at idle bank 1,No sub type information,OBD with Source Address Information,OBD Powertrain,P2188,,
A-05502-A,"Vehicle, Conductores del mundo","sep. 03, 2025 8:33:06 p. m.","ene. 00, 1900 12:00:00 a. m.",0,System too rich at idle bank 1,No sub type information,OBD with Source Address Information,OBD Powertrain,P2188,,
A-05502-A,"Vehicle, Conductores del mundo","sep. 03, 2025 8:33:25 p. m.","ene. 00, 1900 12:00:00 a. m.",0,La luz de advertencia del vehículo está encendida,,Telematics Device,Telematics device,168,,
A-05502-A,"Vehicle, Conductores del mundo","sep. 04, 2025 5:25:39 a. m.","ene. 00, 1900 12:00:00 a. m.",0,System too rich at idle bank 1,No sub type information,OBD with Source Address Information,OBD Powertrain,P2188,,
A-05502-A,"Vehicle, Conductores del mundo","sep. 04, 2025 5:25:40 a. m.","ene. 00, 1900 12:00:00 a. m.",0,System too rich at idle bank 1,No sub type information,OBD with Source Address Information,OBD Powertrain,P2188,,
A-05502-A,"Vehicle, Conductores del mundo","sep. 04, 2025 5:25:59 a. m.","ene. 00, 1900 12:00:00 a. m.",0,La luz de advertencia del vehículo está encendida,,Telematics Device,Telematics device,168,,
A-05502-A,"Vehicle, Conductores del mundo","sep. 04, 2025 5:41:29 a. m.","ene. 00, 1900 12:00:00 a. m.",0,System too rich at idle bank 1,No sub type information,OBD with Source Address Information,OBD Powertrain,P2188,,
A-05502-A,"Vehicle, Conductores del mundo","sep. 04, 2025 5:41:29 a. m.","ene. 00, 1900 12:00:00 a. m.",0,System too rich at idle bank 1,No sub type information,OBD with Source Address Information,OBD Powertrain,P2188,,
A-05502-A,"Vehicle, Conductores del mundo","sep. 04, 2025 5:41:49 a. m.","ene. 00, 1900 12:00:00 a. m.",0,La luz de advertencia del vehículo está encendida,,Telematics Device,Telematics device,168,,
A-05502-A,"Vehicle, Conductores del mundo","sep. 04, 2025 8:57:22 a. m.","ene. 00, 1900 12:00:00 a. m.",0,System too rich at idle bank 1,No sub type information,OBD with Source Address Information,OBD Powertrain,P2188,,
A-05502-A,"Vehicle, Conductores del mundo","sep. 04, 2025 8:57:22 a. m.","ene. 00, 1900 12:00:00 a. m.",0,System too rich at idle bank 1,No sub type information,OBD with Source Address Information,OBD Powertrain,P2188,,
A-05502-A,"Vehicle, Conductores del mundo","sep. 04, 2025 8:57:42 a. m.","ene. 00, 1900 12:00:00 a. m.",0,La luz de advertencia del vehículo está encendida,,Telematics Device,Telematics device,168,,
A-05502-A,"Vehicle, Conductores del mundo","sep. 04, 2025 10:01:53 a. m.","ene. 00, 1900 12:00:00 a. m.",0,System too rich at idle bank 1,No sub type information,OBD with Source Address Information,OBD Powertrain,P2188,,
A-05502-A,"Vehicle, Conductores del mundo","sep. 04, 2025 10:01:53 a. m.","ene. 00, 1900 12:00:00 a. m.",0,System too rich at idle bank 1,No sub type information,OBD with Source Address Information,OBD Powertrain,P2188,,
A-05502-A,"Vehicle, Conductores del mundo","sep. 04, 2025 10:02:13 a. m.","ene. 00, 1900 12:00:00 a. m.",0,La luz de advertencia del vehículo está encendida,,Telematics Device,Telematics device,168,,
A-05502-A,"Vehicle, Conductores del mundo","sep. 04, 2025 10:17:16 a. m.","ene. 00, 1900 12:00:00 a. m.",0,System too rich at idle bank 1,No sub type information,OBD with Source Address Information,OBD Powertrain,P2188,,
A-05502-A,"Vehicle, Conductores del mundo","sep. 04, 2025 10:17:17 a. m.","ene. 00, 1900 12:00:00 a. m.",0,System too rich at idle bank 1,No sub type information,OBD with Source Address Information,OBD Powertrain,P2188,,
A-05502-A,"Vehicle, Conductores del mundo","sep. 04, 2025 11:44:57 a. m.","ene. 00, 1900 12:00:00 a. m.",0,System too rich at idle bank 1,No sub type information,OBD with Source Address Information,OBD Powertrain,P2188,,
A-05502-A,"Vehicle, Conductores del mundo","sep. 04, 2025 11:44:57 a. m.","ene. 00, 1900 12:00:00 a. m.",0,System too rich at idle bank 1,No sub type information,OBD with Source Address Information,OBD Powertrain,P2188,,
A-05502-A,"Vehicle, Conductores del mundo","sep. 04, 2025 11:45:17 a. m.","ene. 00, 1900 12:00:00 a. m.",0,La luz de advertencia del vehículo está encendida,,Telematics Device,Telematics device,168,,
A-05502-A,"Vehicle, Conductores del mundo","sep. 04, 2025 12:11:38 p. m.","ene. 00, 1900 12:00:00 a. m.",0,System too rich at idle bank 1,No sub type information,OBD with Source Address Information,OBD Powertrain,P2188,,
A-05502-A,"Vehicle, Conductores del mundo","sep. 04, 2025 12:11:38 p. m.","ene. 00, 1900 12:00:00 a. m.",0,System too rich at idle bank 1,No sub type information,OBD with Source Address Information,OBD Powertrain,P2188,,
A-05502-A,"Vehicle, Conductores del mundo","sep. 04, 2025 12:11:58 p. m.","ene. 00, 1900 12:00:00 a. m.",0,La luz de advertencia del vehículo está encendida,,Telematics Device,Telematics device,168,,
A-05502-A,"Vehicle, Conductores del mundo","sep. 04, 2025 12:30:21 p. m.","ene. 00, 1900 12:00:00 a. m.",0,System too rich at idle bank 1,No sub type information,OBD with Source Address Information,OBD Powertrain,P2188,,
A-05502-A,"Vehicle, Conductores del mundo","sep. 04, 2025 12:30:22 p. m.","ene. 00, 1900 12:00:00 a. m.",0,System too rich at idle bank 1,No sub type information,OBD with Source Address Information,OBD Powertrain,P2188,,
A-05502-A,"Vehicle, Conductores del mundo","sep. 04, 2025 12:30:41 p. m.","ene. 00, 1900 12:00:00 a. m.",0,La luz de advertencia del vehículo está encendida,,Telematics Device,Telematics device,168,,
A-05502-A,"Vehicle, Conductores del mundo","sep. 04, 2025 12:49:42 p. m.","ene. 00, 1900 12:00:00 a. m.",0,System too rich at idle bank 1,No sub type information,OBD with Source Address Information,OBD Powertrain,P2188,,
A-05502-A,"Vehicle, Conductores del mundo","sep. 04, 2025 12:49:42 p. m.","ene. 00, 1900 12:00:00 a. m.",0,System too rich at idle bank 1,No sub type information,OBD with Source Address Information,OBD Powertrain,P2188,,
A-05502-A,"Vehicle, Conductores del mundo","sep. 04, 2025 12:50:02 p. m.","ene. 00, 1900 12:00:00 a. m.",0,La luz de advertencia del vehículo está encendida,,Telematics Device,Telematics device,168,,
A-05502-A,"Vehicle, Conductores del mundo","sep. 04, 2025 1:14:07 p. m.","ene. 00, 1900 12:00:00 a. m.",0,System too rich at idle bank 1,No sub type information,OBD with Source Address Information,OBD Powertrain,P2188,,
A-05502-A,"Vehicle, Conductores del mundo","sep. 04, 2025 1:14:08 p. m.","ene. 00, 1900 12:00:00 a. m.",0,System too rich at idle bank 1,No sub type information,OBD with Source Address Information,OBD Powertrain,P2188,,
A-05502-A,"Vehicle, Conductores del mundo","sep. 04, 2025 1:14:27 p. m.","ene. 00, 1900 12:00:00 a. m.",0,La luz de advertencia del vehículo está encendida,,Telematics Device,Telematics device,168,,
A-05502-A,"Vehicle, Conductores del mundo","sep. 04, 2025 1:14:57 p. m.","ene. 00, 1900 12:00:00 a. m.",0,Fallo de dispositivo telemático: Se eliminó toda la energía y se reinició el dispositivo,,Telematics Device,Telematics device,130,,
A-05502-A,"Vehicle, Conductores del mundo","sep. 04, 2025 1:18:46 p. m.","ene. 00, 1900 12:00:00 a. m.",0,System too rich at idle bank 1,No sub type information,OBD with Source Address Information,OBD Powertrain,P2188,,
A-05502-A,"Vehicle, Conductores del mundo","sep. 04, 2025 1:18:47 p. m.","ene. 00, 1900 12:00:00 a. m.",0,System too rich at idle bank 1,No sub type information,OBD with Source Address Information,OBD Powertrain,P2188,,
A-05502-A,"Vehicle, Conductores del mundo","sep. 04, 2025 1:25:05 p. m.","ene. 00, 1900 12:00:00 a. m.",0,System too rich at idle bank 1,No sub type information,OBD with Source Address Information,OBD Powertrain,P2188,,
A-05502-A,"Vehicle, Conductores del mundo","sep. 04, 2025 1:25:05 p. m.","ene. 00, 1900 12:00:00 a. m.",0,System too rich at idle bank 1,No sub type information,OBD with Source Address Information,OBD Powertrain,P2188,,
A-05502-A,"Vehicle, Conductores del mundo","sep. 04, 2025 1:25:25 p. m.","ene. 00, 1900 12:00:00 a. m.",0,La luz de advertencia del vehículo está encendida,,Telematics Device,Telematics device,168,,
A-05502-A,"Vehicle, Conductores del mundo","sep. 04, 2025 1:40:08 p. m.","ene. 00, 1900 12:00:00 a. m.",0,System too rich at idle bank 1,No sub type information,OBD with Source Address Information,OBD Powertrain,P2188,,
A-05502-A,"Vehicle, Conductores del mundo","sep. 04, 2025 1:40:08 p. m.","ene. 00, 1900 12:00:00 a. m.",0,System too rich at idle bank 1,No sub type information,OBD with Source Address Information,OBD Powertrain,P2188,,
A-05502-A,"Vehicle, Conductores del mundo","sep. 04, 2025 1:40:28 p. m.","ene. 00, 1900 12:00:00 a. m.",0,La luz de advertencia del vehículo está encendida,,Telematics Device,Telematics device,168,,
A-05502-A,"Vehicle, Conductores del mundo","sep. 04, 2025 1:51:41 p. m.","ene. 00, 1900 12:00:00 a. m.",0,System too rich at idle bank 1,No sub type information,OBD with Source Address Information,OBD Powertrain,P2188,,
A-05502-A,"Vehicle, Conductores del mundo","sep. 04, 2025 1:51:42 p. m.","ene. 00, 1900 12:00:00 a. m.",0,System too rich at idle bank 1,No sub type information,OBD with Source Address Information,OBD Powertrain,P2188,,
A-05502-A,"Vehicle, Conductores del mundo","sep. 04, 2025 1:52:02 p. m.","ene. 00, 1900 12:00:00 a. m.",0,La luz de advertencia del vehículo está encendida,,Telematics Device,Telematics device,168,,
A-05502-A,"Vehicle, Conductores del mundo","sep. 04, 2025 1:52:47 p. m.","ene. 00, 1900 12:00:00 a. m.",0,O2 sensor circuit low voltage bank 1 sensor 2,No sub type information,OBD with Source Address Information,OBD Powertrain,P0137,,
A-05502-A,"Vehicle, Conductores del mundo","sep. 04, 2025 2:11:24 p. m.","ene. 00, 1900 12:00:00 a. m.",0,System too rich at idle bank 1,No sub type information,OBD with Source Address Information,OBD Powertrain,P2188,,
A-05502-A,"Vehicle, Conductores del mundo","sep. 04, 2025 2:11:24 p. m.","ene. 00, 1900 12:00:00 a. m.",0,System too rich at idle bank 1,No sub type information,OBD with Source Address Information,OBD Powertrain,P2188,,
A-05502-A,"Vehicle, Conductores del mundo","sep. 04, 2025 2:11:24 p. m.","ene. 00, 1900 12:00:00 a. m.",0,O2 sensor circuit low voltage bank 1 sensor 2,No sub type information,OBD with Source Address Information,OBD Powertrain,P0137,,
A-05502-A,"Vehicle, Conductores del mundo","sep. 04, 2025 2:11:44 p. m.","ene. 00, 1900 12:00:00 a. m.",0,La luz de advertencia del vehículo está encendida,,Telematics Device,Telematics device,168,,
A-05502-A,"Vehicle, Conductores del mundo","sep. 04, 2025 2:24:24 p. m.","ene. 00, 1900 12:00:00 a. m.",0,System too rich at idle bank 1,No sub type information,OBD with Source Address Information,OBD Powertrain,P2188,,
A-05502-A,"Vehicle, Conductores del mundo","sep. 04, 2025 2:24:24 p. m.","ene. 00, 1900 12:00:00 a. m.",0,O2 sensor circuit low voltage bank 1 sensor 2,No sub type information,OBD with Source Address Information,OBD Powertrain,P0137,,
A-05502-A,"Vehicle, Conductores del mundo","sep. 04, 2025 2:24:24 p. m.","ene. 00, 1900 12:00:00 a. m.",0,System too rich at idle bank 1,No sub type information,OBD with Source Address Information,OBD Powertrain,P2188,,
A-05502-A,"Vehicle, Conductores del mundo","sep. 04, 2025 2:24:44 p. m.","ene. 00, 1900 12:00:00 a. m.",0,La luz de advertencia del vehículo está encendida,,Telematics Device,Telematics device,168,,
A-05502-A,"Vehicle, Conductores del mundo","sep. 04, 2025 2:58:51 p. m.","ene. 00, 1900 12:00:00 a. m.",0,System too rich at idle bank 1,No sub type information,OBD with Source Address Information,OBD Powertrain,P2188,,
A-05502-A,"Vehicle, Conductores del mundo","sep. 04, 2025 2:58:51 p. m.","ene. 00, 1900 12:00:00 a. m.",0,O2 sensor circuit low voltage bank 1 sensor 2,No sub type information,OBD with Source Address Information,OBD Powertrain,P0137,,
A-05502-A,"Vehicle, Conductores del mundo","sep. 04, 2025 2:58:51 p. m.","ene. 00, 1900 12:00:00 a. m.",0,System too rich at idle bank 1,No sub type information,OBD with Source Address Information,OBD Powertrain,P2188,,
A-05502-A,"Vehicle, Conductores del mundo","sep. 04, 2025 2:59:11 p. m.","ene. 00, 1900 12:00:00 a. m.",0,La luz de advertencia del vehículo está encendida,,Telematics Device,Telematics device,168,,
A-05502-A,"Vehicle, Conductores del mundo","sep. 04, 2025 8:50:38 p. m.","ene. 00, 1900 12:00:00 a. m.",0,Firmware update applied,,Telematics Device,Telematics device,132,,
A-05502-A,"Vehicle, Conductores del mundo","sep. 05, 2025 5:29:12 a. m.","ene. 00, 1900 12:00:00 a. m.",0,System too rich at idle bank 1,No sub type information,OBD with Source Address Information,OBD Powertrain,P2188,,
A-05502-A,"Vehicle, Conductores del mundo","sep. 05, 2025 5:29:13 a. m.","ene. 00, 1900 12:00:00 a. m.",0,System too rich at idle bank 1,No sub type information,OBD with Source Address Information,OBD Powertrain,P2188,,
A-05502-A,"Vehicle, Conductores del mundo","sep. 05, 2025 5:29:32 a. m.","ene. 00, 1900 12:00:00 a. m.",0,La luz de advertencia del vehículo está encendida,,Telematics Device,Telematics device,168,,
A-05502-A,"Vehicle, Conductores del mundo","sep. 05, 2025 8:45:16 a. m.","ene. 00, 1900 12:00:00 a. m.",0,System too rich at idle bank 1,No sub type information,OBD with Source Address Information,OBD Powertrain,P2188,,
A-05502-A,"Vehicle, Conductores del mundo","sep. 05, 2025 8:45:16 a. m.","ene. 00, 1900 12:00:00 a. m.",0,System too rich at idle bank 1,No sub type information,OBD with Source Address Information,OBD Powertrain,P2188,,
A-05502-A,"Vehicle, Conductores del mundo","sep. 05, 2025 8:45:36 a. m.","ene. 00, 1900 12:00:00 a. m.",0,La luz de advertencia del vehículo está encendida,,Telematics Device,Telematics device,168,,
A-05502-A,"Vehicle, Conductores del mundo","sep. 05, 2025 9:53:40 a. m.","ene. 00, 1900 12:00:00 a. m.",0,System too rich at idle bank 1,No sub type information,OBD with Source Address Information,OBD Powertrain,P2188,,
A-05502-A,"Vehicle, Conductores del mundo","sep. 05, 2025 9:53:41 a. m.","ene. 00, 1900 12:00:00 a. m.",0,System too rich at idle bank 1,No sub type information,OBD with Source Address Information,OBD Powertrain,P2188,,
A-05502-A,"Vehicle, Conductores del mundo","sep. 05, 2025 9:54:01 a. m.","ene. 00, 1900 12:00:00 a. m.",0,La luz de advertencia del vehículo está encendida,,Telematics Device,Telematics device,168,,
A-05502-A,"Vehicle, Conductores del mundo","sep. 05, 2025 10:05:47 a. m.","ene. 00, 1900 12:00:00 a. m.",0,System too rich at idle bank 1,No sub type information,OBD with Source Address Information,OBD Powertrain,P2188,,
A-05502-A,"Vehicle, Conductores del mundo","sep. 05, 2025 10:05:47 a. m.","ene. 00, 1900 12:00:00 a. m.",0,System too rich at idle bank 1,No sub type information,OBD with Source Address Information,OBD Powertrain,P2188,,
A-05502-A,"Vehicle, Conductores del mundo","sep. 05, 2025 10:06:08 a. m.","ene. 00, 1900 12:00:00 a. m.",0,La luz de advertencia del vehículo está encendida,,Telematics Device,Telematics device,168,,
A-05502-A,"Vehicle, Conductores del mundo","sep. 05, 2025 10:17:13 a. m.","ene. 00, 1900 12:00:00 a. m.",0,System too rich at idle bank 1,No sub type information,OBD with Source Address Information,OBD Powertrain,P2188,,
A-05502-A,"Vehicle, Conductores del mundo","sep. 05, 2025 10:17:14 a. m.","ene. 00, 1900 12:00:00 a. m.",0,System too rich at idle bank 1,No sub type information,OBD with Source Address Information,OBD Powertrain,P2188,,
A-05502-A,"Vehicle, Conductores del mundo","sep. 05, 2025 10:17:34 a. m.","ene. 00, 1900 12:00:00 a. m.",0,La luz de advertencia del vehículo está encendida,,Telematics Device,Telematics device,168,,
A-05502-A,"Vehicle, Conductores del mundo","sep. 05, 2025 10:48:38 a. m.","ene. 00, 1900 12:00:00 a. m.",0,System too rich at idle bank 1,No sub type information,OBD with Source Address Information,OBD Powertrain,P2188,,
A-05502-A,"Vehicle, Conductores del mundo","sep. 05, 2025 10:48:38 a. m.","ene. 00, 1900 12:00:00 a. m.",0,System too rich at idle bank 1,No sub type information,OBD with Source Address Information,OBD Powertrain,P2188,,
A-05502-A,"Vehicle, Conductores del mundo","sep. 05, 2025 10:48:57 a. m.","ene. 00, 1900 12:00:00 a. m.",0,La luz de advertencia del vehículo está encendida,,Telematics Device,Telematics device,168,,
A-05502-A,"Vehicle, Conductores del mundo","sep. 05, 2025 11:09:10 a. m.","ene. 00, 1900 12:00:00 a. m.",0,System too rich at idle bank 1,No sub type information,OBD with Source Address Information,OBD Powertrain,P2188,,
A-05502-A,"Vehicle, Conductores del mundo","sep. 05, 2025 11:09:11 a. m.","ene. 00, 1900 12:00:00 a. m.",0,System too rich at idle bank 1,No sub type information,OBD with Source Address Information,OBD Powertrain,P2188,,
A-05502-A,"Vehicle, Conductores del mundo","sep. 05, 2025 11:09:30 a. m.","ene. 00, 1900 12:00:00 a. m.",0,La luz de advertencia del vehículo está encendida,,Telematics Device,Telematics device,168,,
A-05502-A,"Vehicle, Conductores del mundo","sep. 05, 2025 11:45:49 a. m.","ene. 00, 1900 12:00:00 a. m.",0,System too rich at idle bank 1,No sub type information,OBD with Source Address Information,OBD Powertrain,P2188,,
A-05502-A,"Vehicle, Conductores del mundo","sep. 05, 2025 11:45:50 a. m.","ene. 00, 1900 12:00:00 a. m.",0,System too rich at idle bank 1,No sub type information,OBD with Source Address Information,OBD Powertrain,P2188,,
A-05502-A,"Vehicle, Conductores del mundo","sep. 05, 2025 11:46:10 a. m.","ene. 00, 1900 12:00:00 a. m.",0,La luz de advertencia del vehículo está encendida,,Telematics Device,Telematics device,168,,
A-05502-A,"Vehicle, Conductores del mundo","sep. 05, 2025 12:19:23 p. m.","ene. 00, 1900 12:00:00 a. m.",0,Fallo de dispositivo telemático: El dispositivo telemático está desconectado,,Telematics Device,Telematics device,136,,
A-05502-A,"Vehicle, Conductores del mundo","sep. 05, 2025 12:57:40 p. m.","ene. 00, 1900 12:00:00 a. m.",0,Fallo de dispositivo telemático: Se eliminó toda la energía y se reinició el dispositivo,,Telematics Device,Telematics device,130,,
A-05502-A,"Vehicle, Conductores del mundo","sep. 08, 2025 10:58:56 a. m.","ene. 00, 1900 12:00:00 a. m.",0,Device reset due to parameter change,,Telematics Device,Telematics device,377,,
A-05502-A,"Vehicle, Conductores del mundo","sep. 09, 2025 12:42:15 a. m.","ene. 00, 1900 12:00:00 a. m.",0,Telematics device fault: internal reset initiated,,Telematics Device,Telematics device,292,,
A-05502-A,"Vehicle, Conductores del mundo","sep. 09, 2025 8:07:19 p. m.","ene. 00, 1900 12:00:00 a. m.",0,Telematics device fault: internal reset initiated,,Telematics Device,Telematics device,292,,
A-05502-A,"Vehicle, Conductores del mundo","sep. 22, 2025 3:36:46 p. m.","ene. 00, 1900 12:00:00 a. m.",0,Telematics device fault: internal reset initiated,,Telematics Device,Telematics device,292,,
A-05502-A,"Vehicle, Conductores del mundo","sep. 25, 2025 2:37:43 p. m.","ene. 00, 1900 12:00:00 a. m.",0,Telematics device fault: internal reset initiated,,Telematics Device,Telematics device,292,,
A-05503-A,"Vehicle, Conductores del mundo","sep. 01, 2025 6:44:30 a. m.","ene. 00, 1900 12:00:00 a. m.",0,Vehicle speed sensor A circuit low,No sub type information,OBD with Source Address Information,OBD Powertrain,P0502,,
A-05503-A,"Vehicle, Conductores del mundo","sep. 01, 2025 6:44:31 a. m.","ene. 00, 1900 12:00:00 a. m.",0,Vehicle speed sensor A circuit low,No sub type information,OBD with Source Address Information,OBD Powertrain,P0502,,
A-05503-A,"Vehicle, Conductores del mundo","sep. 01, 2025 6:44:50 a. m.","ene. 00, 1900 12:00:00 a. m.",0,La luz de advertencia del vehículo está encendida,,Telematics Device,Telematics device,168,,
A-05503-A,"Vehicle, Conductores del mundo","sep. 01, 2025 8:26:33 a. m.","ene. 00, 1900 12:00:00 a. m.",0,Vehicle speed sensor A circuit low,No sub type information,OBD with Source Address Information,OBD Powertrain,P0502,,
A-05503-A,"Vehicle, Conductores del mundo","sep. 01, 2025 8:26:34 a. m.","ene. 00, 1900 12:00:00 a. m.",0,Vehicle speed sensor A circuit low,No sub type information,OBD with Source Address Information,OBD Powertrain,P0502,,
A-05503-A,"Vehicle, Conductores del mundo","sep. 01, 2025 8:26:54 a. m.","ene. 00, 1900 12:00:00 a. m.",0,La luz de advertencia del vehículo está encendida,,Telematics Device,Telematics device,168,,
A-05503-A,"Vehicle, Conductores del mundo","sep. 01, 2025 9:04:02 a. m.","ene. 00, 1900 12:00:00 a. m.",0,Vehicle speed sensor A circuit low,No sub type information,OBD with Source Address Information,OBD Powertrain,P0502,,
A-05503-A,"Vehicle, Conductores del mundo","sep. 01, 2025 9:04:03 a. m.","ene. 00, 1900 12:00:00 a. m.",0,Vehicle speed sensor A circuit low,No sub type information,OBD with Source Address Information,OBD Powertrain,P0502,,
A-05503-A,"Vehicle, Conductores del mundo","sep. 01, 2025 9:04:23 a. m.","ene. 00, 1900 12:00:00 a. m.",0,La luz de advertencia del vehículo está encendida,,Telematics Device,Telematics device,168,,
A-05503-A,"Vehicle, Conductores del mundo","sep. 01, 2025 10:23:20 a. m.","ene. 00, 1900 12:00:00 a. m.",0,Vehicle speed sensor A circuit low,No sub type information,OBD with Source Address Information,OBD Powertrain,P0502,,
A-05503-A,"Vehicle, Conductores del mundo","sep. 01, 2025 10:23:21 a. m.","ene. 00, 1900 12:00:00 a. m.",0,Vehicle speed sensor A circuit low,No sub type information,OBD with Source Address Information,OBD Powertrain,P0502,,
A-05503-A,"Vehicle, Conductores del mundo","sep. 01, 2025 10:23:40 a. m.","ene. 00, 1900 12:00:00 a. m.",0,La luz de advertencia del vehículo está encendida,,Telematics Device,Telematics device,168,,
A-05503-A,"Vehicle, Conductores del mundo","sep. 01, 2025 10:37:35 a. m.","ene. 00, 1900 12:00:00 a. m.",0,Vehicle speed sensor A circuit low,No sub type information,OBD with Source Address Information,OBD Powertrain,P0502,,
A-05503-A,"Vehicle, Conductores del mundo","sep. 01, 2025 10:37:35 a. m.","ene. 00, 1900 12:00:00 a. m.",0,Vehicle speed sensor A circuit low,No sub type information,OBD with Source Address Information,OBD Powertrain,P0502,,
A-05503-A,"Vehicle, Conductores del mundo","sep. 01, 2025 10:37:55 a. m.","ene. 00, 1900 12:00:00 a. m.",0,La luz de advertencia del vehículo está encendida,,Telematics Device,Telematics device,168,,
A-05503-A,"Vehicle, Conductores del mundo","sep. 01, 2025 1:08:15 p. m.","ene. 00, 1900 12:00:00 a. m.",0,Vehicle speed sensor A circuit low,No sub type information,OBD with Source Address Information,OBD Powertrain,P0502,,
A-05503-A,"Vehicle, Conductores del mundo","sep. 01, 2025 1:08:15 p. m.","ene. 00, 1900 12:00:00 a. m.",0,Vehicle speed sensor A circuit low,No sub type information,OBD with Source Address Information,OBD Powertrain,P0502,,
A-05503-A,"Vehicle, Conductores del mundo","sep. 01, 2025 1:08:35 p. m.","ene. 00, 1900 12:00:00 a. m.",0,La luz de advertencia del vehículo está encendida,,Telematics Device,Telematics device,168,,
A-05503-A,"Vehicle, Conductores del mundo","sep. 01, 2025 1:23:32 p. m.","ene. 00, 1900 12:00:00 a. m.",0,Vehicle speed sensor A circuit low,No sub type information,OBD with Source Address Information,OBD Powertrain,P0502,,
A-05503-A,"Vehicle, Conductores del mundo","sep. 01, 2025 1:23:32 p. m.","ene. 00, 1900 12:00:00 a. m.",0,Vehicle speed sensor A circuit low,No sub type information,OBD with Source Address Information,OBD Powertrain,P0502,,
A-05503-A,"Vehicle, Conductores del mundo","sep. 01, 2025 1:23:52 p. m.","ene. 00, 1900 12:00:00 a. m.",0,La luz de advertencia del vehículo está encendida,,Telematics Device,Telematics device,168,,
A-05503-A,"Vehicle, Conductores del mundo","sep. 01, 2025 3:46:59 p. m.","ene. 00, 1900 12:00:00 a. m.",0,Vehicle speed sensor A circuit low,No sub type information,OBD with Source Address Information,OBD Powertrain,P0502,,
A-05503-A,"Vehicle, Conductores del mundo","sep. 01, 2025 3:46:59 p. m.","ene. 00, 1900 12:00:00 a. m.",0,Vehicle speed sensor A circuit low,No sub type information,OBD with Source Address Information,OBD Powertrain,P0502,,
A-05503-A,"Vehicle, Conductores del mundo","sep. 01, 2025 3:47:19 p. m.","ene. 00, 1900 12:00:00 a. m.",0,La luz de advertencia del vehículo está encendida,,Telematics Device,Telematics device,168,,
A-05503-A,"Vehicle, Conductores del mundo","sep. 01, 2025 4:06:09 p. m.","ene. 00, 1900 12:00:00 a. m.",0,Vehicle speed sensor A circuit low,No sub type information,OBD with Source Address Information,OBD Powertrain,P0502,,
A-05503-A,"Vehicle, Conductores del mundo","sep. 01, 2025 4:06:09 p. m.","ene. 00, 1900 12:00:00 a. m.",0,Vehicle speed sensor A circuit low,No sub type information,OBD with Source Address Information,OBD Powertrain,P0502,,
A-05503-A,"Vehicle, Conductores del mundo","sep. 01, 2025 4:06:29 p. m.","ene. 00, 1900 12:00:00 a. m.",0,La luz de advertencia del vehículo está encendida,,Telematics Device,Telematics device,168,,
A-05503-A,"Vehicle, Conductores del mundo","sep. 01, 2025 4:49:24 p. m.","ene. 00, 1900 12:00:00 a. m.",0,Vehicle speed sensor A circuit low,No sub type information,OBD with Source Address Information,OBD Powertrain,P0502,,
A-05503-A,"Vehicle, Conductores del mundo","sep. 01, 2025 4:49:25 p. m.","ene. 00, 1900 12:00:00 a. m.",0,Vehicle speed sensor A circuit low,No sub type information,OBD with Source Address Information,OBD Powertrain,P0502,,
A-05503-A,"Vehicle, Conductores del mundo","sep. 01, 2025 5:06:39 p. m.","ene. 00, 1900 12:00:00 a. m.",0,Vehicle speed sensor A circuit low,No sub type information,OBD with Source Address Information,OBD Powertrain,P0502,,
A-05503-A,"Vehicle, Conductores del mundo","sep. 01, 2025 5:06:39 p. m.","ene. 00, 1900 12:00:00 a. m.",0,Vehicle speed sensor A circuit low,No sub type information,OBD with Source Address Information,OBD Powertrain,P0502,,
A-05503-A,"Vehicle, Conductores del mundo","sep. 01, 2025 5:06:59 p. m.","ene. 00, 1900 12:00:00 a. m.",0,La luz de advertencia del vehículo está encendida,,Telematics Device,Telematics device,168,,
A-05503-A,"Vehicle, Conductores del mundo","sep. 01, 2025 6:08:32 p. m.","ene. 00, 1900 12:00:00 a. m.",0,Vehicle speed sensor A circuit low,No sub type information,OBD with Source Address Information,OBD Powertrain,P0502,,
A-05503-A,"Vehicle, Conductores del mundo","sep. 01, 2025 6:08:33 p. m.","ene. 00, 1900 12:00:00 a. m.",0,Vehicle speed sensor A circuit low,No sub type information,OBD with Source Address Information,OBD Powertrain,P0502,,
A-05503-A,"Vehicle, Conductores del mundo","sep. 01, 2025 6:08:52 p. m.","ene. 00, 1900 12:00:00 a. m.",0,La luz de advertencia del vehículo está encendida,,Telematics Device,Telematics device,168,,
A-05503-A,"Vehicle, Conductores del mundo","sep. 01, 2025 6:24:20 p. m.","ene. 00, 1900 12:00:00 a. m.",0,Vehicle speed sensor A circuit low,No sub type information,OBD with Source Address Information,OBD Powertrain,P0502,,
A-05503-A,"Vehicle, Conductores del mundo","sep. 01, 2025 6:24:20 p. m.","ene. 00, 1900 12:00:00 a. m.",0,Vehicle speed sensor A circuit low,No sub type information,OBD with Source Address Information,OBD Powertrain,P0502,,
A-05503-A,"Vehicle, Conductores del mundo","sep. 01, 2025 6:24:40 p. m.","ene. 00, 1900 12:00:00 a. m.",0,La luz de advertencia del vehículo está encendida,,Telematics Device,Telematics device,168,,
A-05503-A,"Vehicle, Conductores del mundo","sep. 01, 2025 6:29:40 p. m.","ene. 00, 1900 12:00:00 a. m.",0,Vehicle speed sensor A circuit low,No sub type information,OBD with Source Address Information,OBD Powertrain,P0502,,
A-05503-A,"Vehicle, Conductores del mundo","sep. 01, 2025 6:29:41 p. m.","ene. 00, 1900 12:00:00 a. m.",0,Vehicle speed sensor A circuit low,No sub type information,OBD with Source Address Information,OBD Powertrain,P0502,,
A-05503-A,"Vehicle, Conductores del mundo","sep. 01, 2025 6:30:00 p. m.","ene. 00, 1900 12:00:00 a. m.",0,La luz de advertencia del vehículo está encendida,,Telematics Device,Telematics device,168,,
A-05503-A,"Vehicle, Conductores del mundo","sep. 02, 2025 5:45:32 a. m.","ene. 00, 1900 12:00:00 a. m.",0,Vehicle speed sensor A circuit low,No sub type information,OBD with Source Address Information,OBD Powertrain,P0502,,
A-05503-A,"Vehicle, Conductores del mundo","sep. 02, 2025 5:45:32 a. m.","ene. 00, 1900 12:00:00 a. m.",0,Vehicle speed sensor A circuit low,No sub type information,OBD with Source Address Information,OBD Powertrain,P0502,,
A-05503-A,"Vehicle, Conductores del mundo","sep. 02, 2025 5:45:52 a. m.","ene. 00, 1900 12:00:00 a. m.",0,La luz de advertencia del vehículo está encendida,,Telematics Device,Telematics device,168,,
A-05503-A,"Vehicle, Conductores del mundo","sep. 02, 2025 6:22:30 a. m.","ene. 00, 1900 12:00:00 a. m.",0,Vehicle speed sensor A circuit low,No sub type information,OBD with Source Address Information,OBD Powertrain,P0502,,
A-05503-A,"Vehicle, Conductores del mundo","sep. 02, 2025 6:22:31 a. m.","ene. 00, 1900 12:00:00 a. m.",0,Vehicle speed sensor A circuit low,No sub type information,OBD with Source Address Information,OBD Powertrain,P0502,,
A-05503-A,"Vehicle, Conductores del mundo","sep. 02, 2025 6:22:51 a. m.","ene. 00, 1900 12:00:00 a. m.",0,La luz de advertencia del vehículo está encendida,,Telematics Device,Telematics device,168,,
A-05503-A,"Vehicle, Conductores del mundo","sep. 02, 2025 7:08:20 a. m.","ene. 00, 1900 12:00:00 a. m.",0,Vehicle speed sensor A circuit low,No sub type information,OBD with Source Address Information,OBD Powertrain,P0502,,
A-05503-A,"Vehicle, Conductores del mundo","sep. 02, 2025 7:08:20 a. m.","ene. 00, 1900 12:00:00 a. m.",0,Vehicle speed sensor A circuit low,No sub type information,OBD with Source Address Information,OBD Powertrain,P0502,,
A-05503-A,"Vehicle, Conductores del mundo","sep. 02, 2025 7:08:40 a. m.","ene. 00, 1900 12:00:00 a. m.",0,La luz de advertencia del vehículo está encendida,,Telematics Device,Telematics device,168,,
A-05503-A,"Vehicle, Conductores del mundo","sep. 02, 2025 7:14:24 a. m.","ene. 00, 1900 12:00:00 a. m.",0,Vehicle speed sensor A circuit low,No sub type information,OBD with Source Address Information,OBD Powertrain,P0502,,
A-05503-A,"Vehicle, Conductores del mundo","sep. 02, 2025 7:14:24 a. m.","ene. 00, 1900 12:00:00 a. m.",0,Vehicle speed sensor A circuit low,No sub type information,OBD with Source Address Information,OBD Powertrain,P0502,,
A-05503-A,"Vehicle, Conductores del mundo","sep. 02, 2025 7:14:44 a. m.","ene. 00, 1900 12:00:00 a. m.",0,La luz de advertencia del vehículo está encendida,,Telematics Device,Telematics device,168,,
A-05503-A,"Vehicle, Conductores del mundo","sep. 02, 2025 10:25:44 a. m.","ene. 00, 1900 12:00:00 a. m.",0,Vehicle speed sensor A circuit low,No sub type information,OBD with Source Address Information,OBD Powertrain,P0502,,
A-05503-A,"Vehicle, Conductores del mundo","sep. 02, 2025 10:25:45 a. m.","ene. 00, 1900 12:00:00 a. m.",0,Vehicle speed sensor A circuit low,No sub type information,OBD with Source Address Information,OBD Powertrain,P0502,,
A-05503-A,"Vehicle, Conductores del mundo","sep. 02, 2025 10:26:05 a. m.","ene. 00, 1900 12:00:00 a. m.",0,La luz de advertencia del vehículo está encendida,,Telematics Device,Telematics device,168,,
A-05503-A,"Vehicle, Conductores del mundo","sep. 02, 2025 10:44:38 a. m.","ene. 00, 1900 12:00:00 a. m.",0,Vehicle speed sensor A circuit low,No sub type information,OBD with Source Address Information,OBD Powertrain,P0502,,
A-05503-A,"Vehicle, Conductores del mundo","sep. 02, 2025 10:44:38 a. m.","ene. 00, 1900 12:00:00 a. m.",0,Vehicle speed sensor A circuit low,No sub type information,OBD with Source Address Information,OBD Powertrain,P0502,,
A-05503-A,"Vehicle, Conductores del mundo","sep. 02, 2025 10:44:59 a. m.","ene. 00, 1900 12:00:00 a. m.",0,La luz de advertencia del vehículo está encendida,,Telematics Device,Telematics device,168,,
A-05503-A,"Vehicle, Conductores del mundo","sep. 02, 2025 11:39:33 a. m.","ene. 00, 1900 12:00:00 a. m.",0,Vehicle speed sensor A circuit low,No sub type information,OBD with Source Address Information,OBD Powertrain,P0502,,
A-05503-A,"Vehicle, Conductores del mundo","sep. 02, 2025 11:39:33 a. m.","ene. 00, 1900 12:00:00 a. m.",0,Vehicle speed sensor A circuit low,No sub type information,OBD with Source Address Information,OBD Powertrain,P0502,,
A-05503-A,"Vehicle, Conductores del mundo","sep. 02, 2025 11:39:53 a. m.","ene. 00, 1900 12:00:00 a. m.",0,La luz de advertencia del vehículo está encendida,,Telematics Device,Telematics device,168,,
A-05503-A,"Vehicle, Conductores del mundo","sep. 02, 2025 12:51:03 p. m.","ene. 00, 1900 12:00:00 a. m.",0,Vehicle speed sensor A circuit low,No sub type information,OBD with Source Address Information,OBD Powertrain,P0502,,
A-05503-A,"Vehicle, Conductores del mundo","sep. 02, 2025 12:51:03 p. m.","ene. 00, 1900 12:00:00 a. m.",0,Vehicle speed sensor A circuit low,No sub type information,OBD with Source Address Information,OBD Powertrain,P0502,,
A-05503-A,"Vehicle, Conductores del mundo","sep. 02, 2025 12:51:23 p. m.","ene. 00, 1900 12:00:00 a. m.",0,La luz de advertencia del vehículo está encendida,,Telematics Device,Telematics device,168,,
A-05503-A,"Vehicle, Conductores del mundo","sep. 02, 2025 2:22:05 p. m.","ene. 00, 1900 12:00:00 a. m.",0,Vehicle speed sensor A circuit low,No sub type information,OBD with Source Address Information,OBD Powertrain,P0502,,
A-05503-A,"Vehicle, Conductores del mundo","sep. 02, 2025 2:22:05 p. m.","ene. 00, 1900 12:00:00 a. m.",0,Vehicle speed sensor A circuit low,No sub type information,OBD with Source Address Information,OBD Powertrain,P0502,,
A-05503-A,"Vehicle, Conductores del mundo","sep. 02, 2025 2:22:25 p. m.","ene. 00, 1900 12:00:00 a. m.",0,La luz de advertencia del vehículo está encendida,,Telematics Device,Telematics device,168,,
A-05503-A,"Vehicle, Conductores del mundo","sep. 02, 2025 3:39:29 p. m.","ene. 00, 1900 12:00:00 a. m.",0,Vehicle speed sensor A circuit low,No sub type information,OBD with Source Address Information,OBD Powertrain,P0502,,
A-05503-A,"Vehicle, Conductores del mundo","sep. 02, 2025 3:39:29 p. m.","ene. 00, 1900 12:00:00 a. m.",0,Vehicle speed sensor A circuit low,No sub type information,OBD with Source Address Information,OBD Powertrain,P0502,,
A-05503-A,"Vehicle, Conductores del mundo","sep. 02, 2025 3:39:49 p. m.","ene. 00, 1900 12:00:00 a. m.",0,La luz de advertencia del vehículo está encendida,,Telematics Device,Telematics device,168,,
A-05503-A,"Vehicle, Conductores del mundo","sep. 02, 2025 4:02:26 p. m.","ene. 00, 1900 12:00:00 a. m.",0,Vehicle speed sensor A circuit low,No sub type information,OBD with Source Address Information,OBD Powertrain,P0502,,
A-05503-A,"Vehicle, Conductores del mundo","sep. 02, 2025 4:02:27 p. m.","ene. 00, 1900 12:00:00 a. m.",0,Vehicle speed sensor A circuit low,No sub type information,OBD with Source Address Information,OBD Powertrain,P0502,,
A-05503-A,"Vehicle, Conductores del mundo","sep. 02, 2025 4:02:47 p. m.","ene. 00, 1900 12:00:00 a. m.",0,La luz de advertencia del vehículo está encendida,,Telematics Device,Telematics device,168,,
A-05503-A,"Vehicle, Conductores del mundo","sep. 02, 2025 5:26:22 p. m.","ene. 00, 1900 12:00:00 a. m.",0,Vehicle speed sensor A circuit low,No sub type information,OBD with Source Address Information,OBD Powertrain,P0502,,
A-05503-A,"Vehicle, Conductores del mundo","sep. 02, 2025 5:26:22 p. m.","ene. 00, 1900 12:00:00 a. m.",0,Vehicle speed sensor A circuit low,No sub type information,OBD with Source Address Information,OBD Powertrain,P0502,,
A-05503-A,"Vehicle, Conductores del mundo","sep. 02, 2025 5:26:42 p. m.","ene. 00, 1900 12:00:00 a. m.",0,La luz de advertencia del vehículo está encendida,,Telematics Device,Telematics device,168,,
A-05503-A,"Vehicle, Conductores del mundo","sep. 02, 2025 6:05:47 p. m.","ene. 00, 1900 12:00:00 a. m.",0,Vehicle speed sensor A circuit low,No sub type information,OBD with Source Address Information,OBD Powertrain,P0502,,
A-05503-A,"Vehicle, Conductores del mundo","sep. 02, 2025 6:05:47 p. m.","ene. 00, 1900 12:00:00 a. m.",0,Vehicle speed sensor A circuit low,No sub type information,OBD with Source Address Information,OBD Powertrain,P0502,,
A-05503-A,"Vehicle, Conductores del mundo","sep. 02, 2025 6:06:07 p. m.","ene. 00, 1900 12:00:00 a. m.",0,La luz de advertencia del vehículo está encendida,,Telematics Device,Telematics device,168,,
A-05503-A,"Vehicle, Conductores del mundo","sep. 02, 2025 6:24:35 p. m.","ene. 00, 1900 12:00:00 a. m.",0,Vehicle speed sensor A circuit low,No sub type information,OBD with Source Address Information,OBD Powertrain,P0502,,
A-05503-A,"Vehicle, Conductores del mundo","sep. 02, 2025 6:24:36 p. m.","ene. 00, 1900 12:00:00 a. m.",0,Vehicle speed sensor A circuit low,No sub type information,OBD with Source Address Information,OBD Powertrain,P0502,,
A-05503-A,"Vehicle, Conductores del mundo","sep. 02, 2025 6:24:56 p. m.","ene. 00, 1900 12:00:00 a. m.",0,La luz de advertencia del vehículo está encendida,,Telematics Device,Telematics device,168,,
A-05503-A,"Vehicle, Conductores del mundo","sep. 03, 2025 5:46:55 a. m.","ene. 00, 1900 12:00:00 a. m.",0,Vehicle speed sensor A circuit low,No sub type information,OBD with Source Address Information,OBD Powertrain,P0502,,
A-05503-A,"Vehicle, Conductores del mundo","sep. 03, 2025 5:46:55 a. m.","ene. 00, 1900 12:00:00 a. m.",0,Vehicle speed sensor A circuit low,No sub type information,OBD with Source Address Information,OBD Powertrain,P0502,,
A-05503-A,"Vehicle, Conductores del mundo","sep. 03, 2025 5:47:15 a. m.","ene. 00, 1900 12:00:00 a. m.",0,La luz de advertencia del vehículo está encendida,,Telematics Device,Telematics device,168,,
A-05503-A,"Vehicle, Conductores del mundo","sep. 03, 2025 7:11:50 a. m.","ene. 00, 1900 12:00:00 a. m.",0,Vehicle speed sensor A circuit low,No sub type information,OBD with Source Address Information,OBD Powertrain,P0502,,
A-05503-A,"Vehicle, Conductores del mundo","sep. 03, 2025 7:11:50 a. m.","ene. 00, 1900 12:00:00 a. m.",0,Vehicle speed sensor A circuit low,No sub type information,OBD with Source Address Information,OBD Powertrain,P0502,,
A-05503-A,"Vehicle, Conductores del mundo","sep. 03, 2025 7:12:10 a. m.","ene. 00, 1900 12:00:00 a. m.",0,La luz de advertencia del vehículo está encendida,,Telematics Device,Telematics device,168,,
A-05503-A,"Vehicle, Conductores del mundo","sep. 03, 2025 11:25:27 a. m.","ene. 00, 1900 12:00:00 a. m.",0,Vehicle speed sensor A circuit low,No sub type information,OBD with Source Address Information,OBD Powertrain,P0502,,
A-05503-A,"Vehicle, Conductores del mundo","sep. 03, 2025 11:25:27 a. m.","ene. 00, 1900 12:00:00 a. m.",0,Vehicle speed sensor A circuit low,No sub type information,OBD with Source Address Information,OBD Powertrain,P0502,,
A-05503-A,"Vehicle, Conductores del mundo","sep. 03, 2025 11:25:47 a. m.","ene. 00, 1900 12:00:00 a. m.",0,La luz de advertencia del vehículo está encendida,,Telematics Device,Telematics device,168,,
A-05503-A,"Vehicle, Conductores del mundo","sep. 03, 2025 11:39:20 a. m.","ene. 00, 1900 12:00:00 a. m.",0,Vehicle speed sensor A circuit low,No sub type information,OBD with Source Address Information,OBD Powertrain,P0502,,
A-05503-A,"Vehicle, Conductores del mundo","sep. 03, 2025 11:39:21 a. m.","ene. 00, 1900 12:00:00 a. m.",0,Vehicle speed sensor A circuit low,No sub type information,OBD with Source Address Information,OBD Powertrain,P0502,,
A-05503-A,"Vehicle, Conductores del mundo","sep. 03, 2025 11:39:40 a. m.","ene. 00, 1900 12:00:00 a. m.",0,La luz de advertencia del vehículo está encendida,,Telematics Device,Telematics device,168,,
A-05503-A,"Vehicle, Conductores del mundo","sep. 03, 2025 12:29:34 p. m.","ene. 00, 1900 12:00:00 a. m.",0,Vehicle speed sensor A circuit low,No sub type information,OBD with Source Address Information,OBD Powertrain,P0502,,
A-05503-A,"Vehicle, Conductores del mundo","sep. 03, 2025 12:29:34 p. m.","ene. 00, 1900 12:00:00 a. m.",0,Vehicle speed sensor A circuit low,No sub type information,OBD with Source Address Information,OBD Powertrain,P0502,,
A-05503-A,"Vehicle, Conductores del mundo","sep. 03, 2025 2:46:43 p. m.","ene. 00, 1900 12:00:00 a. m.",0,Vehicle speed sensor A circuit low,No sub type information,OBD with Source Address Information,OBD Powertrain,P0502,,
A-05503-A,"Vehicle, Conductores del mundo","sep. 03, 2025 2:46:43 p. m.","ene. 00, 1900 12:00:00 a. m.",0,Vehicle speed sensor A circuit low,No sub type information,OBD with Source Address Information,OBD Powertrain,P0502,,
A-05503-A,"Vehicle, Conductores del mundo","sep. 03, 2025 2:47:03 p. m.","ene. 00, 1900 12:00:00 a. m.",0,La luz de advertencia del vehículo está encendida,,Telematics Device,Telematics device,168,,
A-05503-A,"Vehicle, Conductores del mundo","sep. 03, 2025 3:02:51 p. m.","ene. 00, 1900 12:00:00 a. m.",0,Vehicle speed sensor A circuit low,No sub type information,OBD with Source Address Information,OBD Powertrain,P0502,,
A-05503-A,"Vehicle, Conductores del mundo","sep. 03, 2025 3:02:51 p. m.","ene. 00, 1900 12:00:00 a. m.",0,Vehicle speed sensor A circuit low,No sub type information,OBD with Source Address Information,OBD Powertrain,P0502,,
A-05503-A,"Vehicle, Conductores del mundo","sep. 03, 2025 3:03:11 p. m.","ene. 00, 1900 12:00:00 a. m.",0,La luz de advertencia del vehículo está encendida,,Telematics Device,Telematics device,168,,
A-05503-A,"Vehicle, Conductores del mundo","sep. 03, 2025 4:45:40 p. m.","ene. 00, 1900 12:00:00 a. m.",0,Vehicle speed sensor A circuit low,No sub type information,OBD with Source Address Information,OBD Powertrain,P0502,,
A-05503-A,"Vehicle, Conductores del mundo","sep. 03, 2025 4:45:41 p. m.","ene. 00, 1900 12:00:00 a. m.",0,Vehicle speed sensor A circuit low,No sub type information,OBD with Source Address Information,OBD Powertrain,P0502,,
A-05503-A,"Vehicle, Conductores del mundo","sep. 03, 2025 4:46:01 p. m.","ene. 00, 1900 12:00:00 a. m.",0,La luz de advertencia del vehículo está encendida,,Telematics Device,Telematics device,168,,
A-05503-A,"Vehicle, Conductores del mundo","sep. 03, 2025 5:02:59 p. m.","ene. 00, 1900 12:00:00 a. m.",0,Vehicle speed sensor A circuit low,No sub type information,OBD with Source Address Information,OBD Powertrain,P0502,,
A-05503-A,"Vehicle, Conductores del mundo","sep. 03, 2025 5:02:59 p. m.","ene. 00, 1900 12:00:00 a. m.",0,Vehicle speed sensor A circuit low,No sub type information,OBD with Source Address Information,OBD Powertrain,P0502,,
A-05503-A,"Vehicle, Conductores del mundo","sep. 03, 2025 5:03:19 p. m.","ene. 00, 1900 12:00:00 a. m.",0,La luz de advertencia del vehículo está encendida,,Telematics Device,Telematics device,168,,
A-05503-A,"Vehicle, Conductores del mundo","sep. 03, 2025 7:21:48 p. m.","ene. 00, 1900 12:00:00 a. m.",0,Vehicle speed sensor A circuit low,No sub type information,OBD with Source Address Information,OBD Powertrain,P0502,,
A-05503-A,"Vehicle, Conductores del mundo","sep. 03, 2025 7:21:50 p. m.","ene. 00, 1900 12:00:00 a. m.",0,Vehicle speed sensor A circuit low,No sub type information,OBD with Source Address Information,OBD Powertrain,P0502,,
A-05503-A,"Vehicle, Conductores del mundo","sep. 03, 2025 7:22:09 p. m.","ene. 00, 1900 12:00:00 a. m.",0,La luz de advertencia del vehículo está encendida,,Telematics Device,Telematics device,168,,
A-05503-A,"Vehicle, Conductores del mundo","sep. 03, 2025 8:02:20 p. m.","ene. 00, 1900 12:00:00 a. m.",0,Vehicle speed sensor A circuit low,No sub type information,OBD with Source Address Information,OBD Powertrain,P0502,,
A-05503-A,"Vehicle, Conductores del mundo","sep. 03, 2025 8:02:21 p. m.","ene. 00, 1900 12:00:00 a. m.",0,Vehicle speed sensor A circuit low,No sub type information,OBD with Source Address Information,OBD Powertrain,P0502,,
A-05503-A,"Vehicle, Conductores del mundo","sep. 03, 2025 8:02:40 p. m.","ene. 00, 1900 12:00:00 a. m.",0,La luz de advertencia del vehículo está encendida,,Telematics Device,Telematics device,168,,
A-05503-A,"Vehicle, Conductores del mundo","sep. 03, 2025 8:20:21 p. m.","ene. 00, 1900 12:00:00 a. m.",0,Vehicle speed sensor A circuit low,No sub type information,OBD with Source Address Information,OBD Powertrain,P0502,,
A-05503-A,"Vehicle, Conductores del mundo","sep. 03, 2025 8:20:21 p. m.","ene. 00, 1900 12:00:00 a. m.",0,Vehicle speed sensor A circuit low,No sub type information,OBD with Source Address Information,OBD Powertrain,P0502,,
A-05503-A,"Vehicle, Conductores del mundo","sep. 03, 2025 8:20:41 p. m.","ene. 00, 1900 12:00:00 a. m.",0,La luz de advertencia del vehículo está encendida,,Telematics Device,Telematics device,168,,
A-05503-A,"Vehicle, Conductores del mundo","sep. 03, 2025 8:30:01 p. m.","ene. 00, 1900 12:00:00 a. m.",0,Vehicle speed sensor A circuit low,No sub type information,OBD with Source Address Information,OBD Powertrain,P0502,,
A-05503-A,"Vehicle, Conductores del mundo","sep. 03, 2025 8:30:01 p. m.","ene. 00, 1900 12:00:00 a. m.",0,Vehicle speed sensor A circuit low,No sub type information,OBD with Source Address Information,OBD Powertrain,P0502,,
A-05503-A,"Vehicle, Conductores del mundo","sep. 03, 2025 8:30:21 p. m.","ene. 00, 1900 12:00:00 a. m.",0,La luz de advertencia del vehículo está encendida,,Telematics Device,Telematics device,168,,
A-05503-A,"Vehicle, Conductores del mundo","sep. 03, 2025 8:47:17 p. m.","ene. 00, 1900 12:00:00 a. m.",0,Vehicle speed sensor A circuit low,No sub type information,OBD with Source Address Information,OBD Powertrain,P0502,,
A-05503-A,"Vehicle, Conductores del mundo","sep. 03, 2025 8:47:17 p. m.","ene. 00, 1900 12:00:00 a. m.",0,Vehicle speed sensor A circuit low,No sub type information,OBD with Source Address Information,OBD Powertrain,P0502,,
A-05503-A,"Vehicle, Conductores del mundo","sep. 03, 2025 8:47:37 p. m.","ene. 00, 1900 12:00:00 a. m.",0,La luz de advertencia del vehículo está encendida,,Telematics Device,Telematics device,168,,
A-05503-A,"Vehicle, Conductores del mundo","sep. 04, 2025 5:54:17 a. m.","ene. 00, 1900 12:00:00 a. m.",0,Vehicle speed sensor A circuit low,No sub type information,OBD with Source Address Information,OBD Powertrain,P0502,,
A-05503-A,"Vehicle, Conductores del mundo","sep. 04, 2025 5:54:18 a. m.","ene. 00, 1900 12:00:00 a. m.",0,Vehicle speed sensor A circuit low,No sub type information,OBD with Source Address Information,OBD Powertrain,P0502,,
A-05503-A,"Vehicle, Conductores del mundo","sep. 04, 2025 5:54:37 a. m.","ene. 00, 1900 12:00:00 a. m.",0,La luz de advertencia del vehículo está encendida,,Telematics Device,Telematics device,168,,
A-05503-A,"Vehicle, Conductores del mundo","sep. 04, 2025 7:17:47 a. m.","ene. 00, 1900 12:00:00 a. m.",0,Vehicle speed sensor A circuit low,No sub type information,OBD with Source Address Information,OBD Powertrain,P0502,,
A-05503-A,"Vehicle, Conductores del mundo","sep. 04, 2025 7:17:47 a. m.","ene. 00, 1900 12:00:00 a. m.",0,Vehicle speed sensor A circuit low,No sub type information,OBD with Source Address Information,OBD Powertrain,P0502,,
A-05503-A,"Vehicle, Conductores del mundo","sep. 04, 2025 7:18:07 a. m.","ene. 00, 1900 12:00:00 a. m.",0,La luz de advertencia del vehículo está encendida,,Telematics Device,Telematics device,168,,
A-05503-A,"Vehicle, Conductores del mundo","sep. 04, 2025 11:00:35 a. m.","ene. 00, 1900 12:00:00 a. m.",0,Vehicle speed sensor A circuit low,No sub type information,OBD with Source Address Information,OBD Powertrain,P0502,,
A-05503-A,"Vehicle, Conductores del mundo","sep. 04, 2025 11:00:35 a. m.","ene. 00, 1900 12:00:00 a. m.",0,Vehicle speed sensor A circuit low,No sub type information,OBD with Source Address Information,OBD Powertrain,P0502,,
A-05503-A,"Vehicle, Conductores del mundo","sep. 04, 2025 11:00:55 a. m.","ene. 00, 1900 12:00:00 a. m.",0,La luz de advertencia del vehículo está encendida,,Telematics Device,Telematics device,168,,
A-05503-A,"Vehicle, Conductores del mundo","sep. 04, 2025 11:39:14 a. m.","ene. 00, 1900 12:00:00 a. m.",0,Vehicle speed sensor A circuit low,No sub type information,OBD with Source Address Information,OBD Powertrain,P0502,,
A-05503-A,"Vehicle, Conductores del mundo","sep. 04, 2025 11:39:15 a. m.","ene. 00, 1900 12:00:00 a. m.",0,Vehicle speed sensor A circuit low,No sub type information,OBD with Source Address Information,OBD Powertrain,P0502,,
A-05503-A,"Vehicle, Conductores del mundo","sep. 04, 2025 11:39:34 a. m.","ene. 00, 1900 12:00:00 a. m.",0,La luz de advertencia del vehículo está encendida,,Telematics Device,Telematics device,168,,
A-05503-A,"Vehicle, Conductores del mundo","sep. 04, 2025 11:48:14 a. m.","ene. 00, 1900 12:00:00 a. m.",0,Vehicle speed sensor A circuit low,No sub type information,OBD with Source Address Information,OBD Powertrain,P0502,,
A-05503-A,"Vehicle, Conductores del mundo","sep. 04, 2025 11:48:14 a. m.","ene. 00, 1900 12:00:00 a. m.",0,Vehicle speed sensor A circuit low,No sub type information,OBD with Source Address Information,OBD Powertrain,P0502,,
A-05503-A,"Vehicle, Conductores del mundo","sep. 04, 2025 11:48:34 a. m.","ene. 00, 1900 12:00:00 a. m.",0,La luz de advertencia del vehículo está encendida,,Telematics Device,Telematics device,168,,
A-05503-A,"Vehicle, Conductores del mundo","sep. 04, 2025 3:10:38 p. m.","ene. 00, 1900 12:00:00 a. m.",0,Vehicle speed sensor A circuit low,No sub type information,OBD with Source Address Information,OBD Powertrain,P0502,,
A-05503-A,"Vehicle, Conductores del mundo","sep. 04, 2025 3:10:38 p. m.","ene. 00, 1900 12:00:00 a. m.",0,Vehicle speed sensor A circuit low,No sub type information,OBD with Source Address Information,OBD Powertrain,P0502,,
A-05503-A,"Vehicle, Conductores del mundo","sep. 04, 2025 3:10:58 p. m.","ene. 00, 1900 12:00:00 a. m.",0,La luz de advertencia del vehículo está encendida,,Telematics Device,Telematics device,168,,
A-05503-A,"Vehicle, Conductores del mundo","sep. 04, 2025 3:25:43 p. m.","ene. 00, 1900 12:00:00 a. m.",0,Vehicle speed sensor A circuit low,No sub type information,OBD with Source Address Information,OBD Powertrain,P0502,,
A-05503-A,"Vehicle, Conductores del mundo","sep. 04, 2025 3:25:44 p. m.","ene. 00, 1900 12:00:00 a. m.",0,Vehicle speed sensor A circuit low,No sub type information,OBD with Source Address Information,OBD Powertrain,P0502,,
A-05503-A,"Vehicle, Conductores del mundo","sep. 04, 2025 3:26:03 p. m.","ene. 00, 1900 12:00:00 a. m.",0,La luz de advertencia del vehículo está encendida,,Telematics Device,Telematics device,168,,
A-05503-A,"Vehicle, Conductores del mundo","sep. 04, 2025 4:33:53 p. m.","ene. 00, 1900 12:00:00 a. m.",0,Vehicle speed sensor A circuit low,No sub type information,OBD with Source Address Information,OBD Powertrain,P0502,,
A-05503-A,"Vehicle, Conductores del mundo","sep. 04, 2025 4:33:54 p. m.","ene. 00, 1900 12:00:00 a. m.",0,Vehicle speed sensor A circuit low,No sub type information,OBD with Source Address Information,OBD Powertrain,P0502,,
A-05503-A,"Vehicle, Conductores del mundo","sep. 04, 2025 4:34:13 p. m.","ene. 00, 1900 12:00:00 a. m.",0,La luz de advertencia del vehículo está encendida,,Telematics Device,Telematics device,168,,
A-05503-A,"Vehicle, Conductores del mundo","sep. 04, 2025 4:52:03 p. m.","ene. 00, 1900 12:00:00 a. m.",0,Vehicle speed sensor A circuit low,No sub type information,OBD with Source Address Information,OBD Powertrain,P0502,,
A-05503-A,"Vehicle, Conductores del mundo","sep. 04, 2025 4:52:03 p. m.","ene. 00, 1900 12:00:00 a. m.",0,Vehicle speed sensor A circuit low,No sub type information,OBD with Source Address Information,OBD Powertrain,P0502,,
A-05503-A,"Vehicle, Conductores del mundo","sep. 04, 2025 4:52:23 p. m.","ene. 00, 1900 12:00:00 a. m.",0,La luz de advertencia del vehículo está encendida,,Telematics Device,Telematics device,168,,
A-05503-A,"Vehicle, Conductores del mundo","sep. 04, 2025 7:11:14 p. m.","ene. 00, 1900 12:00:00 a. m.",0,Vehicle speed sensor A circuit low,No sub type information,OBD with Source Address Information,OBD Powertrain,P0502,,
A-05503-A,"Vehicle, Conductores del mundo","sep. 04, 2025 7:11:15 p. m.","ene. 00, 1900 12:00:00 a. m.",0,Vehicle speed sensor A circuit low,No sub type information,OBD with Source Address Information,OBD Powertrain,P0502,,
A-05503-A,"Vehicle, Conductores del mundo","sep. 04, 2025 7:11:35 p. m.","ene. 00, 1900 12:00:00 a. m.",0,La luz de advertencia del vehículo está encendida,,Telematics Device,Telematics device,168,,
A-05503-A,"Vehicle, Conductores del mundo","sep. 04, 2025 7:33:12 p. m.","ene. 00, 1900 12:00:00 a. m.",0,Vehicle speed sensor A circuit low,No sub type information,OBD with Source Address Information,OBD Powertrain,P0502,,
A-05503-A,"Vehicle, Conductores del mundo","sep. 04, 2025 7:33:12 p. m.","ene. 00, 1900 12:00:00 a. m.",0,Vehicle speed sensor A circuit low,No sub type information,OBD with Source Address Information,OBD Powertrain,P0502,,
A-05503-A,"Vehicle, Conductores del mundo","sep. 04, 2025 7:33:32 p. m.","ene. 00, 1900 12:00:00 a. m.",0,La luz de advertencia del vehículo está encendida,,Telematics Device,Telematics device,168,,
A-05503-A,"Vehicle, Conductores del mundo","sep. 04, 2025 9:07:24 p. m.","ene. 00, 1900 12:00:00 a. m.",0,Vehicle speed sensor A circuit low,No sub type information,OBD with Source Address Information,OBD Powertrain,P0502,,
A-05503-A,"Vehicle, Conductores del mundo","sep. 04, 2025 9:07:24 p. m.","ene. 00, 1900 12:00:00 a. m.",0,Vehicle speed sensor A circuit low,No sub type information,OBD with Source Address Information,OBD Powertrain,P0502,,
A-05503-A,"Vehicle, Conductores del mundo","sep. 04, 2025 9:07:44 p. m.","ene. 00, 1900 12:00:00 a. m.",0,La luz de advertencia del vehículo está encendida,,Telematics Device,Telematics device,168,,
A-05503-A,"Vehicle, Conductores del mundo","sep. 05, 2025 6:22:02 a. m.","ene. 00, 1900 12:00:00 a. m.",0,Vehicle speed sensor A circuit low,No sub type information,OBD with Source Address Information,OBD Powertrain,P0502,,
A-05503-A,"Vehicle, Conductores del mundo","sep. 05, 2025 6:22:02 a. m.","ene. 00, 1900 12:00:00 a. m.",0,Vehicle speed sensor A circuit low,No sub type information,OBD with Source Address Information,OBD Powertrain,P0502,,
A-05503-A,"Vehicle, Conductores del mundo","sep. 05, 2025 6:22:22 a. m.","ene. 00, 1900 12:00:00 a. m.",0,La luz de advertencia del vehículo está encendida,,Telematics Device,Telematics device,168,,
A-05503-A,"Vehicle, Conductores del mundo","sep. 05, 2025 7:09:47 a. m.","ene. 00, 1900 12:00:00 a. m.",0,Vehicle speed sensor A circuit low,No sub type information,OBD with Source Address Information,OBD Powertrain,P0502,,
A-05503-A,"Vehicle, Conductores del mundo","sep. 05, 2025 7:09:48 a. m.","ene. 00, 1900 12:00:00 a. m.",0,Vehicle speed sensor A circuit low,No sub type information,OBD with Source Address Information,OBD Powertrain,P0502,,
A-05503-A,"Vehicle, Conductores del mundo","sep. 05, 2025 7:10:08 a. m.","ene. 00, 1900 12:00:00 a. m.",0,La luz de advertencia del vehículo está encendida,,Telematics Device,Telematics device,168,,
A-05503-A,"Vehicle, Conductores del mundo","sep. 05, 2025 7:39:10 a. m.","ene. 00, 1900 12:00:00 a. m.",0,Vehicle speed sensor A circuit low,No sub type information,OBD with Source Address Information,OBD Powertrain,P0502,,
A-05503-A,"Vehicle, Conductores del mundo","sep. 05, 2025 7:39:11 a. m.","ene. 00, 1900 12:00:00 a. m.",0,Vehicle speed sensor A circuit low,No sub type information,OBD with Source Address Information,OBD Powertrain,P0502,,
A-05503-A,"Vehicle, Conductores del mundo","sep. 05, 2025 7:39:30 a. m.","ene. 00, 1900 12:00:00 a. m.",0,La luz de advertencia del vehículo está encendida,,Telematics Device,Telematics device,168,,
A-05503-A,"Vehicle, Conductores del mundo","sep. 05, 2025 8:20:53 a. m.","ene. 00, 1900 12:00:00 a. m.",0,Vehicle speed sensor A circuit low,No sub type information,OBD with Source Address Information,OBD Powertrain,P0502,,
A-05503-A,"Vehicle, Conductores del mundo","sep. 05, 2025 8:20:53 a. m.","ene. 00, 1900 12:00:00 a. m.",0,Vehicle speed sensor A circuit low,No sub type information,OBD with Source Address Information,OBD Powertrain,P0502,,
A-05503-A,"Vehicle, Conductores del mundo","sep. 05, 2025 8:21:13 a. m.","ene. 00, 1900 12:00:00 a. m.",0,La luz de advertencia del vehículo está encendida,,Telematics Device,Telematics device,168,,
A-05503-A,"Vehicle, Conductores del mundo","sep. 05, 2025 9:04:59 a. m.","ene. 00, 1900 12:00:00 a. m.",0,Vehicle speed sensor A circuit low,No sub type information,OBD with Source Address Information,OBD Powertrain,P0502,,
A-05503-A,"Vehicle, Conductores del mundo","sep. 05, 2025 9:04:59 a. m.","ene. 00, 1900 12:00:00 a. m.",0,Vehicle speed sensor A circuit low,No sub type information,OBD with Source Address Information,OBD Powertrain,P0502,,
A-05503-A,"Vehicle, Conductores del mundo","sep. 05, 2025 9:05:19 a. m.","ene. 00, 1900 12:00:00 a. m.",0,La luz de advertencia del vehículo está encendida,,Telematics Device,Telematics device,168,,
A-05503-A,"Vehicle, Conductores del mundo","sep. 05, 2025 9:32:32 a. m.","ene. 00, 1900 12:00:00 a. m.",0,Vehicle speed sensor A circuit low,No sub type information,OBD with Source Address Information,OBD Powertrain,P0502,,
A-05503-A,"Vehicle, Conductores del mundo","sep. 05, 2025 9:32:33 a. m.","ene. 00, 1900 12:00:00 a. m.",0,Vehicle speed sensor A circuit low,No sub type information,OBD with Source Address Information,OBD Powertrain,P0502,,
A-05503-A,"Vehicle, Conductores del mundo","sep. 05, 2025 9:32:52 a. m.","ene. 00, 1900 12:00:00 a. m.",0,La luz de advertencia del vehículo está encendida,,Telematics Device,Telematics device,168,,
A-05503-A,"Vehicle, Conductores del mundo","sep. 05, 2025 10:05:14 a. m.","ene. 00, 1900 12:00:00 a. m.",0,Vehicle speed sensor A circuit low,No sub type information,OBD with Source Address Information,OBD Powertrain,P0502,,
A-05503-A,"Vehicle, Conductores del mundo","sep. 05, 2025 10:05:14 a. m.","ene. 00, 1900 12:00:00 a. m.",0,Vehicle speed sensor A circuit low,No sub type information,OBD with Source Address Information,OBD Powertrain,P0502,,
A-05503-A,"Vehicle, Conductores del mundo","sep. 05, 2025 10:05:34 a. m.","ene. 00, 1900 12:00:00 a. m.",0,La luz de advertencia del vehículo está encendida,,Telematics Device,Telematics device,168,,
A-05503-A,"Vehicle, Conductores del mundo","sep. 05, 2025 10:32:54 a. m.","ene. 00, 1900 12:00:00 a. m.",0,Vehicle speed sensor A circuit low,No sub type information,OBD with Source Address Information,OBD Powertrain,P0502,,
A-05503-A,"Vehicle, Conductores del mundo","sep. 05, 2025 10:32:54 a. m.","ene. 00, 1900 12:00:00 a. m.",0,Vehicle speed sensor A circuit low,No sub type information,OBD with Source Address Information,OBD Powertrain,P0502,,
A-05503-A,"Vehicle, Conductores del mundo","sep. 05, 2025 10:33:14 a. m.","ene. 00, 1900 12:00:00 a. m.",0,La luz de advertencia del vehículo está encendida,,Telematics Device,Telematics device,168,,
A-05503-A,"Vehicle, Conductores del mundo","sep. 05, 2025 11:06:56 a. m.","ene. 00, 1900 12:00:00 a. m.",0,Vehicle speed sensor A circuit low,No sub type information,OBD with Source Address Information,OBD Powertrain,P0502,,
A-05503-A,"Vehicle, Conductores del mundo","sep. 05, 2025 11:06:56 a. m.","ene. 00, 1900 12:00:00 a. m.",0,Vehicle speed sensor A circuit low,No sub type information,OBD with Source Address Information,OBD Powertrain,P0502,,
A-05503-A,"Vehicle, Conductores del mundo","sep. 05, 2025 11:07:16 a. m.","ene. 00, 1900 12:00:00 a. m.",0,La luz de advertencia del vehículo está encendida,,Telematics Device,Telematics device,168,,
A-05503-A,"Vehicle, Conductores del mundo","sep. 05, 2025 12:05:18 p. m.","ene. 00, 1900 12:00:00 a. m.",0,Vehicle speed sensor A circuit low,No sub type information,OBD with Source Address Information,OBD Powertrain,P0502,,
A-05503-A,"Vehicle, Conductores del mundo","sep. 05, 2025 12:05:18 p. m.","ene. 00, 1900 12:00:00 a. m.",0,Vehicle speed sensor A circuit low,No sub type information,OBD with Source Address Information,OBD Powertrain,P0502,,
A-05503-A,"Vehicle, Conductores del mundo","sep. 05, 2025 12:05:38 p. m.","ene. 00, 1900 12:00:00 a. m.",0,La luz de advertencia del vehículo está encendida,,Telematics Device,Telematics device,168,,
A-05503-A,"Vehicle, Conductores del mundo","sep. 05, 2025 12:32:53 p. m.","ene. 00, 1900 12:00:00 a. m.",0,Vehicle speed sensor A circuit low,No sub type information,OBD with Source Address Information,OBD Powertrain,P0502,,
A-05503-A,"Vehicle, Conductores del mundo","sep. 05, 2025 12:32:54 p. m.","ene. 00, 1900 12:00:00 a. m.",0,Vehicle speed sensor A circuit low,No sub type information,OBD with Source Address Information,OBD Powertrain,P0502,,
A-05503-A,"Vehicle, Conductores del mundo","sep. 05, 2025 12:33:14 p. m.","ene. 00, 1900 12:00:00 a. m.",0,La luz de advertencia del vehículo está encendida,,Telematics Device,Telematics device,168,,
A-05503-A,"Vehicle, Conductores del mundo","sep. 05, 2025 1:07:11 p. m.","ene. 00, 1900 12:00:00 a. m.",0,Vehicle speed sensor A circuit low,No sub type information,OBD with Source Address Information,OBD Powertrain,P0502,,
A-05503-A,"Vehicle, Conductores del mundo","sep. 05, 2025 1:07:12 p. m.","ene. 00, 1900 12:00:00 a. m.",0,Vehicle speed sensor A circuit low,No sub type information,OBD with Source Address Information,OBD Powertrain,P0502,,
A-05503-A,"Vehicle, Conductores del mundo","sep. 05, 2025 1:07:32 p. m.","ene. 00, 1900 12:00:00 a. m.",0,La luz de advertencia del vehículo está encendida,,Telematics Device,Telematics device,168,,
A-05503-A,"Vehicle, Conductores del mundo","sep. 05, 2025 2:05:09 p. m.","ene. 00, 1900 12:00:00 a. m.",0,Vehicle speed sensor A circuit low,No sub type information,OBD with Source Address Information,OBD Powertrain,P0502,,
A-05503-A,"Vehicle, Conductores del mundo","sep. 05, 2025 2:05:09 p. m.","ene. 00, 1900 12:00:00 a. m.",0,Vehicle speed sensor A circuit low,No sub type information,OBD with Source Address Information,OBD Powertrain,P0502,,
A-05503-A,"Vehicle, Conductores del mundo","sep. 05, 2025 2:05:29 p. m.","ene. 00, 1900 12:00:00 a. m.",0,La luz de advertencia del vehículo está encendida,,Telematics Device,Telematics device,168,,
A-05503-A,"Vehicle, Conductores del mundo","sep. 05, 2025 2:32:00 p. m.","ene. 00, 1900 12:00:00 a. m.",0,Vehicle speed sensor A circuit low,No sub type information,OBD with Source Address Information,OBD Powertrain,P0502,,
A-05503-A,"Vehicle, Conductores del mundo","sep. 05, 2025 2:32:00 p. m.","ene. 00, 1900 12:00:00 a. m.",0,Vehicle speed sensor A circuit low,No sub type information,OBD with Source Address Information,OBD Powertrain,P0502,,
A-05503-A,"Vehicle, Conductores del mundo","sep. 05, 2025 2:32:20 p. m.","ene. 00, 1900 12:00:00 a. m.",0,La luz de advertencia del vehículo está encendida,,Telematics Device,Telematics device,168,,
A-05503-A,"Vehicle, Conductores del mundo","sep. 05, 2025 3:06:10 p. m.","ene. 00, 1900 12:00:00 a. m.",0,Vehicle speed sensor A circuit low,No sub type information,OBD with Source Address Information,OBD Powertrain,P0502,,
A-05503-A,"Vehicle, Conductores del mundo","sep. 05, 2025 3:06:10 p. m.","ene. 00, 1900 12:00:00 a. m.",0,Vehicle speed sensor A circuit low,No sub type information,OBD with Source Address Information,OBD Powertrain,P0502,,
A-05503-A,"Vehicle, Conductores del mundo","sep. 05, 2025 3:06:30 p. m.","ene. 00, 1900 12:00:00 a. m.",0,La luz de advertencia del vehículo está encendida,,Telematics Device,Telematics device,168,,
A-05503-A,"Vehicle, Conductores del mundo","sep. 05, 2025 4:03:28 p. m.","ene. 00, 1900 12:00:00 a. m.",0,Vehicle speed sensor A circuit low,No sub type information,OBD with Source Address Information,OBD Powertrain,P0502,,
A-05503-A,"Vehicle, Conductores del mundo","sep. 05, 2025 4:03:28 p. m.","ene. 00, 1900 12:00:00 a. m.",0,Vehicle speed sensor A circuit low,No sub type information,OBD with Source Address Information,OBD Powertrain,P0502,,
A-05503-A,"Vehicle, Conductores del mundo","sep. 05, 2025 4:03:48 p. m.","ene. 00, 1900 12:00:00 a. m.",0,La luz de advertencia del vehículo está encendida,,Telematics Device,Telematics device,168,,
A-05503-A,"Vehicle, Conductores del mundo","sep. 05, 2025 4:31:28 p. m.","ene. 00, 1900 12:00:00 a. m.",0,Vehicle speed sensor A circuit low,No sub type information,OBD with Source Address Information,OBD Powertrain,P0502,,
A-05503-A,"Vehicle, Conductores del mundo","sep. 05, 2025 4:31:29 p. m.","ene. 00, 1900 12:00:00 a. m.",0,Vehicle speed sensor A circuit low,No sub type information,OBD with Source Address Information,OBD Powertrain,P0502,,
A-05503-A,"Vehicle, Conductores del mundo","sep. 05, 2025 4:31:48 p. m.","ene. 00, 1900 12:00:00 a. m.",0,La luz de advertencia del vehículo está encendida,,Telematics Device,Telematics device,168,,
A-05503-A,"Vehicle, Conductores del mundo","sep. 05, 2025 6:01:55 p. m.","ene. 00, 1900 12:00:00 a. m.",0,Vehicle speed sensor A circuit low,No sub type information,OBD with Source Address Information,OBD Powertrain,P0502,,
A-05503-A,"Vehicle, Conductores del mundo","sep. 05, 2025 6:01:55 p. m.","ene. 00, 1900 12:00:00 a. m.",0,Vehicle speed sensor A circuit low,No sub type information,OBD with Source Address Information,OBD Powertrain,P0502,,
A-05503-A,"Vehicle, Conductores del mundo","sep. 05, 2025 6:02:15 p. m.","ene. 00, 1900 12:00:00 a. m.",0,La luz de advertencia del vehículo está encendida,,Telematics Device,Telematics device,168,,
A-05503-A,"Vehicle, Conductores del mundo","sep. 05, 2025 6:20:02 p. m.","ene. 00, 1900 12:00:00 a. m.",0,Vehicle speed sensor A circuit low,No sub type information,OBD with Source Address Information,OBD Powertrain,P0502,,
A-05503-A,"Vehicle, Conductores del mundo","sep. 05, 2025 6:20:02 p. m.","ene. 00, 1900 12:00:00 a. m.",0,Vehicle speed sensor A circuit low,No sub type information,OBD with Source Address Information,OBD Powertrain,P0502,,
A-05503-A,"Vehicle, Conductores del mundo","sep. 05, 2025 6:20:22 p. m.","ene. 00, 1900 12:00:00 a. m.",0,La luz de advertencia del vehículo está encendida,,Telematics Device,Telematics device,168,,
A-05503-A,"Vehicle, Conductores del mundo","sep. 05, 2025 7:10:39 p. m.","ene. 00, 1900 12:00:00 a. m.",0,Vehicle speed sensor A circuit low,No sub type information,OBD with Source Address Information,OBD Powertrain,P0502,,
A-05503-A,"Vehicle, Conductores del mundo","sep. 05, 2025 7:10:39 p. m.","ene. 00, 1900 12:00:00 a. m.",0,Vehicle speed sensor A circuit low,No sub type information,OBD with Source Address Information,OBD Powertrain,P0502,,
A-05503-A,"Vehicle, Conductores del mundo","sep. 05, 2025 7:10:59 p. m.","ene. 00, 1900 12:00:00 a. m.",0,La luz de advertencia del vehículo está encendida,,Telematics Device,Telematics device,168,,
A-05503-A,"Vehicle, Conductores del mundo","sep. 05, 2025 7:41:35 p. m.","ene. 00, 1900 12:00:00 a. m.",0,Vehicle speed sensor A circuit low,No sub type information,OBD with Source Address Information,OBD Powertrain,P0502,,
A-05503-A,"Vehicle, Conductores del mundo","sep. 05, 2025 7:41:35 p. m.","ene. 00, 1900 12:00:00 a. m.",0,Vehicle speed sensor A circuit low,No sub type information,OBD with Source Address Information,OBD Powertrain,P0502,,
A-05503-A,"Vehicle, Conductores del mundo","sep. 05, 2025 7:41:55 p. m.","ene. 00, 1900 12:00:00 a. m.",0,La luz de advertencia del vehículo está encendida,,Telematics Device,Telematics device,168,,
A-05503-A,"Vehicle, Conductores del mundo","sep. 06, 2025 9:01:13 a. m.","ene. 00, 1900 12:00:00 a. m.",0,Vehicle speed sensor A circuit low,No sub type information,OBD with Source Address Information,OBD Powertrain,P0502,,
A-05503-A,"Vehicle, Conductores del mundo","sep. 06, 2025 9:01:13 a. m.","ene. 00, 1900 12:00:00 a. m.",0,Vehicle speed sensor A circuit low,No sub type information,OBD with Source Address Information,OBD Powertrain,P0502,,
A-05503-A,"Vehicle, Conductores del mundo","sep. 06, 2025 9:01:33 a. m.","ene. 00, 1900 12:00:00 a. m.",0,La luz de advertencia del vehículo está encendida,,Telematics Device,Telematics device,168,,
A-05503-A,"Vehicle, Conductores del mundo","sep. 06, 2025 9:49:02 a. m.","ene. 00, 1900 12:00:00 a. m.",0,Vehicle speed sensor A circuit low,No sub type information,OBD with Source Address Information,OBD Powertrain,P0502,,
A-05503-A,"Vehicle, Conductores del mundo","sep. 06, 2025 9:49:02 a. m.","ene. 00, 1900 12:00:00 a. m.",0,Vehicle speed sensor A circuit low,No sub type information,OBD with Source Address Information,OBD Powertrain,P0502,,
A-05503-A,"Vehicle, Conductores del mundo","sep. 06, 2025 9:49:22 a. m.","ene. 00, 1900 12:00:00 a. m.",0,La luz de advertencia del vehículo está encendida,,Telematics Device,Telematics device,168,,
A-05503-A,"Vehicle, Conductores del mundo","sep. 06, 2025 10:14:36 a. m.","ene. 00, 1900 12:00:00 a. m.",0,Vehicle speed sensor A circuit low,No sub type information,OBD with Source Address Information,OBD Powertrain,P0502,,
A-05503-A,"Vehicle, Conductores del mundo","sep. 06, 2025 10:14:36 a. m.","ene. 00, 1900 12:00:00 a. m.",0,Vehicle speed sensor A circuit low,No sub type information,OBD with Source Address Information,OBD Powertrain,P0502,,
A-05503-A,"Vehicle, Conductores del mundo","sep. 06, 2025 10:14:56 a. m.","ene. 00, 1900 12:00:00 a. m.",0,La luz de advertencia del vehículo está encendida,,Telematics Device,Telematics device,168,,
A-05503-A,"Vehicle, Conductores del mundo","sep. 06, 2025 11:27:58 a. m.","ene. 00, 1900 12:00:00 a. m.",0,Vehicle speed sensor A circuit low,No sub type information,OBD with Source Address Information,OBD Powertrain,P0502,,
A-05503-A,"Vehicle, Conductores del mundo","sep. 06, 2025 11:27:58 a. m.","ene. 00, 1900 12:00:00 a. m.",0,Vehicle speed sensor A circuit low,No sub type information,OBD with Source Address Information,OBD Powertrain,P0502,,
A-05503-A,"Vehicle, Conductores del mundo","sep. 06, 2025 11:28:18 a. m.","ene. 00, 1900 12:00:00 a. m.",0,La luz de advertencia del vehículo está encendida,,Telematics Device,Telematics device,168,,
A-05503-A,"Vehicle, Conductores del mundo","sep. 06, 2025 12:49:06 p. m.","ene. 00, 1900 12:00:00 a. m.",0,Vehicle speed sensor A circuit low,No sub type information,OBD with Source Address Information,OBD Powertrain,P0502,,
A-05503-A,"Vehicle, Conductores del mundo","sep. 06, 2025 12:49:07 p. m.","ene. 00, 1900 12:00:00 a. m.",0,Vehicle speed sensor A circuit low,No sub type information,OBD with Source Address Information,OBD Powertrain,P0502,,
A-05503-A,"Vehicle, Conductores del mundo","sep. 06, 2025 12:49:27 p. m.","ene. 00, 1900 12:00:00 a. m.",0,La luz de advertencia del vehículo está encendida,,Telematics Device,Telematics device,168,,
A-05503-A,"Vehicle, Conductores del mundo","sep. 06, 2025 1:06:08 p. m.","ene. 00, 1900 12:00:00 a. m.",0,Vehicle speed sensor A circuit low,No sub type information,OBD with Source Address Information,OBD Powertrain,P0502,,
A-05503-A,"Vehicle, Conductores del mundo","sep. 06, 2025 1:06:08 p. m.","ene. 00, 1900 12:00:00 a. m.",0,Vehicle speed sensor A circuit low,No sub type information,OBD with Source Address Information,OBD Powertrain,P0502,,
A-05503-A,"Vehicle, Conductores del mundo","sep. 06, 2025 1:06:28 p. m.","ene. 00, 1900 12:00:00 a. m.",0,La luz de advertencia del vehículo está encendida,,Telematics Device,Telematics device,168,,
A-05503-A,"Vehicle, Conductores del mundo","sep. 06, 2025 1:22:11 p. m.","ene. 00, 1900 12:00:00 a. m.",0,Vehicle speed sensor A circuit low,No sub type information,OBD with Source Address Information,OBD Powertrain,P0502,,
A-05503-A,"Vehicle, Conductores del mundo","sep. 06, 2025 1:22:11 p. m.","ene. 00, 1900 12:00:00 a. m.",0,Vehicle speed sensor A circuit low,No sub type information,OBD with Source Address Information,OBD Powertrain,P0502,,
A-05503-A,"Vehicle, Conductores del mundo","sep. 06, 2025 1:22:31 p. m.","ene. 00, 1900 12:00:00 a. m.",0,La luz de advertencia del vehículo está encendida,,Telematics Device,Telematics device,168,,
A-05503-A,"Vehicle, Conductores del mundo","sep. 06, 2025 1:29:44 p. m.","ene. 00, 1900 12:00:00 a. m.",0,Vehicle speed sensor A circuit low,No sub type information,OBD with Source Address Information,OBD Powertrain,P0502,,
A-05503-A,"Vehicle, Conductores del mundo","sep. 06, 2025 1:29:45 p. m.","ene. 00, 1900 12:00:00 a. m.",0,Vehicle speed sensor A circuit low,No sub type information,OBD with Source Address Information,OBD Powertrain,P0502,,
A-05503-A,"Vehicle, Conductores del mundo","sep. 06, 2025 1:30:04 p. m.","ene. 00, 1900 12:00:00 a. m.",0,La luz de advertencia del vehículo está encendida,,Telematics Device,Telematics device,168,,
A-05503-A,"Vehicle, Conductores del mundo","sep. 06, 2025 3:27:18 p. m.","ene. 00, 1900 12:00:00 a. m.",0,Vehicle speed sensor A circuit low,No sub type information,OBD with Source Address Information,OBD Powertrain,P0502,,
A-05503-A,"Vehicle, Conductores del mundo","sep. 06, 2025 3:27:18 p. m.","ene. 00, 1900 12:00:00 a. m.",0,Vehicle speed sensor A circuit low,No sub type information,OBD with Source Address Information,OBD Powertrain,P0502,,
A-05503-A,"Vehicle, Conductores del mundo","sep. 06, 2025 3:27:38 p. m.","ene. 00, 1900 12:00:00 a. m.",0,La luz de advertencia del vehículo está encendida,,Telematics Device,Telematics device,168,,
A-05503-A,"Vehicle, Conductores del mundo","sep. 06, 2025 3:43:39 p. m.","ene. 00, 1900 12:00:00 a. m.",0,Vehicle speed sensor A circuit low,No sub type information,OBD with Source Address Information,OBD Powertrain,P0502,,
A-05503-A,"Vehicle, Conductores del mundo","sep. 06, 2025 3:43:39 p. m.","ene. 00, 1900 12:00:00 a. m.",0,Vehicle speed sensor A circuit low,No sub type information,OBD with Source Address Information,OBD Powertrain,P0502,,
A-05503-A,"Vehicle, Conductores del mundo","sep. 06, 2025 3:43:59 p. m.","ene. 00, 1900 12:00:00 a. m.",0,La luz de advertencia del vehículo está encendida,,Telematics Device,Telematics device,168,,
A-05503-A,"Vehicle, Conductores del mundo","sep. 06, 2025 4:28:20 p. m.","ene. 00, 1900 12:00:00 a. m.",0,Vehicle speed sensor A circuit low,No sub type information,OBD with Source Address Information,OBD Powertrain,P0502,,
A-05503-A,"Vehicle, Conductores del mundo","sep. 06, 2025 4:28:20 p. m.","ene. 00, 1900 12:00:00 a. m.",0,Vehicle speed sensor A circuit low,No sub type information,OBD with Source Address Information,OBD Powertrain,P0502,,
A-05503-A,"Vehicle, Conductores del mundo","sep. 06, 2025 4:28:40 p. m.","ene. 00, 1900 12:00:00 a. m.",0,La luz de advertencia del vehículo está encendida,,Telematics Device,Telematics device,168,,
A-05503-A,"Vehicle, Conductores del mundo","sep. 06, 2025 5:06:34 p. m.","ene. 00, 1900 12:00:00 a. m.",0,Vehicle speed sensor A circuit low,No sub type information,OBD with Source Address Information,OBD Powertrain,P0502,,
A-05503-A,"Vehicle, Conductores del mundo","sep. 06, 2025 5:06:35 p. m.","ene. 00, 1900 12:00:00 a. m.",0,Vehicle speed sensor A circuit low,No sub type information,OBD with Source Address Information,OBD Powertrain,P0502,,
A-05503-A,"Vehicle, Conductores del mundo","sep. 06, 2025 5:06:54 p. m.","ene. 00, 1900 12:00:00 a. m.",0,La luz de advertencia del vehículo está encendida,,Telematics Device,Telematics device,168,,
A-05503-A,"Vehicle, Conductores del mundo","sep. 06, 2025 7:12:12 p. m.","ene. 00, 1900 12:00:00 a. m.",0,Vehicle speed sensor A circuit low,No sub type information,OBD with Source Address Information,OBD Powertrain,P0502,,
A-05503-A,"Vehicle, Conductores del mundo","sep. 06, 2025 7:12:12 p. m.","ene. 00, 1900 12:00:00 a. m.",0,Vehicle speed sensor A circuit low,No sub type information,OBD with Source Address Information,OBD Powertrain,P0502,,
A-05503-A,"Vehicle, Conductores del mundo","sep. 07, 2025 8:45:34 a. m.","ene. 00, 1900 12:00:00 a. m.",0,Vehicle speed sensor A circuit low,No sub type information,OBD with Source Address Information,OBD Powertrain,P0502,,
A-05503-A,"Vehicle, Conductores del mundo","sep. 07, 2025 8:45:34 a. m.","ene. 00, 1900 12:00:00 a. m.",0,Vehicle speed sensor A circuit low,No sub type information,OBD with Source Address Information,OBD Powertrain,P0502,,
A-05503-A,"Vehicle, Conductores del mundo","sep. 07, 2025 8:45:54 a. m.","ene. 00, 1900 12:00:00 a. m.",0,La luz de advertencia del vehículo está encendida,,Telematics Device,Telematics device,168,,
A-05503-A,"Vehicle, Conductores del mundo","sep. 07, 2025 9:39:44 a. m.","ene. 00, 1900 12:00:00 a. m.",0,Vehicle speed sensor A circuit low,No sub type information,OBD with Source Address Information,OBD Powertrain,P0502,,
A-05503-A,"Vehicle, Conductores del mundo","sep. 07, 2025 9:39:44 a. m.","ene. 00, 1900 12:00:00 a. m.",0,Vehicle speed sensor A circuit low,No sub type information,OBD with Source Address Information,OBD Powertrain,P0502,,
A-05503-A,"Vehicle, Conductores del mundo","sep. 07, 2025 9:40:04 a. m.","ene. 00, 1900 12:00:00 a. m.",0,La luz de advertencia del vehículo está encendida,,Telematics Device,Telematics device,168,,
A-05503-A,"Vehicle, Conductores del mundo","sep. 07, 2025 10:21:28 a. m.","ene. 00, 1900 12:00:00 a. m.",0,Vehicle speed sensor A circuit low,No sub type information,OBD with Source Address Information,OBD Powertrain,P0502,,
A-05503-A,"Vehicle, Conductores del mundo","sep. 07, 2025 10:21:29 a. m.","ene. 00, 1900 12:00:00 a. m.",0,Vehicle speed sensor A circuit low,No sub type information,OBD with Source Address Information,OBD Powertrain,P0502,,
A-05503-A,"Vehicle, Conductores del mundo","sep. 07, 2025 10:21:49 a. m.","ene. 00, 1900 12:00:00 a. m.",0,La luz de advertencia del vehículo está encendida,,Telematics Device,Telematics device,168,,
A-05503-A,"Vehicle, Conductores del mundo","sep. 07, 2025 10:49:27 a. m.","ene. 00, 1900 12:00:00 a. m.",0,Vehicle speed sensor A circuit low,No sub type information,OBD with Source Address Information,OBD Powertrain,P0502,,
A-05503-A,"Vehicle, Conductores del mundo","sep. 07, 2025 10:49:28 a. m.","ene. 00, 1900 12:00:00 a. m.",0,Vehicle speed sensor A circuit low,No sub type information,OBD with Source Address Information,OBD Powertrain,P0502,,
A-05503-A,"Vehicle, Conductores del mundo","sep. 07, 2025 10:49:47 a. m.","ene. 00, 1900 12:00:00 a. m.",0,La luz de advertencia del vehículo está encendida,,Telematics Device,Telematics device,168,,
A-05503-A,"Vehicle, Conductores del mundo","sep. 07, 2025 11:27:13 a. m.","ene. 00, 1900 12:00:00 a. m.",0,Vehicle speed sensor A circuit low,No sub type information,OBD with Source Address Information,OBD Powertrain,P0502,,
A-05503-A,"Vehicle, Conductores del mundo","sep. 07, 2025 11:27:14 a. m.","ene. 00, 1900 12:00:00 a. m.",0,Vehicle speed sensor A circuit low,No sub type information,OBD with Source Address Information,OBD Powertrain,P0502,,
A-05503-A,"Vehicle, Conductores del mundo","sep. 07, 2025 11:27:33 a. m.","ene. 00, 1900 12:00:00 a. m.",0,La luz de advertencia del vehículo está encendida,,Telematics Device,Telematics device,168,,
A-05503-A,"Vehicle, Conductores del mundo","sep. 07, 2025 12:00:53 p. m.","ene. 00, 1900 12:00:00 a. m.",0,Vehicle speed sensor A circuit low,No sub type information,OBD with Source Address Information,OBD Powertrain,P0502,,
A-05503-A,"Vehicle, Conductores del mundo","sep. 07, 2025 12:00:54 p. m.","ene. 00, 1900 12:00:00 a. m.",0,Vehicle speed sensor A circuit low,No sub type information,OBD with Source Address Information,OBD Powertrain,P0502,,
A-05503-A,"Vehicle, Conductores del mundo","sep. 07, 2025 12:01:13 p. m.","ene. 00, 1900 12:00:00 a. m.",0,La luz de advertencia del vehículo está encendida,,Telematics Device,Telematics device,168,,
A-05503-A,"Vehicle, Conductores del mundo","sep. 07, 2025 12:41:41 p. m.","ene. 00, 1900 12:00:00 a. m.",0,Vehicle speed sensor A circuit low,No sub type information,OBD with Source Address Information,OBD Powertrain,P0502,,
A-05503-A,"Vehicle, Conductores del mundo","sep. 07, 2025 12:41:41 p. m.","ene. 00, 1900 12:00:00 a. m.",0,Vehicle speed sensor A circuit low,No sub type information,OBD with Source Address Information,OBD Powertrain,P0502,,
A-05503-A,"Vehicle, Conductores del mundo","sep. 07, 2025 12:42:01 p. m.","ene. 00, 1900 12:00:00 a. m.",0,La luz de advertencia del vehículo está encendida,,Telematics Device,Telematics device,168,,
A-05503-A,"Vehicle, Conductores del mundo","sep. 07, 2025 1:26:07 p. m.","ene. 00, 1900 12:00:00 a. m.",0,Vehicle speed sensor A circuit low,No sub type information,OBD with Source Address Information,OBD Powertrain,P0502,,
A-05503-A,"Vehicle, Conductores del mundo","sep. 07, 2025 1:26:08 p. m.","ene. 00, 1900 12:00:00 a. m.",0,Vehicle speed sensor A circuit low,No sub type information,OBD with Source Address Information,OBD Powertrain,P0502,,
A-05503-A,"Vehicle, Conductores del mundo","sep. 07, 2025 1:26:27 p. m.","ene. 00, 1900 12:00:00 a. m.",0,La luz de advertencia del vehículo está encendida,,Telematics Device,Telematics device,168,,
A-05503-A,"Vehicle, Conductores del mundo","sep. 07, 2025 2:21:20 p. m.","ene. 00, 1900 12:00:00 a. m.",0,Vehicle speed sensor A circuit low,No sub type information,OBD with Source Address Information,OBD Powertrain,P0502,,
A-05503-A,"Vehicle, Conductores del mundo","sep. 07, 2025 2:21:20 p. m.","ene. 00, 1900 12:00:00 a. m.",0,Vehicle speed sensor A circuit low,No sub type information,OBD with Source Address Information,OBD Powertrain,P0502,,
A-05503-A,"Vehicle, Conductores del mundo","sep. 07, 2025 2:21:40 p. m.","ene. 00, 1900 12:00:00 a. m.",0,La luz de advertencia del vehículo está encendida,,Telematics Device,Telematics device,168,,
A-05503-A,"Vehicle, Conductores del mundo","sep. 07, 2025 3:02:53 p. m.","ene. 00, 1900 12:00:00 a. m.",0,Vehicle speed sensor A circuit low,No sub type information,OBD with Source Address Information,OBD Powertrain,P0502,,
A-05503-A,"Vehicle, Conductores del mundo","sep. 07, 2025 3:02:53 p. m.","ene. 00, 1900 12:00:00 a. m.",0,Vehicle speed sensor A circuit low,No sub type information,OBD with Source Address Information,OBD Powertrain,P0502,,
A-05503-A,"Vehicle, Conductores del mundo","sep. 07, 2025 3:03:13 p. m.","ene. 00, 1900 12:00:00 a. m.",0,La luz de advertencia del vehículo está encendida,,Telematics Device,Telematics device,168,,
A-05503-A,"Vehicle, Conductores del mundo","sep. 07, 2025 3:22:35 p. m.","ene. 00, 1900 12:00:00 a. m.",0,Vehicle speed sensor A circuit low,No sub type information,OBD with Source Address Information,OBD Powertrain,P0502,,
A-05503-A,"Vehicle, Conductores del mundo","sep. 07, 2025 3:22:35 p. m.","ene. 00, 1900 12:00:00 a. m.",0,Vehicle speed sensor A circuit low,No sub type information,OBD with Source Address Information,OBD Powertrain,P0502,,
A-05503-A,"Vehicle, Conductores del mundo","sep. 07, 2025 3:40:21 p. m.","ene. 00, 1900 12:00:00 a. m.",0,Vehicle speed sensor A circuit low,No sub type information,OBD with Source Address Information,OBD Powertrain,P0502,,
A-05503-A,"Vehicle, Conductores del mundo","sep. 07, 2025 3:40:21 p. m.","ene. 00, 1900 12:00:00 a. m.",0,Vehicle speed sensor A circuit low,No sub type information,OBD with Source Address Information,OBD Powertrain,P0502,,
A-05503-A,"Vehicle, Conductores del mundo","sep. 07, 2025 3:40:41 p. m.","ene. 00, 1900 12:00:00 a. m.",0,La luz de advertencia del vehículo está encendida,,Telematics Device,Telematics device,168,,
A-05503-A,"Vehicle, Conductores del mundo","sep. 07, 2025 4:10:27 p. m.","ene. 00, 1900 12:00:00 a. m.",0,Vehicle speed sensor A circuit low,No sub type information,OBD with Source Address Information,OBD Powertrain,P0502,,
A-05503-A,"Vehicle, Conductores del mundo","sep. 07, 2025 4:10:28 p. m.","ene. 00, 1900 12:00:00 a. m.",0,Vehicle speed sensor A circuit low,No sub type information,OBD with Source Address Information,OBD Powertrain,P0502,,
A-05503-A,"Vehicle, Conductores del mundo","sep. 07, 2025 4:10:47 p. m.","ene. 00, 1900 12:00:00 a. m.",0,La luz de advertencia del vehículo está encendida,,Telematics Device,Telematics device,168,,
A-05503-A,"Vehicle, Conductores del mundo","sep. 07, 2025 4:23:17 p. m.","ene. 00, 1900 12:00:00 a. m.",0,Vehicle speed sensor A circuit low,No sub type information,OBD with Source Address Information,OBD Powertrain,P0502,,
A-05503-A,"Vehicle, Conductores del mundo","sep. 07, 2025 4:23:18 p. m.","ene. 00, 1900 12:00:00 a. m.",0,Vehicle speed sensor A circuit low,No sub type information,OBD with Source Address Information,OBD Powertrain,P0502,,
A-05503-A,"Vehicle, Conductores del mundo","sep. 07, 2025 4:23:37 p. m.","ene. 00, 1900 12:00:00 a. m.",0,La luz de advertencia del vehículo está encendida,,Telematics Device,Telematics device,168,,
A-05503-A,"Vehicle, Conductores del mundo","sep. 07, 2025 5:09:22 p. m.","ene. 00, 1900 12:00:00 a. m.",0,Vehicle speed sensor A circuit low,No sub type information,OBD with Source Address Information,OBD Powertrain,P0502,,
A-05503-A,"Vehicle, Conductores del mundo","sep. 07, 2025 5:09:22 p. m.","ene. 00, 1900 12:00:00 a. m.",0,Vehicle speed sensor A circuit low,No sub type information,OBD with Source Address Information,OBD Powertrain,P0502,,
A-05503-A,"Vehicle, Conductores del mundo","sep. 07, 2025 5:09:42 p. m.","ene. 00, 1900 12:00:00 a. m.",0,La luz de advertencia del vehículo está encendida,,Telematics Device,Telematics device,168,,
A-05503-A,"Vehicle, Conductores del mundo","sep. 07, 2025 6:16:27 p. m.","ene. 00, 1900 12:00:00 a. m.",0,Vehicle speed sensor A circuit low,No sub type information,OBD with Source Address Information,OBD Powertrain,P0502,,
A-05503-A,"Vehicle, Conductores del mundo","sep. 07, 2025 6:16:27 p. m.","ene. 00, 1900 12:00:00 a. m.",0,Vehicle speed sensor A circuit low,No sub type information,OBD with Source Address Information,OBD Powertrain,P0502,,
A-05503-A,"Vehicle, Conductores del mundo","sep. 07, 2025 6:16:47 p. m.","ene. 00, 1900 12:00:00 a. m.",0,La luz de advertencia del vehículo está encendida,,Telematics Device,Telematics device,168,,
A-05503-A,"Vehicle, Conductores del mundo","sep. 07, 2025 6:37:09 p. m.","ene. 00, 1900 12:00:00 a. m.",0,Vehicle speed sensor A circuit low,No sub type information,OBD with Source Address Information,OBD Powertrain,P0502,,
A-05503-A,"Vehicle, Conductores del mundo","sep. 07, 2025 6:37:10 p. m.","ene. 00, 1900 12:00:00 a. m.",0,Vehicle speed sensor A circuit low,No sub type information,OBD with Source Address Information,OBD Powertrain,P0502,,
A-05503-A,"Vehicle, Conductores del mundo","sep. 07, 2025 6:37:29 p. m.","ene. 00, 1900 12:00:00 a. m.",0,La luz de advertencia del vehículo está encendida,,Telematics Device,Telematics device,168,,
A-05503-A,"Vehicle, Conductores del mundo","sep. 07, 2025 6:52:50 p. m.","ene. 00, 1900 12:00:00 a. m.",0,Vehicle speed sensor A circuit low,No sub type information,OBD with Source Address Information,OBD Powertrain,P0502,,
A-05503-A,"Vehicle, Conductores del mundo","sep. 07, 2025 6:52:50 p. m.","ene. 00, 1900 12:00:00 a. m.",0,Vehicle speed sensor A circuit low,No sub type information,OBD with Source Address Information,OBD Powertrain,P0502,,
A-05503-A,"Vehicle, Conductores del mundo","sep. 07, 2025 6:53:10 p. m.","ene. 00, 1900 12:00:00 a. m.",0,La luz de advertencia del vehículo está encendida,,Telematics Device,Telematics device,168,,
A-05503-A,"Vehicle, Conductores del mundo","sep. 07, 2025 8:17:21 p. m.","ene. 00, 1900 12:00:00 a. m.",0,Vehicle speed sensor A circuit low,No sub type information,OBD with Source Address Information,OBD Powertrain,P0502,,
A-05503-A,"Vehicle, Conductores del mundo","sep. 07, 2025 8:17:21 p. m.","ene. 00, 1900 12:00:00 a. m.",0,Vehicle speed sensor A circuit low,No sub type information,OBD with Source Address Information,OBD Powertrain,P0502,,
A-05503-A,"Vehicle, Conductores del mundo","sep. 07, 2025 8:17:41 p. m.","ene. 00, 1900 12:00:00 a. m.",0,La luz de advertencia del vehículo está encendida,,Telematics Device,Telematics device,168,,
A-05503-A,"Vehicle, Conductores del mundo","sep. 07, 2025 9:20:30 p. m.","ene. 00, 1900 12:00:00 a. m.",0,Vehicle speed sensor A circuit low,No sub type information,OBD with Source Address Information,OBD Powertrain,P0502,,
A-05503-A,"Vehicle, Conductores del mundo","sep. 07, 2025 9:20:30 p. m.","ene. 00, 1900 12:00:00 a. m.",0,Vehicle speed sensor A circuit low,No sub type information,OBD with Source Address Information,OBD Powertrain,P0502,,
A-05503-A,"Vehicle, Conductores del mundo","sep. 07, 2025 9:20:50 p. m.","ene. 00, 1900 12:00:00 a. m.",0,La luz de advertencia del vehículo está encendida,,Telematics Device,Telematics device,168,,
A-05503-A,"Vehicle, Conductores del mundo","sep. 07, 2025 9:28:57 p. m.","ene. 00, 1900 12:00:00 a. m.",0,Vehicle speed sensor A circuit low,No sub type information,OBD with Source Address Information,OBD Powertrain,P0502,,
A-05503-A,"Vehicle, Conductores del mundo","sep. 07, 2025 9:28:58 p. m.","ene. 00, 1900 12:00:00 a. m.",0,Vehicle speed sensor A circuit low,No sub type information,OBD with Source Address Information,OBD Powertrain,P0502,,
A-05503-A,"Vehicle, Conductores del mundo","sep. 07, 2025 9:29:17 p. m.","ene. 00, 1900 12:00:00 a. m.",0,La luz de advertencia del vehículo está encendida,,Telematics Device,Telematics device,168,,
A-05503-A,"Vehicle, Conductores del mundo","sep. 08, 2025 1:46:11 a. m.","ene. 00, 1900 12:00:00 a. m.",0,Firmware update applied,,Telematics Device,Telematics device,132,,
A-05503-A,"Vehicle, Conductores del mundo","sep. 08, 2025 4:47:48 a. m.","ene. 00, 1900 12:00:00 a. m.",0,Vehicle speed sensor A circuit low,No sub type information,OBD with Source Address Information,OBD Powertrain,P0502,,
A-05503-A,"Vehicle, Conductores del mundo","sep. 08, 2025 4:47:49 a. m.","ene. 00, 1900 12:00:00 a. m.",0,Vehicle speed sensor A circuit low,No sub type information,OBD with Source Address Information,OBD Powertrain,P0502,,
A-05503-A,"Vehicle, Conductores del mundo","sep. 08, 2025 4:48:08 a. m.","ene. 00, 1900 12:00:00 a. m.",0,La luz de advertencia del vehículo está encendida,,Telematics Device,Telematics device,168,,
A-05503-A,"Vehicle, Conductores del mundo","sep. 08, 2025 6:06:27 a. m.","ene. 00, 1900 12:00:00 a. m.",0,Vehicle speed sensor A circuit low,No sub type information,OBD with Source Address Information,OBD Powertrain,P0502,,
A-05503-A,"Vehicle, Conductores del mundo","sep. 08, 2025 6:06:27 a. m.","ene. 00, 1900 12:00:00 a. m.",0,Vehicle speed sensor A circuit low,No sub type information,OBD with Source Address Information,OBD Powertrain,P0502,,
A-05503-A,"Vehicle, Conductores del mundo","sep. 08, 2025 6:06:47 a. m.","ene. 00, 1900 12:00:00 a. m.",0,La luz de advertencia del vehículo está encendida,,Telematics Device,Telematics device,168,,
A-05503-A,"Vehicle, Conductores del mundo","sep. 08, 2025 6:23:06 a. m.","ene. 00, 1900 12:00:00 a. m.",0,Vehicle speed sensor A circuit low,No sub type information,OBD with Source Address Information,OBD Powertrain,P0502,,
A-05503-A,"Vehicle, Conductores del mundo","sep. 08, 2025 6:23:06 a. m.","ene. 00, 1900 12:00:00 a. m.",0,Vehicle speed sensor A circuit low,No sub type information,OBD with Source Address Information,OBD Powertrain,P0502,,
A-05503-A,"Vehicle, Conductores del mundo","sep. 08, 2025 6:23:26 a. m.","ene. 00, 1900 12:00:00 a. m.",0,La luz de advertencia del vehículo está encendida,,Telematics Device,Telematics device,168,,
A-05503-A,"Vehicle, Conductores del mundo","sep. 08, 2025 8:24:05 a. m.","ene. 00, 1900 12:00:00 a. m.",0,Vehicle speed sensor A circuit low,No sub type information,OBD with Source Address Information,OBD Powertrain,P0502,,
A-05503-A,"Vehicle, Conductores del mundo","sep. 08, 2025 8:24:05 a. m.","ene. 00, 1900 12:00:00 a. m.",0,Vehicle speed sensor A circuit low,No sub type information,OBD with Source Address Information,OBD Powertrain,P0502,,
A-05503-A,"Vehicle, Conductores del mundo","sep. 08, 2025 8:24:25 a. m.","ene. 00, 1900 12:00:00 a. m.",0,La luz de advertencia del vehículo está encendida,,Telematics Device,Telematics device,168,,
A-05503-A,"Vehicle, Conductores del mundo","sep. 08, 2025 11:22:40 a. m.","ene. 00, 1900 12:00:00 a. m.",0,Device reset due to parameter change,,Telematics Device,Telematics device,377,,
A-05503-A,"Vehicle, Conductores del mundo","sep. 08, 2025 12:14:41 p. m.","ene. 00, 1900 12:00:00 a. m.",0,Vehicle speed sensor A circuit low,No sub type information,OBD with Source Address Information,OBD Powertrain,P0502,,
A-05503-A,"Vehicle, Conductores del mundo","sep. 08, 2025 12:14:42 p. m.","ene. 00, 1900 12:00:00 a. m.",0,Vehicle speed sensor A circuit low,No sub type information,OBD with Source Address Information,OBD Powertrain,P0502,,
A-05503-A,"Vehicle, Conductores del mundo","sep. 08, 2025 12:15:01 p. m.","ene. 00, 1900 12:00:00 a. m.",0,La luz de advertencia del vehículo está encendida,,Telematics Device,Telematics device,168,,
A-05503-A,"Vehicle, Conductores del mundo","sep. 08, 2025 1:09:00 p. m.","ene. 00, 1900 12:00:00 a. m.",0,Vehicle speed sensor A circuit low,No sub type information,OBD with Source Address Information,OBD Powertrain,P0502,,
A-05503-A,"Vehicle, Conductores del mundo","sep. 08, 2025 1:09:00 p. m.","ene. 00, 1900 12:00:00 a. m.",0,Vehicle speed sensor A circuit low,No sub type information,OBD with Source Address Information,OBD Powertrain,P0502,,
A-05503-A,"Vehicle, Conductores del mundo","sep. 08, 2025 1:09:20 p. m.","ene. 00, 1900 12:00:00 a. m.",0,La luz de advertencia del vehículo está encendida,,Telematics Device,Telematics device,168,,
A-05503-A,"Vehicle, Conductores del mundo","sep. 08, 2025 1:24:42 p. m.","ene. 00, 1900 12:00:00 a. m.",0,Telematics device fault: internal reset initiated,,Telematics Device,Telematics device,292,,
A-05503-A,"Vehicle, Conductores del mundo","sep. 08, 2025 1:28:48 p. m.","ene. 00, 1900 12:00:00 a. m.",0,Vehicle speed sensor A circuit low,No sub type information,OBD with Source Address Information,OBD Powertrain,P0502,,
A-05503-A,"Vehicle, Conductores del mundo","sep. 08, 2025 1:28:49 p. m.","ene. 00, 1900 12:00:00 a. m.",0,Vehicle speed sensor A circuit low,No sub type information,OBD with Source Address Information,OBD Powertrain,P0502,,
A-05503-A,"Vehicle, Conductores del mundo","sep. 08, 2025 1:29:08 p. m.","ene. 00, 1900 12:00:00 a. m.",0,La luz de advertencia del vehículo está encendida,,Telematics Device,Telematics device,168,,
A-05503-A,"Vehicle, Conductores del mundo","sep. 08, 2025 2:42:18 p. m.","ene. 00, 1900 12:00:00 a. m.",0,Vehicle speed sensor A circuit low,No sub type information,OBD with Source Address Information,OBD Powertrain,P0502,,
A-05503-A,"Vehicle, Conductores del mundo","sep. 08, 2025 2:42:19 p. m.","ene. 00, 1900 12:00:00 a. m.",0,Vehicle speed sensor A circuit low,No sub type information,OBD with Source Address Information,OBD Powertrain,P0502,,
A-05503-A,"Vehicle, Conductores del mundo","sep. 08, 2025 2:42:38 p. m.","ene. 00, 1900 12:00:00 a. m.",0,La luz de advertencia del vehículo está encendida,,Telematics Device,Telematics device,168,,
A-05503-A,"Vehicle, Conductores del mundo","sep. 08, 2025 3:02:04 p. m.","ene. 00, 1900 12:00:00 a. m.",0,Vehicle speed sensor A circuit low,No sub type information,OBD with Source Address Information,OBD Powertrain,P0502,,
A-05503-A,"Vehicle, Conductores del mundo","sep. 08, 2025 3:02:05 p. m.","ene. 00, 1900 12:00:00 a. m.",0,Vehicle speed sensor A circuit low,No sub type information,OBD with Source Address Information,OBD Powertrain,P0502,,
A-05503-A,"Vehicle, Conductores del mundo","sep. 08, 2025 3:02:25 p. m.","ene. 00, 1900 12:00:00 a. m.",0,La luz de advertencia del vehículo está encendida,,Telematics Device,Telematics device,168,,
A-05503-A,"Vehicle, Conductores del mundo","sep. 08, 2025 4:26:15 p. m.","ene. 00, 1900 12:00:00 a. m.",0,Vehicle speed sensor A circuit low,No sub type information,OBD with Source Address Information,OBD Powertrain,P0502,,
A-05503-A,"Vehicle, Conductores del mundo","sep. 08, 2025 4:26:15 p. m.","ene. 00, 1900 12:00:00 a. m.",0,Vehicle speed sensor A circuit low,No sub type information,OBD with Source Address Information,OBD Powertrain,P0502,,
A-05503-A,"Vehicle, Conductores del mundo","sep. 08, 2025 4:26:35 p. m.","ene. 00, 1900 12:00:00 a. m.",0,La luz de advertencia del vehículo está encendida,,Telematics Device,Telematics device,168,,
A-05503-A,"Vehicle, Conductores del mundo","sep. 08, 2025 5:39:32 p. m.","ene. 00, 1900 12:00:00 a. m.",0,Vehicle speed sensor A circuit low,No sub type information,OBD with Source Address Information,OBD Powertrain,P0502,,
A-05503-A,"Vehicle, Conductores del mundo","sep. 08, 2025 5:39:32 p. m.","ene. 00, 1900 12:00:00 a. m.",0,Vehicle speed sensor A circuit low,No sub type information,OBD with Source Address Information,OBD Powertrain,P0502,,
A-05503-A,"Vehicle, Conductores del mundo","sep. 08, 2025 5:39:52 p. m.","ene. 00, 1900 12:00:00 a. m.",0,La luz de advertencia del vehículo está encendida,,Telematics Device,Telematics device,168,,
A-05503-A,"Vehicle, Conductores del mundo","sep. 08, 2025 6:00:13 p. m.","ene. 00, 1900 12:00:00 a. m.",0,Telematics device fault: internal reset initiated,,Telematics Device,Telematics device,292,,
A-05503-A,"Vehicle, Conductores del mundo","sep. 08, 2025 6:03:25 p. m.","ene. 00, 1900 12:00:00 a. m.",0,Vehicle speed sensor A circuit low,No sub type information,OBD with Source Address Information,OBD Powertrain,P0502,,
A-05503-A,"Vehicle, Conductores del mundo","sep. 08, 2025 6:03:26 p. m.","ene. 00, 1900 12:00:00 a. m.",0,Vehicle speed sensor A circuit low,No sub type information,OBD with Source Address Information,OBD Powertrain,P0502,,
A-05503-A,"Vehicle, Conductores del mundo","sep. 08, 2025 6:03:46 p. m.","ene. 00, 1900 12:00:00 a. m.",0,La luz de advertencia del vehículo está encendida,,Telematics Device,Telematics device,168,,
A-05503-A,"Vehicle, Conductores del mundo","sep. 08, 2025 6:47:10 p. m.","ene. 00, 1900 12:00:00 a. m.",0,Vehicle speed sensor A circuit low,No sub type information,OBD with Source Address Information,OBD Powertrain,P0502,,
A-05503-A,"Vehicle, Conductores del mundo","sep. 08, 2025 6:47:10 p. m.","ene. 00, 1900 12:00:00 a. m.",0,Vehicle speed sensor A circuit low,No sub type information,OBD with Source Address Information,OBD Powertrain,P0502,,
A-05503-A,"Vehicle, Conductores del mundo","sep. 08, 2025 6:47:30 p. m.","ene. 00, 1900 12:00:00 a. m.",0,La luz de advertencia del vehículo está encendida,,Telematics Device,Telematics device,168,,
A-05503-A,"Vehicle, Conductores del mundo","sep. 08, 2025 7:03:29 p. m.","ene. 00, 1900 12:00:00 a. m.",0,Vehicle speed sensor A circuit low,No sub type information,OBD with Source Address Information,OBD Powertrain,P0502,,
A-05503-A,"Vehicle, Conductores del mundo","sep. 08, 2025 7:03:30 p. m.","ene. 00, 1900 12:00:00 a. m.",0,Vehicle speed sensor A circuit low,No sub type information,OBD with Source Address Information,OBD Powertrain,P0502,,
A-05503-A,"Vehicle, Conductores del mundo","sep. 08, 2025 7:03:50 p. m.","ene. 00, 1900 12:00:00 a. m.",0,La luz de advertencia del vehículo está encendida,,Telematics Device,Telematics device,168,,
A-05503-A,"Vehicle, Conductores del mundo","sep. 09, 2025 4:46:41 a. m.","ene. 00, 1900 12:00:00 a. m.",0,Vehicle speed sensor A circuit low,No sub type information,OBD with Source Address Information,OBD Powertrain,P0502,,
A-05503-A,"Vehicle, Conductores del mundo","sep. 09, 2025 4:46:42 a. m.","ene. 00, 1900 12:00:00 a. m.",0,Vehicle speed sensor A circuit low,No sub type information,OBD with Source Address Information,OBD Powertrain,P0502,,
A-05503-A,"Vehicle, Conductores del mundo","sep. 09, 2025 4:47:01 a. m.","ene. 00, 1900 12:00:00 a. m.",0,La luz de advertencia del vehículo está encendida,,Telematics Device,Telematics device,168,,
A-05503-A,"Vehicle, Conductores del mundo","sep. 09, 2025 6:16:40 a. m.","ene. 00, 1900 12:00:00 a. m.",0,Vehicle speed sensor A circuit low,No sub type information,OBD with Source Address Information,OBD Powertrain,P0502,,
A-05503-A,"Vehicle, Conductores del mundo","sep. 09, 2025 6:16:40 a. m.","ene. 00, 1900 12:00:00 a. m.",0,Vehicle speed sensor A circuit low,No sub type information,OBD with Source Address Information,OBD Powertrain,P0502,,
A-05503-A,"Vehicle, Conductores del mundo","sep. 09, 2025 6:17:00 a. m.","ene. 00, 1900 12:00:00 a. m.",0,La luz de advertencia del vehículo está encendida,,Telematics Device,Telematics device,168,,
A-05503-A,"Vehicle, Conductores del mundo","sep. 09, 2025 6:33:00 a. m.","ene. 00, 1900 12:00:00 a. m.",0,Vehicle speed sensor A circuit low,No sub type information,OBD with Source Address Information,OBD Powertrain,P0502,,
A-05503-A,"Vehicle, Conductores del mundo","sep. 09, 2025 6:33:00 a. m.","ene. 00, 1900 12:00:00 a. m.",0,Vehicle speed sensor A circuit low,No sub type information,OBD with Source Address Information,OBD Powertrain,P0502,,
A-05503-A,"Vehicle, Conductores del mundo","sep. 09, 2025 6:33:20 a. m.","ene. 00, 1900 12:00:00 a. m.",0,La luz de advertencia del vehículo está encendida,,Telematics Device,Telematics device,168,,
A-05503-A,"Vehicle, Conductores del mundo","sep. 09, 2025 9:47:17 a. m.","ene. 00, 1900 12:00:00 a. m.",0,Vehicle speed sensor A circuit low,No sub type information,OBD with Source Address Information,OBD Powertrain,P0502,,
A-05503-A,"Vehicle, Conductores del mundo","sep. 09, 2025 9:47:18 a. m.","ene. 00, 1900 12:00:00 a. m.",0,Vehicle speed sensor A circuit low,No sub type information,OBD with Source Address Information,OBD Powertrain,P0502,,
A-05503-A,"Vehicle, Conductores del mundo","sep. 09, 2025 9:47:37 a. m.","ene. 00, 1900 12:00:00 a. m.",0,La luz de advertencia del vehículo está encendida,,Telematics Device,Telematics device,168,,
A-05503-A,"Vehicle, Conductores del mundo","sep. 09, 2025 10:05:05 a. m.","ene. 00, 1900 12:00:00 a. m.",0,Vehicle speed sensor A circuit low,No sub type information,OBD with Source Address Information,OBD Powertrain,P0502,,
A-05503-A,"Vehicle, Conductores del mundo","sep. 09, 2025 10:05:05 a. m.","ene. 00, 1900 12:00:00 a. m.",0,Vehicle speed sensor A circuit low,No sub type information,OBD with Source Address Information,OBD Powertrain,P0502,,
A-05503-A,"Vehicle, Conductores del mundo","sep. 09, 2025 10:05:25 a. m.","ene. 00, 1900 12:00:00 a. m.",0,La luz de advertencia del vehículo está encendida,,Telematics Device,Telematics device,168,,
A-05503-A,"Vehicle, Conductores del mundo","sep. 09, 2025 10:55:59 a. m.","ene. 00, 1900 12:00:00 a. m.",0,Vehicle speed sensor A circuit low,No sub type information,OBD with Source Address Information,OBD Powertrain,P0502,,
A-05503-A,"Vehicle, Conductores del mundo","sep. 09, 2025 10:55:59 a. m.","ene. 00, 1900 12:00:00 a. m.",0,Vehicle speed sensor A circuit low,No sub type information,OBD with Source Address Information,OBD Powertrain,P0502,,
A-05503-A,"Vehicle, Conductores del mundo","sep. 09, 2025 10:56:19 a. m.","ene. 00, 1900 12:00:00 a. m.",0,La luz de advertencia del vehículo está encendida,,Telematics Device,Telematics device,168,,
A-05503-A,"Vehicle, Conductores del mundo","sep. 09, 2025 11:04:10 a. m.","ene. 00, 1900 12:00:00 a. m.",0,Vehicle speed sensor A circuit low,No sub type information,OBD with Source Address Information,OBD Powertrain,P0502,,
A-05503-A,"Vehicle, Conductores del mundo","sep. 09, 2025 11:04:10 a. m.","ene. 00, 1900 12:00:00 a. m.",0,Vehicle speed sensor A circuit low,No sub type information,OBD with Source Address Information,OBD Powertrain,P0502,,
A-05503-A,"Vehicle, Conductores del mundo","sep. 09, 2025 1:24:28 p. m.","ene. 00, 1900 12:00:00 a. m.",0,Vehicle speed sensor A circuit low,No sub type information,OBD with Source Address Information,OBD Powertrain,P0502,,
A-05503-A,"Vehicle, Conductores del mundo","sep. 09, 2025 1:24:29 p. m.","ene. 00, 1900 12:00:00 a. m.",0,Vehicle speed sensor A circuit low,No sub type information,OBD with Source Address Information,OBD Powertrain,P0502,,
A-05503-A,"Vehicle, Conductores del mundo","sep. 09, 2025 1:24:49 p. m.","ene. 00, 1900 12:00:00 a. m.",0,La luz de advertencia del vehículo está encendida,,Telematics Device,Telematics device,168,,
A-05503-A,"Vehicle, Conductores del mundo","sep. 09, 2025 1:37:07 p. m.","ene. 00, 1900 12:00:00 a. m.",0,Vehicle speed sensor A circuit low,No sub type information,OBD with Source Address Information,OBD Powertrain,P0502,,
A-05503-A,"Vehicle, Conductores del mundo","sep. 09, 2025 1:37:08 p. m.","ene. 00, 1900 12:00:00 a. m.",0,Vehicle speed sensor A circuit low,No sub type information,OBD with Source Address Information,OBD Powertrain,P0502,,
A-05503-A,"Vehicle, Conductores del mundo","sep. 09, 2025 1:37:27 p. m.","ene. 00, 1900 12:00:00 a. m.",0,La luz de advertencia del vehículo está encendida,,Telematics Device,Telematics device,168,,
A-05503-A,"Vehicle, Conductores del mundo","sep. 09, 2025 3:18:47 p. m.","ene. 00, 1900 12:00:00 a. m.",0,Vehicle speed sensor A circuit low,No sub type information,OBD with Source Address Information,OBD Powertrain,P0502,,
A-05503-A,"Vehicle, Conductores del mundo","sep. 09, 2025 3:18:48 p. m.","ene. 00, 1900 12:00:00 a. m.",0,Vehicle speed sensor A circuit low,No sub type information,OBD with Source Address Information,OBD Powertrain,P0502,,
A-05503-A,"Vehicle, Conductores del mundo","sep. 09, 2025 3:19:08 p. m.","ene. 00, 1900 12:00:00 a. m.",0,La luz de advertencia del vehículo está encendida,,Telematics Device,Telematics device,168,,
A-05503-A,"Vehicle, Conductores del mundo","sep. 09, 2025 3:29:47 p. m.","ene. 00, 1900 12:00:00 a. m.",0,Telematics device fault: internal reset initiated,,Telematics Device,Telematics device,292,,
A-05503-A,"Vehicle, Conductores del mundo","sep. 09, 2025 4:03:32 p. m.","ene. 00, 1900 12:00:00 a. m.",0,Vehicle speed sensor A circuit low,No sub type information,OBD with Source Address Information,OBD Powertrain,P0502,,
A-05503-A,"Vehicle, Conductores del mundo","sep. 09, 2025 4:03:33 p. m.","ene. 00, 1900 12:00:00 a. m.",0,Vehicle speed sensor A circuit low,No sub type information,OBD with Source Address Information,OBD Powertrain,P0502,,
A-05503-A,"Vehicle, Conductores del mundo","sep. 09, 2025 4:03:52 p. m.","ene. 00, 1900 12:00:00 a. m.",0,La luz de advertencia del vehículo está encendida,,Telematics Device,Telematics device,168,,
A-05503-A,"Vehicle, Conductores del mundo","sep. 09, 2025 5:07:02 p. m.","ene. 00, 1900 12:00:00 a. m.",0,Vehicle speed sensor A circuit low,No sub type information,OBD with Source Address Information,OBD Powertrain,P0502,,
A-05503-A,"Vehicle, Conductores del mundo","sep. 09, 2025 5:07:02 p. m.","ene. 00, 1900 12:00:00 a. m.",0,Vehicle speed sensor A circuit low,No sub type information,OBD with Source Address Information,OBD Powertrain,P0502,,
A-05503-A,"Vehicle, Conductores del mundo","sep. 09, 2025 5:07:22 p. m.","ene. 00, 1900 12:00:00 a. m.",0,La luz de advertencia del vehículo está encendida,,Telematics Device,Telematics device,168,,
A-05503-A,"Vehicle, Conductores del mundo","sep. 09, 2025 5:20:12 p. m.","ene. 00, 1900 12:00:00 a. m.",0,Vehicle speed sensor A circuit low,No sub type information,OBD with Source Address Information,OBD Powertrain,P0502,,
A-05503-A,"Vehicle, Conductores del mundo","sep. 09, 2025 5:20:14 p. m.","ene. 00, 1900 12:00:00 a. m.",0,Vehicle speed sensor A circuit low,No sub type information,OBD with Source Address Information,OBD Powertrain,P0502,,
A-05503-A,"Vehicle, Conductores del mundo","sep. 09, 2025 5:20:33 p. m.","ene. 00, 1900 12:00:00 a. m.",0,La luz de advertencia del vehículo está encendida,,Telematics Device,Telematics device,168,,
A-05503-A,"Vehicle, Conductores del mundo","sep. 09, 2025 7:41:27 p. m.","ene. 00, 1900 12:00:00 a. m.",0,Vehicle speed sensor A circuit low,No sub type information,OBD with Source Address Information,OBD Powertrain,P0502,,
A-05503-A,"Vehicle, Conductores del mundo","sep. 09, 2025 7:41:28 p. m.","ene. 00, 1900 12:00:00 a. m.",0,Vehicle speed sensor A circuit low,No sub type information,OBD with Source Address Information,OBD Powertrain,P0502,,
A-05503-A,"Vehicle, Conductores del mundo","sep. 09, 2025 7:53:53 p. m.","ene. 00, 1900 12:00:00 a. m.",0,Vehicle speed sensor A circuit low,No sub type information,OBD with Source Address Information,OBD Powertrain,P0502,,
A-05503-A,"Vehicle, Conductores del mundo","sep. 09, 2025 7:53:53 p. m.","ene. 00, 1900 12:00:00 a. m.",0,Vehicle speed sensor A circuit low,No sub type information,OBD with Source Address Information,OBD Powertrain,P0502,,
A-05503-A,"Vehicle, Conductores del mundo","sep. 09, 2025 7:54:13 p. m.","ene. 00, 1900 12:00:00 a. m.",0,La luz de advertencia del vehículo está encendida,,Telematics Device,Telematics device,168,,
A-05503-A,"Vehicle, Conductores del mundo","sep. 09, 2025 9:03:31 p. m.","ene. 00, 1900 12:00:00 a. m.",0,Vehicle speed sensor A circuit low,No sub type information,OBD with Source Address Information,OBD Powertrain,P0502,,
A-05503-A,"Vehicle, Conductores del mundo","sep. 09, 2025 9:03:32 p. m.","ene. 00, 1900 12:00:00 a. m.",0,Vehicle speed sensor A circuit low,No sub type information,OBD with Source Address Information,OBD Powertrain,P0502,,
A-05503-A,"Vehicle, Conductores del mundo","sep. 09, 2025 9:06:30 p. m.","ene. 00, 1900 12:00:00 a. m.",0,Vehicle speed sensor A circuit low,No sub type information,OBD with Source Address Information,OBD Powertrain,P0502,,
A-05503-A,"Vehicle, Conductores del mundo","sep. 09, 2025 9:06:30 p. m.","ene. 00, 1900 12:00:00 a. m.",0,Vehicle speed sensor A circuit low,No sub type information,OBD with Source Address Information,OBD Powertrain,P0502,,
A-05503-A,"Vehicle, Conductores del mundo","sep. 09, 2025 9:06:50 p. m.","ene. 00, 1900 12:00:00 a. m.",0,La luz de advertencia del vehículo está encendida,,Telematics Device,Telematics device,168,,
A-05503-A,"Vehicle, Conductores del mundo","sep. 10, 2025 5:18:29 a. m.","ene. 00, 1900 12:00:00 a. m.",0,Vehicle speed sensor A circuit low,No sub type information,OBD with Source Address Information,OBD Powertrain,P0502,,
A-05503-A,"Vehicle, Conductores del mundo","sep. 10, 2025 5:18:29 a. m.","ene. 00, 1900 12:00:00 a. m.",0,Vehicle speed sensor A circuit low,No sub type information,OBD with Source Address Information,OBD Powertrain,P0502,,
A-05503-A,"Vehicle, Conductores del mundo","sep. 10, 2025 5:18:49 a. m.","ene. 00, 1900 12:00:00 a. m.",0,La luz de advertencia del vehículo está encendida,,Telematics Device,Telematics device,168,,
A-05503-A,"Vehicle, Conductores del mundo","sep. 10, 2025 6:45:25 a. m.","ene. 00, 1900 12:00:00 a. m.",0,Vehicle speed sensor A circuit low,No sub type information,OBD with Source Address Information,OBD Powertrain,P0502,,
A-05503-A,"Vehicle, Conductores del mundo","sep. 10, 2025 6:45:26 a. m.","ene. 00, 1900 12:00:00 a. m.",0,Vehicle speed sensor A circuit low,No sub type information,OBD with Source Address Information,OBD Powertrain,P0502,,
A-05503-A,"Vehicle, Conductores del mundo","sep. 10, 2025 6:45:46 a. m.","ene. 00, 1900 12:00:00 a. m.",0,La luz de advertencia del vehículo está encendida,,Telematics Device,Telematics device,168,,
A-05503-A,"Vehicle, Conductores del mundo","sep. 10, 2025 7:04:07 a. m.","ene. 00, 1900 12:00:00 a. m.",0,Vehicle speed sensor A circuit low,No sub type information,OBD with Source Address Information,OBD Powertrain,P0502,,
A-05503-A,"Vehicle, Conductores del mundo","sep. 10, 2025 7:04:08 a. m.","ene. 00, 1900 12:00:00 a. m.",0,Vehicle speed sensor A circuit low,No sub type information,OBD with Source Address Information,OBD Powertrain,P0502,,
A-05503-A,"Vehicle, Conductores del mundo","sep. 10, 2025 7:04:27 a. m.","ene. 00, 1900 12:00:00 a. m.",0,La luz de advertencia del vehículo está encendida,,Telematics Device,Telematics device,168,,
A-05503-A,"Vehicle, Conductores del mundo","sep. 10, 2025 11:44:53 a. m.","ene. 00, 1900 12:00:00 a. m.",0,Vehicle speed sensor A circuit low,No sub type information,OBD with Source Address Information,OBD Powertrain,P0502,,
A-05503-A,"Vehicle, Conductores del mundo","sep. 10, 2025 11:44:53 a. m.","ene. 00, 1900 12:00:00 a. m.",0,Vehicle speed sensor A circuit low,No sub type information,OBD with Source Address Information,OBD Powertrain,P0502,,
A-05503-A,"Vehicle, Conductores del mundo","sep. 10, 2025 11:45:13 a. m.","ene. 00, 1900 12:00:00 a. m.",0,La luz de advertencia del vehículo está encendida,,Telematics Device,Telematics device,168,,
A-05503-A,"Vehicle, Conductores del mundo","sep. 10, 2025 11:59:26 a. m.","ene. 00, 1900 12:00:00 a. m.",0,Vehicle speed sensor A circuit low,No sub type information,OBD with Source Address Information,OBD Powertrain,P0502,,
A-05503-A,"Vehicle, Conductores del mundo","sep. 10, 2025 11:59:27 a. m.","ene. 00, 1900 12:00:00 a. m.",0,Vehicle speed sensor A circuit low,No sub type information,OBD with Source Address Information,OBD Powertrain,P0502,,
A-05503-A,"Vehicle, Conductores del mundo","sep. 10, 2025 11:59:46 a. m.","ene. 00, 1900 12:00:00 a. m.",0,La luz de advertencia del vehículo está encendida,,Telematics Device,Telematics device,168,,
A-05503-A,"Vehicle, Conductores del mundo","sep. 10, 2025 3:10:23 p. m.","ene. 00, 1900 12:00:00 a. m.",0,Vehicle speed sensor A circuit low,No sub type information,OBD with Source Address Information,OBD Powertrain,P0502,,
A-05503-A,"Vehicle, Conductores del mundo","sep. 10, 2025 3:10:23 p. m.","ene. 00, 1900 12:00:00 a. m.",0,Vehicle speed sensor A circuit low,No sub type information,OBD with Source Address Information,OBD Powertrain,P0502,,
A-05503-A,"Vehicle, Conductores del mundo","sep. 10, 2025 3:10:43 p. m.","ene. 00, 1900 12:00:00 a. m.",0,La luz de advertencia del vehículo está encendida,,Telematics Device,Telematics device,168,,
A-05503-A,"Vehicle, Conductores del mundo","sep. 10, 2025 3:25:22 p. m.","ene. 00, 1900 12:00:00 a. m.",0,Vehicle speed sensor A circuit low,No sub type information,OBD with Source Address Information,OBD Powertrain,P0502,,
A-05503-A,"Vehicle, Conductores del mundo","sep. 10, 2025 3:25:22 p. m.","ene. 00, 1900 12:00:00 a. m.",0,Vehicle speed sensor A circuit low,No sub type information,OBD with Source Address Information,OBD Powertrain,P0502,,
A-05503-A,"Vehicle, Conductores del mundo","sep. 10, 2025 3:25:42 p. m.","ene. 00, 1900 12:00:00 a. m.",0,La luz de advertencia del vehículo está encendida,,Telematics Device,Telematics device,168,,
A-05503-A,"Vehicle, Conductores del mundo","sep. 10, 2025 5:00:25 p. m.","ene. 00, 1900 12:00:00 a. m.",0,Vehicle speed sensor A circuit low,No sub type information,OBD with Source Address Information,OBD Powertrain,P0502,,
A-05503-A,"Vehicle, Conductores del mundo","sep. 10, 2025 5:00:26 p. m.","ene. 00, 1900 12:00:00 a. m.",0,Vehicle speed sensor A circuit low,No sub type information,OBD with Source Address Information,OBD Powertrain,P0502,,
A-05503-A,"Vehicle, Conductores del mundo","sep. 10, 2025 5:00:45 p. m.","ene. 00, 1900 12:00:00 a. m.",0,La luz de advertencia del vehículo está encendida,,Telematics Device,Telematics device,168,,
A-05503-A,"Vehicle, Conductores del mundo","sep. 10, 2025 5:14:45 p. m.","ene. 00, 1900 12:00:00 a. m.",0,Vehicle speed sensor A circuit low,No sub type information,OBD with Source Address Information,OBD Powertrain,P0502,,
A-05503-A,"Vehicle, Conductores del mundo","sep. 10, 2025 5:14:46 p. m.","ene. 00, 1900 12:00:00 a. m.",0,Vehicle speed sensor A circuit low,No sub type information,OBD with Source Address Information,OBD Powertrain,P0502,,
A-05503-A,"Vehicle, Conductores del mundo","sep. 10, 2025 5:15:05 p. m.","ene. 00, 1900 12:00:00 a. m.",0,La luz de advertencia del vehículo está encendida,,Telematics Device,Telematics device,168,,
A-05503-A,"Vehicle, Conductores del mundo","sep. 10, 2025 7:58:47 p. m.","ene. 00, 1900 12:00:00 a. m.",0,Vehicle speed sensor A circuit low,No sub type information,OBD with Source Address Information,OBD Powertrain,P0502,,
A-05503-A,"Vehicle, Conductores del mundo","sep. 10, 2025 7:58:48 p. m.","ene. 00, 1900 12:00:00 a. m.",0,Vehicle speed sensor A circuit low,No sub type information,OBD with Source Address Information,OBD Powertrain,P0502,,
A-05503-A,"Vehicle, Conductores del mundo","sep. 10, 2025 7:59:08 p. m.","ene. 00, 1900 12:00:00 a. m.",0,La luz de advertencia del vehículo está encendida,,Telematics Device,Telematics device,168,,
A-05503-A,"Vehicle, Conductores del mundo","sep. 10, 2025 8:20:44 p. m.","ene. 00, 1900 12:00:00 a. m.",0,Vehicle speed sensor A circuit low,No sub type information,OBD with Source Address Information,OBD Powertrain,P0502,,
A-05503-A,"Vehicle, Conductores del mundo","sep. 10, 2025 8:20:44 p. m.","ene. 00, 1900 12:00:00 a. m.",0,Vehicle speed sensor A circuit low,No sub type information,OBD with Source Address Information,OBD Powertrain,P0502,,
A-05503-A,"Vehicle, Conductores del mundo","sep. 10, 2025 8:21:04 p. m.","ene. 00, 1900 12:00:00 a. m.",0,La luz de advertencia del vehículo está encendida,,Telematics Device,Telematics device,168,,
A-05503-A,"Vehicle, Conductores del mundo","sep. 11, 2025 6:18:44 a. m.","ene. 00, 1900 12:00:00 a. m.",0,Vehicle speed sensor A circuit low,No sub type information,OBD with Source Address Information,OBD Powertrain,P0502,,
A-05503-A,"Vehicle, Conductores del mundo","sep. 11, 2025 6:18:44 a. m.","ene. 00, 1900 12:00:00 a. m.",0,Vehicle speed sensor A circuit low,No sub type information,OBD with Source Address Information,OBD Powertrain,P0502,,
A-05503-A,"Vehicle, Conductores del mundo","sep. 11, 2025 6:19:04 a. m.","ene. 00, 1900 12:00:00 a. m.",0,La luz de advertencia del vehículo está encendida,,Telematics Device,Telematics device,168,,
A-05503-A,"Vehicle, Conductores del mundo","sep. 11, 2025 7:14:29 a. m.","ene. 00, 1900 12:00:00 a. m.",0,Vehicle speed sensor A circuit low,No sub type information,OBD with Source Address Information,OBD Powertrain,P0502,,
A-05503-A,"Vehicle, Conductores del mundo","sep. 11, 2025 7:14:31 a. m.","ene. 00, 1900 12:00:00 a. m.",0,Vehicle speed sensor A circuit low,No sub type information,OBD with Source Address Information,OBD Powertrain,P0502,,
A-05503-A,"Vehicle, Conductores del mundo","sep. 11, 2025 7:14:50 a. m.","ene. 00, 1900 12:00:00 a. m.",0,La luz de advertencia del vehículo está encendida,,Telematics Device,Telematics device,168,,
A-05503-A,"Vehicle, Conductores del mundo","sep. 11, 2025 8:05:59 a. m.","ene. 00, 1900 12:00:00 a. m.",0,Vehicle speed sensor A circuit low,No sub type information,OBD with Source Address Information,OBD Powertrain,P0502,,
A-05503-A,"Vehicle, Conductores del mundo","sep. 11, 2025 8:05:59 a. m.","ene. 00, 1900 12:00:00 a. m.",0,Vehicle speed sensor A circuit low,No sub type information,OBD with Source Address Information,OBD Powertrain,P0502,,
A-05503-A,"Vehicle, Conductores del mundo","sep. 11, 2025 8:06:19 a. m.","ene. 00, 1900 12:00:00 a. m.",0,La luz de advertencia del vehículo está encendida,,Telematics Device,Telematics device,168,,
A-05503-A,"Vehicle, Conductores del mundo","sep. 11, 2025 8:14:46 a. m.","ene. 00, 1900 12:00:00 a. m.",0,Vehicle speed sensor A circuit low,No sub type information,OBD with Source Address Information,OBD Powertrain,P0502,,
A-05503-A,"Vehicle, Conductores del mundo","sep. 11, 2025 8:14:46 a. m.","ene. 00, 1900 12:00:00 a. m.",0,Vehicle speed sensor A circuit low,No sub type information,OBD with Source Address Information,OBD Powertrain,P0502,,
A-05503-A,"Vehicle, Conductores del mundo","sep. 11, 2025 8:15:06 a. m.","ene. 00, 1900 12:00:00 a. m.",0,La luz de advertencia del vehículo está encendida,,Telematics Device,Telematics device,168,,
A-05503-A,"Vehicle, Conductores del mundo","sep. 11, 2025 9:15:05 a. m.","ene. 00, 1900 12:00:00 a. m.",0,Vehicle speed sensor A circuit low,No sub type information,OBD with Source Address Information,OBD Powertrain,P0502,,
A-05503-A,"Vehicle, Conductores del mundo","sep. 11, 2025 9:15:06 a. m.","ene. 00, 1900 12:00:00 a. m.",0,Vehicle speed sensor A circuit low,No sub type information,OBD with Source Address Information,OBD Powertrain,P0502,,
A-05503-A,"Vehicle, Conductores del mundo","sep. 11, 2025 9:15:26 a. m.","ene. 00, 1900 12:00:00 a. m.",0,La luz de advertencia del vehículo está encendida,,Telematics Device,Telematics device,168,,
A-05503-A,"Vehicle, Conductores del mundo","sep. 11, 2025 9:38:41 a. m.","ene. 00, 1900 12:00:00 a. m.",0,Vehicle speed sensor A circuit low,No sub type information,OBD with Source Address Information,OBD Powertrain,P0502,,
A-05503-A,"Vehicle, Conductores del mundo","sep. 11, 2025 9:38:42 a. m.","ene. 00, 1900 12:00:00 a. m.",0,Vehicle speed sensor A circuit low,No sub type information,OBD with Source Address Information,OBD Powertrain,P0502,,
A-05503-A,"Vehicle, Conductores del mundo","sep. 11, 2025 9:39:01 a. m.","ene. 00, 1900 12:00:00 a. m.",0,La luz de advertencia del vehículo está encendida,,Telematics Device,Telematics device,168,,
A-05503-A,"Vehicle, Conductores del mundo","sep. 11, 2025 9:43:24 a. m.","ene. 00, 1900 12:00:00 a. m.",0,Vehicle speed sensor A circuit low,No sub type information,OBD with Source Address Information,OBD Powertrain,P0502,,
A-05503-A,"Vehicle, Conductores del mundo","sep. 11, 2025 9:43:24 a. m.","ene. 00, 1900 12:00:00 a. m.",0,Vehicle speed sensor A circuit low,No sub type information,OBD with Source Address Information,OBD Powertrain,P0502,,
A-05503-A,"Vehicle, Conductores del mundo","sep. 11, 2025 9:43:44 a. m.","ene. 00, 1900 12:00:00 a. m.",0,La luz de advertencia del vehículo está encendida,,Telematics Device,Telematics device,168,,
A-05503-A,"Vehicle, Conductores del mundo","sep. 11, 2025 10:35:50 a. m.","ene. 00, 1900 12:00:00 a. m.",0,Vehicle speed sensor A circuit low,No sub type information,OBD with Source Address Information,OBD Powertrain,P0502,,
A-05503-A,"Vehicle, Conductores del mundo","sep. 11, 2025 10:35:51 a. m.","ene. 00, 1900 12:00:00 a. m.",0,Vehicle speed sensor A circuit low,No sub type information,OBD with Source Address Information,OBD Powertrain,P0502,,
A-05503-A,"Vehicle, Conductores del mundo","sep. 11, 2025 10:36:11 a. m.","ene. 00, 1900 12:00:00 a. m.",0,La luz de advertencia del vehículo está encendida,,Telematics Device,Telematics device,168,,
A-05503-A,"Vehicle, Conductores del mundo","sep. 11, 2025 11:11:20 a. m.","ene. 00, 1900 12:00:00 a. m.",0,Vehicle speed sensor A circuit low,No sub type information,OBD with Source Address Information,OBD Powertrain,P0502,,
A-05503-A,"Vehicle, Conductores del mundo","sep. 11, 2025 11:11:20 a. m.","ene. 00, 1900 12:00:00 a. m.",0,Vehicle speed sensor A circuit low,No sub type information,OBD with Source Address Information,OBD Powertrain,P0502,,
A-05503-A,"Vehicle, Conductores del mundo","sep. 11, 2025 11:11:40 a. m.","ene. 00, 1900 12:00:00 a. m.",0,La luz de advertencia del vehículo está encendida,,Telematics Device,Telematics device,168,,
A-05503-A,"Vehicle, Conductores del mundo","sep. 11, 2025 12:09:01 p. m.","ene. 00, 1900 12:00:00 a. m.",0,Vehicle speed sensor A circuit low,No sub type information,OBD with Source Address Information,OBD Powertrain,P0502,,
A-05503-A,"Vehicle, Conductores del mundo","sep. 11, 2025 12:09:01 p. m.","ene. 00, 1900 12:00:00 a. m.",0,Vehicle speed sensor A circuit low,No sub type information,OBD with Source Address Information,OBD Powertrain,P0502,,
A-05503-A,"Vehicle, Conductores del mundo","sep. 11, 2025 12:09:21 p. m.","ene. 00, 1900 12:00:00 a. m.",0,La luz de advertencia del vehículo está encendida,,Telematics Device,Telematics device,168,,
A-05503-A,"Vehicle, Conductores del mundo","sep. 11, 2025 1:19:24 p. m.","ene. 00, 1900 12:00:00 a. m.",0,Vehicle speed sensor A circuit low,No sub type information,OBD with Source Address Information,OBD Powertrain,P0502,,
A-05503-A,"Vehicle, Conductores del mundo","sep. 11, 2025 1:19:24 p. m.","ene. 00, 1900 12:00:00 a. m.",0,Vehicle speed sensor A circuit low,No sub type information,OBD with Source Address Information,OBD Powertrain,P0502,,
A-05503-A,"Vehicle, Conductores del mundo","sep. 11, 2025 1:19:44 p. m.","ene. 00, 1900 12:00:00 a. m.",0,La luz de advertencia del vehículo está encendida,,Telematics Device,Telematics device,168,,
A-05503-A,"Vehicle, Conductores del mundo","sep. 11, 2025 2:16:12 p. m.","ene. 00, 1900 12:00:00 a. m.",0,Vehicle speed sensor A circuit low,No sub type information,OBD with Source Address Information,OBD Powertrain,P0502,,
A-05503-A,"Vehicle, Conductores del mundo","sep. 11, 2025 2:16:13 p. m.","ene. 00, 1900 12:00:00 a. m.",0,Vehicle speed sensor A circuit low,No sub type information,OBD with Source Address Information,OBD Powertrain,P0502,,
A-05503-A,"Vehicle, Conductores del mundo","sep. 11, 2025 2:16:32 p. m.","ene. 00, 1900 12:00:00 a. m.",0,La luz de advertencia del vehículo está encendida,,Telematics Device,Telematics device,168,,
A-05503-A,"Vehicle, Conductores del mundo","sep. 11, 2025 3:03:34 p. m.","ene. 00, 1900 12:00:00 a. m.",0,Vehicle speed sensor A circuit low,No sub type information,OBD with Source Address Information,OBD Powertrain,P0502,,
A-05503-A,"Vehicle, Conductores del mundo","sep. 11, 2025 3:03:34 p. m.","ene. 00, 1900 12:00:00 a. m.",0,Vehicle speed sensor A circuit low,No sub type information,OBD with Source Address Information,OBD Powertrain,P0502,,
A-05503-A,"Vehicle, Conductores del mundo","sep. 11, 2025 3:03:54 p. m.","ene. 00, 1900 12:00:00 a. m.",0,La luz de advertencia del vehículo está encendida,,Telematics Device,Telematics device,168,,
A-05503-A,"Vehicle, Conductores del mundo","sep. 11, 2025 4:17:15 p. m.","ene. 00, 1900 12:00:00 a. m.",0,Vehicle speed sensor A circuit low,No sub type information,OBD with Source Address Information,OBD Powertrain,P0502,,
A-05503-A,"Vehicle, Conductores del mundo","sep. 11, 2025 4:17:15 p. m.","ene. 00, 1900 12:00:00 a. m.",0,Vehicle speed sensor A circuit low,No sub type information,OBD with Source Address Information,OBD Powertrain,P0502,,
A-05503-A,"Vehicle, Conductores del mundo","sep. 11, 2025 4:17:35 p. m.","ene. 00, 1900 12:00:00 a. m.",0,La luz de advertencia del vehículo está encendida,,Telematics Device,Telematics device,168,,
A-05503-A,"Vehicle, Conductores del mundo","sep. 11, 2025 5:55:10 p. m.","ene. 00, 1900 12:00:00 a. m.",0,Vehicle speed sensor A circuit low,No sub type information,OBD with Source Address Information,OBD Powertrain,P0502,,
A-05503-A,"Vehicle, Conductores del mundo","sep. 11, 2025 5:55:10 p. m.","ene. 00, 1900 12:00:00 a. m.",0,Vehicle speed sensor A circuit low,No sub type information,OBD with Source Address Information,OBD Powertrain,P0502,,
A-05503-A,"Vehicle, Conductores del mundo","sep. 11, 2025 5:55:30 p. m.","ene. 00, 1900 12:00:00 a. m.",0,La luz de advertencia del vehículo está encendida,,Telematics Device,Telematics device,168,,
A-05503-A,"Vehicle, Conductores del mundo","sep. 11, 2025 6:00:13 p. m.","ene. 00, 1900 12:00:00 a. m.",0,Vehicle speed sensor A circuit low,No sub type information,OBD with Source Address Information,OBD Powertrain,P0502,,
A-05503-A,"Vehicle, Conductores del mundo","sep. 11, 2025 6:00:13 p. m.","ene. 00, 1900 12:00:00 a. m.",0,Vehicle speed sensor A circuit low,No sub type information,OBD with Source Address Information,OBD Powertrain,P0502,,
A-05503-A,"Vehicle, Conductores del mundo","sep. 11, 2025 6:00:33 p. m.","ene. 00, 1900 12:00:00 a. m.",0,La luz de advertencia del vehículo está encendida,,Telematics Device,Telematics device,168,,
A-05503-A,"Vehicle, Conductores del mundo","sep. 11, 2025 6:59:39 p. m.","ene. 00, 1900 12:00:00 a. m.",0,Vehicle speed sensor A circuit low,No sub type information,OBD with Source Address Information,OBD Powertrain,P0502,,
A-05503-A,"Vehicle, Conductores del mundo","sep. 11, 2025 6:59:39 p. m.","ene. 00, 1900 12:00:00 a. m.",0,Vehicle speed sensor A circuit low,No sub type information,OBD with Source Address Information,OBD Powertrain,P0502,,
A-05503-A,"Vehicle, Conductores del mundo","sep. 11, 2025 6:59:59 p. m.","ene. 00, 1900 12:00:00 a. m.",0,La luz de advertencia del vehículo está encendida,,Telematics Device,Telematics device,168,,
A-05503-A,"Vehicle, Conductores del mundo","sep. 11, 2025 7:26:55 p. m.","ene. 00, 1900 12:00:00 a. m.",0,Vehicle speed sensor A circuit low,No sub type information,OBD with Source Address Information,OBD Powertrain,P0502,,
A-05503-A,"Vehicle, Conductores del mundo","sep. 11, 2025 7:26:56 p. m.","ene. 00, 1900 12:00:00 a. m.",0,Vehicle speed sensor A circuit low,No sub type information,OBD with Source Address Information,OBD Powertrain,P0502,,
A-05503-A,"Vehicle, Conductores del mundo","sep. 11, 2025 7:27:15 p. m.","ene. 00, 1900 12:00:00 a. m.",0,La luz de advertencia del vehículo está encendida,,Telematics Device,Telematics device,168,,
A-05503-A,"Vehicle, Conductores del mundo","sep. 11, 2025 7:44:53 p. m.","ene. 00, 1900 12:00:00 a. m.",0,Vehicle speed sensor A circuit low,No sub type information,OBD with Source Address Information,OBD Powertrain,P0502,,
A-05503-A,"Vehicle, Conductores del mundo","sep. 11, 2025 7:44:54 p. m.","ene. 00, 1900 12:00:00 a. m.",0,Vehicle speed sensor A circuit low,No sub type information,OBD with Source Address Information,OBD Powertrain,P0502,,
A-05503-A,"Vehicle, Conductores del mundo","sep. 11, 2025 7:45:13 p. m.","ene. 00, 1900 12:00:00 a. m.",0,La luz de advertencia del vehículo está encendida,,Telematics Device,Telematics device,168,,
A-05503-A,"Vehicle, Conductores del mundo","sep. 11, 2025 8:08:43 p. m.","ene. 00, 1900 12:00:00 a. m.",0,Vehicle speed sensor A circuit low,No sub type information,OBD with Source Address Information,OBD Powertrain,P0502,,
A-05503-A,"Vehicle, Conductores del mundo","sep. 11, 2025 8:08:44 p. m.","ene. 00, 1900 12:00:00 a. m.",0,Vehicle speed sensor A circuit low,No sub type information,OBD with Source Address Information,OBD Powertrain,P0502,,
A-05503-A,"Vehicle, Conductores del mundo","sep. 11, 2025 8:09:03 p. m.","ene. 00, 1900 12:00:00 a. m.",0,La luz de advertencia del vehículo está encendida,,Telematics Device,Telematics device,168,,
A-05503-A,"Vehicle, Conductores del mundo","sep. 12, 2025 5:48:25 a. m.","ene. 00, 1900 12:00:00 a. m.",0,Vehicle speed sensor A circuit low,No sub type information,OBD with Source Address Information,OBD Powertrain,P0502,,
A-05503-A,"Vehicle, Conductores del mundo","sep. 12, 2025 5:48:25 a. m.","ene. 00, 1900 12:00:00 a. m.",0,Vehicle speed sensor A circuit low,No sub type information,OBD with Source Address Information,OBD Powertrain,P0502,,
A-05503-A,"Vehicle, Conductores del mundo","sep. 12, 2025 5:48:45 a. m.","ene. 00, 1900 12:00:00 a. m.",0,La luz de advertencia del vehículo está encendida,,Telematics Device,Telematics device,168,,
A-05503-A,"Vehicle, Conductores del mundo","sep. 12, 2025 6:56:52 a. m.","ene. 00, 1900 12:00:00 a. m.",0,Vehicle speed sensor A circuit low,No sub type information,OBD with Source Address Information,OBD Powertrain,P0502,,
A-05503-A,"Vehicle, Conductores del mundo","sep. 12, 2025 6:56:52 a. m.","ene. 00, 1900 12:00:00 a. m.",0,Vehicle speed sensor A circuit low,No sub type information,OBD with Source Address Information,OBD Powertrain,P0502,,
A-05503-A,"Vehicle, Conductores del mundo","sep. 12, 2025 6:57:12 a. m.","ene. 00, 1900 12:00:00 a. m.",0,La luz de advertencia del vehículo está encendida,,Telematics Device,Telematics device,168,,
A-05503-A,"Vehicle, Conductores del mundo","sep. 12, 2025 11:27:47 a. m.","ene. 00, 1900 12:00:00 a. m.",0,Vehicle speed sensor A circuit low,No sub type information,OBD with Source Address Information,OBD Powertrain,P0502,,
A-05503-A,"Vehicle, Conductores del mundo","sep. 12, 2025 11:27:48 a. m.","ene. 00, 1900 12:00:00 a. m.",0,Vehicle speed sensor A circuit low,No sub type information,OBD with Source Address Information,OBD Powertrain,P0502,,
A-05503-A,"Vehicle, Conductores del mundo","sep. 12, 2025 11:28:07 a. m.","ene. 00, 1900 12:00:00 a. m.",0,La luz de advertencia del vehículo está encendida,,Telematics Device,Telematics device,168,,
A-05503-A,"Vehicle, Conductores del mundo","sep. 12, 2025 12:32:51 p. m.","ene. 00, 1900 12:00:00 a. m.",0,Vehicle speed sensor A circuit low,No sub type information,OBD with Source Address Information,OBD Powertrain,P0502,,
A-05503-A,"Vehicle, Conductores del mundo","sep. 12, 2025 12:32:52 p. m.","ene. 00, 1900 12:00:00 a. m.",0,Vehicle speed sensor A circuit low,No sub type information,OBD with Source Address Information,OBD Powertrain,P0502,,
A-05503-A,"Vehicle, Conductores del mundo","sep. 12, 2025 2:27:08 p. m.","ene. 00, 1900 12:00:00 a. m.",0,Vehicle speed sensor A circuit low,No sub type information,OBD with Source Address Information,OBD Powertrain,P0502,,
A-05503-A,"Vehicle, Conductores del mundo","sep. 12, 2025 2:27:08 p. m.","ene. 00, 1900 12:00:00 a. m.",0,Vehicle speed sensor A circuit low,No sub type information,OBD with Source Address Information,OBD Powertrain,P0502,,
A-05503-A,"Vehicle, Conductores del mundo","sep. 12, 2025 2:27:28 p. m.","ene. 00, 1900 12:00:00 a. m.",0,La luz de advertencia del vehículo está encendida,,Telematics Device,Telematics device,168,,
A-05503-A,"Vehicle, Conductores del mundo","sep. 12, 2025 2:35:45 p. m.","ene. 00, 1900 12:00:00 a. m.",0,Vehicle speed sensor A circuit low,No sub type information,OBD with Source Address Information,OBD Powertrain,P0502,,
A-05503-A,"Vehicle, Conductores del mundo","sep. 12, 2025 2:35:45 p. m.","ene. 00, 1900 12:00:00 a. m.",0,Vehicle speed sensor A circuit low,No sub type information,OBD with Source Address Information,OBD Powertrain,P0502,,
A-05503-A,"Vehicle, Conductores del mundo","sep. 12, 2025 2:36:05 p. m.","ene. 00, 1900 12:00:00 a. m.",0,La luz de advertencia del vehículo está encendida,,Telematics Device,Telematics device,168,,
A-05503-A,"Vehicle, Conductores del mundo","sep. 12, 2025 4:04:36 p. m.","ene. 00, 1900 12:00:00 a. m.",0,Vehicle speed sensor A circuit low,No sub type information,OBD with Source Address Information,OBD Powertrain,P0502,,
A-05503-A,"Vehicle, Conductores del mundo","sep. 12, 2025 4:04:36 p. m.","ene. 00, 1900 12:00:00 a. m.",0,Vehicle speed sensor A circuit low,No sub type information,OBD with Source Address Information,OBD Powertrain,P0502,,
A-05503-A,"Vehicle, Conductores del mundo","sep. 12, 2025 4:04:56 p. m.","ene. 00, 1900 12:00:00 a. m.",0,La luz de advertencia del vehículo está encendida,,Telematics Device,Telematics device,168,,
A-05503-A,"Vehicle, Conductores del mundo","sep. 12, 2025 4:20:32 p. m.","ene. 00, 1900 12:00:00 a. m.",0,Vehicle speed sensor A circuit low,No sub type information,OBD with Source Address Information,OBD Powertrain,P0502,,
A-05503-A,"Vehicle, Conductores del mundo","sep. 12, 2025 4:20:32 p. m.","ene. 00, 1900 12:00:00 a. m.",0,Vehicle speed sensor A circuit low,No sub type information,OBD with Source Address Information,OBD Powertrain,P0502,,
A-05503-A,"Vehicle, Conductores del mundo","sep. 12, 2025 4:20:52 p. m.","ene. 00, 1900 12:00:00 a. m.",0,La luz de advertencia del vehículo está encendida,,Telematics Device,Telematics device,168,,
A-05503-A,"Vehicle, Conductores del mundo","sep. 12, 2025 5:25:28 p. m.","ene. 00, 1900 12:00:00 a. m.",0,Vehicle speed sensor A circuit low,No sub type information,OBD with Source Address Information,OBD Powertrain,P0502,,
A-05503-A,"Vehicle, Conductores del mundo","sep. 12, 2025 5:25:28 p. m.","ene. 00, 1900 12:00:00 a. m.",0,Vehicle speed sensor A circuit low,No sub type information,OBD with Source Address Information,OBD Powertrain,P0502,,
A-05503-A,"Vehicle, Conductores del mundo","sep. 12, 2025 5:25:48 p. m.","ene. 00, 1900 12:00:00 a. m.",0,La luz de advertencia del vehículo está encendida,,Telematics Device,Telematics device,168,,
A-05503-A,"Vehicle, Conductores del mundo","sep. 12, 2025 5:38:04 p. m.","ene. 00, 1900 12:00:00 a. m.",0,Vehicle speed sensor A circuit low,No sub type information,OBD with Source Address Information,OBD Powertrain,P0502,,
A-05503-A,"Vehicle, Conductores del mundo","sep. 12, 2025 5:38:04 p. m.","ene. 00, 1900 12:00:00 a. m.",0,Vehicle speed sensor A circuit low,No sub type information,OBD with Source Address Information,OBD Powertrain,P0502,,
A-05503-A,"Vehicle, Conductores del mundo","sep. 12, 2025 5:38:24 p. m.","ene. 00, 1900 12:00:00 a. m.",0,La luz de advertencia del vehículo está encendida,,Telematics Device,Telematics device,168,,
A-05503-A,"Vehicle, Conductores del mundo","sep. 12, 2025 6:23:47 p. m.","ene. 00, 1900 12:00:00 a. m.",0,Vehicle speed sensor A circuit low,No sub type information,OBD with Source Address Information,OBD Powertrain,P0502,,
A-05503-A,"Vehicle, Conductores del mundo","sep. 12, 2025 6:23:47 p. m.","ene. 00, 1900 12:00:00 a. m.",0,Vehicle speed sensor A circuit low,No sub type information,OBD with Source Address Information,OBD Powertrain,P0502,,
A-05503-A,"Vehicle, Conductores del mundo","sep. 12, 2025 6:24:07 p. m.","ene. 00, 1900 12:00:00 a. m.",0,La luz de advertencia del vehículo está encendida,,Telematics Device,Telematics device,168,,
A-05503-A,"Vehicle, Conductores del mundo","sep. 12, 2025 6:48:25 p. m.","ene. 00, 1900 12:00:00 a. m.",0,Vehicle speed sensor A circuit low,No sub type information,OBD with Source Address Information,OBD Powertrain,P0502,,
A-05503-A,"Vehicle, Conductores del mundo","sep. 12, 2025 6:48:25 p. m.","ene. 00, 1900 12:00:00 a. m.",0,Vehicle speed sensor A circuit low,No sub type information,OBD with Source Address Information,OBD Powertrain,P0502,,
A-05503-A,"Vehicle, Conductores del mundo","sep. 12, 2025 6:48:45 p. m.","ene. 00, 1900 12:00:00 a. m.",0,La luz de advertencia del vehículo está encendida,,Telematics Device,Telematics device,168,,
A-05503-A,"Vehicle, Conductores del mundo","sep. 12, 2025 7:31:12 p. m.","ene. 00, 1900 12:00:00 a. m.",0,Vehicle speed sensor A circuit low,No sub type information,OBD with Source Address Information,OBD Powertrain,P0502,,
A-05503-A,"Vehicle, Conductores del mundo","sep. 12, 2025 7:31:12 p. m.","ene. 00, 1900 12:00:00 a. m.",0,Vehicle speed sensor A circuit low,No sub type information,OBD with Source Address Information,OBD Powertrain,P0502,,
A-05503-A,"Vehicle, Conductores del mundo","sep. 12, 2025 7:31:32 p. m.","ene. 00, 1900 12:00:00 a. m.",0,La luz de advertencia del vehículo está encendida,,Telematics Device,Telematics device,168,,
A-05503-A,"Vehicle, Conductores del mundo","sep. 13, 2025 5:48:00 a. m.","ene. 00, 1900 12:00:00 a. m.",0,Vehicle speed sensor A circuit low,No sub type information,OBD with Source Address Information,OBD Powertrain,P0502,,
A-05503-A,"Vehicle, Conductores del mundo","sep. 13, 2025 5:48:00 a. m.","ene. 00, 1900 12:00:00 a. m.",0,Vehicle speed sensor A circuit low,No sub type information,OBD with Source Address Information,OBD Powertrain,P0502,,
A-05503-A,"Vehicle, Conductores del mundo","sep. 13, 2025 5:48:20 a. m.","ene. 00, 1900 12:00:00 a. m.",0,La luz de advertencia del vehículo está encendida,,Telematics Device,Telematics device,168,,
A-05503-A,"Vehicle, Conductores del mundo","sep. 13, 2025 7:26:51 a. m.","ene. 00, 1900 12:00:00 a. m.",0,Vehicle speed sensor A circuit low,No sub type information,OBD with Source Address Information,OBD Powertrain,P0502,,
A-05503-A,"Vehicle, Conductores del mundo","sep. 13, 2025 7:26:51 a. m.","ene. 00, 1900 12:00:00 a. m.",0,Vehicle speed sensor A circuit low,No sub type information,OBD with Source Address Information,OBD Powertrain,P0502,,
A-05503-A,"Vehicle, Conductores del mundo","sep. 13, 2025 7:27:11 a. m.","ene. 00, 1900 12:00:00 a. m.",0,La luz de advertencia del vehículo está encendida,,Telematics Device,Telematics device,168,,
A-05503-A,"Vehicle, Conductores del mundo","sep. 13, 2025 7:42:25 a. m.","ene. 00, 1900 12:00:00 a. m.",0,Vehicle speed sensor A circuit low,No sub type information,OBD with Source Address Information,OBD Powertrain,P0502,,
A-05503-A,"Vehicle, Conductores del mundo","sep. 13, 2025 7:42:26 a. m.","ene. 00, 1900 12:00:00 a. m.",0,Vehicle speed sensor A circuit low,No sub type information,OBD with Source Address Information,OBD Powertrain,P0502,,
A-05503-A,"Vehicle, Conductores del mundo","sep. 13, 2025 7:42:45 a. m.","ene. 00, 1900 12:00:00 a. m.",0,La luz de advertencia del vehículo está encendida,,Telematics Device,Telematics device,168,,
A-05503-A,"Vehicle, Conductores del mundo","sep. 13, 2025 8:05:07 a. m.","ene. 00, 1900 12:00:00 a. m.",0,Vehicle speed sensor A circuit low,No sub type information,OBD with Source Address Information,OBD Powertrain,P0502,,
A-05503-A,"Vehicle, Conductores del mundo","sep. 13, 2025 8:05:08 a. m.","ene. 00, 1900 12:00:00 a. m.",0,Vehicle speed sensor A circuit low,No sub type information,OBD with Source Address Information,OBD Powertrain,P0502,,
A-05503-A,"Vehicle, Conductores del mundo","sep. 13, 2025 8:05:27 a. m.","ene. 00, 1900 12:00:00 a. m.",0,La luz de advertencia del vehículo está encendida,,Telematics Device,Telematics device,168,,
A-05503-A,"Vehicle, Conductores del mundo","sep. 13, 2025 8:11:33 a. m.","ene. 00, 1900 12:00:00 a. m.",0,Vehicle speed sensor A circuit low,No sub type information,OBD with Source Address Information,OBD Powertrain,P0502,,
A-05503-A,"Vehicle, Conductores del mundo","sep. 13, 2025 8:11:33 a. m.","ene. 00, 1900 12:00:00 a. m.",0,Vehicle speed sensor A circuit low,No sub type information,OBD with Source Address Information,OBD Powertrain,P0502,,
A-05503-A,"Vehicle, Conductores del mundo","sep. 13, 2025 8:11:53 a. m.","ene. 00, 1900 12:00:00 a. m.",0,La luz de advertencia del vehículo está encendida,,Telematics Device,Telematics device,168,,
A-05503-A,"Vehicle, Conductores del mundo","sep. 13, 2025 9:13:39 a. m.","ene. 00, 1900 12:00:00 a. m.",0,Vehicle speed sensor A circuit low,No sub type information,OBD with Source Address Information,OBD Powertrain,P0502,,
A-05503-A,"Vehicle, Conductores del mundo","sep. 13, 2025 9:13:39 a. m.","ene. 00, 1900 12:00:00 a. m.",0,Vehicle speed sensor A circuit low,No sub type information,OBD with Source Address Information,OBD Powertrain,P0502,,
A-05503-A,"Vehicle, Conductores del mundo","sep. 13, 2025 9:13:59 a. m.","ene. 00, 1900 12:00:00 a. m.",0,La luz de advertencia del vehículo está encendida,,Telematics Device,Telematics device,168,,
A-05503-A,"Vehicle, Conductores del mundo","sep. 13, 2025 9:42:04 a. m.","ene. 00, 1900 12:00:00 a. m.",0,Vehicle speed sensor A circuit low,No sub type information,OBD with Source Address Information,OBD Powertrain,P0502,,
A-05503-A,"Vehicle, Conductores del mundo","sep. 13, 2025 9:42:04 a. m.","ene. 00, 1900 12:00:00 a. m.",0,Vehicle speed sensor A circuit low,No sub type information,OBD with Source Address Information,OBD Powertrain,P0502,,
A-05503-A,"Vehicle, Conductores del mundo","sep. 13, 2025 9:42:24 a. m.","ene. 00, 1900 12:00:00 a. m.",0,La luz de advertencia del vehículo está encendida,,Telematics Device,Telematics device,168,,
A-05503-A,"Vehicle, Conductores del mundo","sep. 13, 2025 9:57:34 a. m.","ene. 00, 1900 12:00:00 a. m.",0,Vehicle speed sensor A circuit low,No sub type information,OBD with Source Address Information,OBD Powertrain,P0502,,
A-05503-A,"Vehicle, Conductores del mundo","sep. 13, 2025 9:57:34 a. m.","ene. 00, 1900 12:00:00 a. m.",0,Vehicle speed sensor A circuit low,No sub type information,OBD with Source Address Information,OBD Powertrain,P0502,,
A-05503-A,"Vehicle, Conductores del mundo","sep. 13, 2025 9:57:54 a. m.","ene. 00, 1900 12:00:00 a. m.",0,La luz de advertencia del vehículo está encendida,,Telematics Device,Telematics device,168,,
A-05503-A,"Vehicle, Conductores del mundo","sep. 13, 2025 1:09:13 p. m.","ene. 00, 1900 12:00:00 a. m.",0,Vehicle speed sensor A circuit low,No sub type information,OBD with Source Address Information,OBD Powertrain,P0502,,
A-05503-A,"Vehicle, Conductores del mundo","sep. 13, 2025 1:09:13 p. m.","ene. 00, 1900 12:00:00 a. m.",0,Vehicle speed sensor A circuit low,No sub type information,OBD with Source Address Information,OBD Powertrain,P0502,,
A-05503-A,"Vehicle, Conductores del mundo","sep. 13, 2025 1:09:33 p. m.","ene. 00, 1900 12:00:00 a. m.",0,La luz de advertencia del vehículo está encendida,,Telematics Device,Telematics device,168,,
A-05503-A,"Vehicle, Conductores del mundo","sep. 13, 2025 1:22:22 p. m.","ene. 00, 1900 12:00:00 a. m.",0,Vehicle speed sensor A circuit low,No sub type information,OBD with Source Address Information,OBD Powertrain,P0502,,
A-05503-A,"Vehicle, Conductores del mundo","sep. 13, 2025 1:22:23 p. m.","ene. 00, 1900 12:00:00 a. m.",0,Vehicle speed sensor A circuit low,No sub type information,OBD with Source Address Information,OBD Powertrain,P0502,,
A-05503-A,"Vehicle, Conductores del mundo","sep. 13, 2025 1:22:43 p. m.","ene. 00, 1900 12:00:00 a. m.",0,La luz de advertencia del vehículo está encendida,,Telematics Device,Telematics device,168,,
A-05503-A,"Vehicle, Conductores del mundo","sep. 13, 2025 2:04:50 p. m.","ene. 00, 1900 12:00:00 a. m.",0,Vehicle speed sensor A circuit low,No sub type information,OBD with Source Address Information,OBD Powertrain,P0502,,
A-05503-A,"Vehicle, Conductores del mundo","sep. 13, 2025 2:04:51 p. m.","ene. 00, 1900 12:00:00 a. m.",0,Vehicle speed sensor A circuit low,No sub type information,OBD with Source Address Information,OBD Powertrain,P0502,,
A-05503-A,"Vehicle, Conductores del mundo","sep. 13, 2025 2:05:11 p. m.","ene. 00, 1900 12:00:00 a. m.",0,La luz de advertencia del vehículo está encendida,,Telematics Device,Telematics device,168,,
A-05503-A,"Vehicle, Conductores del mundo","sep. 13, 2025 2:27:55 p. m.","ene. 00, 1900 12:00:00 a. m.",0,Vehicle speed sensor A circuit low,No sub type information,OBD with Source Address Information,OBD Powertrain,P0502,,
A-05503-A,"Vehicle, Conductores del mundo","sep. 13, 2025 2:27:56 p. m.","ene. 00, 1900 12:00:00 a. m.",0,Vehicle speed sensor A circuit low,No sub type information,OBD with Source Address Information,OBD Powertrain,P0502,,
A-05503-A,"Vehicle, Conductores del mundo","sep. 13, 2025 2:46:30 p. m.","ene. 00, 1900 12:00:00 a. m.",0,Vehicle speed sensor A circuit low,No sub type information,OBD with Source Address Information,OBD Powertrain,P0502,,
A-05503-A,"Vehicle, Conductores del mundo","sep. 13, 2025 2:46:31 p. m.","ene. 00, 1900 12:00:00 a. m.",0,Vehicle speed sensor A circuit low,No sub type information,OBD with Source Address Information,OBD Powertrain,P0502,,
A-05503-A,"Vehicle, Conductores del mundo","sep. 13, 2025 2:46:51 p. m.","ene. 00, 1900 12:00:00 a. m.",0,La luz de advertencia del vehículo está encendida,,Telematics Device,Telematics device,168,,
A-05503-A,"Vehicle, Conductores del mundo","sep. 13, 2025 3:11:25 p. m.","ene. 00, 1900 12:00:00 a. m.",0,Vehicle speed sensor A circuit low,No sub type information,OBD with Source Address Information,OBD Powertrain,P0502,,
A-05503-A,"Vehicle, Conductores del mundo","sep. 13, 2025 3:11:25 p. m.","ene. 00, 1900 12:00:00 a. m.",0,Vehicle speed sensor A circuit low,No sub type information,OBD with Source Address Information,OBD Powertrain,P0502,,
A-05503-A,"Vehicle, Conductores del mundo","sep. 13, 2025 3:11:45 p. m.","ene. 00, 1900 12:00:00 a. m.",0,La luz de advertencia del vehículo está encendida,,Telematics Device,Telematics device,168,,
A-05503-A,"Vehicle, Conductores del mundo","sep. 14, 2025 5:46:23 a. m.","ene. 00, 1900 12:00:00 a. m.",0,Vehicle speed sensor A circuit low,No sub type information,OBD with Source Address Information,OBD Powertrain,P0502,,
A-05503-A,"Vehicle, Conductores del mundo","sep. 14, 2025 5:46:23 a. m.","ene. 00, 1900 12:00:00 a. m.",0,Vehicle speed sensor A circuit low,No sub type information,OBD with Source Address Information,OBD Powertrain,P0502,,
A-05503-A,"Vehicle, Conductores del mundo","sep. 14, 2025 5:46:43 a. m.","ene. 00, 1900 12:00:00 a. m.",0,La luz de advertencia del vehículo está encendida,,Telematics Device,Telematics device,168,,
A-05503-A,"Vehicle, Conductores del mundo","sep. 14, 2025 6:17:41 a. m.","ene. 00, 1900 12:00:00 a. m.",0,Vehicle speed sensor A circuit low,No sub type information,OBD with Source Address Information,OBD Powertrain,P0502,,
A-05503-A,"Vehicle, Conductores del mundo","sep. 14, 2025 6:17:41 a. m.","ene. 00, 1900 12:00:00 a. m.",0,Vehicle speed sensor A circuit low,No sub type information,OBD with Source Address Information,OBD Powertrain,P0502,,
A-05503-A,"Vehicle, Conductores del mundo","sep. 14, 2025 6:18:01 a. m.","ene. 00, 1900 12:00:00 a. m.",0,La luz de advertencia del vehículo está encendida,,Telematics Device,Telematics device,168,,
A-05503-A,"Vehicle, Conductores del mundo","sep. 14, 2025 7:13:55 a. m.","ene. 00, 1900 12:00:00 a. m.",0,Vehicle speed sensor A circuit low,No sub type information,OBD with Source Address Information,OBD Powertrain,P0502,,
A-05503-A,"Vehicle, Conductores del mundo","sep. 14, 2025 7:13:55 a. m.","ene. 00, 1900 12:00:00 a. m.",0,Vehicle speed sensor A circuit low,No sub type information,OBD with Source Address Information,OBD Powertrain,P0502,,
A-05503-A,"Vehicle, Conductores del mundo","sep. 14, 2025 7:14:15 a. m.","ene. 00, 1900 12:00:00 a. m.",0,La luz de advertencia del vehículo está encendida,,Telematics Device,Telematics device,168,,
A-05503-A,"Vehicle, Conductores del mundo","sep. 14, 2025 8:14:27 a. m.","ene. 00, 1900 12:00:00 a. m.",0,Vehicle speed sensor A circuit low,No sub type information,OBD with Source Address Information,OBD Powertrain,P0502,,
A-05503-A,"Vehicle, Conductores del mundo","sep. 14, 2025 8:14:28 a. m.","ene. 00, 1900 12:00:00 a. m.",0,Vehicle speed sensor A circuit low,No sub type information,OBD with Source Address Information,OBD Powertrain,P0502,,
A-05503-A,"Vehicle, Conductores del mundo","sep. 14, 2025 8:14:48 a. m.","ene. 00, 1900 12:00:00 a. m.",0,La luz de advertencia del vehículo está encendida,,Telematics Device,Telematics device,168,,
A-05503-A,"Vehicle, Conductores del mundo","sep. 14, 2025 8:20:13 a. m.","ene. 00, 1900 12:00:00 a. m.",0,Vehicle speed sensor A circuit low,No sub type information,OBD with Source Address Information,OBD Powertrain,P0502,,
A-05503-A,"Vehicle, Conductores del mundo","sep. 14, 2025 8:20:13 a. m.","ene. 00, 1900 12:00:00 a. m.",0,Vehicle speed sensor A circuit low,No sub type information,OBD with Source Address Information,OBD Powertrain,P0502,,
A-05503-A,"Vehicle, Conductores del mundo","sep. 14, 2025 8:20:33 a. m.","ene. 00, 1900 12:00:00 a. m.",0,La luz de advertencia del vehículo está encendida,,Telematics Device,Telematics device,168,,
A-05503-A,"Vehicle, Conductores del mundo","sep. 14, 2025 8:25:13 a. m.","ene. 00, 1900 12:00:00 a. m.",0,Vehicle speed sensor A circuit low,No sub type information,OBD with Source Address Information,OBD Powertrain,P0502,,
A-05503-A,"Vehicle, Conductores del mundo","sep. 14, 2025 8:25:13 a. m.","ene. 00, 1900 12:00:00 a. m.",0,Vehicle speed sensor A circuit low,No sub type information,OBD with Source Address Information,OBD Powertrain,P0502,,
A-05503-A,"Vehicle, Conductores del mundo","sep. 14, 2025 8:25:33 a. m.","ene. 00, 1900 12:00:00 a. m.",0,La luz de advertencia del vehículo está encendida,,Telematics Device,Telematics device,168,,
A-05503-A,"Vehicle, Conductores del mundo","sep. 14, 2025 10:26:02 a. m.","ene. 00, 1900 12:00:00 a. m.",0,Vehicle speed sensor A circuit low,No sub type information,OBD with Source Address Information,OBD Powertrain,P0502,,
A-05503-A,"Vehicle, Conductores del mundo","sep. 14, 2025 10:26:02 a. m.","ene. 00, 1900 12:00:00 a. m.",0,Vehicle speed sensor A circuit low,No sub type information,OBD with Source Address Information,OBD Powertrain,P0502,,
A-05503-A,"Vehicle, Conductores del mundo","sep. 14, 2025 10:26:22 a. m.","ene. 00, 1900 12:00:00 a. m.",0,La luz de advertencia del vehículo está encendida,,Telematics Device,Telematics device,168,,
A-05503-A,"Vehicle, Conductores del mundo","sep. 14, 2025 12:31:47 p. m.","ene. 00, 1900 12:00:00 a. m.",0,Vehicle speed sensor A circuit low,No sub type information,OBD with Source Address Information,OBD Powertrain,P0502,,
A-05503-A,"Vehicle, Conductores del mundo","sep. 14, 2025 12:31:47 p. m.","ene. 00, 1900 12:00:00 a. m.",0,Vehicle speed sensor A circuit low,No sub type information,OBD with Source Address Information,OBD Powertrain,P0502,,
A-05503-A,"Vehicle, Conductores del mundo","sep. 14, 2025 12:32:07 p. m.","ene. 00, 1900 12:00:00 a. m.",0,La luz de advertencia del vehículo está encendida,,Telematics Device,Telematics device,168,,
A-05503-A,"Vehicle, Conductores del mundo","sep. 14, 2025 2:58:09 p. m.","ene. 00, 1900 12:00:00 a. m.",0,Vehicle speed sensor A circuit low,No sub type information,OBD with Source Address Information,OBD Powertrain,P0502,,
A-05503-A,"Vehicle, Conductores del mundo","sep. 14, 2025 2:58:09 p. m.","ene. 00, 1900 12:00:00 a. m.",0,Vehicle speed sensor A circuit low,No sub type information,OBD with Source Address Information,OBD Powertrain,P0502,,
A-05503-A,"Vehicle, Conductores del mundo","sep. 14, 2025 2:58:29 p. m.","ene. 00, 1900 12:00:00 a. m.",0,La luz de advertencia del vehículo está encendida,,Telematics Device,Telematics device,168,,
A-05503-A,"Vehicle, Conductores del mundo","sep. 14, 2025 5:25:14 p. m.","ene. 00, 1900 12:00:00 a. m.",0,Vehicle speed sensor A circuit low,No sub type information,OBD with Source Address Information,OBD Powertrain,P0502,,
A-05503-A,"Vehicle, Conductores del mundo","sep. 14, 2025 5:25:15 p. m.","ene. 00, 1900 12:00:00 a. m.",0,Vehicle speed sensor A circuit low,No sub type information,OBD with Source Address Information,OBD Powertrain,P0502,,
A-05503-A,"Vehicle, Conductores del mundo","sep. 14, 2025 5:25:35 p. m.","ene. 00, 1900 12:00:00 a. m.",0,La luz de advertencia del vehículo está encendida,,Telematics Device,Telematics device,168,,
A-05503-A,"Vehicle, Conductores del mundo","sep. 14, 2025 5:32:56 p. m.","ene. 00, 1900 12:00:00 a. m.",0,Vehicle speed sensor A circuit low,No sub type information,OBD with Source Address Information,OBD Powertrain,P0502,,
A-05503-A,"Vehicle, Conductores del mundo","sep. 14, 2025 5:32:57 p. m.","ene. 00, 1900 12:00:00 a. m.",0,Vehicle speed sensor A circuit low,No sub type information,OBD with Source Address Information,OBD Powertrain,P0502,,
A-05503-A,"Vehicle, Conductores del mundo","sep. 14, 2025 5:33:17 p. m.","ene. 00, 1900 12:00:00 a. m.",0,La luz de advertencia del vehículo está encendida,,Telematics Device,Telematics device,168,,
A-05503-A,"Vehicle, Conductores del mundo","sep. 14, 2025 6:12:22 p. m.","ene. 00, 1900 12:00:00 a. m.",0,Vehicle speed sensor A circuit low,No sub type information,OBD with Source Address Information,OBD Powertrain,P0502,,
A-05503-A,"Vehicle, Conductores del mundo","sep. 14, 2025 6:12:23 p. m.","ene. 00, 1900 12:00:00 a. m.",0,Vehicle speed sensor A circuit low,No sub type information,OBD with Source Address Information,OBD Powertrain,P0502,,
A-05503-A,"Vehicle, Conductores del mundo","sep. 14, 2025 6:12:43 p. m.","ene. 00, 1900 12:00:00 a. m.",0,La luz de advertencia del vehículo está encendida,,Telematics Device,Telematics device,168,,
A-05503-A,"Vehicle, Conductores del mundo","sep. 14, 2025 6:25:34 p. m.","ene. 00, 1900 12:00:00 a. m.",0,Vehicle speed sensor A circuit low,No sub type information,OBD with Source Address Information,OBD Powertrain,P0502,,
A-05503-A,"Vehicle, Conductores del mundo","sep. 14, 2025 6:25:34 p. m.","ene. 00, 1900 12:00:00 a. m.",0,Vehicle speed sensor A circuit low,No sub type information,OBD with Source Address Information,OBD Powertrain,P0502,,
A-05503-A,"Vehicle, Conductores del mundo","sep. 14, 2025 6:25:54 p. m.","ene. 00, 1900 12:00:00 a. m.",0,La luz de advertencia del vehículo está encendida,,Telematics Device,Telematics device,168,,
A-05503-A,"Vehicle, Conductores del mundo","sep. 14, 2025 8:56:59 p. m.","ene. 00, 1900 12:00:00 a. m.",0,Vehicle speed sensor A circuit low,No sub type information,OBD with Source Address Information,OBD Powertrain,P0502,,
A-05503-A,"Vehicle, Conductores del mundo","sep. 14, 2025 8:56:59 p. m.","ene. 00, 1900 12:00:00 a. m.",0,Vehicle speed sensor A circuit low,No sub type information,OBD with Source Address Information,OBD Powertrain,P0502,,
A-05503-A,"Vehicle, Conductores del mundo","sep. 14, 2025 8:57:19 p. m.","ene. 00, 1900 12:00:00 a. m.",0,La luz de advertencia del vehículo está encendida,,Telematics Device,Telematics device,168,,
A-05503-A,"Vehicle, Conductores del mundo","sep. 14, 2025 9:48:56 p. m.","ene. 00, 1900 12:00:00 a. m.",0,Vehicle speed sensor A circuit low,No sub type information,OBD with Source Address Information,OBD Powertrain,P0502,,
A-05503-A,"Vehicle, Conductores del mundo","sep. 14, 2025 9:48:57 p. m.","ene. 00, 1900 12:00:00 a. m.",0,Vehicle speed sensor A circuit low,No sub type information,OBD with Source Address Information,OBD Powertrain,P0502,,
A-05503-A,"Vehicle, Conductores del mundo","sep. 14, 2025 9:49:17 p. m.","ene. 00, 1900 12:00:00 a. m.",0,La luz de advertencia del vehículo está encendida,,Telematics Device,Telematics device,168,,
A-05503-A,"Vehicle, Conductores del mundo","sep. 15, 2025 5:45:54 a. m.","ene. 00, 1900 12:00:00 a. m.",0,Vehicle speed sensor A circuit low,No sub type information,OBD with Source Address Information,OBD Powertrain,P0502,,
A-05503-A,"Vehicle, Conductores del mundo","sep. 15, 2025 5:45:54 a. m.","ene. 00, 1900 12:00:00 a. m.",0,Vehicle speed sensor A circuit low,No sub type information,OBD with Source Address Information,OBD Powertrain,P0502,,
A-05503-A,"Vehicle, Conductores del mundo","sep. 15, 2025 5:46:14 a. m.","ene. 00, 1900 12:00:00 a. m.",0,La luz de advertencia del vehículo está encendida,,Telematics Device,Telematics device,168,,
A-05503-A,"Vehicle, Conductores del mundo","sep. 15, 2025 7:20:08 a. m.","ene. 00, 1900 12:00:00 a. m.",0,Vehicle speed sensor A circuit low,No sub type information,OBD with Source Address Information,OBD Powertrain,P0502,,
A-05503-A,"Vehicle, Conductores del mundo","sep. 15, 2025 7:20:08 a. m.","ene. 00, 1900 12:00:00 a. m.",0,Vehicle speed sensor A circuit low,No sub type information,OBD with Source Address Information,OBD Powertrain,P0502,,
A-05503-A,"Vehicle, Conductores del mundo","sep. 15, 2025 7:20:28 a. m.","ene. 00, 1900 12:00:00 a. m.",0,La luz de advertencia del vehículo está encendida,,Telematics Device,Telematics device,168,,
A-05503-A,"Vehicle, Conductores del mundo","sep. 15, 2025 7:30:11 a. m.","ene. 00, 1900 12:00:00 a. m.",0,Vehicle speed sensor A circuit low,No sub type information,OBD with Source Address Information,OBD Powertrain,P0502,,
A-05503-A,"Vehicle, Conductores del mundo","sep. 15, 2025 7:30:11 a. m.","ene. 00, 1900 12:00:00 a. m.",0,Vehicle speed sensor A circuit low,No sub type information,OBD with Source Address Information,OBD Powertrain,P0502,,
A-05503-A,"Vehicle, Conductores del mundo","sep. 15, 2025 7:30:31 a. m.","ene. 00, 1900 12:00:00 a. m.",0,La luz de advertencia del vehículo está encendida,,Telematics Device,Telematics device,168,,
A-05503-A,"Vehicle, Conductores del mundo","sep. 15, 2025 12:01:01 p. m.","ene. 00, 1900 12:00:00 a. m.",0,Vehicle speed sensor A circuit low,No sub type information,OBD with Source Address Information,OBD Powertrain,P0502,,
A-05503-A,"Vehicle, Conductores del mundo","sep. 15, 2025 12:01:01 p. m.","ene. 00, 1900 12:00:00 a. m.",0,Vehicle speed sensor A circuit low,No sub type information,OBD with Source Address Information,OBD Powertrain,P0502,,
A-05503-A,"Vehicle, Conductores del mundo","sep. 15, 2025 12:01:21 p. m.","ene. 00, 1900 12:00:00 a. m.",0,La luz de advertencia del vehículo está encendida,,Telematics Device,Telematics device,168,,
A-05503-A,"Vehicle, Conductores del mundo","sep. 15, 2025 3:14:51 p. m.","ene. 00, 1900 12:00:00 a. m.",0,Vehicle speed sensor A circuit low,No sub type information,OBD with Source Address Information,OBD Powertrain,P0502,,
A-05503-A,"Vehicle, Conductores del mundo","sep. 15, 2025 3:14:52 p. m.","ene. 00, 1900 12:00:00 a. m.",0,Vehicle speed sensor A circuit low,No sub type information,OBD with Source Address Information,OBD Powertrain,P0502,,
A-05503-A,"Vehicle, Conductores del mundo","sep. 15, 2025 3:15:12 p. m.","ene. 00, 1900 12:00:00 a. m.",0,La luz de advertencia del vehículo está encendida,,Telematics Device,Telematics device,168,,
A-05503-A,"Vehicle, Conductores del mundo","sep. 15, 2025 5:48:01 p. m.","ene. 00, 1900 12:00:00 a. m.",0,Vehicle speed sensor A circuit low,No sub type information,OBD with Source Address Information,OBD Powertrain,P0502,,
A-05503-A,"Vehicle, Conductores del mundo","sep. 15, 2025 5:48:01 p. m.","ene. 00, 1900 12:00:00 a. m.",0,Vehicle speed sensor A circuit low,No sub type information,OBD with Source Address Information,OBD Powertrain,P0502,,
A-05503-A,"Vehicle, Conductores del mundo","sep. 15, 2025 5:48:21 p. m.","ene. 00, 1900 12:00:00 a. m.",0,La luz de advertencia del vehículo está encendida,,Telematics Device,Telematics device,168,,
A-05503-A,"Vehicle, Conductores del mundo","sep. 15, 2025 6:13:29 p. m.","ene. 00, 1900 12:00:00 a. m.",0,Vehicle speed sensor A circuit low,No sub type information,OBD with Source Address Information,OBD Powertrain,P0502,,
A-05503-A,"Vehicle, Conductores del mundo","sep. 15, 2025 6:13:30 p. m.","ene. 00, 1900 12:00:00 a. m.",0,Vehicle speed sensor A circuit low,No sub type information,OBD with Source Address Information,OBD Powertrain,P0502,,
A-05503-A,"Vehicle, Conductores del mundo","sep. 15, 2025 6:13:49 p. m.","ene. 00, 1900 12:00:00 a. m.",0,La luz de advertencia del vehículo está encendida,,Telematics Device,Telematics device,168,,
A-05503-A,"Vehicle, Conductores del mundo","sep. 15, 2025 6:40:13 p. m.","ene. 00, 1900 12:00:00 a. m.",0,Vehicle speed sensor A circuit low,No sub type information,OBD with Source Address Information,OBD Powertrain,P0502,,
A-05503-A,"Vehicle, Conductores del mundo","sep. 15, 2025 6:40:13 p. m.","ene. 00, 1900 12:00:00 a. m.",0,Vehicle speed sensor A circuit low,No sub type information,OBD with Source Address Information,OBD Powertrain,P0502,,
A-05503-A,"Vehicle, Conductores del mundo","sep. 15, 2025 6:40:33 p. m.","ene. 00, 1900 12:00:00 a. m.",0,La luz de advertencia del vehículo está encendida,,Telematics Device,Telematics device,168,,
A-05503-A,"Vehicle, Conductores del mundo","sep. 15, 2025 6:58:25 p. m.","ene. 00, 1900 12:00:00 a. m.",0,Vehicle speed sensor A circuit low,No sub type information,OBD with Source Address Information,OBD Powertrain,P0502,,
A-05503-A,"Vehicle, Conductores del mundo","sep. 15, 2025 6:58:25 p. m.","ene. 00, 1900 12:00:00 a. m.",0,Vehicle speed sensor A circuit low,No sub type information,OBD with Source Address Information,OBD Powertrain,P0502,,
A-05503-A,"Vehicle, Conductores del mundo","sep. 15, 2025 6:58:45 p. m.","ene. 00, 1900 12:00:00 a. m.",0,La luz de advertencia del vehículo está encendida,,Telematics Device,Telematics device,168,,
A-05503-A,"Vehicle, Conductores del mundo","sep. 16, 2025 6:27:32 a. m.","ene. 00, 1900 12:00:00 a. m.",0,Vehicle speed sensor A circuit low,No sub type information,OBD with Source Address Information,OBD Powertrain,P0502,,
A-05503-A,"Vehicle, Conductores del mundo","sep. 16, 2025 6:27:33 a. m.","ene. 00, 1900 12:00:00 a. m.",0,Vehicle speed sensor A circuit low,No sub type information,OBD with Source Address Information,OBD Powertrain,P0502,,
A-05503-A,"Vehicle, Conductores del mundo","sep. 16, 2025 6:27:52 a. m.","ene. 00, 1900 12:00:00 a. m.",0,La luz de advertencia del vehículo está encendida,,Telematics Device,Telematics device,168,,
A-05503-A,"Vehicle, Conductores del mundo","sep. 16, 2025 7:47:23 a. m.","ene. 00, 1900 12:00:00 a. m.",0,Vehicle speed sensor A circuit low,No sub type information,OBD with Source Address Information,OBD Powertrain,P0502,,
A-05503-A,"Vehicle, Conductores del mundo","sep. 16, 2025 7:47:24 a. m.","ene. 00, 1900 12:00:00 a. m.",0,Vehicle speed sensor A circuit low,No sub type information,OBD with Source Address Information,OBD Powertrain,P0502,,
A-05503-A,"Vehicle, Conductores del mundo","sep. 16, 2025 8:07:48 a. m.","ene. 00, 1900 12:00:00 a. m.",0,Vehicle speed sensor A circuit low,No sub type information,OBD with Source Address Information,OBD Powertrain,P0502,,
A-05503-A,"Vehicle, Conductores del mundo","sep. 16, 2025 8:07:49 a. m.","ene. 00, 1900 12:00:00 a. m.",0,Vehicle speed sensor A circuit low,No sub type information,OBD with Source Address Information,OBD Powertrain,P0502,,
A-05503-A,"Vehicle, Conductores del mundo","sep. 16, 2025 8:08:08 a. m.","ene. 00, 1900 12:00:00 a. m.",0,La luz de advertencia del vehículo está encendida,,Telematics Device,Telematics device,168,,
A-05503-A,"Vehicle, Conductores del mundo","sep. 16, 2025 10:31:48 a. m.","ene. 00, 1900 12:00:00 a. m.",0,Vehicle speed sensor A circuit low,No sub type information,OBD with Source Address Information,OBD Powertrain,P0502,,
A-05503-A,"Vehicle, Conductores del mundo","sep. 16, 2025 10:31:49 a. m.","ene. 00, 1900 12:00:00 a. m.",0,Vehicle speed sensor A circuit low,No sub type information,OBD with Source Address Information,OBD Powertrain,P0502,,
A-05503-A,"Vehicle, Conductores del mundo","sep. 16, 2025 10:32:09 a. m.","ene. 00, 1900 12:00:00 a. m.",0,La luz de advertencia del vehículo está encendida,,Telematics Device,Telematics device,168,,
A-05503-A,"Vehicle, Conductores del mundo","sep. 16, 2025 10:37:48 a. m.","ene. 00, 1900 12:00:00 a. m.",0,Vehicle speed sensor A circuit low,No sub type information,OBD with Source Address Information,OBD Powertrain,P0502,,
A-05503-A,"Vehicle, Conductores del mundo","sep. 16, 2025 10:37:48 a. m.","ene. 00, 1900 12:00:00 a. m.",0,Vehicle speed sensor A circuit low,No sub type information,OBD with Source Address Information,OBD Powertrain,P0502,,
A-05503-A,"Vehicle, Conductores del mundo","sep. 16, 2025 10:38:08 a. m.","ene. 00, 1900 12:00:00 a. m.",0,La luz de advertencia del vehículo está encendida,,Telematics Device,Telematics device,168,,
A-05503-A,"Vehicle, Conductores del mundo","sep. 16, 2025 10:58:25 a. m.","ene. 00, 1900 12:00:00 a. m.",0,Vehicle speed sensor A circuit low,No sub type information,OBD with Source Address Information,OBD Powertrain,P0502,,
A-05503-A,"Vehicle, Conductores del mundo","sep. 16, 2025 10:58:25 a. m.","ene. 00, 1900 12:00:00 a. m.",0,Vehicle speed sensor A circuit low,No sub type information,OBD with Source Address Information,OBD Powertrain,P0502,,
A-05503-A,"Vehicle, Conductores del mundo","sep. 16, 2025 10:58:45 a. m.","ene. 00, 1900 12:00:00 a. m.",0,La luz de advertencia del vehículo está encendida,,Telematics Device,Telematics device,168,,
A-05503-A,"Vehicle, Conductores del mundo","sep. 16, 2025 11:22:36 a. m.","ene. 00, 1900 12:00:00 a. m.",0,Vehicle speed sensor A circuit low,No sub type information,OBD with Source Address Information,OBD Powertrain,P0502,,
A-05503-A,"Vehicle, Conductores del mundo","sep. 16, 2025 11:22:36 a. m.","ene. 00, 1900 12:00:00 a. m.",0,Vehicle speed sensor A circuit low,No sub type information,OBD with Source Address Information,OBD Powertrain,P0502,,
A-05503-A,"Vehicle, Conductores del mundo","sep. 16, 2025 11:22:56 a. m.","ene. 00, 1900 12:00:00 a. m.",0,La luz de advertencia del vehículo está encendida,,Telematics Device,Telematics device,168,,
A-05503-A,"Vehicle, Conductores del mundo","sep. 16, 2025 12:16:33 p. m.","ene. 00, 1900 12:00:00 a. m.",0,Vehicle speed sensor A circuit low,No sub type information,OBD with Source Address Information,OBD Powertrain,P0502,,
A-05503-A,"Vehicle, Conductores del mundo","sep. 16, 2025 12:16:34 p. m.","ene. 00, 1900 12:00:00 a. m.",0,Vehicle speed sensor A circuit low,No sub type information,OBD with Source Address Information,OBD Powertrain,P0502,,
A-05503-A,"Vehicle, Conductores del mundo","sep. 16, 2025 12:16:53 p. m.","ene. 00, 1900 12:00:00 a. m.",0,La luz de advertencia del vehículo está encendida,,Telematics Device,Telematics device,168,,
A-05503-A,"Vehicle, Conductores del mundo","sep. 16, 2025 12:26:34 p. m.","ene. 00, 1900 12:00:00 a. m.",0,Vehicle speed sensor A circuit low,No sub type information,OBD with Source Address Information,OBD Powertrain,P0502,,
A-05503-A,"Vehicle, Conductores del mundo","sep. 16, 2025 12:26:34 p. m.","ene. 00, 1900 12:00:00 a. m.",0,Vehicle speed sensor A circuit low,No sub type information,OBD with Source Address Information,OBD Powertrain,P0502,,
A-05503-A,"Vehicle, Conductores del mundo","sep. 16, 2025 12:26:54 p. m.","ene. 00, 1900 12:00:00 a. m.",0,La luz de advertencia del vehículo está encendida,,Telematics Device,Telematics device,168,,
A-05503-A,"Vehicle, Conductores del mundo","sep. 16, 2025 3:36:43 p. m.","ene. 00, 1900 12:00:00 a. m.",0,Vehicle speed sensor A circuit low,No sub type information,OBD with Source Address Information,OBD Powertrain,P0502,,
A-05503-A,"Vehicle, Conductores del mundo","sep. 16, 2025 3:36:43 p. m.","ene. 00, 1900 12:00:00 a. m.",0,Vehicle speed sensor A circuit low,No sub type information,OBD with Source Address Information,OBD Powertrain,P0502,,
A-05503-A,"Vehicle, Conductores del mundo","sep. 16, 2025 3:37:02 p. m.","ene. 00, 1900 12:00:00 a. m.",0,La luz de advertencia del vehículo está encendida,,Telematics Device,Telematics device,168,,
A-05503-A,"Vehicle, Conductores del mundo","sep. 16, 2025 4:16:37 p. m.","ene. 00, 1900 12:00:00 a. m.",0,Vehicle speed sensor A circuit low,No sub type information,OBD with Source Address Information,OBD Powertrain,P0502,,
A-05503-A,"Vehicle, Conductores del mundo","sep. 16, 2025 4:16:37 p. m.","ene. 00, 1900 12:00:00 a. m.",0,Vehicle speed sensor A circuit low,No sub type information,OBD with Source Address Information,OBD Powertrain,P0502,,
A-05503-A,"Vehicle, Conductores del mundo","sep. 16, 2025 4:16:57 p. m.","ene. 00, 1900 12:00:00 a. m.",0,La luz de advertencia del vehículo está encendida,,Telematics Device,Telematics device,168,,
A-05503-A,"Vehicle, Conductores del mundo","sep. 16, 2025 5:19:35 p. m.","ene. 00, 1900 12:00:00 a. m.",0,Vehicle speed sensor A circuit low,No sub type information,OBD with Source Address Information,OBD Powertrain,P0502,,
A-05503-A,"Vehicle, Conductores del mundo","sep. 16, 2025 5:19:36 p. m.","ene. 00, 1900 12:00:00 a. m.",0,Vehicle speed sensor A circuit low,No sub type information,OBD with Source Address Information,OBD Powertrain,P0502,,
A-05503-A,"Vehicle, Conductores del mundo","sep. 16, 2025 5:19:55 p. m.","ene. 00, 1900 12:00:00 a. m.",0,La luz de advertencia del vehículo está encendida,,Telematics Device,Telematics device,168,,
A-05503-A,"Vehicle, Conductores del mundo","sep. 17, 2025 7:17:07 a. m.","ene. 00, 1900 12:00:00 a. m.",0,Vehicle speed sensor A circuit low,No sub type information,OBD with Source Address Information,OBD Powertrain,P0502,,
A-05503-A,"Vehicle, Conductores del mundo","sep. 17, 2025 7:17:07 a. m.","ene. 00, 1900 12:00:00 a. m.",0,Vehicle speed sensor A circuit low,No sub type information,OBD with Source Address Information,OBD Powertrain,P0502,,
A-05503-A,"Vehicle, Conductores del mundo","sep. 17, 2025 7:17:27 a. m.","ene. 00, 1900 12:00:00 a. m.",0,La luz de advertencia del vehículo está encendida,,Telematics Device,Telematics device,168,,
A-05503-A,"Vehicle, Conductores del mundo","sep. 17, 2025 8:11:17 a. m.","ene. 00, 1900 12:00:00 a. m.",0,Vehicle speed sensor A circuit low,No sub type information,OBD with Source Address Information,OBD Powertrain,P0502,,
A-05503-A,"Vehicle, Conductores del mundo","sep. 17, 2025 8:11:17 a. m.","ene. 00, 1900 12:00:00 a. m.",0,Vehicle speed sensor A circuit low,No sub type information,OBD with Source Address Information,OBD Powertrain,P0502,,
A-05503-A,"Vehicle, Conductores del mundo","sep. 17, 2025 8:11:37 a. m.","ene. 00, 1900 12:00:00 a. m.",0,La luz de advertencia del vehículo está encendida,,Telematics Device,Telematics device,168,,
A-05503-A,"Vehicle, Conductores del mundo","sep. 17, 2025 8:31:23 a. m.","ene. 00, 1900 12:00:00 a. m.",0,Vehicle speed sensor A circuit low,No sub type information,OBD with Source Address Information,OBD Powertrain,P0502,,
A-05503-A,"Vehicle, Conductores del mundo","sep. 17, 2025 8:31:23 a. m.","ene. 00, 1900 12:00:00 a. m.",0,Vehicle speed sensor A circuit low,No sub type information,OBD with Source Address Information,OBD Powertrain,P0502,,
A-05503-A,"Vehicle, Conductores del mundo","sep. 17, 2025 8:31:43 a. m.","ene. 00, 1900 12:00:00 a. m.",0,La luz de advertencia del vehículo está encendida,,Telematics Device,Telematics device,168,,
A-05503-A,"Vehicle, Conductores del mundo","sep. 17, 2025 9:14:50 a. m.","ene. 00, 1900 12:00:00 a. m.",0,Vehicle speed sensor A circuit low,No sub type information,OBD with Source Address Information,OBD Powertrain,P0502,,
A-05503-A,"Vehicle, Conductores del mundo","sep. 17, 2025 9:14:50 a. m.","ene. 00, 1900 12:00:00 a. m.",0,Vehicle speed sensor A circuit low,No sub type information,OBD with Source Address Information,OBD Powertrain,P0502,,
A-05503-A,"Vehicle, Conductores del mundo","sep. 17, 2025 9:15:10 a. m.","ene. 00, 1900 12:00:00 a. m.",0,La luz de advertencia del vehículo está encendida,,Telematics Device,Telematics device,168,,
A-05503-A,"Vehicle, Conductores del mundo","sep. 17, 2025 9:47:36 a. m.","ene. 00, 1900 12:00:00 a. m.",0,Vehicle speed sensor A circuit low,No sub type information,OBD with Source Address Information,OBD Powertrain,P0502,,
A-05503-A,"Vehicle, Conductores del mundo","sep. 17, 2025 9:47:37 a. m.","ene. 00, 1900 12:00:00 a. m.",0,Vehicle speed sensor A circuit low,No sub type information,OBD with Source Address Information,OBD Powertrain,P0502,,
A-05503-A,"Vehicle, Conductores del mundo","sep. 17, 2025 9:47:56 a. m.","ene. 00, 1900 12:00:00 a. m.",0,La luz de advertencia del vehículo está encendida,,Telematics Device,Telematics device,168,,
A-05503-A,"Vehicle, Conductores del mundo","sep. 17, 2025 12:04:12 p. m.","ene. 00, 1900 12:00:00 a. m.",0,Vehicle speed sensor A circuit low,No sub type information,OBD with Source Address Information,OBD Powertrain,P0502,,
A-05503-A,"Vehicle, Conductores del mundo","sep. 17, 2025 12:04:12 p. m.","ene. 00, 1900 12:00:00 a. m.",0,Vehicle speed sensor A circuit low,No sub type information,OBD with Source Address Information,OBD Powertrain,P0502,,
A-05503-A,"Vehicle, Conductores del mundo","sep. 17, 2025 2:22:20 p. m.","ene. 00, 1900 12:00:00 a. m.",0,Vehicle speed sensor A circuit low,No sub type information,OBD with Source Address Information,OBD Powertrain,P0502,,
A-05503-A,"Vehicle, Conductores del mundo","sep. 17, 2025 2:22:20 p. m.","ene. 00, 1900 12:00:00 a. m.",0,Vehicle speed sensor A circuit low,No sub type information,OBD with Source Address Information,OBD Powertrain,P0502,,
A-05503-A,"Vehicle, Conductores del mundo","sep. 17, 2025 2:22:40 p. m.","ene. 00, 1900 12:00:00 a. m.",0,La luz de advertencia del vehículo está encendida,,Telematics Device,Telematics device,168,,
A-05503-A,"Vehicle, Conductores del mundo","sep. 17, 2025 2:32:12 p. m.","ene. 00, 1900 12:00:00 a. m.",0,Vehicle speed sensor A circuit low,No sub type information,OBD with Source Address Information,OBD Powertrain,P0502,,
A-05503-A,"Vehicle, Conductores del mundo","sep. 17, 2025 2:32:13 p. m.","ene. 00, 1900 12:00:00 a. m.",0,Vehicle speed sensor A circuit low,No sub type information,OBD with Source Address Information,OBD Powertrain,P0502,,
A-05503-A,"Vehicle, Conductores del mundo","sep. 17, 2025 2:32:32 p. m.","ene. 00, 1900 12:00:00 a. m.",0,La luz de advertencia del vehículo está encendida,,Telematics Device,Telematics device,168,,
A-05503-A,"Vehicle, Conductores del mundo","sep. 17, 2025 3:24:51 p. m.","ene. 00, 1900 12:00:00 a. m.",0,Vehicle speed sensor A circuit low,No sub type information,OBD with Source Address Information,OBD Powertrain,P0502,,
A-05503-A,"Vehicle, Conductores del mundo","sep. 17, 2025 3:24:53 p. m.","ene. 00, 1900 12:00:00 a. m.",0,Vehicle speed sensor A circuit low,No sub type information,OBD with Source Address Information,OBD Powertrain,P0502,,
A-05503-A,"Vehicle, Conductores del mundo","sep. 17, 2025 3:25:12 p. m.","ene. 00, 1900 12:00:00 a. m.",0,La luz de advertencia del vehículo está encendida,,Telematics Device,Telematics device,168,,
A-05503-A,"Vehicle, Conductores del mundo","sep. 17, 2025 3:41:30 p. m.","ene. 00, 1900 12:00:00 a. m.",0,Vehicle speed sensor A circuit low,No sub type information,OBD with Source Address Information,OBD Powertrain,P0502,,
A-05503-A,"Vehicle, Conductores del mundo","sep. 17, 2025 3:41:30 p. m.","ene. 00, 1900 12:00:00 a. m.",0,Vehicle speed sensor A circuit low,No sub type information,OBD with Source Address Information,OBD Powertrain,P0502,,
A-05503-A,"Vehicle, Conductores del mundo","sep. 17, 2025 3:41:50 p. m.","ene. 00, 1900 12:00:00 a. m.",0,La luz de advertencia del vehículo está encendida,,Telematics Device,Telematics device,168,,
A-05503-A,"Vehicle, Conductores del mundo","sep. 17, 2025 4:56:38 p. m.","ene. 00, 1900 12:00:00 a. m.",0,Vehicle speed sensor A circuit low,No sub type information,OBD with Source Address Information,OBD Powertrain,P0502,,
A-05503-A,"Vehicle, Conductores del mundo","sep. 17, 2025 4:56:39 p. m.","ene. 00, 1900 12:00:00 a. m.",0,Vehicle speed sensor A circuit low,No sub type information,OBD with Source Address Information,OBD Powertrain,P0502,,
A-05503-A,"Vehicle, Conductores del mundo","sep. 17, 2025 4:56:58 p. m.","ene. 00, 1900 12:00:00 a. m.",0,La luz de advertencia del vehículo está encendida,,Telematics Device,Telematics device,168,,
A-05503-A,"Vehicle, Conductores del mundo","sep. 17, 2025 5:39:38 p. m.","ene. 00, 1900 12:00:00 a. m.",0,Vehicle speed sensor A circuit low,No sub type information,OBD with Source Address Information,OBD Powertrain,P0502,,
A-05503-A,"Vehicle, Conductores del mundo","sep. 17, 2025 5:39:39 p. m.","ene. 00, 1900 12:00:00 a. m.",0,Vehicle speed sensor A circuit low,No sub type information,OBD with Source Address Information,OBD Powertrain,P0502,,
A-05503-A,"Vehicle, Conductores del mundo","sep. 17, 2025 5:39:58 p. m.","ene. 00, 1900 12:00:00 a. m.",0,La luz de advertencia del vehículo está encendida,,Telematics Device,Telematics device,168,,
A-05503-A,"Vehicle, Conductores del mundo","sep. 17, 2025 5:55:36 p. m.","ene. 00, 1900 12:00:00 a. m.",0,Vehicle speed sensor A circuit low,No sub type information,OBD with Source Address Information,OBD Powertrain,P0502,,
A-05503-A,"Vehicle, Conductores del mundo","sep. 17, 2025 5:55:36 p. m.","ene. 00, 1900 12:00:00 a. m.",0,Vehicle speed sensor A circuit low,No sub type information,OBD with Source Address Information,OBD Powertrain,P0502,,
A-05503-A,"Vehicle, Conductores del mundo","sep. 17, 2025 5:55:56 p. m.","ene. 00, 1900 12:00:00 a. m.",0,La luz de advertencia del vehículo está encendida,,Telematics Device,Telematics device,168,,
A-05503-A,"Vehicle, Conductores del mundo","sep. 17, 2025 7:16:01 p. m.","ene. 00, 1900 12:00:00 a. m.",0,Vehicle speed sensor A circuit low,No sub type information,OBD with Source Address Information,OBD Powertrain,P0502,,
A-05503-A,"Vehicle, Conductores del mundo","sep. 17, 2025 7:16:01 p. m.","ene. 00, 1900 12:00:00 a. m.",0,Vehicle speed sensor A circuit low,No sub type information,OBD with Source Address Information,OBD Powertrain,P0502,,
A-05503-A,"Vehicle, Conductores del mundo","sep. 17, 2025 7:16:21 p. m.","ene. 00, 1900 12:00:00 a. m.",0,La luz de advertencia del vehículo está encendida,,Telematics Device,Telematics device,168,,
A-05503-A,"Vehicle, Conductores del mundo","sep. 17, 2025 7:34:25 p. m.","ene. 00, 1900 12:00:00 a. m.",0,Vehicle speed sensor A circuit low,No sub type information,OBD with Source Address Information,OBD Powertrain,P0502,,
A-05503-A,"Vehicle, Conductores del mundo","sep. 17, 2025 7:34:27 p. m.","ene. 00, 1900 12:00:00 a. m.",0,Vehicle speed sensor A circuit low,No sub type information,OBD with Source Address Information,OBD Powertrain,P0502,,
A-05503-A,"Vehicle, Conductores del mundo","sep. 17, 2025 7:34:46 p. m.","ene. 00, 1900 12:00:00 a. m.",0,La luz de advertencia del vehículo está encendida,,Telematics Device,Telematics device,168,,
A-05503-A,"Vehicle, Conductores del mundo","sep. 17, 2025 8:00:36 p. m.","ene. 00, 1900 12:00:00 a. m.",0,Vehicle speed sensor A circuit low,No sub type information,OBD with Source Address Information,OBD Powertrain,P0502,,
A-05503-A,"Vehicle, Conductores del mundo","sep. 17, 2025 8:00:37 p. m.","ene. 00, 1900 12:00:00 a. m.",0,Vehicle speed sensor A circuit low,No sub type information,OBD with Source Address Information,OBD Powertrain,P0502,,
A-05503-A,"Vehicle, Conductores del mundo","sep. 17, 2025 8:00:56 p. m.","ene. 00, 1900 12:00:00 a. m.",0,La luz de advertencia del vehículo está encendida,,Telematics Device,Telematics device,168,,
A-05503-A,"Vehicle, Conductores del mundo","sep. 18, 2025 4:43:54 a. m.","ene. 00, 1900 12:00:00 a. m.",0,Vehicle speed sensor A circuit low,No sub type information,OBD with Source Address Information,OBD Powertrain,P0502,,
A-05503-A,"Vehicle, Conductores del mundo","sep. 18, 2025 4:43:54 a. m.","ene. 00, 1900 12:00:00 a. m.",0,Vehicle speed sensor A circuit low,No sub type information,OBD with Source Address Information,OBD Powertrain,P0502,,
A-05503-A,"Vehicle, Conductores del mundo","sep. 18, 2025 4:44:14 a. m.","ene. 00, 1900 12:00:00 a. m.",0,La luz de advertencia del vehículo está encendida,,Telematics Device,Telematics device,168,,
A-05503-A,"Vehicle, Conductores del mundo","sep. 18, 2025 5:48:13 a. m.","ene. 00, 1900 12:00:00 a. m.",0,Vehicle speed sensor A circuit low,No sub type information,OBD with Source Address Information,OBD Powertrain,P0502,,
A-05503-A,"Vehicle, Conductores del mundo","sep. 18, 2025 5:48:13 a. m.","ene. 00, 1900 12:00:00 a. m.",0,Vehicle speed sensor A circuit low,No sub type information,OBD with Source Address Information,OBD Powertrain,P0502,,
A-05503-A,"Vehicle, Conductores del mundo","sep. 18, 2025 5:48:33 a. m.","ene. 00, 1900 12:00:00 a. m.",0,La luz de advertencia del vehículo está encendida,,Telematics Device,Telematics device,168,,
A-05503-A,"Vehicle, Conductores del mundo","sep. 18, 2025 7:20:37 a. m.","ene. 00, 1900 12:00:00 a. m.",0,Vehicle speed sensor A circuit low,No sub type information,OBD with Source Address Information,OBD Powertrain,P0502,,
A-05503-A,"Vehicle, Conductores del mundo","sep. 18, 2025 7:20:38 a. m.","ene. 00, 1900 12:00:00 a. m.",0,Vehicle speed sensor A circuit low,No sub type information,OBD with Source Address Information,OBD Powertrain,P0502,,
A-05503-A,"Vehicle, Conductores del mundo","sep. 18, 2025 7:20:57 a. m.","ene. 00, 1900 12:00:00 a. m.",0,La luz de advertencia del vehículo está encendida,,Telematics Device,Telematics device,168,,
A-05503-A,"Vehicle, Conductores del mundo","sep. 18, 2025 7:30:32 a. m.","ene. 00, 1900 12:00:00 a. m.",0,Vehicle speed sensor A circuit low,No sub type information,OBD with Source Address Information,OBD Powertrain,P0502,,
A-05503-A,"Vehicle, Conductores del mundo","sep. 18, 2025 7:30:32 a. m.","ene. 00, 1900 12:00:00 a. m.",0,Vehicle speed sensor A circuit low,No sub type information,OBD with Source Address Information,OBD Powertrain,P0502,,
A-05503-A,"Vehicle, Conductores del mundo","sep. 18, 2025 7:37:15 a. m.","ene. 00, 1900 12:00:00 a. m.",0,Vehicle speed sensor A circuit low,No sub type information,OBD with Source Address Information,OBD Powertrain,P0502,,
A-05503-A,"Vehicle, Conductores del mundo","sep. 18, 2025 7:37:15 a. m.","ene. 00, 1900 12:00:00 a. m.",0,Vehicle speed sensor A circuit low,No sub type information,OBD with Source Address Information,OBD Powertrain,P0502,,
A-05503-A,"Vehicle, Conductores del mundo","sep. 18, 2025 7:37:35 a. m.","ene. 00, 1900 12:00:00 a. m.",0,La luz de advertencia del vehículo está encendida,,Telematics Device,Telematics device,168,,
A-05503-A,"Vehicle, Conductores del mundo","sep. 18, 2025 11:22:56 a. m.","ene. 00, 1900 12:00:00 a. m.",0,Vehicle speed sensor A circuit low,No sub type information,OBD with Source Address Information,OBD Powertrain,P0502,,
A-05503-A,"Vehicle, Conductores del mundo","sep. 18, 2025 11:22:57 a. m.","ene. 00, 1900 12:00:00 a. m.",0,Vehicle speed sensor A circuit low,No sub type information,OBD with Source Address Information,OBD Powertrain,P0502,,
A-05503-A,"Vehicle, Conductores del mundo","sep. 18, 2025 11:23:17 a. m.","ene. 00, 1900 12:00:00 a. m.",0,La luz de advertencia del vehículo está encendida,,Telematics Device,Telematics device,168,,
A-05503-A,"Vehicle, Conductores del mundo","sep. 18, 2025 12:19:24 p. m.","ene. 00, 1900 12:00:00 a. m.",0,Vehicle speed sensor A circuit low,No sub type information,OBD with Source Address Information,OBD Powertrain,P0502,,
A-05503-A,"Vehicle, Conductores del mundo","sep. 18, 2025 12:19:24 p. m.","ene. 00, 1900 12:00:00 a. m.",0,Vehicle speed sensor A circuit low,No sub type information,OBD with Source Address Information,OBD Powertrain,P0502,,
A-05503-A,"Vehicle, Conductores del mundo","sep. 18, 2025 12:19:44 p. m.","ene. 00, 1900 12:00:00 a. m.",0,La luz de advertencia del vehículo está encendida,,Telematics Device,Telematics device,168,,
A-05503-A,"Vehicle, Conductores del mundo","sep. 18, 2025 12:34:06 p. m.","ene. 00, 1900 12:00:00 a. m.",0,Vehicle speed sensor A circuit low,No sub type information,OBD with Source Address Information,OBD Powertrain,P0502,,
A-05503-A,"Vehicle, Conductores del mundo","sep. 18, 2025 12:34:06 p. m.","ene. 00, 1900 12:00:00 a. m.",0,Vehicle speed sensor A circuit low,No sub type information,OBD with Source Address Information,OBD Powertrain,P0502,,
A-05503-A,"Vehicle, Conductores del mundo","sep. 18, 2025 12:34:26 p. m.","ene. 00, 1900 12:00:00 a. m.",0,La luz de advertencia del vehículo está encendida,,Telematics Device,Telematics device,168,,
A-05503-A,"Vehicle, Conductores del mundo","sep. 18, 2025 2:08:44 p. m.","ene. 00, 1900 12:00:00 a. m.",0,Vehicle speed sensor A circuit low,No sub type information,OBD with Source Address Information,OBD Powertrain,P0502,,
A-05503-A,"Vehicle, Conductores del mundo","sep. 18, 2025 2:08:44 p. m.","ene. 00, 1900 12:00:00 a. m.",0,Vehicle speed sensor A circuit low,No sub type information,OBD with Source Address Information,OBD Powertrain,P0502,,
A-05503-A,"Vehicle, Conductores del mundo","sep. 18, 2025 2:09:04 p. m.","ene. 00, 1900 12:00:00 a. m.",0,La luz de advertencia del vehículo está encendida,,Telematics Device,Telematics device,168,,
A-05503-A,"Vehicle, Conductores del mundo","sep. 18, 2025 2:21:42 p. m.","ene. 00, 1900 12:00:00 a. m.",0,Vehicle speed sensor A circuit low,No sub type information,OBD with Source Address Information,OBD Powertrain,P0502,,
A-05503-A,"Vehicle, Conductores del mundo","sep. 18, 2025 2:21:42 p. m.","ene. 00, 1900 12:00:00 a. m.",0,Vehicle speed sensor A circuit low,No sub type information,OBD with Source Address Information,OBD Powertrain,P0502,,
A-05503-A,"Vehicle, Conductores del mundo","sep. 18, 2025 2:22:02 p. m.","ene. 00, 1900 12:00:00 a. m.",0,La luz de advertencia del vehículo está encendida,,Telematics Device,Telematics device,168,,
A-05503-A,"Vehicle, Conductores del mundo","sep. 18, 2025 3:54:31 p. m.","ene. 00, 1900 12:00:00 a. m.",0,Vehicle speed sensor A circuit low,No sub type information,OBD with Source Address Information,OBD Powertrain,P0502,,
A-05503-A,"Vehicle, Conductores del mundo","sep. 18, 2025 3:54:31 p. m.","ene. 00, 1900 12:00:00 a. m.",0,Vehicle speed sensor A circuit low,No sub type information,OBD with Source Address Information,OBD Powertrain,P0502,,
A-05503-A,"Vehicle, Conductores del mundo","sep. 18, 2025 3:54:51 p. m.","ene. 00, 1900 12:00:00 a. m.",0,La luz de advertencia del vehículo está encendida,,Telematics Device,Telematics device,168,,
A-05503-A,"Vehicle, Conductores del mundo","sep. 18, 2025 4:04:35 p. m.","ene. 00, 1900 12:00:00 a. m.",0,Vehicle speed sensor A circuit low,No sub type information,OBD with Source Address Information,OBD Powertrain,P0502,,
A-05503-A,"Vehicle, Conductores del mundo","sep. 18, 2025 4:04:35 p. m.","ene. 00, 1900 12:00:00 a. m.",0,Vehicle speed sensor A circuit low,No sub type information,OBD with Source Address Information,OBD Powertrain,P0502,,
A-05503-A,"Vehicle, Conductores del mundo","sep. 18, 2025 4:04:55 p. m.","ene. 00, 1900 12:00:00 a. m.",0,La luz de advertencia del vehículo está encendida,,Telematics Device,Telematics device,168,,
A-05503-A,"Vehicle, Conductores del mundo","sep. 18, 2025 4:57:09 p. m.","ene. 00, 1900 12:00:00 a. m.",0,Vehicle speed sensor A circuit low,No sub type information,OBD with Source Address Information,OBD Powertrain,P0502,,
A-05503-A,"Vehicle, Conductores del mundo","sep. 18, 2025 4:57:09 p. m.","ene. 00, 1900 12:00:00 a. m.",0,Vehicle speed sensor A circuit low,No sub type information,OBD with Source Address Information,OBD Powertrain,P0502,,
A-05503-A,"Vehicle, Conductores del mundo","sep. 18, 2025 4:57:29 p. m.","ene. 00, 1900 12:00:00 a. m.",0,La luz de advertencia del vehículo está encendida,,Telematics Device,Telematics device,168,,
A-05503-A,"Vehicle, Conductores del mundo","sep. 18, 2025 5:47:27 p. m.","ene. 00, 1900 12:00:00 a. m.",0,Vehicle speed sensor A circuit low,No sub type information,OBD with Source Address Information,OBD Powertrain,P0502,,
A-05503-A,"Vehicle, Conductores del mundo","sep. 18, 2025 5:47:28 p. m.","ene. 00, 1900 12:00:00 a. m.",0,Vehicle speed sensor A circuit low,No sub type information,OBD with Source Address Information,OBD Powertrain,P0502,,
A-05503-A,"Vehicle, Conductores del mundo","sep. 18, 2025 5:47:47 p. m.","ene. 00, 1900 12:00:00 a. m.",0,La luz de advertencia del vehículo está encendida,,Telematics Device,Telematics device,168,,
A-05503-A,"Vehicle, Conductores del mundo","sep. 18, 2025 6:20:41 p. m.","ene. 00, 1900 12:00:00 a. m.",0,Vehicle speed sensor A circuit low,No sub type information,OBD with Source Address Information,OBD Powertrain,P0502,,
A-05503-A,"Vehicle, Conductores del mundo","sep. 18, 2025 6:20:41 p. m.","ene. 00, 1900 12:00:00 a. m.",0,Vehicle speed sensor A circuit low,No sub type information,OBD with Source Address Information,OBD Powertrain,P0502,,
A-05503-A,"Vehicle, Conductores del mundo","sep. 18, 2025 6:21:01 p. m.","ene. 00, 1900 12:00:00 a. m.",0,La luz de advertencia del vehículo está encendida,,Telematics Device,Telematics device,168,,
A-05503-A,"Vehicle, Conductores del mundo","sep. 19, 2025 4:48:57 a. m.","ene. 00, 1900 12:00:00 a. m.",0,Vehicle speed sensor A circuit low,No sub type information,OBD with Source Address Information,OBD Powertrain,P0502,,
A-05503-A,"Vehicle, Conductores del mundo","sep. 19, 2025 4:48:58 a. m.","ene. 00, 1900 12:00:00 a. m.",0,Vehicle speed sensor A circuit low,No sub type information,OBD with Source Address Information,OBD Powertrain,P0502,,
A-05503-A,"Vehicle, Conductores del mundo","sep. 19, 2025 4:49:17 a. m.","ene. 00, 1900 12:00:00 a. m.",0,La luz de advertencia del vehículo está encendida,,Telematics Device,Telematics device,168,,
A-05503-A,"Vehicle, Conductores del mundo","sep. 19, 2025 5:54:15 a. m.","ene. 00, 1900 12:00:00 a. m.",0,Vehicle speed sensor A circuit low,No sub type information,OBD with Source Address Information,OBD Powertrain,P0502,,
A-05503-A,"Vehicle, Conductores del mundo","sep. 19, 2025 5:54:15 a. m.","ene. 00, 1900 12:00:00 a. m.",0,Vehicle speed sensor A circuit low,No sub type information,OBD with Source Address Information,OBD Powertrain,P0502,,
A-05503-A,"Vehicle, Conductores del mundo","sep. 19, 2025 5:54:35 a. m.","ene. 00, 1900 12:00:00 a. m.",0,La luz de advertencia del vehículo está encendida,,Telematics Device,Telematics device,168,,
A-05503-A,"Vehicle, Conductores del mundo","sep. 19, 2025 7:50:53 a. m.","ene. 00, 1900 12:00:00 a. m.",0,Vehicle speed sensor A circuit low,No sub type information,OBD with Source Address Information,OBD Powertrain,P0502,,
A-05503-A,"Vehicle, Conductores del mundo","sep. 19, 2025 7:50:53 a. m.","ene. 00, 1900 12:00:00 a. m.",0,Vehicle speed sensor A circuit low,No sub type information,OBD with Source Address Information,OBD Powertrain,P0502,,
A-05503-A,"Vehicle, Conductores del mundo","sep. 19, 2025 7:51:13 a. m.","ene. 00, 1900 12:00:00 a. m.",0,La luz de advertencia del vehículo está encendida,,Telematics Device,Telematics device,168,,
A-05503-A,"Vehicle, Conductores del mundo","sep. 19, 2025 7:57:27 a. m.","ene. 00, 1900 12:00:00 a. m.",0,Vehicle speed sensor A circuit low,No sub type information,OBD with Source Address Information,OBD Powertrain,P0502,,
A-05503-A,"Vehicle, Conductores del mundo","sep. 19, 2025 7:57:27 a. m.","ene. 00, 1900 12:00:00 a. m.",0,Vehicle speed sensor A circuit low,No sub type information,OBD with Source Address Information,OBD Powertrain,P0502,,
A-05503-A,"Vehicle, Conductores del mundo","sep. 19, 2025 7:57:47 a. m.","ene. 00, 1900 12:00:00 a. m.",0,La luz de advertencia del vehículo está encendida,,Telematics Device,Telematics device,168,,
A-05503-A,"Vehicle, Conductores del mundo","sep. 19, 2025 10:54:59 a. m.","ene. 00, 1900 12:00:00 a. m.",0,Vehicle speed sensor A circuit low,No sub type information,OBD with Source Address Information,OBD Powertrain,P0502,,
A-05503-A,"Vehicle, Conductores del mundo","sep. 19, 2025 10:54:59 a. m.","ene. 00, 1900 12:00:00 a. m.",0,Vehicle speed sensor A circuit low,No sub type information,OBD with Source Address Information,OBD Powertrain,P0502,,
A-05503-A,"Vehicle, Conductores del mundo","sep. 19, 2025 10:55:18 a. m.","ene. 00, 1900 12:00:00 a. m.",0,La luz de advertencia del vehículo está encendida,,Telematics Device,Telematics device,168,,
A-05503-A,"Vehicle, Conductores del mundo","sep. 19, 2025 11:48:20 a. m.","ene. 00, 1900 12:00:00 a. m.",0,Vehicle speed sensor A circuit low,No sub type information,OBD with Source Address Information,OBD Powertrain,P0502,,
A-05503-A,"Vehicle, Conductores del mundo","sep. 19, 2025 11:48:20 a. m.","ene. 00, 1900 12:00:00 a. m.",0,Vehicle speed sensor A circuit low,No sub type information,OBD with Source Address Information,OBD Powertrain,P0502,,
A-05503-A,"Vehicle, Conductores del mundo","sep. 19, 2025 11:48:40 a. m.","ene. 00, 1900 12:00:00 a. m.",0,La luz de advertencia del vehículo está encendida,,Telematics Device,Telematics device,168,,
A-05503-A,"Vehicle, Conductores del mundo","sep. 19, 2025 1:53:44 p. m.","ene. 00, 1900 12:00:00 a. m.",0,Vehicle speed sensor A circuit low,No sub type information,OBD with Source Address Information,OBD Powertrain,P0502,,
A-05503-A,"Vehicle, Conductores del mundo","sep. 19, 2025 1:53:45 p. m.","ene. 00, 1900 12:00:00 a. m.",0,Vehicle speed sensor A circuit low,No sub type information,OBD with Source Address Information,OBD Powertrain,P0502,,
A-05503-A,"Vehicle, Conductores del mundo","sep. 19, 2025 1:54:04 p. m.","ene. 00, 1900 12:00:00 a. m.",0,La luz de advertencia del vehículo está encendida,,Telematics Device,Telematics device,168,,
A-05503-A,"Vehicle, Conductores del mundo","sep. 19, 2025 3:26:05 p. m.","ene. 00, 1900 12:00:00 a. m.",0,Vehicle speed sensor A circuit low,No sub type information,OBD with Source Address Information,OBD Powertrain,P0502,,
A-05503-A,"Vehicle, Conductores del mundo","sep. 19, 2025 3:26:06 p. m.","ene. 00, 1900 12:00:00 a. m.",0,Vehicle speed sensor A circuit low,No sub type information,OBD with Source Address Information,OBD Powertrain,P0502,,
A-05503-A,"Vehicle, Conductores del mundo","sep. 19, 2025 3:26:25 p. m.","ene. 00, 1900 12:00:00 a. m.",0,La luz de advertencia del vehículo está encendida,,Telematics Device,Telematics device,168,,
A-05503-A,"Vehicle, Conductores del mundo","sep. 19, 2025 3:41:14 p. m.","ene. 00, 1900 12:00:00 a. m.",0,Vehicle speed sensor A circuit low,No sub type information,OBD with Source Address Information,OBD Powertrain,P0502,,
A-05503-A,"Vehicle, Conductores del mundo","sep. 19, 2025 3:41:15 p. m.","ene. 00, 1900 12:00:00 a. m.",0,Vehicle speed sensor A circuit low,No sub type information,OBD with Source Address Information,OBD Powertrain,P0502,,
A-05503-A,"Vehicle, Conductores del mundo","sep. 19, 2025 3:41:34 p. m.","ene. 00, 1900 12:00:00 a. m.",0,La luz de advertencia del vehículo está encendida,,Telematics Device,Telematics device,168,,
A-05503-A,"Vehicle, Conductores del mundo","sep. 19, 2025 4:23:07 p. m.","ene. 00, 1900 12:00:00 a. m.",0,Vehicle speed sensor A circuit low,No sub type information,OBD with Source Address Information,OBD Powertrain,P0502,,
A-05503-A,"Vehicle, Conductores del mundo","sep. 19, 2025 4:23:07 p. m.","ene. 00, 1900 12:00:00 a. m.",0,Vehicle speed sensor A circuit low,No sub type information,OBD with Source Address Information,OBD Powertrain,P0502,,
A-05503-A,"Vehicle, Conductores del mundo","sep. 19, 2025 4:23:27 p. m.","ene. 00, 1900 12:00:00 a. m.",0,La luz de advertencia del vehículo está encendida,,Telematics Device,Telematics device,168,,
A-05503-A,"Vehicle, Conductores del mundo","sep. 19, 2025 4:34:39 p. m.","ene. 00, 1900 12:00:00 a. m.",0,Vehicle speed sensor A circuit low,No sub type information,OBD with Source Address Information,OBD Powertrain,P0502,,
A-05503-A,"Vehicle, Conductores del mundo","sep. 19, 2025 4:34:39 p. m.","ene. 00, 1900 12:00:00 a. m.",0,Vehicle speed sensor A circuit low,No sub type information,OBD with Source Address Information,OBD Powertrain,P0502,,
A-05503-A,"Vehicle, Conductores del mundo","sep. 19, 2025 4:34:59 p. m.","ene. 00, 1900 12:00:00 a. m.",0,La luz de advertencia del vehículo está encendida,,Telematics Device,Telematics device,168,,
A-05503-A,"Vehicle, Conductores del mundo","sep. 19, 2025 5:18:37 p. m.","ene. 00, 1900 12:00:00 a. m.",0,Vehicle speed sensor A circuit low,No sub type information,OBD with Source Address Information,OBD Powertrain,P0502,,
A-05503-A,"Vehicle, Conductores del mundo","sep. 19, 2025 5:18:38 p. m.","ene. 00, 1900 12:00:00 a. m.",0,Vehicle speed sensor A circuit low,No sub type information,OBD with Source Address Information,OBD Powertrain,P0502,,
A-05503-A,"Vehicle, Conductores del mundo","sep. 19, 2025 5:18:58 p. m.","ene. 00, 1900 12:00:00 a. m.",0,La luz de advertencia del vehículo está encendida,,Telematics Device,Telematics device,168,,
A-05503-A,"Vehicle, Conductores del mundo","sep. 19, 2025 7:14:20 p. m.","ene. 00, 1900 12:00:00 a. m.",0,Vehicle speed sensor A circuit low,No sub type information,OBD with Source Address Information,OBD Powertrain,P0502,,
A-05503-A,"Vehicle, Conductores del mundo","sep. 19, 2025 7:14:20 p. m.","ene. 00, 1900 12:00:00 a. m.",0,Vehicle speed sensor A circuit low,No sub type information,OBD with Source Address Information,OBD Powertrain,P0502,,
A-05503-A,"Vehicle, Conductores del mundo","sep. 19, 2025 7:14:40 p. m.","ene. 00, 1900 12:00:00 a. m.",0,La luz de advertencia del vehículo está encendida,,Telematics Device,Telematics device,168,,
A-05503-A,"Vehicle, Conductores del mundo","sep. 19, 2025 7:54:30 p. m.","ene. 00, 1900 12:00:00 a. m.",0,Vehicle speed sensor A circuit low,No sub type information,OBD with Source Address Information,OBD Powertrain,P0502,,
A-05503-A,"Vehicle, Conductores del mundo","sep. 19, 2025 7:54:30 p. m.","ene. 00, 1900 12:00:00 a. m.",0,Vehicle speed sensor A circuit low,No sub type information,OBD with Source Address Information,OBD Powertrain,P0502,,
A-05503-A,"Vehicle, Conductores del mundo","sep. 19, 2025 7:54:50 p. m.","ene. 00, 1900 12:00:00 a. m.",0,La luz de advertencia del vehículo está encendida,,Telematics Device,Telematics device,168,,
A-05503-A,"Vehicle, Conductores del mundo","sep. 19, 2025 8:14:06 p. m.","ene. 00, 1900 12:00:00 a. m.",0,Vehicle speed sensor A circuit low,No sub type information,OBD with Source Address Information,OBD Powertrain,P0502,,
A-05503-A,"Vehicle, Conductores del mundo","sep. 19, 2025 8:14:06 p. m.","ene. 00, 1900 12:00:00 a. m.",0,Vehicle speed sensor A circuit low,No sub type information,OBD with Source Address Information,OBD Powertrain,P0502,,
A-05503-A,"Vehicle, Conductores del mundo","sep. 19, 2025 8:14:26 p. m.","ene. 00, 1900 12:00:00 a. m.",0,La luz de advertencia del vehículo está encendida,,Telematics Device,Telematics device,168,,
A-05503-A,"Vehicle, Conductores del mundo","sep. 20, 2025 4:47:55 a. m.","ene. 00, 1900 12:00:00 a. m.",0,Vehicle speed sensor A circuit low,No sub type information,OBD with Source Address Information,OBD Powertrain,P0502,,
A-05503-A,"Vehicle, Conductores del mundo","sep. 20, 2025 4:47:55 a. m.","ene. 00, 1900 12:00:00 a. m.",0,Vehicle speed sensor A circuit low,No sub type information,OBD with Source Address Information,OBD Powertrain,P0502,,
A-05503-A,"Vehicle, Conductores del mundo","sep. 20, 2025 4:48:15 a. m.","ene. 00, 1900 12:00:00 a. m.",0,La luz de advertencia del vehículo está encendida,,Telematics Device,Telematics device,168,,
A-05503-A,"Vehicle, Conductores del mundo","sep. 20, 2025 5:18:44 a. m.","ene. 00, 1900 12:00:00 a. m.",0,Vehicle speed sensor A circuit low,No sub type information,OBD with Source Address Information,OBD Powertrain,P0502,,
A-05503-A,"Vehicle, Conductores del mundo","sep. 20, 2025 5:18:45 a. m.","ene. 00, 1900 12:00:00 a. m.",0,Vehicle speed sensor A circuit low,No sub type information,OBD with Source Address Information,OBD Powertrain,P0502,,
A-05503-A,"Vehicle, Conductores del mundo","sep. 20, 2025 5:19:05 a. m.","ene. 00, 1900 12:00:00 a. m.",0,La luz de advertencia del vehículo está encendida,,Telematics Device,Telematics device,168,,
A-05503-A,"Vehicle, Conductores del mundo","sep. 20, 2025 5:24:00 a. m.","ene. 00, 1900 12:00:00 a. m.",0,Vehicle speed sensor A circuit low,No sub type information,OBD with Source Address Information,OBD Powertrain,P0502,,
A-05503-A,"Vehicle, Conductores del mundo","sep. 20, 2025 5:24:00 a. m.","ene. 00, 1900 12:00:00 a. m.",0,Vehicle speed sensor A circuit low,No sub type information,OBD with Source Address Information,OBD Powertrain,P0502,,
A-05503-A,"Vehicle, Conductores del mundo","sep. 20, 2025 6:23:16 a. m.","ene. 00, 1900 12:00:00 a. m.",0,Vehicle speed sensor A circuit low,No sub type information,OBD with Source Address Information,OBD Powertrain,P0502,,
A-05503-A,"Vehicle, Conductores del mundo","sep. 20, 2025 6:23:17 a. m.","ene. 00, 1900 12:00:00 a. m.",0,Vehicle speed sensor A circuit low,No sub type information,OBD with Source Address Information,OBD Powertrain,P0502,,
A-05503-A,"Vehicle, Conductores del mundo","sep. 20, 2025 6:23:37 a. m.","ene. 00, 1900 12:00:00 a. m.",0,La luz de advertencia del vehículo está encendida,,Telematics Device,Telematics device,168,,
A-05503-A,"Vehicle, Conductores del mundo","sep. 20, 2025 6:35:53 a. m.","ene. 00, 1900 12:00:00 a. m.",0,Vehicle speed sensor A circuit low,No sub type information,OBD with Source Address Information,OBD Powertrain,P0502,,
A-05503-A,"Vehicle, Conductores del mundo","sep. 20, 2025 6:35:54 a. m.","ene. 00, 1900 12:00:00 a. m.",0,Vehicle speed sensor A circuit low,No sub type information,OBD with Source Address Information,OBD Powertrain,P0502,,
A-05503-A,"Vehicle, Conductores del mundo","sep. 20, 2025 6:36:13 a. m.","ene. 00, 1900 12:00:00 a. m.",0,La luz de advertencia del vehículo está encendida,,Telematics Device,Telematics device,168,,
A-05503-A,"Vehicle, Conductores del mundo","sep. 20, 2025 7:20:13 a. m.","ene. 00, 1900 12:00:00 a. m.",0,Vehicle speed sensor A circuit low,No sub type information,OBD with Source Address Information,OBD Powertrain,P0502,,
A-05503-A,"Vehicle, Conductores del mundo","sep. 20, 2025 7:20:14 a. m.","ene. 00, 1900 12:00:00 a. m.",0,Vehicle speed sensor A circuit low,No sub type information,OBD with Source Address Information,OBD Powertrain,P0502,,
A-05503-A,"Vehicle, Conductores del mundo","sep. 20, 2025 7:20:33 a. m.","ene. 00, 1900 12:00:00 a. m.",0,La luz de advertencia del vehículo está encendida,,Telematics Device,Telematics device,168,,
A-05503-A,"Vehicle, Conductores del mundo","sep. 20, 2025 11:03:10 a. m.","ene. 00, 1900 12:00:00 a. m.",0,Vehicle speed sensor A circuit low,No sub type information,OBD with Source Address Information,OBD Powertrain,P0502,,
A-05503-A,"Vehicle, Conductores del mundo","sep. 20, 2025 11:03:11 a. m.","ene. 00, 1900 12:00:00 a. m.",0,Vehicle speed sensor A circuit low,No sub type information,OBD with Source Address Information,OBD Powertrain,P0502,,
A-05503-A,"Vehicle, Conductores del mundo","sep. 20, 2025 11:03:30 a. m.","ene. 00, 1900 12:00:00 a. m.",0,La luz de advertencia del vehículo está encendida,,Telematics Device,Telematics device,168,,
A-05503-A,"Vehicle, Conductores del mundo","sep. 20, 2025 11:27:18 a. m.","ene. 00, 1900 12:00:00 a. m.",0,Vehicle speed sensor A circuit low,No sub type information,OBD with Source Address Information,OBD Powertrain,P0502,,
A-05503-A,"Vehicle, Conductores del mundo","sep. 20, 2025 11:27:19 a. m.","ene. 00, 1900 12:00:00 a. m.",0,Vehicle speed sensor A circuit low,No sub type information,OBD with Source Address Information,OBD Powertrain,P0502,,
A-05503-A,"Vehicle, Conductores del mundo","sep. 20, 2025 11:27:38 a. m.","ene. 00, 1900 12:00:00 a. m.",0,La luz de advertencia del vehículo está encendida,,Telematics Device,Telematics device,168,,
A-05503-A,"Vehicle, Conductores del mundo","sep. 20, 2025 12:23:03 p. m.","ene. 00, 1900 12:00:00 a. m.",0,Vehicle speed sensor A circuit low,No sub type information,OBD with Source Address Information,OBD Powertrain,P0502,,
A-05503-A,"Vehicle, Conductores del mundo","sep. 20, 2025 12:23:04 p. m.","ene. 00, 1900 12:00:00 a. m.",0,Vehicle speed sensor A circuit low,No sub type information,OBD with Source Address Information,OBD Powertrain,P0502,,
A-05503-A,"Vehicle, Conductores del mundo","sep. 20, 2025 12:23:23 p. m.","ene. 00, 1900 12:00:00 a. m.",0,La luz de advertencia del vehículo está encendida,,Telematics Device,Telematics device,168,,
A-05503-A,"Vehicle, Conductores del mundo","sep. 20, 2025 12:39:39 p. m.","ene. 00, 1900 12:00:00 a. m.",0,Vehicle speed sensor A circuit low,No sub type information,OBD with Source Address Information,OBD Powertrain,P0502,,
A-05503-A,"Vehicle, Conductores del mundo","sep. 20, 2025 12:39:40 p. m.","ene. 00, 1900 12:00:00 a. m.",0,Vehicle speed sensor A circuit low,No sub type information,OBD with Source Address Information,OBD Powertrain,P0502,,
A-05503-A,"Vehicle, Conductores del mundo","sep. 20, 2025 12:40:00 p. m.","ene. 00, 1900 12:00:00 a. m.",0,La luz de advertencia del vehículo está encendida,,Telematics Device,Telematics device,168,,
A-05503-A,"Vehicle, Conductores del mundo","sep. 20, 2025 2:30:15 p. m.","ene. 00, 1900 12:00:00 a. m.",0,Vehicle speed sensor A circuit low,No sub type information,OBD with Source Address Information,OBD Powertrain,P0502,,
A-05503-A,"Vehicle, Conductores del mundo","sep. 20, 2025 2:30:15 p. m.","ene. 00, 1900 12:00:00 a. m.",0,Vehicle speed sensor A circuit low,No sub type information,OBD with Source Address Information,OBD Powertrain,P0502,,
A-05503-A,"Vehicle, Conductores del mundo","sep. 20, 2025 2:41:00 p. m.","ene. 00, 1900 12:00:00 a. m.",0,Vehicle speed sensor A circuit low,No sub type information,OBD with Source Address Information,OBD Powertrain,P0502,,
A-05503-A,"Vehicle, Conductores del mundo","sep. 20, 2025 2:41:01 p. m.","ene. 00, 1900 12:00:00 a. m.",0,Vehicle speed sensor A circuit low,No sub type information,OBD with Source Address Information,OBD Powertrain,P0502,,
A-05503-A,"Vehicle, Conductores del mundo","sep. 20, 2025 2:41:21 p. m.","ene. 00, 1900 12:00:00 a. m.",0,La luz de advertencia del vehículo está encendida,,Telematics Device,Telematics device,168,,
A-05503-A,"Vehicle, Conductores del mundo","sep. 20, 2025 3:33:47 p. m.","ene. 00, 1900 12:00:00 a. m.",0,Vehicle speed sensor A circuit low,No sub type information,OBD with Source Address Information,OBD Powertrain,P0502,,
A-05503-A,"Vehicle, Conductores del mundo","sep. 20, 2025 3:33:47 p. m.","ene. 00, 1900 12:00:00 a. m.",0,Vehicle speed sensor A circuit low,No sub type information,OBD with Source Address Information,OBD Powertrain,P0502,,
A-05503-A,"Vehicle, Conductores del mundo","sep. 20, 2025 3:34:07 p. m.","ene. 00, 1900 12:00:00 a. m.",0,La luz de advertencia del vehículo está encendida,,Telematics Device,Telematics device,168,,
A-05503-A,"Vehicle, Conductores del mundo","sep. 22, 2025 4:47:26 a. m.","ene. 00, 1900 12:00:00 a. m.",0,Vehicle speed sensor A circuit low,No sub type information,OBD with Source Address Information,OBD Powertrain,P0502,,
A-05503-A,"Vehicle, Conductores del mundo","sep. 22, 2025 4:47:26 a. m.","ene. 00, 1900 12:00:00 a. m.",0,Vehicle speed sensor A circuit low,No sub type information,OBD with Source Address Information,OBD Powertrain,P0502,,
A-05503-A,"Vehicle, Conductores del mundo","sep. 22, 2025 4:47:46 a. m.","ene. 00, 1900 12:00:00 a. m.",0,La luz de advertencia del vehículo está encendida,,Telematics Device,Telematics device,168,,
A-05503-A,"Vehicle, Conductores del mundo","sep. 22, 2025 5:22:43 a. m.","ene. 00, 1900 12:00:00 a. m.",0,Vehicle speed sensor A circuit low,No sub type information,OBD with Source Address Information,OBD Powertrain,P0502,,
A-05503-A,"Vehicle, Conductores del mundo","sep. 22, 2025 5:22:44 a. m.","ene. 00, 1900 12:00:00 a. m.",0,Vehicle speed sensor A circuit low,No sub type information,OBD with Source Address Information,OBD Powertrain,P0502,,
A-05503-A,"Vehicle, Conductores del mundo","sep. 22, 2025 6:02:47 a. m.","ene. 00, 1900 12:00:00 a. m.",0,Vehicle speed sensor A circuit low,No sub type information,OBD with Source Address Information,OBD Powertrain,P0502,,
A-05503-A,"Vehicle, Conductores del mundo","sep. 22, 2025 6:02:47 a. m.","ene. 00, 1900 12:00:00 a. m.",0,Vehicle speed sensor A circuit low,No sub type information,OBD with Source Address Information,OBD Powertrain,P0502,,
A-05503-A,"Vehicle, Conductores del mundo","sep. 22, 2025 6:03:07 a. m.","ene. 00, 1900 12:00:00 a. m.",0,La luz de advertencia del vehículo está encendida,,Telematics Device,Telematics device,168,,
A-05503-A,"Vehicle, Conductores del mundo","sep. 22, 2025 7:54:43 a. m.","ene. 00, 1900 12:00:00 a. m.",0,Vehicle speed sensor A circuit low,No sub type information,OBD with Source Address Information,OBD Powertrain,P0502,,
A-05503-A,"Vehicle, Conductores del mundo","sep. 22, 2025 7:54:43 a. m.","ene. 00, 1900 12:00:00 a. m.",0,Vehicle speed sensor A circuit low,No sub type information,OBD with Source Address Information,OBD Powertrain,P0502,,
A-05503-A,"Vehicle, Conductores del mundo","sep. 22, 2025 8:01:58 a. m.","ene. 00, 1900 12:00:00 a. m.",0,Vehicle speed sensor A circuit low,No sub type information,OBD with Source Address Information,OBD Powertrain,P0502,,
A-05503-A,"Vehicle, Conductores del mundo","sep. 22, 2025 8:01:58 a. m.","ene. 00, 1900 12:00:00 a. m.",0,Vehicle speed sensor A circuit low,No sub type information,OBD with Source Address Information,OBD Powertrain,P0502,,
A-05503-A,"Vehicle, Conductores del mundo","sep. 22, 2025 8:02:18 a. m.","ene. 00, 1900 12:00:00 a. m.",0,La luz de advertencia del vehículo está encendida,,Telematics Device,Telematics device,168,,
A-05503-A,"Vehicle, Conductores del mundo","sep. 22, 2025 10:28:55 a. m.","ene. 00, 1900 12:00:00 a. m.",0,Vehicle speed sensor A circuit low,No sub type information,OBD with Source Address Information,OBD Powertrain,P0502,,
A-05503-A,"Vehicle, Conductores del mundo","sep. 22, 2025 10:28:55 a. m.","ene. 00, 1900 12:00:00 a. m.",0,Vehicle speed sensor A circuit low,No sub type information,OBD with Source Address Information,OBD Powertrain,P0502,,
A-05503-A,"Vehicle, Conductores del mundo","sep. 22, 2025 10:29:15 a. m.","ene. 00, 1900 12:00:00 a. m.",0,La luz de advertencia del vehículo está encendida,,Telematics Device,Telematics device,168,,
A-05503-A,"Vehicle, Conductores del mundo","sep. 22, 2025 10:44:33 a. m.","ene. 00, 1900 12:00:00 a. m.",0,Vehicle speed sensor A circuit low,No sub type information,OBD with Source Address Information,OBD Powertrain,P0502,,
A-05503-A,"Vehicle, Conductores del mundo","sep. 22, 2025 10:44:34 a. m.","ene. 00, 1900 12:00:00 a. m.",0,Vehicle speed sensor A circuit low,No sub type information,OBD with Source Address Information,OBD Powertrain,P0502,,
A-05503-A,"Vehicle, Conductores del mundo","sep. 22, 2025 10:44:53 a. m.","ene. 00, 1900 12:00:00 a. m.",0,La luz de advertencia del vehículo está encendida,,Telematics Device,Telematics device,168,,
A-05503-A,"Vehicle, Conductores del mundo","sep. 22, 2025 11:33:55 a. m.","ene. 00, 1900 12:00:00 a. m.",0,Vehicle speed sensor A circuit low,No sub type information,OBD with Source Address Information,OBD Powertrain,P0502,,
A-05503-A,"Vehicle, Conductores del mundo","sep. 22, 2025 11:33:55 a. m.","ene. 00, 1900 12:00:00 a. m.",0,Vehicle speed sensor A circuit low,No sub type information,OBD with Source Address Information,OBD Powertrain,P0502,,
A-05503-A,"Vehicle, Conductores del mundo","sep. 22, 2025 11:34:15 a. m.","ene. 00, 1900 12:00:00 a. m.",0,La luz de advertencia del vehículo está encendida,,Telematics Device,Telematics device,168,,
A-05503-A,"Vehicle, Conductores del mundo","sep. 22, 2025 11:46:50 a. m.","ene. 00, 1900 12:00:00 a. m.",0,Vehicle speed sensor A circuit low,No sub type information,OBD with Source Address Information,OBD Powertrain,P0502,,
A-05503-A,"Vehicle, Conductores del mundo","sep. 22, 2025 11:46:50 a. m.","ene. 00, 1900 12:00:00 a. m.",0,Vehicle speed sensor A circuit low,No sub type information,OBD with Source Address Information,OBD Powertrain,P0502,,
A-05503-A,"Vehicle, Conductores del mundo","sep. 22, 2025 11:47:10 a. m.","ene. 00, 1900 12:00:00 a. m.",0,La luz de advertencia del vehículo está encendida,,Telematics Device,Telematics device,168,,
A-05503-A,"Vehicle, Conductores del mundo","sep. 22, 2025 1:22:41 p. m.","ene. 00, 1900 12:00:00 a. m.",0,Vehicle speed sensor A circuit low,No sub type information,OBD with Source Address Information,OBD Powertrain,P0502,,
A-05503-A,"Vehicle, Conductores del mundo","sep. 22, 2025 1:22:41 p. m.","ene. 00, 1900 12:00:00 a. m.",0,Vehicle speed sensor A circuit low,No sub type information,OBD with Source Address Information,OBD Powertrain,P0502,,
A-05503-A,"Vehicle, Conductores del mundo","sep. 22, 2025 1:23:01 p. m.","ene. 00, 1900 12:00:00 a. m.",0,La luz de advertencia del vehículo está encendida,,Telematics Device,Telematics device,168,,
A-05503-A,"Vehicle, Conductores del mundo","sep. 22, 2025 1:37:28 p. m.","ene. 00, 1900 12:00:00 a. m.",0,Vehicle speed sensor A circuit low,No sub type information,OBD with Source Address Information,OBD Powertrain,P0502,,
A-05503-A,"Vehicle, Conductores del mundo","sep. 22, 2025 1:37:28 p. m.","ene. 00, 1900 12:00:00 a. m.",0,Vehicle speed sensor A circuit low,No sub type information,OBD with Source Address Information,OBD Powertrain,P0502,,
A-05503-A,"Vehicle, Conductores del mundo","sep. 22, 2025 1:37:48 p. m.","ene. 00, 1900 12:00:00 a. m.",0,La luz de advertencia del vehículo está encendida,,Telematics Device,Telematics device,168,,
A-05503-A,"Vehicle, Conductores del mundo","sep. 22, 2025 3:55:50 p. m.","ene. 00, 1900 12:00:00 a. m.",0,Vehicle speed sensor A circuit low,No sub type information,OBD with Source Address Information,OBD Powertrain,P0502,,
A-05503-A,"Vehicle, Conductores del mundo","sep. 22, 2025 3:55:50 p. m.","ene. 00, 1900 12:00:00 a. m.",0,Vehicle speed sensor A circuit low,No sub type information,OBD with Source Address Information,OBD Powertrain,P0502,,
A-05503-A,"Vehicle, Conductores del mundo","sep. 22, 2025 3:56:10 p. m.","ene. 00, 1900 12:00:00 a. m.",0,La luz de advertencia del vehículo está encendida,,Telematics Device,Telematics device,168,,
A-05503-A,"Vehicle, Conductores del mundo","sep. 22, 2025 4:16:12 p. m.","ene. 00, 1900 12:00:00 a. m.",0,Vehicle speed sensor A circuit low,No sub type information,OBD with Source Address Information,OBD Powertrain,P0502,,
A-05503-A,"Vehicle, Conductores del mundo","sep. 22, 2025 4:16:13 p. m.","ene. 00, 1900 12:00:00 a. m.",0,Vehicle speed sensor A circuit low,No sub type information,OBD with Source Address Information,OBD Powertrain,P0502,,
A-05503-A,"Vehicle, Conductores del mundo","sep. 22, 2025 4:16:32 p. m.","ene. 00, 1900 12:00:00 a. m.",0,La luz de advertencia del vehículo está encendida,,Telematics Device,Telematics device,168,,
A-05503-A,"Vehicle, Conductores del mundo","sep. 22, 2025 5:29:06 p. m.","ene. 00, 1900 12:00:00 a. m.",0,Vehicle speed sensor A circuit low,No sub type information,OBD with Source Address Information,OBD Powertrain,P0502,,
A-05503-A,"Vehicle, Conductores del mundo","sep. 22, 2025 5:29:06 p. m.","ene. 00, 1900 12:00:00 a. m.",0,Vehicle speed sensor A circuit low,No sub type information,OBD with Source Address Information,OBD Powertrain,P0502,,
A-05503-A,"Vehicle, Conductores del mundo","sep. 22, 2025 5:29:26 p. m.","ene. 00, 1900 12:00:00 a. m.",0,La luz de advertencia del vehículo está encendida,,Telematics Device,Telematics device,168,,
A-05503-A,"Vehicle, Conductores del mundo","sep. 22, 2025 5:47:17 p. m.","ene. 00, 1900 12:00:00 a. m.",0,Vehicle speed sensor A circuit low,No sub type information,OBD with Source Address Information,OBD Powertrain,P0502,,
A-05503-A,"Vehicle, Conductores del mundo","sep. 22, 2025 5:47:18 p. m.","ene. 00, 1900 12:00:00 a. m.",0,Vehicle speed sensor A circuit low,No sub type information,OBD with Source Address Information,OBD Powertrain,P0502,,
A-05503-A,"Vehicle, Conductores del mundo","sep. 22, 2025 5:47:38 p. m.","ene. 00, 1900 12:00:00 a. m.",0,La luz de advertencia del vehículo está encendida,,Telematics Device,Telematics device,168,,
A-05503-A,"Vehicle, Conductores del mundo","sep. 22, 2025 7:30:20 p. m.","ene. 00, 1900 12:00:00 a. m.",0,Vehicle speed sensor A circuit low,No sub type information,OBD with Source Address Information,OBD Powertrain,P0502,,
A-05503-A,"Vehicle, Conductores del mundo","sep. 22, 2025 7:30:20 p. m.","ene. 00, 1900 12:00:00 a. m.",0,Vehicle speed sensor A circuit low,No sub type information,OBD with Source Address Information,OBD Powertrain,P0502,,
A-05503-A,"Vehicle, Conductores del mundo","sep. 22, 2025 7:30:40 p. m.","ene. 00, 1900 12:00:00 a. m.",0,La luz de advertencia del vehículo está encendida,,Telematics Device,Telematics device,168,,
A-05503-A,"Vehicle, Conductores del mundo","sep. 22, 2025 8:08:27 p. m.","ene. 00, 1900 12:00:00 a. m.",0,Vehicle speed sensor A circuit low,No sub type information,OBD with Source Address Information,OBD Powertrain,P0502,,
A-05503-A,"Vehicle, Conductores del mundo","sep. 22, 2025 8:08:28 p. m.","ene. 00, 1900 12:00:00 a. m.",0,Vehicle speed sensor A circuit low,No sub type information,OBD with Source Address Information,OBD Powertrain,P0502,,
A-05503-A,"Vehicle, Conductores del mundo","sep. 22, 2025 8:08:47 p. m.","ene. 00, 1900 12:00:00 a. m.",0,La luz de advertencia del vehículo está encendida,,Telematics Device,Telematics device,168,,
A-05503-A,"Vehicle, Conductores del mundo","sep. 22, 2025 9:58:15 p. m.","ene. 00, 1900 12:00:00 a. m.",0,Telematics device fault: internal reset initiated,,Telematics Device,Telematics device,292,,
A-05503-A,"Vehicle, Conductores del mundo","sep. 23, 2025 6:17:42 a. m.","ene. 00, 1900 12:00:00 a. m.",0,Vehicle speed sensor A circuit low,No sub type information,OBD with Source Address Information,OBD Powertrain,P0502,,
A-05503-A,"Vehicle, Conductores del mundo","sep. 23, 2025 6:17:43 a. m.","ene. 00, 1900 12:00:00 a. m.",0,Vehicle speed sensor A circuit low,No sub type information,OBD with Source Address Information,OBD Powertrain,P0502,,
A-05503-A,"Vehicle, Conductores del mundo","sep. 23, 2025 6:18:03 a. m.","ene. 00, 1900 12:00:00 a. m.",0,La luz de advertencia del vehículo está encendida,,Telematics Device,Telematics device,168,,
A-05503-A,"Vehicle, Conductores del mundo","sep. 23, 2025 7:14:24 a. m.","ene. 00, 1900 12:00:00 a. m.",0,Vehicle speed sensor A circuit low,No sub type information,OBD with Source Address Information,OBD Powertrain,P0502,,
A-05503-A,"Vehicle, Conductores del mundo","sep. 23, 2025 7:14:25 a. m.","ene. 00, 1900 12:00:00 a. m.",0,Vehicle speed sensor A circuit low,No sub type information,OBD with Source Address Information,OBD Powertrain,P0502,,
A-05503-A,"Vehicle, Conductores del mundo","sep. 23, 2025 7:14:45 a. m.","ene. 00, 1900 12:00:00 a. m.",0,La luz de advertencia del vehículo está encendida,,Telematics Device,Telematics device,168,,
A-05503-A,"Vehicle, Conductores del mundo","sep. 23, 2025 7:51:28 a. m.","ene. 00, 1900 12:00:00 a. m.",0,Vehicle speed sensor A circuit low,No sub type information,OBD with Source Address Information,OBD Powertrain,P0502,,
A-05503-A,"Vehicle, Conductores del mundo","sep. 23, 2025 7:51:28 a. m.","ene. 00, 1900 12:00:00 a. m.",0,Vehicle speed sensor A circuit low,No sub type information,OBD with Source Address Information,OBD Powertrain,P0502,,
A-05503-A,"Vehicle, Conductores del mundo","sep. 23, 2025 7:51:48 a. m.","ene. 00, 1900 12:00:00 a. m.",0,La luz de advertencia del vehículo está encendida,,Telematics Device,Telematics device,168,,
A-05503-A,"Vehicle, Conductores del mundo","sep. 23, 2025 8:29:52 a. m.","ene. 00, 1900 12:00:00 a. m.",0,Vehicle speed sensor A circuit low,No sub type information,OBD with Source Address Information,OBD Powertrain,P0502,,
A-05503-A,"Vehicle, Conductores del mundo","sep. 23, 2025 8:29:53 a. m.","ene. 00, 1900 12:00:00 a. m.",0,Vehicle speed sensor A circuit low,No sub type information,OBD with Source Address Information,OBD Powertrain,P0502,,
A-05503-A,"Vehicle, Conductores del mundo","sep. 23, 2025 8:30:12 a. m.","ene. 00, 1900 12:00:00 a. m.",0,La luz de advertencia del vehículo está encendida,,Telematics Device,Telematics device,168,,
A-05503-A,"Vehicle, Conductores del mundo","sep. 23, 2025 8:49:27 a. m.","ene. 00, 1900 12:00:00 a. m.",0,Vehicle speed sensor A circuit low,No sub type information,OBD with Source Address Information,OBD Powertrain,P0502,,
A-05503-A,"Vehicle, Conductores del mundo","sep. 23, 2025 8:49:28 a. m.","ene. 00, 1900 12:00:00 a. m.",0,Vehicle speed sensor A circuit low,No sub type information,OBD with Source Address Information,OBD Powertrain,P0502,,
A-05503-A,"Vehicle, Conductores del mundo","sep. 23, 2025 8:49:47 a. m.","ene. 00, 1900 12:00:00 a. m.",0,La luz de advertencia del vehículo está encendida,,Telematics Device,Telematics device,168,,
A-05503-A,"Vehicle, Conductores del mundo","sep. 23, 2025 9:16:26 a. m.","ene. 00, 1900 12:00:00 a. m.",0,Vehicle speed sensor A circuit low,No sub type information,OBD with Source Address Information,OBD Powertrain,P0502,,
A-05503-A,"Vehicle, Conductores del mundo","sep. 23, 2025 9:16:27 a. m.","ene. 00, 1900 12:00:00 a. m.",0,Vehicle speed sensor A circuit low,No sub type information,OBD with Source Address Information,OBD Powertrain,P0502,,
A-05503-A,"Vehicle, Conductores del mundo","sep. 23, 2025 9:16:46 a. m.","ene. 00, 1900 12:00:00 a. m.",0,La luz de advertencia del vehículo está encendida,,Telematics Device,Telematics device,168,,
A-05503-A,"Vehicle, Conductores del mundo","sep. 23, 2025 9:34:00 a. m.","ene. 00, 1900 12:00:00 a. m.",0,Vehicle speed sensor A circuit low,No sub type information,OBD with Source Address Information,OBD Powertrain,P0502,,
A-05503-A,"Vehicle, Conductores del mundo","sep. 23, 2025 9:34:00 a. m.","ene. 00, 1900 12:00:00 a. m.",0,Vehicle speed sensor A circuit low,No sub type information,OBD with Source Address Information,OBD Powertrain,P0502,,
A-05503-A,"Vehicle, Conductores del mundo","sep. 23, 2025 9:34:20 a. m.","ene. 00, 1900 12:00:00 a. m.",0,La luz de advertencia del vehículo está encendida,,Telematics Device,Telematics device,168,,
A-05503-A,"Vehicle, Conductores del mundo","sep. 23, 2025 10:23:55 a. m.","ene. 00, 1900 12:00:00 a. m.",0,Vehicle speed sensor A circuit low,No sub type information,OBD with Source Address Information,OBD Powertrain,P0502,,
A-05503-A,"Vehicle, Conductores del mundo","sep. 23, 2025 10:23:55 a. m.","ene. 00, 1900 12:00:00 a. m.",0,Vehicle speed sensor A circuit low,No sub type information,OBD with Source Address Information,OBD Powertrain,P0502,,
A-05503-A,"Vehicle, Conductores del mundo","sep. 23, 2025 10:24:15 a. m.","ene. 00, 1900 12:00:00 a. m.",0,La luz de advertencia del vehículo está encendida,,Telematics Device,Telematics device,168,,
A-05503-A,"Vehicle, Conductores del mundo","sep. 23, 2025 11:50:39 a. m.","ene. 00, 1900 12:00:00 a. m.",0,Vehicle speed sensor A circuit low,No sub type information,OBD with Source Address Information,OBD Powertrain,P0502,,
A-05503-A,"Vehicle, Conductores del mundo","sep. 23, 2025 11:50:39 a. m.","ene. 00, 1900 12:00:00 a. m.",0,Vehicle speed sensor A circuit low,No sub type information,OBD with Source Address Information,OBD Powertrain,P0502,,
A-05503-A,"Vehicle, Conductores del mundo","sep. 23, 2025 11:50:59 a. m.","ene. 00, 1900 12:00:00 a. m.",0,La luz de advertencia del vehículo está encendida,,Telematics Device,Telematics device,168,,
A-05503-A,"Vehicle, Conductores del mundo","sep. 23, 2025 12:53:08 p. m.","ene. 00, 1900 12:00:00 a. m.",0,Vehicle speed sensor A circuit low,No sub type information,OBD with Source Address Information,OBD Powertrain,P0502,,
A-05503-A,"Vehicle, Conductores del mundo","sep. 23, 2025 12:53:08 p. m.","ene. 00, 1900 12:00:00 a. m.",0,Vehicle speed sensor A circuit low,No sub type information,OBD with Source Address Information,OBD Powertrain,P0502,,
A-05503-A,"Vehicle, Conductores del mundo","sep. 23, 2025 12:53:28 p. m.","ene. 00, 1900 12:00:00 a. m.",0,La luz de advertencia del vehículo está encendida,,Telematics Device,Telematics device,168,,
A-05503-A,"Vehicle, Conductores del mundo","sep. 23, 2025 1:48:01 p. m.","ene. 00, 1900 12:00:00 a. m.",0,Vehicle speed sensor A circuit low,No sub type information,OBD with Source Address Information,OBD Powertrain,P0502,,
A-05503-A,"Vehicle, Conductores del mundo","sep. 23, 2025 1:48:01 p. m.","ene. 00, 1900 12:00:00 a. m.",0,Vehicle speed sensor A circuit low,No sub type information,OBD with Source Address Information,OBD Powertrain,P0502,,
A-05503-A,"Vehicle, Conductores del mundo","sep. 23, 2025 1:48:21 p. m.","ene. 00, 1900 12:00:00 a. m.",0,La luz de advertencia del vehículo está encendida,,Telematics Device,Telematics device,168,,
A-05503-A,"Vehicle, Conductores del mundo","sep. 23, 2025 2:33:08 p. m.","ene. 00, 1900 12:00:00 a. m.",0,Vehicle speed sensor A circuit low,No sub type information,OBD with Source Address Information,OBD Powertrain,P0502,,
A-05503-A,"Vehicle, Conductores del mundo","sep. 23, 2025 2:33:08 p. m.","ene. 00, 1900 12:00:00 a. m.",0,Vehicle speed sensor A circuit low,No sub type information,OBD with Source Address Information,OBD Powertrain,P0502,,
A-05503-A,"Vehicle, Conductores del mundo","sep. 23, 2025 2:33:28 p. m.","ene. 00, 1900 12:00:00 a. m.",0,La luz de advertencia del vehículo está encendida,,Telematics Device,Telematics device,168,,
A-05503-A,"Vehicle, Conductores del mundo","sep. 23, 2025 3:21:35 p. m.","ene. 00, 1900 12:00:00 a. m.",0,Vehicle speed sensor A circuit low,No sub type information,OBD with Source Address Information,OBD Powertrain,P0502,,
A-05503-A,"Vehicle, Conductores del mundo","sep. 23, 2025 3:21:35 p. m.","ene. 00, 1900 12:00:00 a. m.",0,Vehicle speed sensor A circuit low,No sub type information,OBD with Source Address Information,OBD Powertrain,P0502,,
A-05503-A,"Vehicle, Conductores del mundo","sep. 23, 2025 3:21:54 p. m.","ene. 00, 1900 12:00:00 a. m.",0,La luz de advertencia del vehículo está encendida,,Telematics Device,Telematics device,168,,
A-05503-A,"Vehicle, Conductores del mundo","sep. 23, 2025 4:18:42 p. m.","ene. 00, 1900 12:00:00 a. m.",0,Vehicle speed sensor A circuit low,No sub type information,OBD with Source Address Information,OBD Powertrain,P0502,,
A-05503-A,"Vehicle, Conductores del mundo","sep. 23, 2025 4:18:42 p. m.","ene. 00, 1900 12:00:00 a. m.",0,Vehicle speed sensor A circuit low,No sub type information,OBD with Source Address Information,OBD Powertrain,P0502,,
A-05503-A,"Vehicle, Conductores del mundo","sep. 23, 2025 4:19:02 p. m.","ene. 00, 1900 12:00:00 a. m.",0,La luz de advertencia del vehículo está encendida,,Telematics Device,Telematics device,168,,
A-05503-A,"Vehicle, Conductores del mundo","sep. 23, 2025 6:13:50 p. m.","ene. 00, 1900 12:00:00 a. m.",0,Vehicle speed sensor A circuit low,No sub type information,OBD with Source Address Information,OBD Powertrain,P0502,,
A-05503-A,"Vehicle, Conductores del mundo","sep. 23, 2025 6:13:50 p. m.","ene. 00, 1900 12:00:00 a. m.",0,Vehicle speed sensor A circuit low,No sub type information,OBD with Source Address Information,OBD Powertrain,P0502,,
A-05503-A,"Vehicle, Conductores del mundo","sep. 23, 2025 6:14:10 p. m.","ene. 00, 1900 12:00:00 a. m.",0,La luz de advertencia del vehículo está encendida,,Telematics Device,Telematics device,168,,
A-05503-A,"Vehicle, Conductores del mundo","sep. 23, 2025 7:09:10 p. m.","ene. 00, 1900 12:00:00 a. m.",0,Telematics device fault: internal reset initiated,,Telematics Device,Telematics device,292,,
A-05503-A,"Vehicle, Conductores del mundo","sep. 23, 2025 7:17:55 p. m.","ene. 00, 1900 12:00:00 a. m.",0,Vehicle speed sensor A circuit low,No sub type information,OBD with Source Address Information,OBD Powertrain,P0502,,
A-05503-A,"Vehicle, Conductores del mundo","sep. 23, 2025 7:17:55 p. m.","ene. 00, 1900 12:00:00 a. m.",0,Vehicle speed sensor A circuit low,No sub type information,OBD with Source Address Information,OBD Powertrain,P0502,,
A-05503-A,"Vehicle, Conductores del mundo","sep. 23, 2025 7:18:14 p. m.","ene. 00, 1900 12:00:00 a. m.",0,La luz de advertencia del vehículo está encendida,,Telematics Device,Telematics device,168,,
A-05503-A,"Vehicle, Conductores del mundo","sep. 24, 2025 4:47:03 a. m.","ene. 00, 1900 12:00:00 a. m.",0,Vehicle speed sensor A circuit low,No sub type information,OBD with Source Address Information,OBD Powertrain,P0502,,
A-05503-A,"Vehicle, Conductores del mundo","sep. 24, 2025 4:47:04 a. m.","ene. 00, 1900 12:00:00 a. m.",0,Vehicle speed sensor A circuit low,No sub type information,OBD with Source Address Information,OBD Powertrain,P0502,,
A-05503-A,"Vehicle, Conductores del mundo","sep. 24, 2025 4:47:24 a. m.","ene. 00, 1900 12:00:00 a. m.",0,La luz de advertencia del vehículo está encendida,,Telematics Device,Telematics device,168,,
A-05503-A,"Vehicle, Conductores del mundo","sep. 24, 2025 6:15:24 a. m.","ene. 00, 1900 12:00:00 a. m.",0,Vehicle speed sensor A circuit low,No sub type information,OBD with Source Address Information,OBD Powertrain,P0502,,
A-05503-A,"Vehicle, Conductores del mundo","sep. 24, 2025 6:15:25 a. m.","ene. 00, 1900 12:00:00 a. m.",0,Vehicle speed sensor A circuit low,No sub type information,OBD with Source Address Information,OBD Powertrain,P0502,,
A-05503-A,"Vehicle, Conductores del mundo","sep. 24, 2025 6:15:45 a. m.","ene. 00, 1900 12:00:00 a. m.",0,La luz de advertencia del vehículo está encendida,,Telematics Device,Telematics device,168,,
A-05503-A,"Vehicle, Conductores del mundo","sep. 24, 2025 7:41:49 a. m.","ene. 00, 1900 12:00:00 a. m.",0,Vehicle speed sensor A circuit low,No sub type information,OBD with Source Address Information,OBD Powertrain,P0502,,
A-05503-A,"Vehicle, Conductores del mundo","sep. 24, 2025 7:41:49 a. m.","ene. 00, 1900 12:00:00 a. m.",0,Vehicle speed sensor A circuit low,No sub type information,OBD with Source Address Information,OBD Powertrain,P0502,,
A-05503-A,"Vehicle, Conductores del mundo","sep. 24, 2025 8:16:50 a. m.","ene. 00, 1900 12:00:00 a. m.",0,Vehicle speed sensor A circuit low,No sub type information,OBD with Source Address Information,OBD Powertrain,P0502,,
A-05503-A,"Vehicle, Conductores del mundo","sep. 24, 2025 8:16:51 a. m.","ene. 00, 1900 12:00:00 a. m.",0,Vehicle speed sensor A circuit low,No sub type information,OBD with Source Address Information,OBD Powertrain,P0502,,
A-05503-A,"Vehicle, Conductores del mundo","sep. 24, 2025 8:17:11 a. m.","ene. 00, 1900 12:00:00 a. m.",0,La luz de advertencia del vehículo está encendida,,Telematics Device,Telematics device,168,,
A-05503-A,"Vehicle, Conductores del mundo","sep. 24, 2025 8:27:51 a. m.","ene. 00, 1900 12:00:00 a. m.",0,Vehicle speed sensor A circuit low,No sub type information,OBD with Source Address Information,OBD Powertrain,P0502,,
A-05503-A,"Vehicle, Conductores del mundo","sep. 24, 2025 8:27:51 a. m.","ene. 00, 1900 12:00:00 a. m.",0,Vehicle speed sensor A circuit low,No sub type information,OBD with Source Address Information,OBD Powertrain,P0502,,
A-05503-A,"Vehicle, Conductores del mundo","sep. 24, 2025 8:28:11 a. m.","ene. 00, 1900 12:00:00 a. m.",0,La luz de advertencia del vehículo está encendida,,Telematics Device,Telematics device,168,,
A-05503-A,"Vehicle, Conductores del mundo","sep. 24, 2025 1:53:17 p. m.","ene. 00, 1900 12:00:00 a. m.",0,Vehicle speed sensor A circuit low,No sub type information,OBD with Source Address Information,OBD Powertrain,P0502,,
A-05503-A,"Vehicle, Conductores del mundo","sep. 24, 2025 1:53:17 p. m.","ene. 00, 1900 12:00:00 a. m.",0,Vehicle speed sensor A circuit low,No sub type information,OBD with Source Address Information,OBD Powertrain,P0502,,
A-05503-A,"Vehicle, Conductores del mundo","sep. 24, 2025 1:53:37 p. m.","ene. 00, 1900 12:00:00 a. m.",0,La luz de advertencia del vehículo está encendida,,Telematics Device,Telematics device,168,,
A-05503-A,"Vehicle, Conductores del mundo","sep. 24, 2025 3:00:45 p. m.","ene. 00, 1900 12:00:00 a. m.",0,Vehicle speed sensor A circuit low,No sub type information,OBD with Source Address Information,OBD Powertrain,P0502,,
A-05503-A,"Vehicle, Conductores del mundo","sep. 24, 2025 3:00:46 p. m.","ene. 00, 1900 12:00:00 a. m.",0,Vehicle speed sensor A circuit low,No sub type information,OBD with Source Address Information,OBD Powertrain,P0502,,
A-05503-A,"Vehicle, Conductores del mundo","sep. 24, 2025 3:01:05 p. m.","ene. 00, 1900 12:00:00 a. m.",0,La luz de advertencia del vehículo está encendida,,Telematics Device,Telematics device,168,,
A-05503-A,"Vehicle, Conductores del mundo","sep. 24, 2025 3:16:46 p. m.","ene. 00, 1900 12:00:00 a. m.",0,Vehicle speed sensor A circuit low,No sub type information,OBD with Source Address Information,OBD Powertrain,P0502,,
A-05503-A,"Vehicle, Conductores del mundo","sep. 24, 2025 3:16:46 p. m.","ene. 00, 1900 12:00:00 a. m.",0,Vehicle speed sensor A circuit low,No sub type information,OBD with Source Address Information,OBD Powertrain,P0502,,
A-05503-A,"Vehicle, Conductores del mundo","sep. 24, 2025 3:17:06 p. m.","ene. 00, 1900 12:00:00 a. m.",0,La luz de advertencia del vehículo está encendida,,Telematics Device,Telematics device,168,,
A-05503-A,"Vehicle, Conductores del mundo","sep. 24, 2025 5:13:48 p. m.","ene. 00, 1900 12:00:00 a. m.",0,Vehicle speed sensor A circuit low,No sub type information,OBD with Source Address Information,OBD Powertrain,P0502,,
A-05503-A,"Vehicle, Conductores del mundo","sep. 24, 2025 5:13:48 p. m.","ene. 00, 1900 12:00:00 a. m.",0,Vehicle speed sensor A circuit low,No sub type information,OBD with Source Address Information,OBD Powertrain,P0502,,
A-05503-A,"Vehicle, Conductores del mundo","sep. 24, 2025 5:14:07 p. m.","ene. 00, 1900 12:00:00 a. m.",0,La luz de advertencia del vehículo está encendida,,Telematics Device,Telematics device,168,,
A-05503-A,"Vehicle, Conductores del mundo","sep. 25, 2025 4:47:07 a. m.","ene. 00, 1900 12:00:00 a. m.",0,Vehicle speed sensor A circuit low,No sub type information,OBD with Source Address Information,OBD Powertrain,P0502,,
A-05503-A,"Vehicle, Conductores del mundo","sep. 25, 2025 4:47:08 a. m.","ene. 00, 1900 12:00:00 a. m.",0,Vehicle speed sensor A circuit low,No sub type information,OBD with Source Address Information,OBD Powertrain,P0502,,
A-05503-A,"Vehicle, Conductores del mundo","sep. 25, 2025 4:47:27 a. m.","ene. 00, 1900 12:00:00 a. m.",0,La luz de advertencia del vehículo está encendida,,Telematics Device,Telematics device,168,,
A-05503-A,"Vehicle, Conductores del mundo","sep. 25, 2025 6:20:27 a. m.","ene. 00, 1900 12:00:00 a. m.",0,Vehicle speed sensor A circuit low,No sub type information,OBD with Source Address Information,OBD Powertrain,P0502,,
A-05503-A,"Vehicle, Conductores del mundo","sep. 25, 2025 6:20:28 a. m.","ene. 00, 1900 12:00:00 a. m.",0,Vehicle speed sensor A circuit low,No sub type information,OBD with Source Address Information,OBD Powertrain,P0502,,
A-05503-A,"Vehicle, Conductores del mundo","sep. 25, 2025 6:20:48 a. m.","ene. 00, 1900 12:00:00 a. m.",0,La luz de advertencia del vehículo está encendida,,Telematics Device,Telematics device,168,,
A-05503-A,"Vehicle, Conductores del mundo","sep. 25, 2025 8:11:36 a. m.","ene. 00, 1900 12:00:00 a. m.",0,Vehicle speed sensor A circuit low,No sub type information,OBD with Source Address Information,OBD Powertrain,P0502,,
A-05503-A,"Vehicle, Conductores del mundo","sep. 25, 2025 8:11:36 a. m.","ene. 00, 1900 12:00:00 a. m.",0,Vehicle speed sensor A circuit low,No sub type information,OBD with Source Address Information,OBD Powertrain,P0502,,
A-05503-A,"Vehicle, Conductores del mundo","sep. 25, 2025 9:28:40 a. m.","ene. 00, 1900 12:00:00 a. m.",0,Vehicle speed sensor A circuit low,No sub type information,OBD with Source Address Information,OBD Powertrain,P0502,,
A-05503-A,"Vehicle, Conductores del mundo","sep. 25, 2025 9:28:40 a. m.","ene. 00, 1900 12:00:00 a. m.",0,Vehicle speed sensor A circuit low,No sub type information,OBD with Source Address Information,OBD Powertrain,P0502,,
A-05503-A,"Vehicle, Conductores del mundo","sep. 25, 2025 9:29:00 a. m.","ene. 00, 1900 12:00:00 a. m.",0,La luz de advertencia del vehículo está encendida,,Telematics Device,Telematics device,168,,
A-05503-A,"Vehicle, Conductores del mundo","sep. 25, 2025 10:20:41 a. m.","ene. 00, 1900 12:00:00 a. m.",0,Vehicle speed sensor A circuit low,No sub type information,OBD with Source Address Information,OBD Powertrain,P0502,,
A-05503-A,"Vehicle, Conductores del mundo","sep. 25, 2025 10:20:42 a. m.","ene. 00, 1900 12:00:00 a. m.",0,Vehicle speed sensor A circuit low,No sub type information,OBD with Source Address Information,OBD Powertrain,P0502,,
A-05503-A,"Vehicle, Conductores del mundo","sep. 25, 2025 10:21:01 a. m.","ene. 00, 1900 12:00:00 a. m.",0,La luz de advertencia del vehículo está encendida,,Telematics Device,Telematics device,168,,
A-05503-A,"Vehicle, Conductores del mundo","sep. 25, 2025 1:35:34 p. m.","ene. 00, 1900 12:00:00 a. m.",0,Vehicle speed sensor A circuit low,No sub type information,OBD with Source Address Information,OBD Powertrain,P0502,,
A-05503-A,"Vehicle, Conductores del mundo","sep. 25, 2025 1:35:34 p. m.","ene. 00, 1900 12:00:00 a. m.",0,Vehicle speed sensor A circuit low,No sub type information,OBD with Source Address Information,OBD Powertrain,P0502,,
A-05503-A,"Vehicle, Conductores del mundo","sep. 25, 2025 1:35:54 p. m.","ene. 00, 1900 12:00:00 a. m.",0,La luz de advertencia del vehículo está encendida,,Telematics Device,Telematics device,168,,
A-05503-A,"Vehicle, Conductores del mundo","sep. 25, 2025 1:52:38 p. m.","ene. 00, 1900 12:00:00 a. m.",0,Vehicle speed sensor A circuit low,No sub type information,OBD with Source Address Information,OBD Powertrain,P0502,,
A-05503-A,"Vehicle, Conductores del mundo","sep. 25, 2025 1:52:38 p. m.","ene. 00, 1900 12:00:00 a. m.",0,Vehicle speed sensor A circuit low,No sub type information,OBD with Source Address Information,OBD Powertrain,P0502,,
A-05503-A,"Vehicle, Conductores del mundo","sep. 25, 2025 1:52:58 p. m.","ene. 00, 1900 12:00:00 a. m.",0,La luz de advertencia del vehículo está encendida,,Telematics Device,Telematics device,168,,
A-05503-A,"Vehicle, Conductores del mundo","sep. 25, 2025 3:06:14 p. m.","ene. 00, 1900 12:00:00 a. m.",0,Vehicle speed sensor A circuit low,No sub type information,OBD with Source Address Information,OBD Powertrain,P0502,,
A-05503-A,"Vehicle, Conductores del mundo","sep. 25, 2025 3:06:14 p. m.","ene. 00, 1900 12:00:00 a. m.",0,Vehicle speed sensor A circuit low,No sub type information,OBD with Source Address Information,OBD Powertrain,P0502,,
A-05503-A,"Vehicle, Conductores del mundo","sep. 25, 2025 3:06:34 p. m.","ene. 00, 1900 12:00:00 a. m.",0,La luz de advertencia del vehículo está encendida,,Telematics Device,Telematics device,168,,
A-05503-A,"Vehicle, Conductores del mundo","sep. 25, 2025 3:25:32 p. m.","ene. 00, 1900 12:00:00 a. m.",0,Vehicle speed sensor A circuit low,No sub type information,OBD with Source Address Information,OBD Powertrain,P0502,,
A-05503-A,"Vehicle, Conductores del mundo","sep. 25, 2025 3:25:32 p. m.","ene. 00, 1900 12:00:00 a. m.",0,Vehicle speed sensor A circuit low,No sub type information,OBD with Source Address Information,OBD Powertrain,P0502,,
A-05503-A,"Vehicle, Conductores del mundo","sep. 25, 2025 3:25:52 p. m.","ene. 00, 1900 12:00:00 a. m.",0,La luz de advertencia del vehículo está encendida,,Telematics Device,Telematics device,168,,
A-05503-A,"Vehicle, Conductores del mundo","sep. 25, 2025 4:23:13 p. m.","ene. 00, 1900 12:00:00 a. m.",0,Vehicle speed sensor A circuit low,No sub type information,OBD with Source Address Information,OBD Powertrain,P0502,,
A-05503-A,"Vehicle, Conductores del mundo","sep. 25, 2025 4:23:13 p. m.","ene. 00, 1900 12:00:00 a. m.",0,Vehicle speed sensor A circuit low,No sub type information,OBD with Source Address Information,OBD Powertrain,P0502,,
A-05503-A,"Vehicle, Conductores del mundo","sep. 25, 2025 4:38:05 p. m.","ene. 00, 1900 12:00:00 a. m.",0,Vehicle speed sensor A circuit low,No sub type information,OBD with Source Address Information,OBD Powertrain,P0502,,
A-05503-A,"Vehicle, Conductores del mundo","sep. 25, 2025 4:38:06 p. m.","ene. 00, 1900 12:00:00 a. m.",0,Vehicle speed sensor A circuit low,No sub type information,OBD with Source Address Information,OBD Powertrain,P0502,,
A-05503-A,"Vehicle, Conductores del mundo","sep. 25, 2025 4:38:25 p. m.","ene. 00, 1900 12:00:00 a. m.",0,La luz de advertencia del vehículo está encendida,,Telematics Device,Telematics device,168,,
A-05503-A,"Vehicle, Conductores del mundo","sep. 25, 2025 5:51:01 p. m.","ene. 00, 1900 12:00:00 a. m.",0,Vehicle speed sensor A circuit low,No sub type information,OBD with Source Address Information,OBD Powertrain,P0502,,
A-05503-A,"Vehicle, Conductores del mundo","sep. 25, 2025 5:51:01 p. m.","ene. 00, 1900 12:00:00 a. m.",0,Vehicle speed sensor A circuit low,No sub type information,OBD with Source Address Information,OBD Powertrain,P0502,,
A-05503-A,"Vehicle, Conductores del mundo","sep. 25, 2025 5:51:21 p. m.","ene. 00, 1900 12:00:00 a. m.",0,La luz de advertencia del vehículo está encendida,,Telematics Device,Telematics device,168,,
A-05503-A,"Vehicle, Conductores del mundo","sep. 25, 2025 6:08:56 p. m.","ene. 00, 1900 12:00:00 a. m.",0,Vehicle speed sensor A circuit low,No sub type information,OBD with Source Address Information,OBD Powertrain,P0502,,
A-05503-A,"Vehicle, Conductores del mundo","sep. 25, 2025 6:08:57 p. m.","ene. 00, 1900 12:00:00 a. m.",0,Vehicle speed sensor A circuit low,No sub type information,OBD with Source Address Information,OBD Powertrain,P0502,,
A-05503-A,"Vehicle, Conductores del mundo","sep. 25, 2025 6:09:16 p. m.","ene. 00, 1900 12:00:00 a. m.",0,La luz de advertencia del vehículo está encendida,,Telematics Device,Telematics device,168,,
A-05503-A,"Vehicle, Conductores del mundo","sep. 25, 2025 6:23:49 p. m.","ene. 00, 1900 12:00:00 a. m.",0,Vehicle speed sensor A circuit low,No sub type information,OBD with Source Address Information,OBD Powertrain,P0502,,
A-05503-A,"Vehicle, Conductores del mundo","sep. 25, 2025 6:23:49 p. m.","ene. 00, 1900 12:00:00 a. m.",0,Vehicle speed sensor A circuit low,No sub type information,OBD with Source Address Information,OBD Powertrain,P0502,,
A-05503-A,"Vehicle, Conductores del mundo","sep. 25, 2025 6:24:09 p. m.","ene. 00, 1900 12:00:00 a. m.",0,La luz de advertencia del vehículo está encendida,,Telematics Device,Telematics device,168,,
A-05503-A,"Vehicle, Conductores del mundo","sep. 25, 2025 6:45:52 p. m.","ene. 00, 1900 12:00:00 a. m.",0,Vehicle speed sensor A circuit low,No sub type information,OBD with Source Address Information,OBD Powertrain,P0502,,
A-05503-A,"Vehicle, Conductores del mundo","sep. 25, 2025 6:45:52 p. m.","ene. 00, 1900 12:00:00 a. m.",0,Vehicle speed sensor A circuit low,No sub type information,OBD with Source Address Information,OBD Powertrain,P0502,,
A-05503-A,"Vehicle, Conductores del mundo","sep. 25, 2025 6:46:12 p. m.","ene. 00, 1900 12:00:00 a. m.",0,La luz de advertencia del vehículo está encendida,,Telematics Device,Telematics device,168,,
A-05503-A,"Vehicle, Conductores del mundo","sep. 25, 2025 7:00:45 p. m.","ene. 00, 1900 12:00:00 a. m.",0,Vehicle speed sensor A circuit low,No sub type information,OBD with Source Address Information,OBD Powertrain,P0502,,
A-05503-A,"Vehicle, Conductores del mundo","sep. 25, 2025 7:00:46 p. m.","ene. 00, 1900 12:00:00 a. m.",0,Vehicle speed sensor A circuit low,No sub type information,OBD with Source Address Information,OBD Powertrain,P0502,,
A-05503-A,"Vehicle, Conductores del mundo","sep. 25, 2025 7:01:06 p. m.","ene. 00, 1900 12:00:00 a. m.",0,La luz de advertencia del vehículo está encendida,,Telematics Device,Telematics device,168,,
A-05503-A,"Vehicle, Conductores del mundo","sep. 26, 2025 4:46:04 a. m.","ene. 00, 1900 12:00:00 a. m.",0,Vehicle speed sensor A circuit low,No sub type information,OBD with Source Address Information,OBD Powertrain,P0502,,
A-05503-A,"Vehicle, Conductores del mundo","sep. 26, 2025 4:46:05 a. m.","ene. 00, 1900 12:00:00 a. m.",0,Vehicle speed sensor A circuit low,No sub type information,OBD with Source Address Information,OBD Powertrain,P0502,,
A-05503-A,"Vehicle, Conductores del mundo","sep. 26, 2025 4:46:24 a. m.","ene. 00, 1900 12:00:00 a. m.",0,La luz de advertencia del vehículo está encendida,,Telematics Device,Telematics device,168,,
A-05503-A,"Vehicle, Conductores del mundo","sep. 26, 2025 6:24:11 a. m.","ene. 00, 1900 12:00:00 a. m.",0,Vehicle speed sensor A circuit low,No sub type information,OBD with Source Address Information,OBD Powertrain,P0502,,
A-05503-A,"Vehicle, Conductores del mundo","sep. 26, 2025 6:24:11 a. m.","ene. 00, 1900 12:00:00 a. m.",0,Vehicle speed sensor A circuit low,No sub type information,OBD with Source Address Information,OBD Powertrain,P0502,,
A-05503-A,"Vehicle, Conductores del mundo","sep. 26, 2025 6:24:31 a. m.","ene. 00, 1900 12:00:00 a. m.",0,La luz de advertencia del vehículo está encendida,,Telematics Device,Telematics device,168,,
A-05503-A,"Vehicle, Conductores del mundo","sep. 26, 2025 8:40:20 a. m.","ene. 00, 1900 12:00:00 a. m.",0,Vehicle speed sensor A circuit low,No sub type information,OBD with Source Address Information,OBD Powertrain,P0502,,
A-05503-A,"Vehicle, Conductores del mundo","sep. 26, 2025 8:40:21 a. m.","ene. 00, 1900 12:00:00 a. m.",0,Vehicle speed sensor A circuit low,No sub type information,OBD with Source Address Information,OBD Powertrain,P0502,,
A-05503-A,"Vehicle, Conductores del mundo","sep. 26, 2025 8:40:40 a. m.","ene. 00, 1900 12:00:00 a. m.",0,La luz de advertencia del vehículo está encendida,,Telematics Device,Telematics device,168,,
A-05503-A,"Vehicle, Conductores del mundo","sep. 26, 2025 11:10:42 a. m.","ene. 00, 1900 12:00:00 a. m.",0,Vehicle speed sensor A circuit low,No sub type information,OBD with Source Address Information,OBD Powertrain,P0502,,
A-05503-A,"Vehicle, Conductores del mundo","sep. 26, 2025 11:10:42 a. m.","ene. 00, 1900 12:00:00 a. m.",0,Vehicle speed sensor A circuit low,No sub type information,OBD with Source Address Information,OBD Powertrain,P0502,,
A-05503-A,"Vehicle, Conductores del mundo","sep. 26, 2025 11:22:20 a. m.","ene. 00, 1900 12:00:00 a. m.",0,Vehicle speed sensor A circuit low,No sub type information,OBD with Source Address Information,OBD Powertrain,P0502,,
A-05503-A,"Vehicle, Conductores del mundo","sep. 26, 2025 11:22:20 a. m.","ene. 00, 1900 12:00:00 a. m.",0,Vehicle speed sensor A circuit low,No sub type information,OBD with Source Address Information,OBD Powertrain,P0502,,
A-05503-A,"Vehicle, Conductores del mundo","sep. 26, 2025 11:22:40 a. m.","ene. 00, 1900 12:00:00 a. m.",0,La luz de advertencia del vehículo está encendida,,Telematics Device,Telematics device,168,,
A-05503-A,"Vehicle, Conductores del mundo","sep. 26, 2025 2:14:44 p. m.","ene. 00, 1900 12:00:00 a. m.",0,Vehicle speed sensor A circuit low,No sub type information,OBD with Source Address Information,OBD Powertrain,P0502,,
A-05503-A,"Vehicle, Conductores del mundo","sep. 26, 2025 2:14:44 p. m.","ene. 00, 1900 12:00:00 a. m.",0,Vehicle speed sensor A circuit low,No sub type information,OBD with Source Address Information,OBD Powertrain,P0502,,
A-05503-A,"Vehicle, Conductores del mundo","sep. 26, 2025 2:15:04 p. m.","ene. 00, 1900 12:00:00 a. m.",0,La luz de advertencia del vehículo está encendida,,Telematics Device,Telematics device,168,,
A-05503-A,"Vehicle, Conductores del mundo","sep. 26, 2025 2:29:26 p. m.","ene. 00, 1900 12:00:00 a. m.",0,Vehicle speed sensor A circuit low,No sub type information,OBD with Source Address Information,OBD Powertrain,P0502,,
A-05503-A,"Vehicle, Conductores del mundo","sep. 26, 2025 2:29:27 p. m.","ene. 00, 1900 12:00:00 a. m.",0,Vehicle speed sensor A circuit low,No sub type information,OBD with Source Address Information,OBD Powertrain,P0502,,
A-05503-A,"Vehicle, Conductores del mundo","sep. 26, 2025 2:29:47 p. m.","ene. 00, 1900 12:00:00 a. m.",0,La luz de advertencia del vehículo está encendida,,Telematics Device,Telematics device,168,,
A-05503-A,"Vehicle, Conductores del mundo","sep. 26, 2025 3:50:38 p. m.","ene. 00, 1900 12:00:00 a. m.",0,Vehicle speed sensor A circuit low,No sub type information,OBD with Source Address Information,OBD Powertrain,P0502,,
A-05503-A,"Vehicle, Conductores del mundo","sep. 26, 2025 3:50:38 p. m.","ene. 00, 1900 12:00:00 a. m.",0,Vehicle speed sensor A circuit low,No sub type information,OBD with Source Address Information,OBD Powertrain,P0502,,
A-05503-A,"Vehicle, Conductores del mundo","sep. 26, 2025 3:50:58 p. m.","ene. 00, 1900 12:00:00 a. m.",0,La luz de advertencia del vehículo está encendida,,Telematics Device,Telematics device,168,,
A-05503-A,"Vehicle, Conductores del mundo","sep. 26, 2025 4:03:55 p. m.","ene. 00, 1900 12:00:00 a. m.",0,Vehicle speed sensor A circuit low,No sub type information,OBD with Source Address Information,OBD Powertrain,P0502,,
A-05503-A,"Vehicle, Conductores del mundo","sep. 26, 2025 4:03:55 p. m.","ene. 00, 1900 12:00:00 a. m.",0,Vehicle speed sensor A circuit low,No sub type information,OBD with Source Address Information,OBD Powertrain,P0502,,
A-05503-A,"Vehicle, Conductores del mundo","sep. 26, 2025 4:04:15 p. m.","ene. 00, 1900 12:00:00 a. m.",0,La luz de advertencia del vehículo está encendida,,Telematics Device,Telematics device,168,,
A-05503-A,"Vehicle, Conductores del mundo","sep. 26, 2025 5:05:11 p. m.","ene. 00, 1900 12:00:00 a. m.",0,Vehicle speed sensor A circuit low,No sub type information,OBD with Source Address Information,OBD Powertrain,P0502,,
A-05503-A,"Vehicle, Conductores del mundo","sep. 26, 2025 5:05:12 p. m.","ene. 00, 1900 12:00:00 a. m.",0,Vehicle speed sensor A circuit low,No sub type information,OBD with Source Address Information,OBD Powertrain,P0502,,
A-05503-A,"Vehicle, Conductores del mundo","sep. 26, 2025 5:05:31 p. m.","ene. 00, 1900 12:00:00 a. m.",0,La luz de advertencia del vehículo está encendida,,Telematics Device,Telematics device,168,,
A-05503-A,"Vehicle, Conductores del mundo","sep. 26, 2025 6:13:59 p. m.","ene. 00, 1900 12:00:00 a. m.",0,Vehicle speed sensor A circuit low,No sub type information,OBD with Source Address Information,OBD Powertrain,P0502,,
A-05503-A,"Vehicle, Conductores del mundo","sep. 26, 2025 6:13:59 p. m.","ene. 00, 1900 12:00:00 a. m.",0,Vehicle speed sensor A circuit low,No sub type information,OBD with Source Address Information,OBD Powertrain,P0502,,
A-05503-A,"Vehicle, Conductores del mundo","sep. 26, 2025 6:14:19 p. m.","ene. 00, 1900 12:00:00 a. m.",0,La luz de advertencia del vehículo está encendida,,Telematics Device,Telematics device,168,,
A-05503-A,"Vehicle, Conductores del mundo","sep. 26, 2025 6:33:08 p. m.","ene. 00, 1900 12:00:00 a. m.",0,Vehicle speed sensor A circuit low,No sub type information,OBD with Source Address Information,OBD Powertrain,P0502,,
A-05503-A,"Vehicle, Conductores del mundo","sep. 26, 2025 6:33:08 p. m.","ene. 00, 1900 12:00:00 a. m.",0,Vehicle speed sensor A circuit low,No sub type information,OBD with Source Address Information,OBD Powertrain,P0502,,
A-05503-A,"Vehicle, Conductores del mundo","sep. 26, 2025 6:33:28 p. m.","ene. 00, 1900 12:00:00 a. m.",0,La luz de advertencia del vehículo está encendida,,Telematics Device,Telematics device,168,,
A-05503-A,"Vehicle, Conductores del mundo","sep. 27, 2025 6:17:03 a. m.","ene. 00, 1900 12:00:00 a. m.",0,Vehicle speed sensor A circuit low,No sub type information,OBD with Source Address Information,OBD Powertrain,P0502,,
A-05503-A,"Vehicle, Conductores del mundo","sep. 27, 2025 6:17:03 a. m.","ene. 00, 1900 12:00:00 a. m.",0,Vehicle speed sensor A circuit low,No sub type information,OBD with Source Address Information,OBD Powertrain,P0502,,
A-05503-A,"Vehicle, Conductores del mundo","sep. 27, 2025 6:17:23 a. m.","ene. 00, 1900 12:00:00 a. m.",0,La luz de advertencia del vehículo está encendida,,Telematics Device,Telematics device,168,,
A-05503-A,"Vehicle, Conductores del mundo","sep. 27, 2025 6:46:33 a. m.","ene. 00, 1900 12:00:00 a. m.",0,Vehicle speed sensor A circuit low,No sub type information,OBD with Source Address Information,OBD Powertrain,P0502,,
A-05503-A,"Vehicle, Conductores del mundo","sep. 27, 2025 6:46:33 a. m.","ene. 00, 1900 12:00:00 a. m.",0,Vehicle speed sensor A circuit low,No sub type information,OBD with Source Address Information,OBD Powertrain,P0502,,
A-05503-A,"Vehicle, Conductores del mundo","sep. 27, 2025 6:46:53 a. m.","ene. 00, 1900 12:00:00 a. m.",0,La luz de advertencia del vehículo está encendida,,Telematics Device,Telematics device,168,,
A-05503-A,"Vehicle, Conductores del mundo","sep. 27, 2025 7:28:12 a. m.","ene. 00, 1900 12:00:00 a. m.",0,Vehicle speed sensor A circuit low,No sub type information,OBD with Source Address Information,OBD Powertrain,P0502,,
A-05503-A,"Vehicle, Conductores del mundo","sep. 27, 2025 7:28:12 a. m.","ene. 00, 1900 12:00:00 a. m.",0,Vehicle speed sensor A circuit low,No sub type information,OBD with Source Address Information,OBD Powertrain,P0502,,
A-05503-A,"Vehicle, Conductores del mundo","sep. 27, 2025 7:28:33 a. m.","ene. 00, 1900 12:00:00 a. m.",0,La luz de advertencia del vehículo está encendida,,Telematics Device,Telematics device,168,,
A-05503-A,"Vehicle, Conductores del mundo","sep. 27, 2025 7:39:40 a. m.","ene. 00, 1900 12:00:00 a. m.",0,Vehicle speed sensor A circuit low,No sub type information,OBD with Source Address Information,OBD Powertrain,P0502,,
A-05503-A,"Vehicle, Conductores del mundo","sep. 27, 2025 7:39:41 a. m.","ene. 00, 1900 12:00:00 a. m.",0,Vehicle speed sensor A circuit low,No sub type information,OBD with Source Address Information,OBD Powertrain,P0502,,
A-05503-A,"Vehicle, Conductores del mundo","sep. 27, 2025 7:40:00 a. m.","ene. 00, 1900 12:00:00 a. m.",0,La luz de advertencia del vehículo está encendida,,Telematics Device,Telematics device,168,,
A-05503-A,"Vehicle, Conductores del mundo","sep. 27, 2025 9:10:59 a. m.","ene. 00, 1900 12:00:00 a. m.",0,Vehicle speed sensor A circuit low,No sub type information,OBD with Source Address Information,OBD Powertrain,P0502,,
A-05503-A,"Vehicle, Conductores del mundo","sep. 27, 2025 9:11:00 a. m.","ene. 00, 1900 12:00:00 a. m.",0,Vehicle speed sensor A circuit low,No sub type information,OBD with Source Address Information,OBD Powertrain,P0502,,
A-05503-A,"Vehicle, Conductores del mundo","sep. 27, 2025 9:11:19 a. m.","ene. 00, 1900 12:00:00 a. m.",0,La luz de advertencia del vehículo está encendida,,Telematics Device,Telematics device,168,,
A-05503-A,"Vehicle, Conductores del mundo","sep. 27, 2025 9:55:57 a. m.","ene. 00, 1900 12:00:00 a. m.",0,Vehicle speed sensor A circuit low,No sub type information,OBD with Source Address Information,OBD Powertrain,P0502,,
A-05503-A,"Vehicle, Conductores del mundo","sep. 27, 2025 9:55:57 a. m.","ene. 00, 1900 12:00:00 a. m.",0,Vehicle speed sensor A circuit low,No sub type information,OBD with Source Address Information,OBD Powertrain,P0502,,
A-05503-A,"Vehicle, Conductores del mundo","sep. 27, 2025 9:56:17 a. m.","ene. 00, 1900 12:00:00 a. m.",0,La luz de advertencia del vehículo está encendida,,Telematics Device,Telematics device,168,,
A-05503-A,"Vehicle, Conductores del mundo","sep. 27, 2025 1:34:45 p. m.","ene. 00, 1900 12:00:00 a. m.",0,Vehicle speed sensor A circuit low,No sub type information,OBD with Source Address Information,OBD Powertrain,P0502,,
A-05503-A,"Vehicle, Conductores del mundo","sep. 27, 2025 2:35:07 p. m.","ene. 00, 1900 12:00:00 a. m.",0,Vehicle speed sensor A circuit low,No sub type information,OBD with Source Address Information,OBD Powertrain,P0502,,
A-05503-A,"Vehicle, Conductores del mundo","sep. 27, 2025 3:02:47 p. m.","ene. 00, 1900 12:00:00 a. m.",0,Vehicle speed sensor A circuit low,No sub type information,OBD with Source Address Information,OBD Powertrain,P0502,,
A-05503-A,"Vehicle, Conductores del mundo","sep. 27, 2025 3:09:35 p. m.","ene. 00, 1900 12:00:00 a. m.",0,La luz de advertencia del vehículo está encendida,,Telematics Device,Telematics device,168,,
A-05503-A,"Vehicle, Conductores del mundo","sep. 27, 2025 3:09:36 p. m.","ene. 00, 1900 12:00:00 a. m.",0,Vehicle speed sensor A circuit low,No sub type information,OBD with Source Address Information,OBD Powertrain,P0502,,
A-05503-A,"Vehicle, Conductores del mundo","sep. 27, 2025 3:29:28 p. m.","ene. 00, 1900 12:00:00 a. m.",0,Vehicle speed sensor A circuit low,No sub type information,OBD with Source Address Information,OBD Powertrain,P0502,,
A-05503-A,"Vehicle, Conductores del mundo","sep. 27, 2025 3:29:28 p. m.","ene. 00, 1900 12:00:00 a. m.",0,Vehicle speed sensor A circuit low,No sub type information,OBD with Source Address Information,OBD Powertrain,P0502,,
A-05503-A,"Vehicle, Conductores del mundo","sep. 27, 2025 3:29:48 p. m.","ene. 00, 1900 12:00:00 a. m.",0,La luz de advertencia del vehículo está encendida,,Telematics Device,Telematics device,168,,
A-05503-A,"Vehicle, Conductores del mundo","sep. 27, 2025 3:47:04 p. m.","ene. 00, 1900 12:00:00 a. m.",0,Vehicle speed sensor A circuit low,No sub type information,OBD with Source Address Information,OBD Powertrain,P0502,,
A-05503-A,"Vehicle, Conductores del mundo","sep. 27, 2025 3:47:05 p. m.","ene. 00, 1900 12:00:00 a. m.",0,Vehicle speed sensor A circuit low,No sub type information,OBD with Source Address Information,OBD Powertrain,P0502,,
A-05503-A,"Vehicle, Conductores del mundo","sep. 27, 2025 3:47:24 p. m.","ene. 00, 1900 12:00:00 a. m.",0,La luz de advertencia del vehículo está encendida,,Telematics Device,Telematics device,168,,
A-05503-A,"Vehicle, Conductores del mundo","sep. 27, 2025 4:40:02 p. m.","ene. 00, 1900 12:00:00 a. m.",0,Vehicle speed sensor A circuit low,No sub type information,OBD with Source Address Information,OBD Powertrain,P0502,,
A-05503-A,"Vehicle, Conductores del mundo","sep. 27, 2025 4:40:02 p. m.","ene. 00, 1900 12:00:00 a. m.",0,Vehicle speed sensor A circuit low,No sub type information,OBD with Source Address Information,OBD Powertrain,P0502,,
A-05503-A,"Vehicle, Conductores del mundo","sep. 27, 2025 4:40:22 p. m.","ene. 00, 1900 12:00:00 a. m.",0,La luz de advertencia del vehículo está encendida,,Telematics Device,Telematics device,168,,
A-05503-A,"Vehicle, Conductores del mundo","sep. 27, 2025 4:56:30 p. m.","ene. 00, 1900 12:00:00 a. m.",0,Vehicle speed sensor A circuit low,No sub type information,OBD with Source Address Information,OBD Powertrain,P0502,,
A-05503-A,"Vehicle, Conductores del mundo","sep. 27, 2025 4:56:30 p. m.","ene. 00, 1900 12:00:00 a. m.",0,Vehicle speed sensor A circuit low,No sub type information,OBD with Source Address Information,OBD Powertrain,P0502,,
A-05503-A,"Vehicle, Conductores del mundo","sep. 27, 2025 4:56:50 p. m.","ene. 00, 1900 12:00:00 a. m.",0,La luz de advertencia del vehículo está encendida,,Telematics Device,Telematics device,168,,
A-05503-A,"Vehicle, Conductores del mundo","sep. 27, 2025 5:33:02 p. m.","ene. 00, 1900 12:00:00 a. m.",0,Vehicle speed sensor A circuit low,No sub type information,OBD with Source Address Information,OBD Powertrain,P0502,,
A-05503-A,"Vehicle, Conductores del mundo","sep. 27, 2025 5:33:02 p. m.","ene. 00, 1900 12:00:00 a. m.",0,Vehicle speed sensor A circuit low,No sub type information,OBD with Source Address Information,OBD Powertrain,P0502,,
A-05503-A,"Vehicle, Conductores del mundo","sep. 27, 2025 5:33:22 p. m.","ene. 00, 1900 12:00:00 a. m.",0,La luz de advertencia del vehículo está encendida,,Telematics Device,Telematics device,168,,
A-05503-A,"Vehicle, Conductores del mundo","sep. 27, 2025 6:28:38 p. m.","ene. 00, 1900 12:00:00 a. m.",0,Vehicle speed sensor A circuit low,No sub type information,OBD with Source Address Information,OBD Powertrain,P0502,,
A-05503-A,"Vehicle, Conductores del mundo","sep. 27, 2025 6:28:38 p. m.","ene. 00, 1900 12:00:00 a. m.",0,Vehicle speed sensor A circuit low,No sub type information,OBD with Source Address Information,OBD Powertrain,P0502,,
A-05503-A,"Vehicle, Conductores del mundo","sep. 27, 2025 6:28:59 p. m.","ene. 00, 1900 12:00:00 a. m.",0,La luz de advertencia del vehículo está encendida,,Telematics Device,Telematics device,168,,
A-05503-A,"Vehicle, Conductores del mundo","sep. 28, 2025 7:17:19 a. m.","ene. 00, 1900 12:00:00 a. m.",0,Vehicle speed sensor A circuit low,No sub type information,OBD with Source Address Information,OBD Powertrain,P0502,,
A-05503-A,"Vehicle, Conductores del mundo","sep. 28, 2025 7:17:19 a. m.","ene. 00, 1900 12:00:00 a. m.",0,Vehicle speed sensor A circuit low,No sub type information,OBD with Source Address Information,OBD Powertrain,P0502,,
A-05503-A,"Vehicle, Conductores del mundo","sep. 28, 2025 7:17:39 a. m.","ene. 00, 1900 12:00:00 a. m.",0,La luz de advertencia del vehículo está encendida,,Telematics Device,Telematics device,168,,
A-05503-A,"Vehicle, Conductores del mundo","sep. 28, 2025 9:05:41 a. m.","ene. 00, 1900 12:00:00 a. m.",0,Vehicle speed sensor A circuit low,No sub type information,OBD with Source Address Information,OBD Powertrain,P0502,,
A-05503-A,"Vehicle, Conductores del mundo","sep. 28, 2025 9:05:41 a. m.","ene. 00, 1900 12:00:00 a. m.",0,Vehicle speed sensor A circuit low,No sub type information,OBD with Source Address Information,OBD Powertrain,P0502,,
A-05503-A,"Vehicle, Conductores del mundo","sep. 28, 2025 9:06:01 a. m.","ene. 00, 1900 12:00:00 a. m.",0,La luz de advertencia del vehículo está encendida,,Telematics Device,Telematics device,168,,
A-05503-A,"Vehicle, Conductores del mundo","sep. 28, 2025 9:25:51 a. m.","ene. 00, 1900 12:00:00 a. m.",0,Vehicle speed sensor A circuit low,No sub type information,OBD with Source Address Information,OBD Powertrain,P0502,,
A-05503-A,"Vehicle, Conductores del mundo","sep. 28, 2025 9:25:51 a. m.","ene. 00, 1900 12:00:00 a. m.",0,Vehicle speed sensor A circuit low,No sub type information,OBD with Source Address Information,OBD Powertrain,P0502,,
A-05503-A,"Vehicle, Conductores del mundo","sep. 28, 2025 9:26:11 a. m.","ene. 00, 1900 12:00:00 a. m.",0,La luz de advertencia del vehículo está encendida,,Telematics Device,Telematics device,168,,
A-05503-A,"Vehicle, Conductores del mundo","sep. 28, 2025 11:33:42 a. m.","ene. 00, 1900 12:00:00 a. m.",0,Vehicle speed sensor A circuit low,No sub type information,OBD with Source Address Information,OBD Powertrain,P0502,,
A-05503-A,"Vehicle, Conductores del mundo","sep. 28, 2025 11:33:42 a. m.","ene. 00, 1900 12:00:00 a. m.",0,Vehicle speed sensor A circuit low,No sub type information,OBD with Source Address Information,OBD Powertrain,P0502,,
A-05503-A,"Vehicle, Conductores del mundo","sep. 28, 2025 11:34:02 a. m.","ene. 00, 1900 12:00:00 a. m.",0,La luz de advertencia del vehículo está encendida,,Telematics Device,Telematics device,168,,
A-05503-A,"Vehicle, Conductores del mundo","sep. 28, 2025 2:12:54 p. m.","ene. 00, 1900 12:00:00 a. m.",0,Vehicle speed sensor A circuit low,No sub type information,OBD with Source Address Information,OBD Powertrain,P0502,,
A-05503-A,"Vehicle, Conductores del mundo","sep. 28, 2025 2:12:54 p. m.","ene. 00, 1900 12:00:00 a. m.",0,Vehicle speed sensor A circuit low,No sub type information,OBD with Source Address Information,OBD Powertrain,P0502,,
A-05503-A,"Vehicle, Conductores del mundo","sep. 28, 2025 2:13:15 p. m.","ene. 00, 1900 12:00:00 a. m.",0,La luz de advertencia del vehículo está encendida,,Telematics Device,Telematics device,168,,
A-05503-A,"Vehicle, Conductores del mundo","sep. 28, 2025 3:03:58 p. m.","ene. 00, 1900 12:00:00 a. m.",0,Vehicle speed sensor A circuit low,No sub type information,OBD with Source Address Information,OBD Powertrain,P0502,,
A-05503-A,"Vehicle, Conductores del mundo","sep. 28, 2025 3:03:59 p. m.","ene. 00, 1900 12:00:00 a. m.",0,Vehicle speed sensor A circuit low,No sub type information,OBD with Source Address Information,OBD Powertrain,P0502,,
A-05503-A,"Vehicle, Conductores del mundo","sep. 28, 2025 3:04:18 p. m.","ene. 00, 1900 12:00:00 a. m.",0,La luz de advertencia del vehículo está encendida,,Telematics Device,Telematics device,168,,
A-05503-A,"Vehicle, Conductores del mundo","sep. 28, 2025 3:22:32 p. m.","ene. 00, 1900 12:00:00 a. m.",0,Vehicle speed sensor A circuit low,No sub type information,OBD with Source Address Information,OBD Powertrain,P0502,,
A-05503-A,"Vehicle, Conductores del mundo","sep. 28, 2025 3:22:32 p. m.","ene. 00, 1900 12:00:00 a. m.",0,Vehicle speed sensor A circuit low,No sub type information,OBD with Source Address Information,OBD Powertrain,P0502,,
A-05503-A,"Vehicle, Conductores del mundo","sep. 28, 2025 3:22:52 p. m.","ene. 00, 1900 12:00:00 a. m.",0,La luz de advertencia del vehículo está encendida,,Telematics Device,Telematics device,168,,
A-05503-A,"Vehicle, Conductores del mundo","sep. 28, 2025 5:11:30 p. m.","ene. 00, 1900 12:00:00 a. m.",0,Vehicle speed sensor A circuit low,No sub type information,OBD with Source Address Information,OBD Powertrain,P0502,,
A-05503-A,"Vehicle, Conductores del mundo","sep. 28, 2025 5:11:31 p. m.","ene. 00, 1900 12:00:00 a. m.",0,Vehicle speed sensor A circuit low,No sub type information,OBD with Source Address Information,OBD Powertrain,P0502,,
A-05503-A,"Vehicle, Conductores del mundo","sep. 28, 2025 5:11:50 p. m.","ene. 00, 1900 12:00:00 a. m.",0,La luz de advertencia del vehículo está encendida,,Telematics Device,Telematics device,168,,
A-05503-A,"Vehicle, Conductores del mundo","sep. 28, 2025 5:44:45 p. m.","ene. 00, 1900 12:00:00 a. m.",0,Vehicle speed sensor A circuit low,No sub type information,OBD with Source Address Information,OBD Powertrain,P0502,,
A-05503-A,"Vehicle, Conductores del mundo","sep. 28, 2025 5:44:46 p. m.","ene. 00, 1900 12:00:00 a. m.",0,Vehicle speed sensor A circuit low,No sub type information,OBD with Source Address Information,OBD Powertrain,P0502,,
A-05503-A,"Vehicle, Conductores del mundo","sep. 28, 2025 5:45:06 p. m.","ene. 00, 1900 12:00:00 a. m.",0,La luz de advertencia del vehículo está encendida,,Telematics Device,Telematics device,168,,
A-05503-A,"Vehicle, Conductores del mundo","sep. 28, 2025 6:36:14 p. m.","ene. 00, 1900 12:00:00 a. m.",0,Vehicle speed sensor A circuit low,No sub type information,OBD with Source Address Information,OBD Powertrain,P0502,,
A-05503-A,"Vehicle, Conductores del mundo","sep. 28, 2025 6:36:15 p. m.","ene. 00, 1900 12:00:00 a. m.",0,Vehicle speed sensor A circuit low,No sub type information,OBD with Source Address Information,OBD Powertrain,P0502,,
A-05503-A,"Vehicle, Conductores del mundo","sep. 28, 2025 6:36:35 p. m.","ene. 00, 1900 12:00:00 a. m.",0,La luz de advertencia del vehículo está encendida,,Telematics Device,Telematics device,168,,
A-05503-A,"Vehicle, Conductores del mundo","sep. 29, 2025 5:30:38 a. m.","ene. 00, 1900 12:00:00 a. m.",0,Vehicle speed sensor A circuit low,No sub type information,OBD with Source Address Information,OBD Powertrain,P0502,,
A-05503-A,"Vehicle, Conductores del mundo","sep. 29, 2025 5:30:38 a. m.","ene. 00, 1900 12:00:00 a. m.",0,Vehicle speed sensor A circuit low,No sub type information,OBD with Source Address Information,OBD Powertrain,P0502,,
A-05503-A,"Vehicle, Conductores del mundo","sep. 29, 2025 5:30:57 a. m.","ene. 00, 1900 12:00:00 a. m.",0,La luz de advertencia del vehículo está encendida,,Telematics Device,Telematics device,168,,
A-05503-A,"Vehicle, Conductores del mundo","sep. 29, 2025 6:22:40 a. m.","ene. 00, 1900 12:00:00 a. m.",0,Vehicle speed sensor A circuit low,No sub type information,OBD with Source Address Information,OBD Powertrain,P0502,,
A-05503-A,"Vehicle, Conductores del mundo","sep. 29, 2025 6:22:41 a. m.","ene. 00, 1900 12:00:00 a. m.",0,Vehicle speed sensor A circuit low,No sub type information,OBD with Source Address Information,OBD Powertrain,P0502,,
A-05503-A,"Vehicle, Conductores del mundo","sep. 29, 2025 6:23:00 a. m.","ene. 00, 1900 12:00:00 a. m.",0,La luz de advertencia del vehículo está encendida,,Telematics Device,Telematics device,168,,
A-05503-A,"Vehicle, Conductores del mundo","sep. 29, 2025 7:47:29 a. m.","ene. 00, 1900 12:00:00 a. m.",0,Vehicle speed sensor A circuit low,No sub type information,OBD with Source Address Information,OBD Powertrain,P0502,,
A-05503-A,"Vehicle, Conductores del mundo","sep. 29, 2025 7:47:29 a. m.","ene. 00, 1900 12:00:00 a. m.",0,Vehicle speed sensor A circuit low,No sub type information,OBD with Source Address Information,OBD Powertrain,P0502,,
A-05503-A,"Vehicle, Conductores del mundo","sep. 29, 2025 7:47:49 a. m.","ene. 00, 1900 12:00:00 a. m.",0,La luz de advertencia del vehículo está encendida,,Telematics Device,Telematics device,168,,
A-05503-A,"Vehicle, Conductores del mundo","sep. 29, 2025 11:31:06 a. m.","ene. 00, 1900 12:00:00 a. m.",0,Vehicle speed sensor A circuit low,No sub type information,OBD with Source Address Information,OBD Powertrain,P0502,,
A-05503-A,"Vehicle, Conductores del mundo","sep. 29, 2025 11:31:06 a. m.","ene. 00, 1900 12:00:00 a. m.",0,Vehicle speed sensor A circuit low,No sub type information,OBD with Source Address Information,OBD Powertrain,P0502,,
A-05503-A,"Vehicle, Conductores del mundo","sep. 29, 2025 11:31:26 a. m.","ene. 00, 1900 12:00:00 a. m.",0,La luz de advertencia del vehículo está encendida,,Telematics Device,Telematics device,168,,
A-05503-A,"Vehicle, Conductores del mundo","sep. 29, 2025 11:42:08 a. m.","ene. 00, 1900 12:00:00 a. m.",0,Vehicle speed sensor A circuit low,No sub type information,OBD with Source Address Information,OBD Powertrain,P0502,,
A-05503-A,"Vehicle, Conductores del mundo","sep. 29, 2025 11:42:08 a. m.","ene. 00, 1900 12:00:00 a. m.",0,Vehicle speed sensor A circuit low,No sub type information,OBD with Source Address Information,OBD Powertrain,P0502,,
A-05503-A,"Vehicle, Conductores del mundo","sep. 29, 2025 11:42:28 a. m.","ene. 00, 1900 12:00:00 a. m.",0,La luz de advertencia del vehículo está encendida,,Telematics Device,Telematics device,168,,
A-05503-A,"Vehicle, Conductores del mundo","sep. 29, 2025 2:22:19 p. m.","ene. 00, 1900 12:00:00 a. m.",0,Vehicle speed sensor A circuit low,No sub type information,OBD with Source Address Information,OBD Powertrain,P0502,,
A-05503-A,"Vehicle, Conductores del mundo","sep. 29, 2025 2:22:20 p. m.","ene. 00, 1900 12:00:00 a. m.",0,Vehicle speed sensor A circuit low,No sub type information,OBD with Source Address Information,OBD Powertrain,P0502,,
A-05503-A,"Vehicle, Conductores del mundo","sep. 29, 2025 2:22:40 p. m.","ene. 00, 1900 12:00:00 a. m.",0,La luz de advertencia del vehículo está encendida,,Telematics Device,Telematics device,168,,
A-05503-A,"Vehicle, Conductores del mundo","sep. 29, 2025 2:29:37 p. m.","ene. 00, 1900 12:00:00 a. m.",0,Vehicle speed sensor A circuit low,No sub type information,OBD with Source Address Information,OBD Powertrain,P0502,,
A-05503-A,"Vehicle, Conductores del mundo","sep. 29, 2025 2:29:37 p. m.","ene. 00, 1900 12:00:00 a. m.",0,Vehicle speed sensor A circuit low,No sub type information,OBD with Source Address Information,OBD Powertrain,P0502,,
A-05503-A,"Vehicle, Conductores del mundo","sep. 29, 2025 2:29:57 p. m.","ene. 00, 1900 12:00:00 a. m.",0,La luz de advertencia del vehículo está encendida,,Telematics Device,Telematics device,168,,
A-05503-A,"Vehicle, Conductores del mundo","sep. 29, 2025 3:48:25 p. m.","ene. 00, 1900 12:00:00 a. m.",0,Vehicle speed sensor A circuit low,No sub type information,OBD with Source Address Information,OBD Powertrain,P0502,,
A-05503-A,"Vehicle, Conductores del mundo","sep. 29, 2025 3:48:27 p. m.","ene. 00, 1900 12:00:00 a. m.",0,Vehicle speed sensor A circuit low,No sub type information,OBD with Source Address Information,OBD Powertrain,P0502,,
A-05503-A,"Vehicle, Conductores del mundo","sep. 29, 2025 3:48:46 p. m.","ene. 00, 1900 12:00:00 a. m.",0,La luz de advertencia del vehículo está encendida,,Telematics Device,Telematics device,168,,
A-05503-A,"Vehicle, Conductores del mundo","sep. 29, 2025 4:01:21 p. m.","ene. 00, 1900 12:00:00 a. m.",0,Vehicle speed sensor A circuit low,No sub type information,OBD with Source Address Information,OBD Powertrain,P0502,,
A-05503-A,"Vehicle, Conductores del mundo","sep. 29, 2025 4:01:21 p. m.","ene. 00, 1900 12:00:00 a. m.",0,Vehicle speed sensor A circuit low,No sub type information,OBD with Source Address Information,OBD Powertrain,P0502,,
A-05503-A,"Vehicle, Conductores del mundo","sep. 29, 2025 4:01:41 p. m.","ene. 00, 1900 12:00:00 a. m.",0,La luz de advertencia del vehículo está encendida,,Telematics Device,Telematics device,168,,
A-05503-A,"Vehicle, Conductores del mundo","sep. 29, 2025 5:12:19 p. m.","ene. 00, 1900 12:00:00 a. m.",0,Vehicle speed sensor A circuit low,No sub type information,OBD with Source Address Information,OBD Powertrain,P0502,,
A-05503-A,"Vehicle, Conductores del mundo","sep. 29, 2025 5:12:19 p. m.","ene. 00, 1900 12:00:00 a. m.",0,Vehicle speed sensor A circuit low,No sub type information,OBD with Source Address Information,OBD Powertrain,P0502,,
A-05503-A,"Vehicle, Conductores del mundo","sep. 29, 2025 5:12:39 p. m.","ene. 00, 1900 12:00:00 a. m.",0,La luz de advertencia del vehículo está encendida,,Telematics Device,Telematics device,168,,
A-05503-A,"Vehicle, Conductores del mundo","sep. 29, 2025 5:53:22 p. m.","ene. 00, 1900 12:00:00 a. m.",0,Vehicle speed sensor A circuit low,No sub type information,OBD with Source Address Information,OBD Powertrain,P0502,,
A-05503-A,"Vehicle, Conductores del mundo","sep. 29, 2025 5:53:23 p. m.","ene. 00, 1900 12:00:00 a. m.",0,Vehicle speed sensor A circuit low,No sub type information,OBD with Source Address Information,OBD Powertrain,P0502,,
A-05503-A,"Vehicle, Conductores del mundo","sep. 29, 2025 5:53:43 p. m.","ene. 00, 1900 12:00:00 a. m.",0,La luz de advertencia del vehículo está encendida,,Telematics Device,Telematics device,168,,
A-05503-A,"Vehicle, Conductores del mundo","sep. 29, 2025 6:08:45 p. m.","ene. 00, 1900 12:00:00 a. m.",0,Vehicle speed sensor A circuit low,No sub type information,OBD with Source Address Information,OBD Powertrain,P0502,,
A-05503-A,"Vehicle, Conductores del mundo","sep. 29, 2025 6:08:45 p. m.","ene. 00, 1900 12:00:00 a. m.",0,Vehicle speed sensor A circuit low,No sub type information,OBD with Source Address Information,OBD Powertrain,P0502,,
A-05503-A,"Vehicle, Conductores del mundo","sep. 29, 2025 6:09:05 p. m.","ene. 00, 1900 12:00:00 a. m.",0,La luz de advertencia del vehículo está encendida,,Telematics Device,Telematics device,168,,
A-05503-A,"Vehicle, Conductores del mundo","sep. 30, 2025 5:30:43 a. m.","ene. 00, 1900 12:00:00 a. m.",0,Vehicle speed sensor A circuit low,No sub type information,OBD with Source Address Information,OBD Powertrain,P0502,,
A-05503-A,"Vehicle, Conductores del mundo","sep. 30, 2025 5:30:43 a. m.","ene. 00, 1900 12:00:00 a. m.",0,Vehicle speed sensor A circuit low,No sub type information,OBD with Source Address Information,OBD Powertrain,P0502,,
A-05503-A,"Vehicle, Conductores del mundo","sep. 30, 2025 5:31:03 a. m.","ene. 00, 1900 12:00:00 a. m.",0,La luz de advertencia del vehículo está encendida,,Telematics Device,Telematics device,168,,
A-05503-A,"Vehicle, Conductores del mundo","sep. 30, 2025 6:22:37 a. m.","ene. 00, 1900 12:00:00 a. m.",0,Vehicle speed sensor A circuit low,No sub type information,OBD with Source Address Information,OBD Powertrain,P0502,,
A-05503-A,"Vehicle, Conductores del mundo","sep. 30, 2025 6:22:37 a. m.","ene. 00, 1900 12:00:00 a. m.",0,Vehicle speed sensor A circuit low,No sub type information,OBD with Source Address Information,OBD Powertrain,P0502,,
A-05503-A,"Vehicle, Conductores del mundo","sep. 30, 2025 6:22:57 a. m.","ene. 00, 1900 12:00:00 a. m.",0,La luz de advertencia del vehículo está encendida,,Telematics Device,Telematics device,168,,
A-05503-A,"Vehicle, Conductores del mundo","sep. 30, 2025 8:08:04 a. m.","ene. 00, 1900 12:00:00 a. m.",0,Vehicle speed sensor A circuit low,No sub type information,OBD with Source Address Information,OBD Powertrain,P0502,,
A-05503-A,"Vehicle, Conductores del mundo","sep. 30, 2025 8:08:04 a. m.","ene. 00, 1900 12:00:00 a. m.",0,Vehicle speed sensor A circuit low,No sub type information,OBD with Source Address Information,OBD Powertrain,P0502,,
A-05503-A,"Vehicle, Conductores del mundo","sep. 30, 2025 8:12:25 a. m.","ene. 00, 1900 12:00:00 a. m.",0,Vehicle speed sensor A circuit low,No sub type information,OBD with Source Address Information,OBD Powertrain,P0502,,
A-05503-A,"Vehicle, Conductores del mundo","sep. 30, 2025 8:12:25 a. m.","ene. 00, 1900 12:00:00 a. m.",0,Vehicle speed sensor A circuit low,No sub type information,OBD with Source Address Information,OBD Powertrain,P0502,,
A-05503-A,"Vehicle, Conductores del mundo","sep. 30, 2025 8:12:45 a. m.","ene. 00, 1900 12:00:00 a. m.",0,La luz de advertencia del vehículo está encendida,,Telematics Device,Telematics device,168,,
A-05503-A,"Vehicle, Conductores del mundo","sep. 30, 2025 11:47:55 a. m.","ene. 00, 1900 12:00:00 a. m.",0,Vehicle speed sensor A circuit low,No sub type information,OBD with Source Address Information,OBD Powertrain,P0502,,
A-05503-A,"Vehicle, Conductores del mundo","sep. 30, 2025 11:47:55 a. m.","ene. 00, 1900 12:00:00 a. m.",0,Vehicle speed sensor A circuit low,No sub type information,OBD with Source Address Information,OBD Powertrain,P0502,,
A-05503-A,"Vehicle, Conductores del mundo","sep. 30, 2025 11:48:15 a. m.","ene. 00, 1900 12:00:00 a. m.",0,La luz de advertencia del vehículo está encendida,,Telematics Device,Telematics device,168,,
A-05503-A,"Vehicle, Conductores del mundo","sep. 30, 2025 12:00:03 p. m.","ene. 00, 1900 12:00:00 a. m.",0,Vehicle speed sensor A circuit low,No sub type information,OBD with Source Address Information,OBD Powertrain,P0502,,
A-05503-A,"Vehicle, Conductores del mundo","sep. 30, 2025 12:00:03 p. m.","ene. 00, 1900 12:00:00 a. m.",0,Vehicle speed sensor A circuit low,No sub type information,OBD with Source Address Information,OBD Powertrain,P0502,,
A-05503-A,"Vehicle, Conductores del mundo","sep. 30, 2025 12:00:23 p. m.","ene. 00, 1900 12:00:00 a. m.",0,La luz de advertencia del vehículo está encendida,,Telematics Device,Telematics device,168,,
A-05503-A,"Vehicle, Conductores del mundo","sep. 30, 2025 12:44:03 p. m.","ene. 00, 1900 12:00:00 a. m.",0,Vehicle speed sensor A circuit low,No sub type information,OBD with Source Address Information,OBD Powertrain,P0502,,
A-05503-A,"Vehicle, Conductores del mundo","sep. 30, 2025 12:44:03 p. m.","ene. 00, 1900 12:00:00 a. m.",0,Vehicle speed sensor A circuit low,No sub type information,OBD with Source Address Information,OBD Powertrain,P0502,,
A-05503-A,"Vehicle, Conductores del mundo","sep. 30, 2025 12:44:23 p. m.","ene. 00, 1900 12:00:00 a. m.",0,La luz de advertencia del vehículo está encendida,,Telematics Device,Telematics device,168,,
A-05503-A,"Vehicle, Conductores del mundo","sep. 30, 2025 12:57:32 p. m.","ene. 00, 1900 12:00:00 a. m.",0,Vehicle speed sensor A circuit low,No sub type information,OBD with Source Address Information,OBD Powertrain,P0502,,
A-05503-A,"Vehicle, Conductores del mundo","sep. 30, 2025 12:57:32 p. m.","ene. 00, 1900 12:00:00 a. m.",0,Vehicle speed sensor A circuit low,No sub type information,OBD with Source Address Information,OBD Powertrain,P0502,,
A-05503-A,"Vehicle, Conductores del mundo","sep. 30, 2025 12:57:52 p. m.","ene. 00, 1900 12:00:00 a. m.",0,La luz de advertencia del vehículo está encendida,,Telematics Device,Telematics device,168,,
A-05503-A,"Vehicle, Conductores del mundo","sep. 30, 2025 2:20:58 p. m.","ene. 00, 1900 12:00:00 a. m.",0,Vehicle speed sensor A circuit low,No sub type information,OBD with Source Address Information,OBD Powertrain,P0502,,
A-05503-A,"Vehicle, Conductores del mundo","sep. 30, 2025 2:20:58 p. m.","ene. 00, 1900 12:00:00 a. m.",0,Vehicle speed sensor A circuit low,No sub type information,OBD with Source Address Information,OBD Powertrain,P0502,,
A-05503-A,"Vehicle, Conductores del mundo","sep. 30, 2025 2:21:18 p. m.","ene. 00, 1900 12:00:00 a. m.",0,La luz de advertencia del vehículo está encendida,,Telematics Device,Telematics device,168,,
A-05503-A,"Vehicle, Conductores del mundo","sep. 30, 2025 2:31:35 p. m.","ene. 00, 1900 12:00:00 a. m.",0,Vehicle speed sensor A circuit low,No sub type information,OBD with Source Address Information,OBD Powertrain,P0502,,
A-05503-A,"Vehicle, Conductores del mundo","sep. 30, 2025 2:31:36 p. m.","ene. 00, 1900 12:00:00 a. m.",0,Vehicle speed sensor A circuit low,No sub type information,OBD with Source Address Information,OBD Powertrain,P0502,,
A-05503-A,"Vehicle, Conductores del mundo","sep. 30, 2025 2:31:56 p. m.","ene. 00, 1900 12:00:00 a. m.",0,La luz de advertencia del vehículo está encendida,,Telematics Device,Telematics device,168,,
A-05503-A,"Vehicle, Conductores del mundo","sep. 30, 2025 6:21:40 p. m.","ene. 00, 1900 12:00:00 a. m.",0,Vehicle speed sensor A circuit low,No sub type information,OBD with Source Address Information,OBD Powertrain,P0502,,
A-05503-A,"Vehicle, Conductores del mundo","sep. 30, 2025 6:21:40 p. m.","ene. 00, 1900 12:00:00 a. m.",0,Vehicle speed sensor A circuit low,No sub type information,OBD with Source Address Information,OBD Powertrain,P0502,,
A-05503-A,"Vehicle, Conductores del mundo","sep. 30, 2025 6:22:00 p. m.","ene. 00, 1900 12:00:00 a. m.",0,La luz de advertencia del vehículo está encendida,,Telematics Device,Telematics device,168,,
A-05503-A,"Vehicle, Conductores del mundo","sep. 30, 2025 6:42:45 p. m.","ene. 00, 1900 12:00:00 a. m.",0,Vehicle speed sensor A circuit low,No sub type information,OBD with Source Address Information,OBD Powertrain,P0502,,
A-05503-A,"Vehicle, Conductores del mundo","sep. 30, 2025 6:42:46 p. m.","ene. 00, 1900 12:00:00 a. m.",0,Vehicle speed sensor A circuit low,No sub type information,OBD with Source Address Information,OBD Powertrain,P0502,,
A-05503-A,"Vehicle, Conductores del mundo","sep. 30, 2025 6:43:05 p. m.","ene. 00, 1900 12:00:00 a. m.",0,La luz de advertencia del vehículo está encendida,,Telematics Device,Telematics device,168,,
A-05503-A,"Vehicle, Conductores del mundo","sep. 30, 2025 7:37:24 p. m.","ene. 00, 1900 12:00:00 a. m.",0,Vehicle speed sensor A circuit low,No sub type information,OBD with Source Address Information,OBD Powertrain,P0502,,
A-05503-A,"Vehicle, Conductores del mundo","sep. 30, 2025 7:37:24 p. m.","ene. 00, 1900 12:00:00 a. m.",0,Vehicle speed sensor A circuit low,No sub type information,OBD with Source Address Information,OBD Powertrain,P0502,,
A-05503-A,"Vehicle, Conductores del mundo","sep. 30, 2025 7:37:44 p. m.","ene. 00, 1900 12:00:00 a. m.",0,La luz de advertencia del vehículo está encendida,,Telematics Device,Telematics device,168,,
A-05503-A,"Vehicle, Conductores del mundo","sep. 30, 2025 7:47:56 p. m.","ene. 00, 1900 12:00:00 a. m.",0,Vehicle speed sensor A circuit low,No sub type information,OBD with Source Address Information,OBD Powertrain,P0502,,
A-05503-A,"Vehicle, Conductores del mundo","sep. 30, 2025 7:47:56 p. m.","ene. 00, 1900 12:00:00 a. m.",0,Vehicle speed sensor A circuit low,No sub type information,OBD with Source Address Information,OBD Powertrain,P0502,,
A-05503-A,"Vehicle, Conductores del mundo","sep. 30, 2025 7:48:16 p. m.","ene. 00, 1900 12:00:00 a. m.",0,La luz de advertencia del vehículo está encendida,,Telematics Device,Telematics device,168,,
A-05503-A,"Vehicle, Conductores del mundo","sep. 30, 2025 8:49:59 p. m.","ene. 00, 1900 12:00:00 a. m.",0,Vehicle speed sensor A circuit low,No sub type information,OBD with Source Address Information,OBD Powertrain,P0502,,
A-05503-A,"Vehicle, Conductores del mundo","sep. 30, 2025 8:50:00 p. m.","ene. 00, 1900 12:00:00 a. m.",0,Vehicle speed sensor A circuit low,No sub type information,OBD with Source Address Information,OBD Powertrain,P0502,,
A-05503-A,"Vehicle, Conductores del mundo","sep. 30, 2025 8:50:19 p. m.","ene. 00, 1900 12:00:00 a. m.",0,La luz de advertencia del vehículo está encendida,,Telematics Device,Telematics device,168,,
A-05504-A,"Vehicle, Conductores del mundo","sep. 07, 2025 11:21:06 p. m.","ene. 00, 1900 12:00:00 a. m.",0,Firmware update applied,,Telematics Device,Telematics device,132,,
A-05504-A,"Vehicle, Conductores del mundo","sep. 08, 2025 10:39:32 a. m.","ene. 00, 1900 12:00:00 a. m.",0,Device reset due to parameter change,,Telematics Device,Telematics device,377,,
A-05504-A,"Vehicle, Conductores del mundo","sep. 08, 2025 1:57:23 p. m.","ene. 00, 1900 12:00:00 a. m.",0,Telematics device fault: internal reset initiated,,Telematics Device,Telematics device,292,,
A-05504-A,"Vehicle, Conductores del mundo","sep. 08, 2025 8:06:02 p. m.","ene. 00, 1900 12:00:00 a. m.",0,Telematics device fault: internal reset initiated,,Telematics Device,Telematics device,292,,
A-05504-A,"Vehicle, Conductores del mundo","sep. 09, 2025 10:10:36 p. m.","ene. 00, 1900 12:00:00 a. m.",0,Telematics device fault: internal reset initiated,,Telematics Device,Telematics device,292,,
A-05504-A,"Vehicle, Conductores del mundo","sep. 22, 2025 3:56:54 p. m.","ene. 00, 1900 12:00:00 a. m.",0,Telematics device fault: internal reset initiated,,Telematics Device,Telematics device,292,,
A-05504-A,"Vehicle, Conductores del mundo","sep. 22, 2025 4:02:39 p. m.","ene. 00, 1900 12:00:00 a. m.",0,Telematics device fault: internal reset initiated,,Telematics Device,Telematics device,292,,
A-05504-A,"Vehicle, Conductores del mundo","sep. 24, 2025 12:13:46 a. m.","ene. 00, 1900 12:00:00 a. m.",0,Telematics device fault: internal reset initiated,,Telematics Device,Telematics device,292,,
A-05507-A,"Vehicle, Conductores del mundo","sep. 08, 2025 2:59:56 a. m.","ene. 00, 1900 12:00:00 a. m.",0,Firmware update applied,,Telematics Device,Telematics device,132,,
A-05507-A,"Vehicle, Conductores del mundo","sep. 08, 2025 9:11:24 a. m.","ene. 00, 1900 12:00:00 a. m.",0,Device reset due to parameter change,,Telematics Device,Telematics device,377,,
A-05507-A,"Vehicle, Conductores del mundo","sep. 08, 2025 11:02:06 a. m.","ene. 00, 1900 12:00:00 a. m.",0,Telematics device fault: internal reset initiated,,Telematics Device,Telematics device,292,,
A-05507-A,"Vehicle, Conductores del mundo","sep. 08, 2025 8:05:55 p. m.","ene. 00, 1900 12:00:00 a. m.",0,Telematics device fault: internal reset initiated,,Telematics Device,Telematics device,292,,
A-05507-A,"Vehicle, Conductores del mundo","sep. 11, 2025 5:16:11 a. m.","ene. 00, 1900 12:00:00 a. m.",0,Catalyst system efficiency below threshold bank 1,No sub type information,OBD with Source Address Information,OBD Powertrain,P0420,,
A-05507-A,"Vehicle, Conductores del mundo","sep. 11, 2025 5:16:11 a. m.","ene. 00, 1900 12:00:00 a. m.",0,Catalyst system efficiency below threshold bank 1,No sub type information,OBD with Source Address Information,OBD Powertrain,P0420,,
A-05507-A,"Vehicle, Conductores del mundo","sep. 11, 2025 5:16:31 a. m.","ene. 00, 1900 12:00:00 a. m.",0,La luz de advertencia del vehículo está encendida,,Telematics Device,Telematics device,168,,
A-05507-A,"Vehicle, Conductores del mundo","sep. 11, 2025 7:07:29 a. m.","ene. 00, 1900 12:00:00 a. m.",0,Catalyst system efficiency below threshold bank 1,No sub type information,OBD with Source Address Information,OBD Powertrain,P0420,,
A-05507-A,"Vehicle, Conductores del mundo","sep. 11, 2025 7:07:30 a. m.","ene. 00, 1900 12:00:00 a. m.",0,Catalyst system efficiency below threshold bank 1,No sub type information,OBD with Source Address Information,OBD Powertrain,P0420,,
A-05507-A,"Vehicle, Conductores del mundo","sep. 11, 2025 7:07:49 a. m.","ene. 00, 1900 12:00:00 a. m.",0,La luz de advertencia del vehículo está encendida,,Telematics Device,Telematics device,168,,
A-05507-A,"Vehicle, Conductores del mundo","sep. 11, 2025 7:23:55 a. m.","ene. 00, 1900 12:00:00 a. m.",0,Catalyst system efficiency below threshold bank 1,No sub type information,OBD with Source Address Information,OBD Powertrain,P0420,,
A-05507-A,"Vehicle, Conductores del mundo","sep. 11, 2025 7:23:55 a. m.","ene. 00, 1900 12:00:00 a. m.",0,Catalyst system efficiency below threshold bank 1,No sub type information,OBD with Source Address Information,OBD Powertrain,P0420,,
A-05507-A,"Vehicle, Conductores del mundo","sep. 11, 2025 7:24:15 a. m.","ene. 00, 1900 12:00:00 a. m.",0,La luz de advertencia del vehículo está encendida,,Telematics Device,Telematics device,168,,
A-05507-A,"Vehicle, Conductores del mundo","sep. 11, 2025 9:11:19 a. m.","ene. 00, 1900 12:00:00 a. m.",0,Catalyst system efficiency below threshold bank 1,No sub type information,OBD with Source Address Information,OBD Powertrain,P0420,,
A-05507-A,"Vehicle, Conductores del mundo","sep. 11, 2025 9:11:19 a. m.","ene. 00, 1900 12:00:00 a. m.",0,Catalyst system efficiency below threshold bank 1,No sub type information,OBD with Source Address Information,OBD Powertrain,P0420,,
A-05507-A,"Vehicle, Conductores del mundo","sep. 11, 2025 9:11:39 a. m.","ene. 00, 1900 12:00:00 a. m.",0,La luz de advertencia del vehículo está encendida,,Telematics Device,Telematics device,168,,
A-05507-A,"Vehicle, Conductores del mundo","sep. 11, 2025 11:07:19 a. m.","ene. 00, 1900 12:00:00 a. m.",0,Catalyst system efficiency below threshold bank 1,No sub type information,OBD with Source Address Information,OBD Powertrain,P0420,,
A-05507-A,"Vehicle, Conductores del mundo","sep. 11, 2025 11:07:19 a. m.","ene. 00, 1900 12:00:00 a. m.",0,Catalyst system efficiency below threshold bank 1,No sub type information,OBD with Source Address Information,OBD Powertrain,P0420,,
A-05507-A,"Vehicle, Conductores del mundo","sep. 11, 2025 11:07:39 a. m.","ene. 00, 1900 12:00:00 a. m.",0,La luz de advertencia del vehículo está encendida,,Telematics Device,Telematics device,168,,
A-05507-A,"Vehicle, Conductores del mundo","sep. 11, 2025 11:54:23 a. m.","ene. 00, 1900 12:00:00 a. m.",0,Catalyst system efficiency below threshold bank 1,No sub type information,OBD with Source Address Information,OBD Powertrain,P0420,,
A-05507-A,"Vehicle, Conductores del mundo","sep. 11, 2025 11:54:23 a. m.","ene. 00, 1900 12:00:00 a. m.",0,Catalyst system efficiency below threshold bank 1,No sub type information,OBD with Source Address Information,OBD Powertrain,P0420,,
A-05507-A,"Vehicle, Conductores del mundo","sep. 11, 2025 11:54:43 a. m.","ene. 00, 1900 12:00:00 a. m.",0,La luz de advertencia del vehículo está encendida,,Telematics Device,Telematics device,168,,
A-05507-A,"Vehicle, Conductores del mundo","sep. 11, 2025 12:12:44 p. m.","ene. 00, 1900 12:00:00 a. m.",0,Catalyst system efficiency below threshold bank 1,No sub type information,OBD with Source Address Information,OBD Powertrain,P0420,,
A-05507-A,"Vehicle, Conductores del mundo","sep. 11, 2025 12:12:44 p. m.","ene. 00, 1900 12:00:00 a. m.",0,Catalyst system efficiency below threshold bank 1,No sub type information,OBD with Source Address Information,OBD Powertrain,P0420,,
A-05507-A,"Vehicle, Conductores del mundo","sep. 11, 2025 12:13:04 p. m.","ene. 00, 1900 12:00:00 a. m.",0,La luz de advertencia del vehículo está encendida,,Telematics Device,Telematics device,168,,
A-05507-A,"Vehicle, Conductores del mundo","sep. 11, 2025 12:28:50 p. m.","ene. 00, 1900 12:00:00 a. m.",0,Catalyst system efficiency below threshold bank 1,No sub type information,OBD with Source Address Information,OBD Powertrain,P0420,,
A-05507-A,"Vehicle, Conductores del mundo","sep. 11, 2025 12:28:51 p. m.","ene. 00, 1900 12:00:00 a. m.",0,Catalyst system efficiency below threshold bank 1,No sub type information,OBD with Source Address Information,OBD Powertrain,P0420,,
A-05507-A,"Vehicle, Conductores del mundo","sep. 11, 2025 12:29:11 p. m.","ene. 00, 1900 12:00:00 a. m.",0,La luz de advertencia del vehículo está encendida,,Telematics Device,Telematics device,168,,
A-05507-A,"Vehicle, Conductores del mundo","sep. 11, 2025 12:54:42 p. m.","ene. 00, 1900 12:00:00 a. m.",0,Catalyst system efficiency below threshold bank 1,No sub type information,OBD with Source Address Information,OBD Powertrain,P0420,,
A-05507-A,"Vehicle, Conductores del mundo","sep. 11, 2025 12:54:43 p. m.","ene. 00, 1900 12:00:00 a. m.",0,Catalyst system efficiency below threshold bank 1,No sub type information,OBD with Source Address Information,OBD Powertrain,P0420,,
A-05507-A,"Vehicle, Conductores del mundo","sep. 11, 2025 12:55:03 p. m.","ene. 00, 1900 12:00:00 a. m.",0,La luz de advertencia del vehículo está encendida,,Telematics Device,Telematics device,168,,
A-05507-A,"Vehicle, Conductores del mundo","sep. 11, 2025 1:00:03 p. m.","ene. 00, 1900 12:00:00 a. m.",0,Catalyst system efficiency below threshold bank 1,No sub type information,OBD with Source Address Information,OBD Powertrain,P0420,,
A-05507-A,"Vehicle, Conductores del mundo","sep. 11, 2025 1:00:03 p. m.","ene. 00, 1900 12:00:00 a. m.",0,Catalyst system efficiency below threshold bank 1,No sub type information,OBD with Source Address Information,OBD Powertrain,P0420,,
A-05507-A,"Vehicle, Conductores del mundo","sep. 11, 2025 1:00:23 p. m.","ene. 00, 1900 12:00:00 a. m.",0,La luz de advertencia del vehículo está encendida,,Telematics Device,Telematics device,168,,
A-05507-A,"Vehicle, Conductores del mundo","sep. 11, 2025 2:08:51 p. m.","ene. 00, 1900 12:00:00 a. m.",0,Catalyst system efficiency below threshold bank 1,No sub type information,OBD with Source Address Information,OBD Powertrain,P0420,,
A-05507-A,"Vehicle, Conductores del mundo","sep. 11, 2025 2:08:51 p. m.","ene. 00, 1900 12:00:00 a. m.",0,Catalyst system efficiency below threshold bank 1,No sub type information,OBD with Source Address Information,OBD Powertrain,P0420,,
A-05507-A,"Vehicle, Conductores del mundo","sep. 11, 2025 2:12:33 p. m.","ene. 00, 1900 12:00:00 a. m.",0,Catalyst system efficiency below threshold bank 1,No sub type information,OBD with Source Address Information,OBD Powertrain,P0420,,
A-05507-A,"Vehicle, Conductores del mundo","sep. 11, 2025 2:12:34 p. m.","ene. 00, 1900 12:00:00 a. m.",0,Catalyst system efficiency below threshold bank 1,No sub type information,OBD with Source Address Information,OBD Powertrain,P0420,,
A-05507-A,"Vehicle, Conductores del mundo","sep. 11, 2025 2:12:53 p. m.","ene. 00, 1900 12:00:00 a. m.",0,La luz de advertencia del vehículo está encendida,,Telematics Device,Telematics device,168,,
A-05507-A,"Vehicle, Conductores del mundo","sep. 11, 2025 2:20:54 p. m.","ene. 00, 1900 12:00:00 a. m.",0,Catalyst system efficiency below threshold bank 1,No sub type information,OBD with Source Address Information,OBD Powertrain,P0420,,
A-05507-A,"Vehicle, Conductores del mundo","sep. 11, 2025 2:20:54 p. m.","ene. 00, 1900 12:00:00 a. m.",0,Catalyst system efficiency below threshold bank 1,No sub type information,OBD with Source Address Information,OBD Powertrain,P0420,,
A-05507-A,"Vehicle, Conductores del mundo","sep. 11, 2025 2:21:14 p. m.","ene. 00, 1900 12:00:00 a. m.",0,La luz de advertencia del vehículo está encendida,,Telematics Device,Telematics device,168,,
A-05507-A,"Vehicle, Conductores del mundo","sep. 11, 2025 2:27:50 p. m.","ene. 00, 1900 12:00:00 a. m.",0,Catalyst system efficiency below threshold bank 1,No sub type information,OBD with Source Address Information,OBD Powertrain,P0420,,
A-05507-A,"Vehicle, Conductores del mundo","sep. 11, 2025 2:27:50 p. m.","ene. 00, 1900 12:00:00 a. m.",0,Catalyst system efficiency below threshold bank 1,No sub type information,OBD with Source Address Information,OBD Powertrain,P0420,,
A-05507-A,"Vehicle, Conductores del mundo","sep. 11, 2025 2:28:10 p. m.","ene. 00, 1900 12:00:00 a. m.",0,La luz de advertencia del vehículo está encendida,,Telematics Device,Telematics device,168,,
A-05507-A,"Vehicle, Conductores del mundo","sep. 11, 2025 5:00:35 p. m.","ene. 00, 1900 12:00:00 a. m.",0,Catalyst system efficiency below threshold bank 1,No sub type information,OBD with Source Address Information,OBD Powertrain,P0420,,
A-05507-A,"Vehicle, Conductores del mundo","sep. 11, 2025 5:00:35 p. m.","ene. 00, 1900 12:00:00 a. m.",0,Catalyst system efficiency below threshold bank 1,No sub type information,OBD with Source Address Information,OBD Powertrain,P0420,,
A-05507-A,"Vehicle, Conductores del mundo","sep. 11, 2025 5:00:55 p. m.","ene. 00, 1900 12:00:00 a. m.",0,La luz de advertencia del vehículo está encendida,,Telematics Device,Telematics device,168,,
A-05507-A,"Vehicle, Conductores del mundo","sep. 11, 2025 5:05:52 p. m.","ene. 00, 1900 12:00:00 a. m.",0,Catalyst system efficiency below threshold bank 1,No sub type information,OBD with Source Address Information,OBD Powertrain,P0420,,
A-05507-A,"Vehicle, Conductores del mundo","sep. 11, 2025 5:05:52 p. m.","ene. 00, 1900 12:00:00 a. m.",0,Catalyst system efficiency below threshold bank 1,No sub type information,OBD with Source Address Information,OBD Powertrain,P0420,,
A-05507-A,"Vehicle, Conductores del mundo","sep. 11, 2025 5:06:12 p. m.","ene. 00, 1900 12:00:00 a. m.",0,La luz de advertencia del vehículo está encendida,,Telematics Device,Telematics device,168,,
A-05507-A,"Vehicle, Conductores del mundo","sep. 11, 2025 6:05:02 p. m.","ene. 00, 1900 12:00:00 a. m.",0,Catalyst system efficiency below threshold bank 1,No sub type information,OBD with Source Address Information,OBD Powertrain,P0420,,
A-05507-A,"Vehicle, Conductores del mundo","sep. 11, 2025 6:05:03 p. m.","ene. 00, 1900 12:00:00 a. m.",0,Catalyst system efficiency below threshold bank 1,No sub type information,OBD with Source Address Information,OBD Powertrain,P0420,,
A-05507-A,"Vehicle, Conductores del mundo","sep. 11, 2025 6:05:23 p. m.","ene. 00, 1900 12:00:00 a. m.",0,La luz de advertencia del vehículo está encendida,,Telematics Device,Telematics device,168,,
A-05507-A,"Vehicle, Conductores del mundo","sep. 11, 2025 6:41:31 p. m.","ene. 00, 1900 12:00:00 a. m.",0,Catalyst system efficiency below threshold bank 1,No sub type information,OBD with Source Address Information,OBD Powertrain,P0420,,
A-05507-A,"Vehicle, Conductores del mundo","sep. 11, 2025 6:41:31 p. m.","ene. 00, 1900 12:00:00 a. m.",0,Catalyst system efficiency below threshold bank 1,No sub type information,OBD with Source Address Information,OBD Powertrain,P0420,,
A-05507-A,"Vehicle, Conductores del mundo","sep. 11, 2025 6:41:51 p. m.","ene. 00, 1900 12:00:00 a. m.",0,La luz de advertencia del vehículo está encendida,,Telematics Device,Telematics device,168,,
A-05507-A,"Vehicle, Conductores del mundo","sep. 11, 2025 6:57:31 p. m.","ene. 00, 1900 12:00:00 a. m.",0,Catalyst system efficiency below threshold bank 1,No sub type information,OBD with Source Address Information,OBD Powertrain,P0420,,
A-05507-A,"Vehicle, Conductores del mundo","sep. 11, 2025 6:57:32 p. m.","ene. 00, 1900 12:00:00 a. m.",0,Catalyst system efficiency below threshold bank 1,No sub type information,OBD with Source Address Information,OBD Powertrain,P0420,,
A-05507-A,"Vehicle, Conductores del mundo","sep. 11, 2025 6:57:52 p. m.","ene. 00, 1900 12:00:00 a. m.",0,La luz de advertencia del vehículo está encendida,,Telematics Device,Telematics device,168,,
A-05507-A,"Vehicle, Conductores del mundo","sep. 11, 2025 7:24:55 p. m.","ene. 00, 1900 12:00:00 a. m.",0,Catalyst system efficiency below threshold bank 1,No sub type information,OBD with Source Address Information,OBD Powertrain,P0420,,
A-05507-A,"Vehicle, Conductores del mundo","sep. 11, 2025 7:24:55 p. m.","ene. 00, 1900 12:00:00 a. m.",0,Catalyst system efficiency below threshold bank 1,No sub type information,OBD with Source Address Information,OBD Powertrain,P0420,,
A-05507-A,"Vehicle, Conductores del mundo","sep. 11, 2025 7:25:15 p. m.","ene. 00, 1900 12:00:00 a. m.",0,La luz de advertencia del vehículo está encendida,,Telematics Device,Telematics device,168,,
A-05507-A,"Vehicle, Conductores del mundo","sep. 11, 2025 8:06:06 p. m.","ene. 00, 1900 12:00:00 a. m.",0,Catalyst system efficiency below threshold bank 1,No sub type information,OBD with Source Address Information,OBD Powertrain,P0420,,
A-05507-A,"Vehicle, Conductores del mundo","sep. 11, 2025 8:06:07 p. m.","ene. 00, 1900 12:00:00 a. m.",0,Catalyst system efficiency below threshold bank 1,No sub type information,OBD with Source Address Information,OBD Powertrain,P0420,,
A-05507-A,"Vehicle, Conductores del mundo","sep. 11, 2025 8:06:27 p. m.","ene. 00, 1900 12:00:00 a. m.",0,La luz de advertencia del vehículo está encendida,,Telematics Device,Telematics device,168,,
A-05507-A,"Vehicle, Conductores del mundo","sep. 11, 2025 8:46:42 p. m.","ene. 00, 1900 12:00:00 a. m.",0,Catalyst system efficiency below threshold bank 1,No sub type information,OBD with Source Address Information,OBD Powertrain,P0420,,
A-05507-A,"Vehicle, Conductores del mundo","sep. 11, 2025 8:46:43 p. m.","ene. 00, 1900 12:00:00 a. m.",0,Catalyst system efficiency below threshold bank 1,No sub type information,OBD with Source Address Information,OBD Powertrain,P0420,,
A-05507-A,"Vehicle, Conductores del mundo","sep. 11, 2025 8:47:02 p. m.","ene. 00, 1900 12:00:00 a. m.",0,La luz de advertencia del vehículo está encendida,,Telematics Device,Telematics device,168,,
A-05507-A,"Vehicle, Conductores del mundo","sep. 12, 2025 4:48:22 a. m.","ene. 00, 1900 12:00:00 a. m.",0,Catalyst system efficiency below threshold bank 1,No sub type information,OBD with Source Address Information,OBD Powertrain,P0420,,
A-05507-A,"Vehicle, Conductores del mundo","sep. 12, 2025 4:48:22 a. m.","ene. 00, 1900 12:00:00 a. m.",0,Catalyst system efficiency below threshold bank 1,No sub type information,OBD with Source Address Information,OBD Powertrain,P0420,,
A-05507-A,"Vehicle, Conductores del mundo","sep. 12, 2025 4:48:42 a. m.","ene. 00, 1900 12:00:00 a. m.",0,La luz de advertencia del vehículo está encendida,,Telematics Device,Telematics device,168,,
A-05507-A,"Vehicle, Conductores del mundo","sep. 12, 2025 6:27:30 a. m.","ene. 00, 1900 12:00:00 a. m.",0,Catalyst system efficiency below threshold bank 1,No sub type information,OBD with Source Address Information,OBD Powertrain,P0420,,
A-05507-A,"Vehicle, Conductores del mundo","sep. 12, 2025 6:27:30 a. m.","ene. 00, 1900 12:00:00 a. m.",0,Catalyst system efficiency below threshold bank 1,No sub type information,OBD with Source Address Information,OBD Powertrain,P0420,,
A-05507-A,"Vehicle, Conductores del mundo","sep. 12, 2025 6:27:50 a. m.","ene. 00, 1900 12:00:00 a. m.",0,La luz de advertencia del vehículo está encendida,,Telematics Device,Telematics device,168,,
A-05507-A,"Vehicle, Conductores del mundo","sep. 12, 2025 6:44:25 a. m.","ene. 00, 1900 12:00:00 a. m.",0,Catalyst system efficiency below threshold bank 1,No sub type information,OBD with Source Address Information,OBD Powertrain,P0420,,
A-05507-A,"Vehicle, Conductores del mundo","sep. 12, 2025 6:44:25 a. m.","ene. 00, 1900 12:00:00 a. m.",0,Catalyst system efficiency below threshold bank 1,No sub type information,OBD with Source Address Information,OBD Powertrain,P0420,,
A-05507-A,"Vehicle, Conductores del mundo","sep. 12, 2025 6:44:45 a. m.","ene. 00, 1900 12:00:00 a. m.",0,La luz de advertencia del vehículo está encendida,,Telematics Device,Telematics device,168,,
A-05507-A,"Vehicle, Conductores del mundo","sep. 12, 2025 7:12:18 a. m.","ene. 00, 1900 12:00:00 a. m.",0,Catalyst system efficiency below threshold bank 1,No sub type information,OBD with Source Address Information,OBD Powertrain,P0420,,
A-05507-A,"Vehicle, Conductores del mundo","sep. 12, 2025 7:12:18 a. m.","ene. 00, 1900 12:00:00 a. m.",0,Catalyst system efficiency below threshold bank 1,No sub type information,OBD with Source Address Information,OBD Powertrain,P0420,,
A-05507-A,"Vehicle, Conductores del mundo","sep. 12, 2025 7:12:38 a. m.","ene. 00, 1900 12:00:00 a. m.",0,La luz de advertencia del vehículo está encendida,,Telematics Device,Telematics device,168,,
A-05507-A,"Vehicle, Conductores del mundo","sep. 12, 2025 8:55:05 a. m.","ene. 00, 1900 12:00:00 a. m.",0,Catalyst system efficiency below threshold bank 1,No sub type information,OBD with Source Address Information,OBD Powertrain,P0420,,
A-05507-A,"Vehicle, Conductores del mundo","sep. 12, 2025 8:55:06 a. m.","ene. 00, 1900 12:00:00 a. m.",0,Catalyst system efficiency below threshold bank 1,No sub type information,OBD with Source Address Information,OBD Powertrain,P0420,,
A-05507-A,"Vehicle, Conductores del mundo","sep. 12, 2025 8:55:26 a. m.","ene. 00, 1900 12:00:00 a. m.",0,La luz de advertencia del vehículo está encendida,,Telematics Device,Telematics device,168,,
A-05507-A,"Vehicle, Conductores del mundo","sep. 12, 2025 10:45:17 a. m.","ene. 00, 1900 12:00:00 a. m.",0,Catalyst system efficiency below threshold bank 1,No sub type information,OBD with Source Address Information,OBD Powertrain,P0420,,
A-05507-A,"Vehicle, Conductores del mundo","sep. 12, 2025 10:45:17 a. m.","ene. 00, 1900 12:00:00 a. m.",0,Catalyst system efficiency below threshold bank 1,No sub type information,OBD with Source Address Information,OBD Powertrain,P0420,,
A-05507-A,"Vehicle, Conductores del mundo","sep. 12, 2025 10:45:36 a. m.","ene. 00, 1900 12:00:00 a. m.",0,La luz de advertencia del vehículo está encendida,,Telematics Device,Telematics device,168,,
A-05507-A,"Vehicle, Conductores del mundo","sep. 12, 2025 10:55:25 a. m.","ene. 00, 1900 12:00:00 a. m.",0,Catalyst system efficiency below threshold bank 1,No sub type information,OBD with Source Address Information,OBD Powertrain,P0420,,
A-05507-A,"Vehicle, Conductores del mundo","sep. 12, 2025 10:55:26 a. m.","ene. 00, 1900 12:00:00 a. m.",0,Catalyst system efficiency below threshold bank 1,No sub type information,OBD with Source Address Information,OBD Powertrain,P0420,,
A-05507-A,"Vehicle, Conductores del mundo","sep. 12, 2025 10:55:45 a. m.","ene. 00, 1900 12:00:00 a. m.",0,La luz de advertencia del vehículo está encendida,,Telematics Device,Telematics device,168,,
A-05507-A,"Vehicle, Conductores del mundo","sep. 12, 2025 12:35:42 p. m.","ene. 00, 1900 12:00:00 a. m.",0,Catalyst system efficiency below threshold bank 1,No sub type information,OBD with Source Address Information,OBD Powertrain,P0420,,
A-05507-A,"Vehicle, Conductores del mundo","sep. 12, 2025 12:35:42 p. m.","ene. 00, 1900 12:00:00 a. m.",0,Catalyst system efficiency below threshold bank 1,No sub type information,OBD with Source Address Information,OBD Powertrain,P0420,,
A-05507-A,"Vehicle, Conductores del mundo","sep. 12, 2025 12:36:02 p. m.","ene. 00, 1900 12:00:00 a. m.",0,La luz de advertencia del vehículo está encendida,,Telematics Device,Telematics device,168,,
A-05507-A,"Vehicle, Conductores del mundo","sep. 12, 2025 12:49:50 p. m.","ene. 00, 1900 12:00:00 a. m.",0,Catalyst system efficiency below threshold bank 1,No sub type information,OBD with Source Address Information,OBD Powertrain,P0420,,
A-05507-A,"Vehicle, Conductores del mundo","sep. 12, 2025 12:49:50 p. m.","ene. 00, 1900 12:00:00 a. m.",0,Catalyst system efficiency below threshold bank 1,No sub type information,OBD with Source Address Information,OBD Powertrain,P0420,,
A-05507-A,"Vehicle, Conductores del mundo","sep. 12, 2025 12:50:10 p. m.","ene. 00, 1900 12:00:00 a. m.",0,La luz de advertencia del vehículo está encendida,,Telematics Device,Telematics device,168,,
A-05507-A,"Vehicle, Conductores del mundo","sep. 12, 2025 12:55:48 p. m.","ene. 00, 1900 12:00:00 a. m.",0,Catalyst system efficiency below threshold bank 1,No sub type information,OBD with Source Address Information,OBD Powertrain,P0420,,
A-05507-A,"Vehicle, Conductores del mundo","sep. 12, 2025 12:55:48 p. m.","ene. 00, 1900 12:00:00 a. m.",0,Catalyst system efficiency below threshold bank 1,No sub type information,OBD with Source Address Information,OBD Powertrain,P0420,,
A-05507-A,"Vehicle, Conductores del mundo","sep. 12, 2025 12:56:08 p. m.","ene. 00, 1900 12:00:00 a. m.",0,La luz de advertencia del vehículo está encendida,,Telematics Device,Telematics device,168,,
A-05507-A,"Vehicle, Conductores del mundo","sep. 12, 2025 1:21:19 p. m.","ene. 00, 1900 12:00:00 a. m.",0,Catalyst system efficiency below threshold bank 1,No sub type information,OBD with Source Address Information,OBD Powertrain,P0420,,
A-05507-A,"Vehicle, Conductores del mundo","sep. 12, 2025 1:21:19 p. m.","ene. 00, 1900 12:00:00 a. m.",0,Catalyst system efficiency below threshold bank 1,No sub type information,OBD with Source Address Information,OBD Powertrain,P0420,,
A-05507-A,"Vehicle, Conductores del mundo","sep. 12, 2025 1:21:39 p. m.","ene. 00, 1900 12:00:00 a. m.",0,La luz de advertencia del vehículo está encendida,,Telematics Device,Telematics device,168,,
A-05507-A,"Vehicle, Conductores del mundo","sep. 12, 2025 1:32:54 p. m.","ene. 00, 1900 12:00:00 a. m.",0,Catalyst system efficiency below threshold bank 1,No sub type information,OBD with Source Address Information,OBD Powertrain,P0420,,
A-05507-A,"Vehicle, Conductores del mundo","sep. 12, 2025 1:32:54 p. m.","ene. 00, 1900 12:00:00 a. m.",0,Catalyst system efficiency below threshold bank 1,No sub type information,OBD with Source Address Information,OBD Powertrain,P0420,,
A-05507-A,"Vehicle, Conductores del mundo","sep. 12, 2025 1:33:14 p. m.","ene. 00, 1900 12:00:00 a. m.",0,La luz de advertencia del vehículo está encendida,,Telematics Device,Telematics device,168,,
A-05507-A,"Vehicle, Conductores del mundo","sep. 12, 2025 1:52:09 p. m.","ene. 00, 1900 12:00:00 a. m.",0,Catalyst system efficiency below threshold bank 1,No sub type information,OBD with Source Address Information,OBD Powertrain,P0420,,
A-05507-A,"Vehicle, Conductores del mundo","sep. 12, 2025 1:52:09 p. m.","ene. 00, 1900 12:00:00 a. m.",0,Catalyst system efficiency below threshold bank 1,No sub type information,OBD with Source Address Information,OBD Powertrain,P0420,,
A-05507-A,"Vehicle, Conductores del mundo","sep. 12, 2025 1:52:29 p. m.","ene. 00, 1900 12:00:00 a. m.",0,La luz de advertencia del vehículo está encendida,,Telematics Device,Telematics device,168,,
A-05507-A,"Vehicle, Conductores del mundo","sep. 12, 2025 3:19:49 p. m.","ene. 00, 1900 12:00:00 a. m.",0,Catalyst system efficiency below threshold bank 1,No sub type information,OBD with Source Address Information,OBD Powertrain,P0420,,
A-05507-A,"Vehicle, Conductores del mundo","sep. 12, 2025 3:19:49 p. m.","ene. 00, 1900 12:00:00 a. m.",0,Catalyst system efficiency below threshold bank 1,No sub type information,OBD with Source Address Information,OBD Powertrain,P0420,,
A-05507-A,"Vehicle, Conductores del mundo","sep. 12, 2025 3:20:08 p. m.","ene. 00, 1900 12:00:00 a. m.",0,La luz de advertencia del vehículo está encendida,,Telematics Device,Telematics device,168,,
A-05507-A,"Vehicle, Conductores del mundo","sep. 12, 2025 3:29:09 p. m.","ene. 00, 1900 12:00:00 a. m.",0,Catalyst system efficiency below threshold bank 1,No sub type information,OBD with Source Address Information,OBD Powertrain,P0420,,
A-05507-A,"Vehicle, Conductores del mundo","sep. 12, 2025 3:29:09 p. m.","ene. 00, 1900 12:00:00 a. m.",0,Catalyst system efficiency below threshold bank 1,No sub type information,OBD with Source Address Information,OBD Powertrain,P0420,,
A-05507-A,"Vehicle, Conductores del mundo","sep. 12, 2025 3:29:29 p. m.","ene. 00, 1900 12:00:00 a. m.",0,La luz de advertencia del vehículo está encendida,,Telematics Device,Telematics device,168,,
A-05507-A,"Vehicle, Conductores del mundo","sep. 12, 2025 5:02:41 p. m.","ene. 00, 1900 12:00:00 a. m.",0,Catalyst system efficiency below threshold bank 1,No sub type information,OBD with Source Address Information,OBD Powertrain,P0420,,
A-05507-A,"Vehicle, Conductores del mundo","sep. 12, 2025 5:02:42 p. m.","ene. 00, 1900 12:00:00 a. m.",0,Catalyst system efficiency below threshold bank 1,No sub type information,OBD with Source Address Information,OBD Powertrain,P0420,,
A-05507-A,"Vehicle, Conductores del mundo","sep. 12, 2025 5:03:01 p. m.","ene. 00, 1900 12:00:00 a. m.",0,La luz de advertencia del vehículo está encendida,,Telematics Device,Telematics device,168,,
A-05507-A,"Vehicle, Conductores del mundo","sep. 12, 2025 5:35:40 p. m.","ene. 00, 1900 12:00:00 a. m.",0,Catalyst system efficiency below threshold bank 1,No sub type information,OBD with Source Address Information,OBD Powertrain,P0420,,
A-05507-A,"Vehicle, Conductores del mundo","sep. 12, 2025 5:35:40 p. m.","ene. 00, 1900 12:00:00 a. m.",0,Catalyst system efficiency below threshold bank 1,No sub type information,OBD with Source Address Information,OBD Powertrain,P0420,,
A-05507-A,"Vehicle, Conductores del mundo","sep. 12, 2025 5:36:00 p. m.","ene. 00, 1900 12:00:00 a. m.",0,La luz de advertencia del vehículo está encendida,,Telematics Device,Telematics device,168,,
A-05507-A,"Vehicle, Conductores del mundo","sep. 12, 2025 7:08:25 p. m.","ene. 00, 1900 12:00:00 a. m.",0,Catalyst system efficiency below threshold bank 1,No sub type information,OBD with Source Address Information,OBD Powertrain,P0420,,
A-05507-A,"Vehicle, Conductores del mundo","sep. 12, 2025 7:08:26 p. m.","ene. 00, 1900 12:00:00 a. m.",0,Catalyst system efficiency below threshold bank 1,No sub type information,OBD with Source Address Information,OBD Powertrain,P0420,,
A-05507-A,"Vehicle, Conductores del mundo","sep. 12, 2025 7:08:46 p. m.","ene. 00, 1900 12:00:00 a. m.",0,La luz de advertencia del vehículo está encendida,,Telematics Device,Telematics device,168,,
A-05507-A,"Vehicle, Conductores del mundo","sep. 13, 2025 4:41:38 a. m.","ene. 00, 1900 12:00:00 a. m.",0,Catalyst system efficiency below threshold bank 1,No sub type information,OBD with Source Address Information,OBD Powertrain,P0420,,
A-05507-A,"Vehicle, Conductores del mundo","sep. 13, 2025 4:41:39 a. m.","ene. 00, 1900 12:00:00 a. m.",0,Catalyst system efficiency below threshold bank 1,No sub type information,OBD with Source Address Information,OBD Powertrain,P0420,,
A-05507-A,"Vehicle, Conductores del mundo","sep. 13, 2025 4:41:58 a. m.","ene. 00, 1900 12:00:00 a. m.",0,La luz de advertencia del vehículo está encendida,,Telematics Device,Telematics device,168,,
A-05507-A,"Vehicle, Conductores del mundo","sep. 13, 2025 6:26:37 a. m.","ene. 00, 1900 12:00:00 a. m.",0,Catalyst system efficiency below threshold bank 1,No sub type information,OBD with Source Address Information,OBD Powertrain,P0420,,
A-05507-A,"Vehicle, Conductores del mundo","sep. 13, 2025 6:26:38 a. m.","ene. 00, 1900 12:00:00 a. m.",0,Catalyst system efficiency below threshold bank 1,No sub type information,OBD with Source Address Information,OBD Powertrain,P0420,,
A-05507-A,"Vehicle, Conductores del mundo","sep. 13, 2025 6:26:57 a. m.","ene. 00, 1900 12:00:00 a. m.",0,La luz de advertencia del vehículo está encendida,,Telematics Device,Telematics device,168,,
A-05507-A,"Vehicle, Conductores del mundo","sep. 13, 2025 6:40:03 a. m.","ene. 00, 1900 12:00:00 a. m.",0,Catalyst system efficiency below threshold bank 1,No sub type information,OBD with Source Address Information,OBD Powertrain,P0420,,
A-05507-A,"Vehicle, Conductores del mundo","sep. 13, 2025 6:40:03 a. m.","ene. 00, 1900 12:00:00 a. m.",0,Catalyst system efficiency below threshold bank 1,No sub type information,OBD with Source Address Information,OBD Powertrain,P0420,,
A-05507-A,"Vehicle, Conductores del mundo","sep. 13, 2025 6:40:23 a. m.","ene. 00, 1900 12:00:00 a. m.",0,La luz de advertencia del vehículo está encendida,,Telematics Device,Telematics device,168,,
A-05507-A,"Vehicle, Conductores del mundo","sep. 13, 2025 7:12:40 a. m.","ene. 00, 1900 12:00:00 a. m.",0,Catalyst system efficiency below threshold bank 1,No sub type information,OBD with Source Address Information,OBD Powertrain,P0420,,
A-05507-A,"Vehicle, Conductores del mundo","sep. 13, 2025 7:12:41 a. m.","ene. 00, 1900 12:00:00 a. m.",0,Catalyst system efficiency below threshold bank 1,No sub type information,OBD with Source Address Information,OBD Powertrain,P0420,,
A-05507-A,"Vehicle, Conductores del mundo","sep. 13, 2025 7:13:01 a. m.","ene. 00, 1900 12:00:00 a. m.",0,La luz de advertencia del vehículo está encendida,,Telematics Device,Telematics device,168,,
A-05507-A,"Vehicle, Conductores del mundo","sep. 13, 2025 9:13:26 a. m.","ene. 00, 1900 12:00:00 a. m.",0,Catalyst system efficiency below threshold bank 1,No sub type information,OBD with Source Address Information,OBD Powertrain,P0420,,
A-05507-A,"Vehicle, Conductores del mundo","sep. 13, 2025 9:13:26 a. m.","ene. 00, 1900 12:00:00 a. m.",0,Catalyst system efficiency below threshold bank 1,No sub type information,OBD with Source Address Information,OBD Powertrain,P0420,,
A-05507-A,"Vehicle, Conductores del mundo","sep. 13, 2025 9:13:46 a. m.","ene. 00, 1900 12:00:00 a. m.",0,La luz de advertencia del vehículo está encendida,,Telematics Device,Telematics device,168,,
A-05507-A,"Vehicle, Conductores del mundo","sep. 13, 2025 10:42:09 a. m.","ene. 00, 1900 12:00:00 a. m.",0,Catalyst system efficiency below threshold bank 1,No sub type information,OBD with Source Address Information,OBD Powertrain,P0420,,
A-05507-A,"Vehicle, Conductores del mundo","sep. 13, 2025 10:42:09 a. m.","ene. 00, 1900 12:00:00 a. m.",0,Catalyst system efficiency below threshold bank 1,No sub type information,OBD with Source Address Information,OBD Powertrain,P0420,,
A-05507-A,"Vehicle, Conductores del mundo","sep. 13, 2025 10:42:29 a. m.","ene. 00, 1900 12:00:00 a. m.",0,La luz de advertencia del vehículo está encendida,,Telematics Device,Telematics device,168,,
A-05507-A,"Vehicle, Conductores del mundo","sep. 13, 2025 10:53:52 a. m.","ene. 00, 1900 12:00:00 a. m.",0,Catalyst system efficiency below threshold bank 1,No sub type information,OBD with Source Address Information,OBD Powertrain,P0420,,
A-05507-A,"Vehicle, Conductores del mundo","sep. 13, 2025 10:53:53 a. m.","ene. 00, 1900 12:00:00 a. m.",0,Catalyst system efficiency below threshold bank 1,No sub type information,OBD with Source Address Information,OBD Powertrain,P0420,,
A-05507-A,"Vehicle, Conductores del mundo","sep. 13, 2025 10:54:13 a. m.","ene. 00, 1900 12:00:00 a. m.",0,La luz de advertencia del vehículo está encendida,,Telematics Device,Telematics device,168,,
A-05507-A,"Vehicle, Conductores del mundo","sep. 13, 2025 12:38:58 p. m.","ene. 00, 1900 12:00:00 a. m.",0,Catalyst system efficiency below threshold bank 1,No sub type information,OBD with Source Address Information,OBD Powertrain,P0420,,
A-05507-A,"Vehicle, Conductores del mundo","sep. 13, 2025 12:38:58 p. m.","ene. 00, 1900 12:00:00 a. m.",0,Catalyst system efficiency below threshold bank 1,No sub type information,OBD with Source Address Information,OBD Powertrain,P0420,,
A-05507-A,"Vehicle, Conductores del mundo","sep. 13, 2025 12:39:18 p. m.","ene. 00, 1900 12:00:00 a. m.",0,La luz de advertencia del vehículo está encendida,,Telematics Device,Telematics device,168,,
A-05507-A,"Vehicle, Conductores del mundo","sep. 13, 2025 1:05:43 p. m.","ene. 00, 1900 12:00:00 a. m.",0,Catalyst system efficiency below threshold bank 1,No sub type information,OBD with Source Address Information,OBD Powertrain,P0420,,
A-05507-A,"Vehicle, Conductores del mundo","sep. 13, 2025 1:05:43 p. m.","ene. 00, 1900 12:00:00 a. m.",0,Catalyst system efficiency below threshold bank 1,No sub type information,OBD with Source Address Information,OBD Powertrain,P0420,,
A-05507-A,"Vehicle, Conductores del mundo","sep. 13, 2025 1:06:03 p. m.","ene. 00, 1900 12:00:00 a. m.",0,La luz de advertencia del vehículo está encendida,,Telematics Device,Telematics device,168,,
A-05507-A,"Vehicle, Conductores del mundo","sep. 13, 2025 2:28:42 p. m.","ene. 00, 1900 12:00:00 a. m.",0,Catalyst system efficiency below threshold bank 1,No sub type information,OBD with Source Address Information,OBD Powertrain,P0420,,
A-05507-A,"Vehicle, Conductores del mundo","sep. 13, 2025 2:28:42 p. m.","ene. 00, 1900 12:00:00 a. m.",0,Catalyst system efficiency below threshold bank 1,No sub type information,OBD with Source Address Information,OBD Powertrain,P0420,,
A-05507-A,"Vehicle, Conductores del mundo","sep. 13, 2025 2:29:02 p. m.","ene. 00, 1900 12:00:00 a. m.",0,La luz de advertencia del vehículo está encendida,,Telematics Device,Telematics device,168,,
A-05507-A,"Vehicle, Conductores del mundo","sep. 13, 2025 4:02:05 p. m.","ene. 00, 1900 12:00:00 a. m.",0,Catalyst system efficiency below threshold bank 1,No sub type information,OBD with Source Address Information,OBD Powertrain,P0420,,
A-05507-A,"Vehicle, Conductores del mundo","sep. 13, 2025 4:02:05 p. m.","ene. 00, 1900 12:00:00 a. m.",0,Catalyst system efficiency below threshold bank 1,No sub type information,OBD with Source Address Information,OBD Powertrain,P0420,,
A-05507-A,"Vehicle, Conductores del mundo","sep. 13, 2025 4:02:25 p. m.","ene. 00, 1900 12:00:00 a. m.",0,La luz de advertencia del vehículo está encendida,,Telematics Device,Telematics device,168,,
A-05507-A,"Vehicle, Conductores del mundo","sep. 13, 2025 4:24:03 p. m.","ene. 00, 1900 12:00:00 a. m.",0,Catalyst system efficiency below threshold bank 1,No sub type information,OBD with Source Address Information,OBD Powertrain,P0420,,
A-05507-A,"Vehicle, Conductores del mundo","sep. 13, 2025 4:24:03 p. m.","ene. 00, 1900 12:00:00 a. m.",0,Catalyst system efficiency below threshold bank 1,No sub type information,OBD with Source Address Information,OBD Powertrain,P0420,,
A-05507-A,"Vehicle, Conductores del mundo","sep. 13, 2025 4:24:23 p. m.","ene. 00, 1900 12:00:00 a. m.",0,La luz de advertencia del vehículo está encendida,,Telematics Device,Telematics device,168,,
A-05507-A,"Vehicle, Conductores del mundo","sep. 13, 2025 6:01:17 p. m.","ene. 00, 1900 12:00:00 a. m.",0,Catalyst system efficiency below threshold bank 1,No sub type information,OBD with Source Address Information,OBD Powertrain,P0420,,
A-05507-A,"Vehicle, Conductores del mundo","sep. 13, 2025 6:01:17 p. m.","ene. 00, 1900 12:00:00 a. m.",0,Catalyst system efficiency below threshold bank 1,No sub type information,OBD with Source Address Information,OBD Powertrain,P0420,,
A-05507-A,"Vehicle, Conductores del mundo","sep. 13, 2025 6:01:37 p. m.","ene. 00, 1900 12:00:00 a. m.",0,La luz de advertencia del vehículo está encendida,,Telematics Device,Telematics device,168,,
A-05507-A,"Vehicle, Conductores del mundo","sep. 14, 2025 6:50:33 a. m.","ene. 00, 1900 12:00:00 a. m.",0,Catalyst system efficiency below threshold bank 1,No sub type information,OBD with Source Address Information,OBD Powertrain,P0420,,
A-05507-A,"Vehicle, Conductores del mundo","sep. 14, 2025 6:50:34 a. m.","ene. 00, 1900 12:00:00 a. m.",0,Catalyst system efficiency below threshold bank 1,No sub type information,OBD with Source Address Information,OBD Powertrain,P0420,,
A-05507-A,"Vehicle, Conductores del mundo","sep. 14, 2025 6:50:53 a. m.","ene. 00, 1900 12:00:00 a. m.",0,La luz de advertencia del vehículo está encendida,,Telematics Device,Telematics device,168,,
A-05507-A,"Vehicle, Conductores del mundo","sep. 14, 2025 7:59:50 a. m.","ene. 00, 1900 12:00:00 a. m.",0,Catalyst system efficiency below threshold bank 1,No sub type information,OBD with Source Address Information,OBD Powertrain,P0420,,
A-05507-A,"Vehicle, Conductores del mundo","sep. 14, 2025 7:59:50 a. m.","ene. 00, 1900 12:00:00 a. m.",0,Catalyst system efficiency below threshold bank 1,No sub type information,OBD with Source Address Information,OBD Powertrain,P0420,,
A-05507-A,"Vehicle, Conductores del mundo","sep. 14, 2025 8:00:10 a. m.","ene. 00, 1900 12:00:00 a. m.",0,La luz de advertencia del vehículo está encendida,,Telematics Device,Telematics device,168,,
A-05507-A,"Vehicle, Conductores del mundo","sep. 14, 2025 9:41:38 a. m.","ene. 00, 1900 12:00:00 a. m.",0,Catalyst system efficiency below threshold bank 1,No sub type information,OBD with Source Address Information,OBD Powertrain,P0420,,
A-05507-A,"Vehicle, Conductores del mundo","sep. 14, 2025 9:41:39 a. m.","ene. 00, 1900 12:00:00 a. m.",0,Catalyst system efficiency below threshold bank 1,No sub type information,OBD with Source Address Information,OBD Powertrain,P0420,,
A-05507-A,"Vehicle, Conductores del mundo","sep. 14, 2025 9:41:58 a. m.","ene. 00, 1900 12:00:00 a. m.",0,La luz de advertencia del vehículo está encendida,,Telematics Device,Telematics device,168,,
A-05507-A,"Vehicle, Conductores del mundo","sep. 14, 2025 9:54:43 a. m.","ene. 00, 1900 12:00:00 a. m.",0,Catalyst system efficiency below threshold bank 1,No sub type information,OBD with Source Address Information,OBD Powertrain,P0420,,
A-05507-A,"Vehicle, Conductores del mundo","sep. 14, 2025 9:54:44 a. m.","ene. 00, 1900 12:00:00 a. m.",0,Catalyst system efficiency below threshold bank 1,No sub type information,OBD with Source Address Information,OBD Powertrain,P0420,,
A-05507-A,"Vehicle, Conductores del mundo","sep. 14, 2025 9:55:04 a. m.","ene. 00, 1900 12:00:00 a. m.",0,La luz de advertencia del vehículo está encendida,,Telematics Device,Telematics device,168,,
A-05507-A,"Vehicle, Conductores del mundo","sep. 14, 2025 11:58:24 a. m.","ene. 00, 1900 12:00:00 a. m.",0,Catalyst system efficiency below threshold bank 1,No sub type information,OBD with Source Address Information,OBD Powertrain,P0420,,
A-05507-A,"Vehicle, Conductores del mundo","sep. 14, 2025 11:58:24 a. m.","ene. 00, 1900 12:00:00 a. m.",0,Catalyst system efficiency below threshold bank 1,No sub type information,OBD with Source Address Information,OBD Powertrain,P0420,,
A-05507-A,"Vehicle, Conductores del mundo","sep. 14, 2025 11:58:44 a. m.","ene. 00, 1900 12:00:00 a. m.",0,La luz de advertencia del vehículo está encendida,,Telematics Device,Telematics device,168,,
A-05507-A,"Vehicle, Conductores del mundo","sep. 14, 2025 2:03:22 p. m.","ene. 00, 1900 12:00:00 a. m.",0,Catalyst system efficiency below threshold bank 1,No sub type information,OBD with Source Address Information,OBD Powertrain,P0420,,
A-05507-A,"Vehicle, Conductores del mundo","sep. 14, 2025 2:03:22 p. m.","ene. 00, 1900 12:00:00 a. m.",0,Catalyst system efficiency below threshold bank 1,No sub type information,OBD with Source Address Information,OBD Powertrain,P0420,,
A-05507-A,"Vehicle, Conductores del mundo","sep. 14, 2025 2:03:42 p. m.","ene. 00, 1900 12:00:00 a. m.",0,La luz de advertencia del vehículo está encendida,,Telematics Device,Telematics device,168,,
A-05507-A,"Vehicle, Conductores del mundo","sep. 14, 2025 4:21:17 p. m.","ene. 00, 1900 12:00:00 a. m.",0,Catalyst system efficiency below threshold bank 1,No sub type information,OBD with Source Address Information,OBD Powertrain,P0420,,
A-05507-A,"Vehicle, Conductores del mundo","sep. 14, 2025 4:21:17 p. m.","ene. 00, 1900 12:00:00 a. m.",0,Catalyst system efficiency below threshold bank 1,No sub type information,OBD with Source Address Information,OBD Powertrain,P0420,,
A-05507-A,"Vehicle, Conductores del mundo","sep. 14, 2025 4:21:37 p. m.","ene. 00, 1900 12:00:00 a. m.",0,La luz de advertencia del vehículo está encendida,,Telematics Device,Telematics device,168,,
A-05507-A,"Vehicle, Conductores del mundo","sep. 14, 2025 4:42:15 p. m.","ene. 00, 1900 12:00:00 a. m.",0,Catalyst system efficiency below threshold bank 1,No sub type information,OBD with Source Address Information,OBD Powertrain,P0420,,
A-05507-A,"Vehicle, Conductores del mundo","sep. 14, 2025 4:42:15 p. m.","ene. 00, 1900 12:00:00 a. m.",0,Catalyst system efficiency below threshold bank 1,No sub type information,OBD with Source Address Information,OBD Powertrain,P0420,,
A-05507-A,"Vehicle, Conductores del mundo","sep. 14, 2025 4:42:35 p. m.","ene. 00, 1900 12:00:00 a. m.",0,La luz de advertencia del vehículo está encendida,,Telematics Device,Telematics device,168,,
A-05507-A,"Vehicle, Conductores del mundo","sep. 14, 2025 6:09:47 p. m.","ene. 00, 1900 12:00:00 a. m.",0,Catalyst system efficiency below threshold bank 1,No sub type information,OBD with Source Address Information,OBD Powertrain,P0420,,
A-05507-A,"Vehicle, Conductores del mundo","sep. 14, 2025 6:09:47 p. m.","ene. 00, 1900 12:00:00 a. m.",0,Catalyst system efficiency below threshold bank 1,No sub type information,OBD with Source Address Information,OBD Powertrain,P0420,,
A-05507-A,"Vehicle, Conductores del mundo","sep. 14, 2025 6:10:07 p. m.","ene. 00, 1900 12:00:00 a. m.",0,La luz de advertencia del vehículo está encendida,,Telematics Device,Telematics device,168,,
A-05507-A,"Vehicle, Conductores del mundo","sep. 14, 2025 7:17:06 p. m.","ene. 00, 1900 12:00:00 a. m.",0,Catalyst system efficiency below threshold bank 1,No sub type information,OBD with Source Address Information,OBD Powertrain,P0420,,
A-05507-A,"Vehicle, Conductores del mundo","sep. 14, 2025 7:17:07 p. m.","ene. 00, 1900 12:00:00 a. m.",0,Catalyst system efficiency below threshold bank 1,No sub type information,OBD with Source Address Information,OBD Powertrain,P0420,,
A-05507-A,"Vehicle, Conductores del mundo","sep. 14, 2025 7:17:27 p. m.","ene. 00, 1900 12:00:00 a. m.",0,La luz de advertencia del vehículo está encendida,,Telematics Device,Telematics device,168,,
A-05507-A,"Vehicle, Conductores del mundo","sep. 14, 2025 7:23:17 p. m.","ene. 00, 1900 12:00:00 a. m.",0,Catalyst system efficiency below threshold bank 1,No sub type information,OBD with Source Address Information,OBD Powertrain,P0420,,
A-05507-A,"Vehicle, Conductores del mundo","sep. 14, 2025 7:23:17 p. m.","ene. 00, 1900 12:00:00 a. m.",0,Catalyst system efficiency below threshold bank 1,No sub type information,OBD with Source Address Information,OBD Powertrain,P0420,,
A-05507-A,"Vehicle, Conductores del mundo","sep. 14, 2025 7:23:37 p. m.","ene. 00, 1900 12:00:00 a. m.",0,La luz de advertencia del vehículo está encendida,,Telematics Device,Telematics device,168,,
A-05507-A,"Vehicle, Conductores del mundo","sep. 14, 2025 7:49:47 p. m.","ene. 00, 1900 12:00:00 a. m.",0,Catalyst system efficiency below threshold bank 1,No sub type information,OBD with Source Address Information,OBD Powertrain,P0420,,
A-05507-A,"Vehicle, Conductores del mundo","sep. 14, 2025 7:49:47 p. m.","ene. 00, 1900 12:00:00 a. m.",0,Catalyst system efficiency below threshold bank 1,No sub type information,OBD with Source Address Information,OBD Powertrain,P0420,,
A-05507-A,"Vehicle, Conductores del mundo","sep. 14, 2025 7:50:07 p. m.","ene. 00, 1900 12:00:00 a. m.",0,La luz de advertencia del vehículo está encendida,,Telematics Device,Telematics device,168,,
A-05507-A,"Vehicle, Conductores del mundo","sep. 14, 2025 8:06:51 p. m.","ene. 00, 1900 12:00:00 a. m.",0,Catalyst system efficiency below threshold bank 1,No sub type information,OBD with Source Address Information,OBD Powertrain,P0420,,
A-05507-A,"Vehicle, Conductores del mundo","sep. 14, 2025 8:06:51 p. m.","ene. 00, 1900 12:00:00 a. m.",0,Catalyst system efficiency below threshold bank 1,No sub type information,OBD with Source Address Information,OBD Powertrain,P0420,,
A-05507-A,"Vehicle, Conductores del mundo","sep. 14, 2025 8:07:10 p. m.","ene. 00, 1900 12:00:00 a. m.",0,La luz de advertencia del vehículo está encendida,,Telematics Device,Telematics device,168,,
A-05507-A,"Vehicle, Conductores del mundo","sep. 14, 2025 8:44:50 p. m.","ene. 00, 1900 12:00:00 a. m.",0,Catalyst system efficiency below threshold bank 1,No sub type information,OBD with Source Address Information,OBD Powertrain,P0420,,
A-05507-A,"Vehicle, Conductores del mundo","sep. 14, 2025 8:44:51 p. m.","ene. 00, 1900 12:00:00 a. m.",0,Catalyst system efficiency below threshold bank 1,No sub type information,OBD with Source Address Information,OBD Powertrain,P0420,,
A-05507-A,"Vehicle, Conductores del mundo","sep. 14, 2025 8:45:11 p. m.","ene. 00, 1900 12:00:00 a. m.",0,La luz de advertencia del vehículo está encendida,,Telematics Device,Telematics device,168,,
A-05507-A,"Vehicle, Conductores del mundo","sep. 14, 2025 9:15:21 p. m.","ene. 00, 1900 12:00:00 a. m.",0,Catalyst system efficiency below threshold bank 1,No sub type information,OBD with Source Address Information,OBD Powertrain,P0420,,
A-05507-A,"Vehicle, Conductores del mundo","sep. 14, 2025 9:15:22 p. m.","ene. 00, 1900 12:00:00 a. m.",0,Catalyst system efficiency below threshold bank 1,No sub type information,OBD with Source Address Information,OBD Powertrain,P0420,,
A-05507-A,"Vehicle, Conductores del mundo","sep. 14, 2025 9:15:41 p. m.","ene. 00, 1900 12:00:00 a. m.",0,La luz de advertencia del vehículo está encendida,,Telematics Device,Telematics device,168,,
A-05507-A,"Vehicle, Conductores del mundo","sep. 14, 2025 9:48:31 p. m.","ene. 00, 1900 12:00:00 a. m.",0,Catalyst system efficiency below threshold bank 1,No sub type information,OBD with Source Address Information,OBD Powertrain,P0420,,
A-05507-A,"Vehicle, Conductores del mundo","sep. 14, 2025 9:48:31 p. m.","ene. 00, 1900 12:00:00 a. m.",0,Catalyst system efficiency below threshold bank 1,No sub type information,OBD with Source Address Information,OBD Powertrain,P0420,,
A-05507-A,"Vehicle, Conductores del mundo","sep. 14, 2025 9:48:51 p. m.","ene. 00, 1900 12:00:00 a. m.",0,La luz de advertencia del vehículo está encendida,,Telematics Device,Telematics device,168,,
A-05507-A,"Vehicle, Conductores del mundo","sep. 15, 2025 4:33:31 a. m.","ene. 00, 1900 12:00:00 a. m.",0,Catalyst system efficiency below threshold bank 1,No sub type information,OBD with Source Address Information,OBD Powertrain,P0420,,
A-05507-A,"Vehicle, Conductores del mundo","sep. 15, 2025 4:33:31 a. m.","ene. 00, 1900 12:00:00 a. m.",0,Catalyst system efficiency below threshold bank 1,No sub type information,OBD with Source Address Information,OBD Powertrain,P0420,,
A-05507-A,"Vehicle, Conductores del mundo","sep. 15, 2025 4:33:51 a. m.","ene. 00, 1900 12:00:00 a. m.",0,La luz de advertencia del vehículo está encendida,,Telematics Device,Telematics device,168,,
A-05507-A,"Vehicle, Conductores del mundo","sep. 15, 2025 6:31:36 a. m.","ene. 00, 1900 12:00:00 a. m.",0,Catalyst system efficiency below threshold bank 1,No sub type information,OBD with Source Address Information,OBD Powertrain,P0420,,
A-05507-A,"Vehicle, Conductores del mundo","sep. 15, 2025 6:31:37 a. m.","ene. 00, 1900 12:00:00 a. m.",0,Catalyst system efficiency below threshold bank 1,No sub type information,OBD with Source Address Information,OBD Powertrain,P0420,,
A-05507-A,"Vehicle, Conductores del mundo","sep. 15, 2025 6:31:56 a. m.","ene. 00, 1900 12:00:00 a. m.",0,La luz de advertencia del vehículo está encendida,,Telematics Device,Telematics device,168,,
A-05507-A,"Vehicle, Conductores del mundo","sep. 15, 2025 7:08:43 a. m.","ene. 00, 1900 12:00:00 a. m.",0,Catalyst system efficiency below threshold bank 1,No sub type information,OBD with Source Address Information,OBD Powertrain,P0420,,
A-05507-A,"Vehicle, Conductores del mundo","sep. 15, 2025 7:08:43 a. m.","ene. 00, 1900 12:00:00 a. m.",0,Catalyst system efficiency below threshold bank 1,No sub type information,OBD with Source Address Information,OBD Powertrain,P0420,,
A-05507-A,"Vehicle, Conductores del mundo","sep. 15, 2025 7:29:36 a. m.","ene. 00, 1900 12:00:00 a. m.",0,Catalyst system efficiency below threshold bank 1,No sub type information,OBD with Source Address Information,OBD Powertrain,P0420,,
A-05507-A,"Vehicle, Conductores del mundo","sep. 15, 2025 7:29:36 a. m.","ene. 00, 1900 12:00:00 a. m.",0,Catalyst system efficiency below threshold bank 1,No sub type information,OBD with Source Address Information,OBD Powertrain,P0420,,
A-05507-A,"Vehicle, Conductores del mundo","sep. 15, 2025 7:29:56 a. m.","ene. 00, 1900 12:00:00 a. m.",0,La luz de advertencia del vehículo está encendida,,Telematics Device,Telematics device,168,,
A-05507-A,"Vehicle, Conductores del mundo","sep. 15, 2025 9:07:35 a. m.","ene. 00, 1900 12:00:00 a. m.",0,Catalyst system efficiency below threshold bank 1,No sub type information,OBD with Source Address Information,OBD Powertrain,P0420,,
A-05507-A,"Vehicle, Conductores del mundo","sep. 15, 2025 9:07:35 a. m.","ene. 00, 1900 12:00:00 a. m.",0,Catalyst system efficiency below threshold bank 1,No sub type information,OBD with Source Address Information,OBD Powertrain,P0420,,
A-05507-A,"Vehicle, Conductores del mundo","sep. 15, 2025 9:07:55 a. m.","ene. 00, 1900 12:00:00 a. m.",0,La luz de advertencia del vehículo está encendida,,Telematics Device,Telematics device,168,,
A-05507-A,"Vehicle, Conductores del mundo","sep. 15, 2025 10:49:35 a. m.","ene. 00, 1900 12:00:00 a. m.",0,Catalyst system efficiency below threshold bank 1,No sub type information,OBD with Source Address Information,OBD Powertrain,P0420,,
A-05507-A,"Vehicle, Conductores del mundo","sep. 15, 2025 10:49:35 a. m.","ene. 00, 1900 12:00:00 a. m.",0,Catalyst system efficiency below threshold bank 1,No sub type information,OBD with Source Address Information,OBD Powertrain,P0420,,
A-05507-A,"Vehicle, Conductores del mundo","sep. 15, 2025 10:49:55 a. m.","ene. 00, 1900 12:00:00 a. m.",0,La luz de advertencia del vehículo está encendida,,Telematics Device,Telematics device,168,,
A-05507-A,"Vehicle, Conductores del mundo","sep. 15, 2025 11:16:39 a. m.","ene. 00, 1900 12:00:00 a. m.",0,Catalyst system efficiency below threshold bank 1,No sub type information,OBD with Source Address Information,OBD Powertrain,P0420,,
A-05507-A,"Vehicle, Conductores del mundo","sep. 15, 2025 11:16:39 a. m.","ene. 00, 1900 12:00:00 a. m.",0,Catalyst system efficiency below threshold bank 1,No sub type information,OBD with Source Address Information,OBD Powertrain,P0420,,
A-05507-A,"Vehicle, Conductores del mundo","sep. 15, 2025 11:16:59 a. m.","ene. 00, 1900 12:00:00 a. m.",0,La luz de advertencia del vehículo está encendida,,Telematics Device,Telematics device,168,,
A-05507-A,"Vehicle, Conductores del mundo","sep. 15, 2025 11:35:44 a. m.","ene. 00, 1900 12:00:00 a. m.",0,Catalyst system efficiency below threshold bank 1,No sub type information,OBD with Source Address Information,OBD Powertrain,P0420,,
A-05507-A,"Vehicle, Conductores del mundo","sep. 15, 2025 11:35:44 a. m.","ene. 00, 1900 12:00:00 a. m.",0,Catalyst system efficiency below threshold bank 1,No sub type information,OBD with Source Address Information,OBD Powertrain,P0420,,
A-05507-A,"Vehicle, Conductores del mundo","sep. 15, 2025 11:36:03 a. m.","ene. 00, 1900 12:00:00 a. m.",0,La luz de advertencia del vehículo está encendida,,Telematics Device,Telematics device,168,,
A-05507-A,"Vehicle, Conductores del mundo","sep. 15, 2025 11:43:01 a. m.","ene. 00, 1900 12:00:00 a. m.",0,Catalyst system efficiency below threshold bank 1,No sub type information,OBD with Source Address Information,OBD Powertrain,P0420,,
A-05507-A,"Vehicle, Conductores del mundo","sep. 15, 2025 11:43:01 a. m.","ene. 00, 1900 12:00:00 a. m.",0,Catalyst system efficiency below threshold bank 1,No sub type information,OBD with Source Address Information,OBD Powertrain,P0420,,
A-05507-A,"Vehicle, Conductores del mundo","sep. 15, 2025 11:43:21 a. m.","ene. 00, 1900 12:00:00 a. m.",0,La luz de advertencia del vehículo está encendida,,Telematics Device,Telematics device,168,,
A-05507-A,"Vehicle, Conductores del mundo","sep. 15, 2025 12:20:56 p. m.","ene. 00, 1900 12:00:00 a. m.",0,Catalyst system efficiency below threshold bank 1,No sub type information,OBD with Source Address Information,OBD Powertrain,P0420,,
A-05507-A,"Vehicle, Conductores del mundo","sep. 15, 2025 12:20:56 p. m.","ene. 00, 1900 12:00:00 a. m.",0,Catalyst system efficiency below threshold bank 1,No sub type information,OBD with Source Address Information,OBD Powertrain,P0420,,
A-05507-A,"Vehicle, Conductores del mundo","sep. 15, 2025 12:21:16 p. m.","ene. 00, 1900 12:00:00 a. m.",0,La luz de advertencia del vehículo está encendida,,Telematics Device,Telematics device,168,,
A-05507-A,"Vehicle, Conductores del mundo","sep. 15, 2025 1:36:17 p. m.","ene. 00, 1900 12:00:00 a. m.",0,Catalyst system efficiency below threshold bank 1,No sub type information,OBD with Source Address Information,OBD Powertrain,P0420,,
A-05507-A,"Vehicle, Conductores del mundo","sep. 15, 2025 1:36:17 p. m.","ene. 00, 1900 12:00:00 a. m.",0,Catalyst system efficiency below threshold bank 1,No sub type information,OBD with Source Address Information,OBD Powertrain,P0420,,
A-05507-A,"Vehicle, Conductores del mundo","sep. 15, 2025 1:36:37 p. m.","ene. 00, 1900 12:00:00 a. m.",0,La luz de advertencia del vehículo está encendida,,Telematics Device,Telematics device,168,,
A-05507-A,"Vehicle, Conductores del mundo","sep. 15, 2025 1:52:42 p. m.","ene. 00, 1900 12:00:00 a. m.",0,Catalyst system efficiency below threshold bank 1,No sub type information,OBD with Source Address Information,OBD Powertrain,P0420,,
A-05507-A,"Vehicle, Conductores del mundo","sep. 15, 2025 1:52:42 p. m.","ene. 00, 1900 12:00:00 a. m.",0,Catalyst system efficiency below threshold bank 1,No sub type information,OBD with Source Address Information,OBD Powertrain,P0420,,
A-05507-A,"Vehicle, Conductores del mundo","sep. 15, 2025 1:53:02 p. m.","ene. 00, 1900 12:00:00 a. m.",0,La luz de advertencia del vehículo está encendida,,Telematics Device,Telematics device,168,,
A-05507-A,"Vehicle, Conductores del mundo","sep. 15, 2025 3:53:14 p. m.","ene. 00, 1900 12:00:00 a. m.",0,Catalyst system efficiency below threshold bank 1,No sub type information,OBD with Source Address Information,OBD Powertrain,P0420,,
A-05507-A,"Vehicle, Conductores del mundo","sep. 15, 2025 3:53:15 p. m.","ene. 00, 1900 12:00:00 a. m.",0,Catalyst system efficiency below threshold bank 1,No sub type information,OBD with Source Address Information,OBD Powertrain,P0420,,
A-05507-A,"Vehicle, Conductores del mundo","sep. 15, 2025 3:53:34 p. m.","ene. 00, 1900 12:00:00 a. m.",0,La luz de advertencia del vehículo está encendida,,Telematics Device,Telematics device,168,,
A-05507-A,"Vehicle, Conductores del mundo","sep. 15, 2025 4:00:31 p. m.","ene. 00, 1900 12:00:00 a. m.",0,Catalyst system efficiency below threshold bank 1,No sub type information,OBD with Source Address Information,OBD Powertrain,P0420,,
A-05507-A,"Vehicle, Conductores del mundo","sep. 15, 2025 4:00:31 p. m.","ene. 00, 1900 12:00:00 a. m.",0,Catalyst system efficiency below threshold bank 1,No sub type information,OBD with Source Address Information,OBD Powertrain,P0420,,
A-05507-A,"Vehicle, Conductores del mundo","sep. 15, 2025 4:00:51 p. m.","ene. 00, 1900 12:00:00 a. m.",0,La luz de advertencia del vehículo está encendida,,Telematics Device,Telematics device,168,,
A-05507-A,"Vehicle, Conductores del mundo","sep. 15, 2025 4:31:08 p. m.","ene. 00, 1900 12:00:00 a. m.",0,Catalyst system efficiency below threshold bank 1,No sub type information,OBD with Source Address Information,OBD Powertrain,P0420,,
A-05507-A,"Vehicle, Conductores del mundo","sep. 15, 2025 4:31:08 p. m.","ene. 00, 1900 12:00:00 a. m.",0,Catalyst system efficiency below threshold bank 1,No sub type information,OBD with Source Address Information,OBD Powertrain,P0420,,
A-05507-A,"Vehicle, Conductores del mundo","sep. 15, 2025 4:31:28 p. m.","ene. 00, 1900 12:00:00 a. m.",0,La luz de advertencia del vehículo está encendida,,Telematics Device,Telematics device,168,,
A-05507-A,"Vehicle, Conductores del mundo","sep. 15, 2025 5:34:13 p. m.","ene. 00, 1900 12:00:00 a. m.",0,Catalyst system efficiency below threshold bank 1,No sub type information,OBD with Source Address Information,OBD Powertrain,P0420,,
A-05507-A,"Vehicle, Conductores del mundo","sep. 15, 2025 5:34:13 p. m.","ene. 00, 1900 12:00:00 a. m.",0,Catalyst system efficiency below threshold bank 1,No sub type information,OBD with Source Address Information,OBD Powertrain,P0420,,
A-05507-A,"Vehicle, Conductores del mundo","sep. 15, 2025 7:24:58 p. m.","ene. 00, 1900 12:00:00 a. m.",0,Catalyst system efficiency below threshold bank 1,No sub type information,OBD with Source Address Information,OBD Powertrain,P0420,,
A-05507-A,"Vehicle, Conductores del mundo","sep. 15, 2025 7:24:58 p. m.","ene. 00, 1900 12:00:00 a. m.",0,Catalyst system efficiency below threshold bank 1,No sub type information,OBD with Source Address Information,OBD Powertrain,P0420,,
A-05507-A,"Vehicle, Conductores del mundo","sep. 15, 2025 7:25:18 p. m.","ene. 00, 1900 12:00:00 a. m.",0,La luz de advertencia del vehículo está encendida,,Telematics Device,Telematics device,168,,
A-05507-A,"Vehicle, Conductores del mundo","sep. 15, 2025 8:08:36 p. m.","ene. 00, 1900 12:00:00 a. m.",0,Catalyst system efficiency below threshold bank 1,No sub type information,OBD with Source Address Information,OBD Powertrain,P0420,,
A-05507-A,"Vehicle, Conductores del mundo","sep. 15, 2025 8:08:36 p. m.","ene. 00, 1900 12:00:00 a. m.",0,Catalyst system efficiency below threshold bank 1,No sub type information,OBD with Source Address Information,OBD Powertrain,P0420,,
A-05507-A,"Vehicle, Conductores del mundo","sep. 15, 2025 8:08:56 p. m.","ene. 00, 1900 12:00:00 a. m.",0,La luz de advertencia del vehículo está encendida,,Telematics Device,Telematics device,168,,
A-05507-A,"Vehicle, Conductores del mundo","sep. 15, 2025 9:51:14 p. m.","ene. 00, 1900 12:00:00 a. m.",0,Catalyst system efficiency below threshold bank 1,No sub type information,OBD with Source Address Information,OBD Powertrain,P0420,,
A-05507-A,"Vehicle, Conductores del mundo","sep. 15, 2025 9:51:15 p. m.","ene. 00, 1900 12:00:00 a. m.",0,Catalyst system efficiency below threshold bank 1,No sub type information,OBD with Source Address Information,OBD Powertrain,P0420,,
A-05507-A,"Vehicle, Conductores del mundo","sep. 15, 2025 9:51:34 p. m.","ene. 00, 1900 12:00:00 a. m.",0,La luz de advertencia del vehículo está encendida,,Telematics Device,Telematics device,168,,
A-05507-A,"Vehicle, Conductores del mundo","sep. 15, 2025 10:52:12 p. m.","ene. 00, 1900 12:00:00 a. m.",0,Catalyst system efficiency below threshold bank 1,No sub type information,OBD with Source Address Information,OBD Powertrain,P0420,,
A-05507-A,"Vehicle, Conductores del mundo","sep. 15, 2025 10:52:12 p. m.","ene. 00, 1900 12:00:00 a. m.",0,Catalyst system efficiency below threshold bank 1,No sub type information,OBD with Source Address Information,OBD Powertrain,P0420,,
A-05507-A,"Vehicle, Conductores del mundo","sep. 15, 2025 10:52:32 p. m.","ene. 00, 1900 12:00:00 a. m.",0,La luz de advertencia del vehículo está encendida,,Telematics Device,Telematics device,168,,
A-05507-A,"Vehicle, Conductores del mundo","sep. 16, 2025 7:56:33 a. m.","ene. 00, 1900 12:00:00 a. m.",0,Catalyst system efficiency below threshold bank 1,No sub type information,OBD with Source Address Information,OBD Powertrain,P0420,,
A-05507-A,"Vehicle, Conductores del mundo","sep. 16, 2025 7:56:33 a. m.","ene. 00, 1900 12:00:00 a. m.",0,Catalyst system efficiency below threshold bank 1,No sub type information,OBD with Source Address Information,OBD Powertrain,P0420,,
A-05507-A,"Vehicle, Conductores del mundo","sep. 16, 2025 7:56:53 a. m.","ene. 00, 1900 12:00:00 a. m.",0,La luz de advertencia del vehículo está encendida,,Telematics Device,Telematics device,168,,
A-05507-A,"Vehicle, Conductores del mundo","sep. 16, 2025 8:52:00 a. m.","ene. 00, 1900 12:00:00 a. m.",0,Catalyst system efficiency below threshold bank 1,No sub type information,OBD with Source Address Information,OBD Powertrain,P0420,,
A-05507-A,"Vehicle, Conductores del mundo","sep. 16, 2025 8:52:00 a. m.","ene. 00, 1900 12:00:00 a. m.",0,Catalyst system efficiency below threshold bank 1,No sub type information,OBD with Source Address Information,OBD Powertrain,P0420,,
A-05507-A,"Vehicle, Conductores del mundo","sep. 16, 2025 8:56:59 a. m.","ene. 00, 1900 12:00:00 a. m.",0,Catalyst system efficiency below threshold bank 1,No sub type information,OBD with Source Address Information,OBD Powertrain,P0420,,
A-05507-A,"Vehicle, Conductores del mundo","sep. 16, 2025 8:56:59 a. m.","ene. 00, 1900 12:00:00 a. m.",0,Catalyst system efficiency below threshold bank 1,No sub type information,OBD with Source Address Information,OBD Powertrain,P0420,,
A-05507-A,"Vehicle, Conductores del mundo","sep. 16, 2025 8:57:19 a. m.","ene. 00, 1900 12:00:00 a. m.",0,La luz de advertencia del vehículo está encendida,,Telematics Device,Telematics device,168,,
A-05507-A,"Vehicle, Conductores del mundo","sep. 16, 2025 9:33:59 a. m.","ene. 00, 1900 12:00:00 a. m.",0,Catalyst system efficiency below threshold bank 1,No sub type information,OBD with Source Address Information,OBD Powertrain,P0420,,
A-05507-A,"Vehicle, Conductores del mundo","sep. 16, 2025 9:33:59 a. m.","ene. 00, 1900 12:00:00 a. m.",0,Catalyst system efficiency below threshold bank 1,No sub type information,OBD with Source Address Information,OBD Powertrain,P0420,,
A-05507-A,"Vehicle, Conductores del mundo","sep. 16, 2025 9:34:19 a. m.","ene. 00, 1900 12:00:00 a. m.",0,La luz de advertencia del vehículo está encendida,,Telematics Device,Telematics device,168,,
A-05507-A,"Vehicle, Conductores del mundo","sep. 16, 2025 10:30:52 a. m.","ene. 00, 1900 12:00:00 a. m.",0,Catalyst system efficiency below threshold bank 1,No sub type information,OBD with Source Address Information,OBD Powertrain,P0420,,
A-05507-A,"Vehicle, Conductores del mundo","sep. 16, 2025 10:30:52 a. m.","ene. 00, 1900 12:00:00 a. m.",0,Catalyst system efficiency below threshold bank 1,No sub type information,OBD with Source Address Information,OBD Powertrain,P0420,,
A-05507-A,"Vehicle, Conductores del mundo","sep. 16, 2025 10:33:12 a. m.","ene. 00, 1900 12:00:00 a. m.",0,Catalyst system efficiency below threshold bank 1,No sub type information,OBD with Source Address Information,OBD Powertrain,P0420,,
A-05507-A,"Vehicle, Conductores del mundo","sep. 16, 2025 10:33:12 a. m.","ene. 00, 1900 12:00:00 a. m.",0,Catalyst system efficiency below threshold bank 1,No sub type information,OBD with Source Address Information,OBD Powertrain,P0420,,
A-05507-A,"Vehicle, Conductores del mundo","sep. 16, 2025 10:33:32 a. m.","ene. 00, 1900 12:00:00 a. m.",0,La luz de advertencia del vehículo está encendida,,Telematics Device,Telematics device,168,,
A-05507-A,"Vehicle, Conductores del mundo","sep. 16, 2025 10:40:11 a. m.","ene. 00, 1900 12:00:00 a. m.",0,Catalyst system efficiency below threshold bank 1,No sub type information,OBD with Source Address Information,OBD Powertrain,P0420,,
A-05507-A,"Vehicle, Conductores del mundo","sep. 16, 2025 10:40:11 a. m.","ene. 00, 1900 12:00:00 a. m.",0,Catalyst system efficiency below threshold bank 1,No sub type information,OBD with Source Address Information,OBD Powertrain,P0420,,
A-05507-A,"Vehicle, Conductores del mundo","sep. 16, 2025 10:40:31 a. m.","ene. 00, 1900 12:00:00 a. m.",0,La luz de advertencia del vehículo está encendida,,Telematics Device,Telematics device,168,,
A-05507-A,"Vehicle, Conductores del mundo","sep. 16, 2025 11:04:24 a. m.","ene. 00, 1900 12:00:00 a. m.",0,Catalyst system efficiency below threshold bank 1,No sub type information,OBD with Source Address Information,OBD Powertrain,P0420,,
A-05507-A,"Vehicle, Conductores del mundo","sep. 16, 2025 11:04:24 a. m.","ene. 00, 1900 12:00:00 a. m.",0,Catalyst system efficiency below threshold bank 1,No sub type information,OBD with Source Address Information,OBD Powertrain,P0420,,
A-05507-A,"Vehicle, Conductores del mundo","sep. 16, 2025 11:04:44 a. m.","ene. 00, 1900 12:00:00 a. m.",0,La luz de advertencia del vehículo está encendida,,Telematics Device,Telematics device,168,,
A-05507-A,"Vehicle, Conductores del mundo","sep. 16, 2025 1:35:45 p. m.","ene. 00, 1900 12:00:00 a. m.",0,Catalyst system efficiency below threshold bank 1,No sub type information,OBD with Source Address Information,OBD Powertrain,P0420,,
A-05507-A,"Vehicle, Conductores del mundo","sep. 16, 2025 1:35:46 p. m.","ene. 00, 1900 12:00:00 a. m.",0,Catalyst system efficiency below threshold bank 1,No sub type information,OBD with Source Address Information,OBD Powertrain,P0420,,
A-05507-A,"Vehicle, Conductores del mundo","sep. 16, 2025 1:36:05 p. m.","ene. 00, 1900 12:00:00 a. m.",0,La luz de advertencia del vehículo está encendida,,Telematics Device,Telematics device,168,,
A-05507-A,"Vehicle, Conductores del mundo","sep. 16, 2025 1:46:19 p. m.","ene. 00, 1900 12:00:00 a. m.",0,Catalyst system efficiency below threshold bank 1,No sub type information,OBD with Source Address Information,OBD Powertrain,P0420,,
A-05507-A,"Vehicle, Conductores del mundo","sep. 16, 2025 1:46:19 p. m.","ene. 00, 1900 12:00:00 a. m.",0,Catalyst system efficiency below threshold bank 1,No sub type information,OBD with Source Address Information,OBD Powertrain,P0420,,
A-05507-A,"Vehicle, Conductores del mundo","sep. 16, 2025 1:46:39 p. m.","ene. 00, 1900 12:00:00 a. m.",0,La luz de advertencia del vehículo está encendida,,Telematics Device,Telematics device,168,,
A-05507-A,"Vehicle, Conductores del mundo","sep. 16, 2025 2:50:51 p. m.","ene. 00, 1900 12:00:00 a. m.",0,Catalyst system efficiency below threshold bank 1,No sub type information,OBD with Source Address Information,OBD Powertrain,P0420,,
A-05507-A,"Vehicle, Conductores del mundo","sep. 16, 2025 2:50:51 p. m.","ene. 00, 1900 12:00:00 a. m.",0,Catalyst system efficiency below threshold bank 1,No sub type information,OBD with Source Address Information,OBD Powertrain,P0420,,
A-05507-A,"Vehicle, Conductores del mundo","sep. 16, 2025 2:51:11 p. m.","ene. 00, 1900 12:00:00 a. m.",0,La luz de advertencia del vehículo está encendida,,Telematics Device,Telematics device,168,,
A-05507-A,"Vehicle, Conductores del mundo","sep. 16, 2025 5:23:53 p. m.","ene. 00, 1900 12:00:00 a. m.",0,Catalyst system efficiency below threshold bank 1,No sub type information,OBD with Source Address Information,OBD Powertrain,P0420,,
A-05507-A,"Vehicle, Conductores del mundo","sep. 16, 2025 5:23:53 p. m.","ene. 00, 1900 12:00:00 a. m.",0,Catalyst system efficiency below threshold bank 1,No sub type information,OBD with Source Address Information,OBD Powertrain,P0420,,
A-05507-A,"Vehicle, Conductores del mundo","sep. 16, 2025 5:24:13 p. m.","ene. 00, 1900 12:00:00 a. m.",0,La luz de advertencia del vehículo está encendida,,Telematics Device,Telematics device,168,,
A-05507-A,"Vehicle, Conductores del mundo","sep. 16, 2025 6:54:35 p. m.","ene. 00, 1900 12:00:00 a. m.",0,Catalyst system efficiency below threshold bank 1,No sub type information,OBD with Source Address Information,OBD Powertrain,P0420,,
A-05507-A,"Vehicle, Conductores del mundo","sep. 16, 2025 6:54:36 p. m.","ene. 00, 1900 12:00:00 a. m.",0,Catalyst system efficiency below threshold bank 1,No sub type information,OBD with Source Address Information,OBD Powertrain,P0420,,
A-05507-A,"Vehicle, Conductores del mundo","sep. 16, 2025 6:54:55 p. m.","ene. 00, 1900 12:00:00 a. m.",0,La luz de advertencia del vehículo está encendida,,Telematics Device,Telematics device,168,,
A-05507-A,"Vehicle, Conductores del mundo","sep. 16, 2025 6:59:05 p. m.","ene. 00, 1900 12:00:00 a. m.",0,Catalyst system efficiency below threshold bank 1,No sub type information,OBD with Source Address Information,OBD Powertrain,P0420,,
A-05507-A,"Vehicle, Conductores del mundo","sep. 16, 2025 6:59:06 p. m.","ene. 00, 1900 12:00:00 a. m.",0,Catalyst system efficiency below threshold bank 1,No sub type information,OBD with Source Address Information,OBD Powertrain,P0420,,
A-05507-A,"Vehicle, Conductores del mundo","sep. 16, 2025 6:59:26 p. m.","ene. 00, 1900 12:00:00 a. m.",0,La luz de advertencia del vehículo está encendida,,Telematics Device,Telematics device,168,,
A-05507-A,"Vehicle, Conductores del mundo","sep. 17, 2025 4:45:23 a. m.","ene. 00, 1900 12:00:00 a. m.",0,Catalyst system efficiency below threshold bank 1,No sub type information,OBD with Source Address Information,OBD Powertrain,P0420,,
A-05507-A,"Vehicle, Conductores del mundo","sep. 17, 2025 4:45:24 a. m.","ene. 00, 1900 12:00:00 a. m.",0,Catalyst system efficiency below threshold bank 1,No sub type information,OBD with Source Address Information,OBD Powertrain,P0420,,
A-05507-A,"Vehicle, Conductores del mundo","sep. 17, 2025 4:45:43 a. m.","ene. 00, 1900 12:00:00 a. m.",0,La luz de advertencia del vehículo está encendida,,Telematics Device,Telematics device,168,,
A-05507-A,"Vehicle, Conductores del mundo","sep. 17, 2025 6:34:16 a. m.","ene. 00, 1900 12:00:00 a. m.",0,Catalyst system efficiency below threshold bank 1,No sub type information,OBD with Source Address Information,OBD Powertrain,P0420,,
A-05507-A,"Vehicle, Conductores del mundo","sep. 17, 2025 6:34:16 a. m.","ene. 00, 1900 12:00:00 a. m.",0,Catalyst system efficiency below threshold bank 1,No sub type information,OBD with Source Address Information,OBD Powertrain,P0420,,
A-05507-A,"Vehicle, Conductores del mundo","sep. 17, 2025 6:34:36 a. m.","ene. 00, 1900 12:00:00 a. m.",0,La luz de advertencia del vehículo está encendida,,Telematics Device,Telematics device,168,,
A-05507-A,"Vehicle, Conductores del mundo","sep. 17, 2025 7:42:08 a. m.","ene. 00, 1900 12:00:00 a. m.",0,Catalyst system efficiency below threshold bank 1,No sub type information,OBD with Source Address Information,OBD Powertrain,P0420,,
A-05507-A,"Vehicle, Conductores del mundo","sep. 17, 2025 7:42:09 a. m.","ene. 00, 1900 12:00:00 a. m.",0,Catalyst system efficiency below threshold bank 1,No sub type information,OBD with Source Address Information,OBD Powertrain,P0420,,
A-05507-A,"Vehicle, Conductores del mundo","sep. 17, 2025 7:42:28 a. m.","ene. 00, 1900 12:00:00 a. m.",0,La luz de advertencia del vehículo está encendida,,Telematics Device,Telematics device,168,,
A-05507-A,"Vehicle, Conductores del mundo","sep. 17, 2025 7:57:58 a. m.","ene. 00, 1900 12:00:00 a. m.",0,Catalyst system efficiency below threshold bank 1,No sub type information,OBD with Source Address Information,OBD Powertrain,P0420,,
A-05507-A,"Vehicle, Conductores del mundo","sep. 17, 2025 7:57:58 a. m.","ene. 00, 1900 12:00:00 a. m.",0,Catalyst system efficiency below threshold bank 1,No sub type information,OBD with Source Address Information,OBD Powertrain,P0420,,
A-05507-A,"Vehicle, Conductores del mundo","sep. 17, 2025 7:58:18 a. m.","ene. 00, 1900 12:00:00 a. m.",0,La luz de advertencia del vehículo está encendida,,Telematics Device,Telematics device,168,,
A-05507-A,"Vehicle, Conductores del mundo","sep. 17, 2025 8:13:50 a. m.","ene. 00, 1900 12:00:00 a. m.",0,Catalyst system efficiency below threshold bank 1,No sub type information,OBD with Source Address Information,OBD Powertrain,P0420,,
A-05507-A,"Vehicle, Conductores del mundo","sep. 17, 2025 8:13:51 a. m.","ene. 00, 1900 12:00:00 a. m.",0,Catalyst system efficiency below threshold bank 1,No sub type information,OBD with Source Address Information,OBD Powertrain,P0420,,
A-05507-A,"Vehicle, Conductores del mundo","sep. 17, 2025 8:14:11 a. m.","ene. 00, 1900 12:00:00 a. m.",0,La luz de advertencia del vehículo está encendida,,Telematics Device,Telematics device,168,,
A-05507-A,"Vehicle, Conductores del mundo","sep. 17, 2025 10:16:49 a. m.","ene. 00, 1900 12:00:00 a. m.",0,Catalyst system efficiency below threshold bank 1,No sub type information,OBD with Source Address Information,OBD Powertrain,P0420,,
A-05507-A,"Vehicle, Conductores del mundo","sep. 17, 2025 10:16:49 a. m.","ene. 00, 1900 12:00:00 a. m.",0,Catalyst system efficiency below threshold bank 1,No sub type information,OBD with Source Address Information,OBD Powertrain,P0420,,
A-05507-A,"Vehicle, Conductores del mundo","sep. 17, 2025 10:17:09 a. m.","ene. 00, 1900 12:00:00 a. m.",0,La luz de advertencia del vehículo está encendida,,Telematics Device,Telematics device,168,,
A-05507-A,"Vehicle, Conductores del mundo","sep. 17, 2025 10:45:52 a. m.","ene. 00, 1900 12:00:00 a. m.",0,Catalyst system efficiency below threshold bank 1,No sub type information,OBD with Source Address Information,OBD Powertrain,P0420,,
A-05507-A,"Vehicle, Conductores del mundo","sep. 17, 2025 10:45:53 a. m.","ene. 00, 1900 12:00:00 a. m.",0,Catalyst system efficiency below threshold bank 1,No sub type information,OBD with Source Address Information,OBD Powertrain,P0420,,
A-05507-A,"Vehicle, Conductores del mundo","sep. 17, 2025 10:46:13 a. m.","ene. 00, 1900 12:00:00 a. m.",0,La luz de advertencia del vehículo está encendida,,Telematics Device,Telematics device,168,,
A-05507-A,"Vehicle, Conductores del mundo","sep. 17, 2025 10:54:52 a. m.","ene. 00, 1900 12:00:00 a. m.",0,Catalyst system efficiency below threshold bank 1,No sub type information,OBD with Source Address Information,OBD Powertrain,P0420,,
A-05507-A,"Vehicle, Conductores del mundo","sep. 17, 2025 10:54:53 a. m.","ene. 00, 1900 12:00:00 a. m.",0,Catalyst system efficiency below threshold bank 1,No sub type information,OBD with Source Address Information,OBD Powertrain,P0420,,
A-05507-A,"Vehicle, Conductores del mundo","sep. 17, 2025 10:55:13 a. m.","ene. 00, 1900 12:00:00 a. m.",0,La luz de advertencia del vehículo está encendida,,Telematics Device,Telematics device,168,,
A-05507-A,"Vehicle, Conductores del mundo","sep. 17, 2025 11:23:33 a. m.","ene. 00, 1900 12:00:00 a. m.",0,Catalyst system efficiency below threshold bank 1,No sub type information,OBD with Source Address Information,OBD Powertrain,P0420,,
A-05507-A,"Vehicle, Conductores del mundo","sep. 17, 2025 11:23:33 a. m.","ene. 00, 1900 12:00:00 a. m.",0,Catalyst system efficiency below threshold bank 1,No sub type information,OBD with Source Address Information,OBD Powertrain,P0420,,
A-05507-A,"Vehicle, Conductores del mundo","sep. 17, 2025 11:23:53 a. m.","ene. 00, 1900 12:00:00 a. m.",0,La luz de advertencia del vehículo está encendida,,Telematics Device,Telematics device,168,,
A-05507-A,"Vehicle, Conductores del mundo","sep. 17, 2025 1:09:18 p. m.","ene. 00, 1900 12:00:00 a. m.",0,Catalyst system efficiency below threshold bank 1,No sub type information,OBD with Source Address Information,OBD Powertrain,P0420,,
A-05507-A,"Vehicle, Conductores del mundo","sep. 17, 2025 1:09:19 p. m.","ene. 00, 1900 12:00:00 a. m.",0,Catalyst system efficiency below threshold bank 1,No sub type information,OBD with Source Address Information,OBD Powertrain,P0420,,
A-05507-A,"Vehicle, Conductores del mundo","sep. 17, 2025 1:09:39 p. m.","ene. 00, 1900 12:00:00 a. m.",0,La luz de advertencia del vehículo está encendida,,Telematics Device,Telematics device,168,,
A-05507-A,"Vehicle, Conductores del mundo","sep. 17, 2025 1:12:13 p. m.","ene. 00, 1900 12:00:00 a. m.",0,Catalyst system efficiency below threshold bank 1,No sub type information,OBD with Source Address Information,OBD Powertrain,P0420,,
A-05507-A,"Vehicle, Conductores del mundo","sep. 17, 2025 1:12:13 p. m.","ene. 00, 1900 12:00:00 a. m.",0,Catalyst system efficiency below threshold bank 1,No sub type information,OBD with Source Address Information,OBD Powertrain,P0420,,
A-05507-A,"Vehicle, Conductores del mundo","sep. 17, 2025 1:12:33 p. m.","ene. 00, 1900 12:00:00 a. m.",0,La luz de advertencia del vehículo está encendida,,Telematics Device,Telematics device,168,,
A-05507-A,"Vehicle, Conductores del mundo","sep. 17, 2025 1:25:35 p. m.","ene. 00, 1900 12:00:00 a. m.",0,Catalyst system efficiency below threshold bank 1,No sub type information,OBD with Source Address Information,OBD Powertrain,P0420,,
A-05507-A,"Vehicle, Conductores del mundo","sep. 17, 2025 1:25:35 p. m.","ene. 00, 1900 12:00:00 a. m.",0,Catalyst system efficiency below threshold bank 1,No sub type information,OBD with Source Address Information,OBD Powertrain,P0420,,
A-05507-A,"Vehicle, Conductores del mundo","sep. 17, 2025 1:25:55 p. m.","ene. 00, 1900 12:00:00 a. m.",0,La luz de advertencia del vehículo está encendida,,Telematics Device,Telematics device,168,,
A-05507-A,"Vehicle, Conductores del mundo","sep. 17, 2025 4:50:36 p. m.","ene. 00, 1900 12:00:00 a. m.",0,Catalyst system efficiency below threshold bank 1,No sub type information,OBD with Source Address Information,OBD Powertrain,P0420,,
A-05507-A,"Vehicle, Conductores del mundo","sep. 17, 2025 4:50:37 p. m.","ene. 00, 1900 12:00:00 a. m.",0,Catalyst system efficiency below threshold bank 1,No sub type information,OBD with Source Address Information,OBD Powertrain,P0420,,
A-05507-A,"Vehicle, Conductores del mundo","sep. 17, 2025 4:50:57 p. m.","ene. 00, 1900 12:00:00 a. m.",0,La luz de advertencia del vehículo está encendida,,Telematics Device,Telematics device,168,,
A-05507-A,"Vehicle, Conductores del mundo","sep. 17, 2025 5:21:51 p. m.","ene. 00, 1900 12:00:00 a. m.",0,Catalyst system efficiency below threshold bank 1,No sub type information,OBD with Source Address Information,OBD Powertrain,P0420,,
A-05507-A,"Vehicle, Conductores del mundo","sep. 17, 2025 5:21:51 p. m.","ene. 00, 1900 12:00:00 a. m.",0,Catalyst system efficiency below threshold bank 1,No sub type information,OBD with Source Address Information,OBD Powertrain,P0420,,
A-05507-A,"Vehicle, Conductores del mundo","sep. 17, 2025 5:22:11 p. m.","ene. 00, 1900 12:00:00 a. m.",0,La luz de advertencia del vehículo está encendida,,Telematics Device,Telematics device,168,,
A-05507-A,"Vehicle, Conductores del mundo","sep. 17, 2025 6:48:56 p. m.","ene. 00, 1900 12:00:00 a. m.",0,Catalyst system efficiency below threshold bank 1,No sub type information,OBD with Source Address Information,OBD Powertrain,P0420,,
A-05507-A,"Vehicle, Conductores del mundo","sep. 17, 2025 6:48:56 p. m.","ene. 00, 1900 12:00:00 a. m.",0,Catalyst system efficiency below threshold bank 1,No sub type information,OBD with Source Address Information,OBD Powertrain,P0420,,
A-05507-A,"Vehicle, Conductores del mundo","sep. 17, 2025 6:49:16 p. m.","ene. 00, 1900 12:00:00 a. m.",0,La luz de advertencia del vehículo está encendida,,Telematics Device,Telematics device,168,,
A-05507-A,"Vehicle, Conductores del mundo","sep. 18, 2025 4:45:17 a. m.","ene. 00, 1900 12:00:00 a. m.",0,Catalyst system efficiency below threshold bank 1,No sub type information,OBD with Source Address Information,OBD Powertrain,P0420,,
A-05507-A,"Vehicle, Conductores del mundo","sep. 18, 2025 4:45:17 a. m.","ene. 00, 1900 12:00:00 a. m.",0,Catalyst system efficiency below threshold bank 1,No sub type information,OBD with Source Address Information,OBD Powertrain,P0420,,
A-05507-A,"Vehicle, Conductores del mundo","sep. 18, 2025 4:45:37 a. m.","ene. 00, 1900 12:00:00 a. m.",0,La luz de advertencia del vehículo está encendida,,Telematics Device,Telematics device,168,,
A-05507-A,"Vehicle, Conductores del mundo","sep. 18, 2025 7:09:38 a. m.","ene. 00, 1900 12:00:00 a. m.",0,Catalyst system efficiency below threshold bank 1,No sub type information,OBD with Source Address Information,OBD Powertrain,P0420,,
A-05507-A,"Vehicle, Conductores del mundo","sep. 18, 2025 7:09:38 a. m.","ene. 00, 1900 12:00:00 a. m.",0,Catalyst system efficiency below threshold bank 1,No sub type information,OBD with Source Address Information,OBD Powertrain,P0420,,
A-05507-A,"Vehicle, Conductores del mundo","sep. 18, 2025 7:09:58 a. m.","ene. 00, 1900 12:00:00 a. m.",0,La luz de advertencia del vehículo está encendida,,Telematics Device,Telematics device,168,,
A-05507-A,"Vehicle, Conductores del mundo","sep. 18, 2025 7:27:14 a. m.","ene. 00, 1900 12:00:00 a. m.",0,Catalyst system efficiency below threshold bank 1,No sub type information,OBD with Source Address Information,OBD Powertrain,P0420,,
A-05507-A,"Vehicle, Conductores del mundo","sep. 18, 2025 7:27:14 a. m.","ene. 00, 1900 12:00:00 a. m.",0,Catalyst system efficiency below threshold bank 1,No sub type information,OBD with Source Address Information,OBD Powertrain,P0420,,
A-05507-A,"Vehicle, Conductores del mundo","sep. 18, 2025 7:27:34 a. m.","ene. 00, 1900 12:00:00 a. m.",0,La luz de advertencia del vehículo está encendida,,Telematics Device,Telematics device,168,,
A-05507-A,"Vehicle, Conductores del mundo","sep. 18, 2025 9:08:58 a. m.","ene. 00, 1900 12:00:00 a. m.",0,Catalyst system efficiency below threshold bank 1,No sub type information,OBD with Source Address Information,OBD Powertrain,P0420,,
A-05507-A,"Vehicle, Conductores del mundo","sep. 18, 2025 9:08:58 a. m.","ene. 00, 1900 12:00:00 a. m.",0,Catalyst system efficiency below threshold bank 1,No sub type information,OBD with Source Address Information,OBD Powertrain,P0420,,
A-05507-A,"Vehicle, Conductores del mundo","sep. 18, 2025 9:09:18 a. m.","ene. 00, 1900 12:00:00 a. m.",0,La luz de advertencia del vehículo está encendida,,Telematics Device,Telematics device,168,,
A-05507-A,"Vehicle, Conductores del mundo","sep. 18, 2025 9:14:19 a. m.","ene. 00, 1900 12:00:00 a. m.",0,Catalyst system efficiency below threshold bank 1,No sub type information,OBD with Source Address Information,OBD Powertrain,P0420,,
A-05507-A,"Vehicle, Conductores del mundo","sep. 18, 2025 9:14:19 a. m.","ene. 00, 1900 12:00:00 a. m.",0,Catalyst system efficiency below threshold bank 1,No sub type information,OBD with Source Address Information,OBD Powertrain,P0420,,
A-05507-A,"Vehicle, Conductores del mundo","sep. 18, 2025 9:14:39 a. m.","ene. 00, 1900 12:00:00 a. m.",0,La luz de advertencia del vehículo está encendida,,Telematics Device,Telematics device,168,,
A-05507-A,"Vehicle, Conductores del mundo","sep. 18, 2025 10:38:52 a. m.","ene. 00, 1900 12:00:00 a. m.",0,Catalyst system efficiency below threshold bank 1,No sub type information,OBD with Source Address Information,OBD Powertrain,P0420,,
A-05507-A,"Vehicle, Conductores del mundo","sep. 18, 2025 10:38:52 a. m.","ene. 00, 1900 12:00:00 a. m.",0,Catalyst system efficiency below threshold bank 1,No sub type information,OBD with Source Address Information,OBD Powertrain,P0420,,
A-05507-A,"Vehicle, Conductores del mundo","sep. 18, 2025 10:39:12 a. m.","ene. 00, 1900 12:00:00 a. m.",0,La luz de advertencia del vehículo está encendida,,Telematics Device,Telematics device,168,,
A-05507-A,"Vehicle, Conductores del mundo","sep. 18, 2025 10:58:22 a. m.","ene. 00, 1900 12:00:00 a. m.",0,Catalyst system efficiency below threshold bank 1,No sub type information,OBD with Source Address Information,OBD Powertrain,P0420,,
A-05507-A,"Vehicle, Conductores del mundo","sep. 18, 2025 10:58:23 a. m.","ene. 00, 1900 12:00:00 a. m.",0,Catalyst system efficiency below threshold bank 1,No sub type information,OBD with Source Address Information,OBD Powertrain,P0420,,
A-05507-A,"Vehicle, Conductores del mundo","sep. 18, 2025 10:58:43 a. m.","ene. 00, 1900 12:00:00 a. m.",0,La luz de advertencia del vehículo está encendida,,Telematics Device,Telematics device,168,,
A-05507-A,"Vehicle, Conductores del mundo","sep. 18, 2025 11:07:23 a. m.","ene. 00, 1900 12:00:00 a. m.",0,Catalyst system efficiency below threshold bank 1,No sub type information,OBD with Source Address Information,OBD Powertrain,P0420,,
A-05507-A,"Vehicle, Conductores del mundo","sep. 18, 2025 11:07:23 a. m.","ene. 00, 1900 12:00:00 a. m.",0,Catalyst system efficiency below threshold bank 1,No sub type information,OBD with Source Address Information,OBD Powertrain,P0420,,
A-05507-A,"Vehicle, Conductores del mundo","sep. 18, 2025 11:07:43 a. m.","ene. 00, 1900 12:00:00 a. m.",0,La luz de advertencia del vehículo está encendida,,Telematics Device,Telematics device,168,,
A-05507-A,"Vehicle, Conductores del mundo","sep. 18, 2025 11:13:00 a. m.","ene. 00, 1900 12:00:00 a. m.",0,Catalyst system efficiency below threshold bank 1,No sub type information,OBD with Source Address Information,OBD Powertrain,P0420,,
A-05507-A,"Vehicle, Conductores del mundo","sep. 18, 2025 11:13:01 a. m.","ene. 00, 1900 12:00:00 a. m.",0,Catalyst system efficiency below threshold bank 1,No sub type information,OBD with Source Address Information,OBD Powertrain,P0420,,
A-05507-A,"Vehicle, Conductores del mundo","sep. 18, 2025 11:13:21 a. m.","ene. 00, 1900 12:00:00 a. m.",0,La luz de advertencia del vehículo está encendida,,Telematics Device,Telematics device,168,,
A-05507-A,"Vehicle, Conductores del mundo","sep. 18, 2025 11:26:31 a. m.","ene. 00, 1900 12:00:00 a. m.",0,Catalyst system efficiency below threshold bank 1,No sub type information,OBD with Source Address Information,OBD Powertrain,P0420,,
A-05507-A,"Vehicle, Conductores del mundo","sep. 18, 2025 11:26:32 a. m.","ene. 00, 1900 12:00:00 a. m.",0,Catalyst system efficiency below threshold bank 1,No sub type information,OBD with Source Address Information,OBD Powertrain,P0420,,
A-05507-A,"Vehicle, Conductores del mundo","sep. 18, 2025 11:26:52 a. m.","ene. 00, 1900 12:00:00 a. m.",0,La luz de advertencia del vehículo está encendida,,Telematics Device,Telematics device,168,,
A-05507-A,"Vehicle, Conductores del mundo","sep. 18, 2025 11:38:48 a. m.","ene. 00, 1900 12:00:00 a. m.",0,Catalyst system efficiency below threshold bank 1,No sub type information,OBD with Source Address Information,OBD Powertrain,P0420,,
A-05507-A,"Vehicle, Conductores del mundo","sep. 18, 2025 11:38:48 a. m.","ene. 00, 1900 12:00:00 a. m.",0,Catalyst system efficiency below threshold bank 1,No sub type information,OBD with Source Address Information,OBD Powertrain,P0420,,
A-05507-A,"Vehicle, Conductores del mundo","sep. 18, 2025 11:39:08 a. m.","ene. 00, 1900 12:00:00 a. m.",0,La luz de advertencia del vehículo está encendida,,Telematics Device,Telematics device,168,,
A-05507-A,"Vehicle, Conductores del mundo","sep. 18, 2025 12:22:47 p. m.","ene. 00, 1900 12:00:00 a. m.",0,Catalyst system efficiency below threshold bank 1,No sub type information,OBD with Source Address Information,OBD Powertrain,P0420,,
A-05507-A,"Vehicle, Conductores del mundo","sep. 18, 2025 12:22:48 p. m.","ene. 00, 1900 12:00:00 a. m.",0,Catalyst system efficiency below threshold bank 1,No sub type information,OBD with Source Address Information,OBD Powertrain,P0420,,
A-05507-A,"Vehicle, Conductores del mundo","sep. 18, 2025 12:23:07 p. m.","ene. 00, 1900 12:00:00 a. m.",0,La luz de advertencia del vehículo está encendida,,Telematics Device,Telematics device,168,,
A-05507-A,"Vehicle, Conductores del mundo","sep. 18, 2025 12:49:05 p. m.","ene. 00, 1900 12:00:00 a. m.",0,Catalyst system efficiency below threshold bank 1,No sub type information,OBD with Source Address Information,OBD Powertrain,P0420,,
A-05507-A,"Vehicle, Conductores del mundo","sep. 18, 2025 12:49:05 p. m.","ene. 00, 1900 12:00:00 a. m.",0,Catalyst system efficiency below threshold bank 1,No sub type information,OBD with Source Address Information,OBD Powertrain,P0420,,
A-05507-A,"Vehicle, Conductores del mundo","sep. 18, 2025 12:49:25 p. m.","ene. 00, 1900 12:00:00 a. m.",0,La luz de advertencia del vehículo está encendida,,Telematics Device,Telematics device,168,,
A-05507-A,"Vehicle, Conductores del mundo","sep. 18, 2025 1:24:23 p. m.","ene. 00, 1900 12:00:00 a. m.",0,Catalyst system efficiency below threshold bank 1,No sub type information,OBD with Source Address Information,OBD Powertrain,P0420,,
A-05507-A,"Vehicle, Conductores del mundo","sep. 18, 2025 1:24:23 p. m.","ene. 00, 1900 12:00:00 a. m.",0,Catalyst system efficiency below threshold bank 1,No sub type information,OBD with Source Address Information,OBD Powertrain,P0420,,
A-05507-A,"Vehicle, Conductores del mundo","sep. 18, 2025 1:24:43 p. m.","ene. 00, 1900 12:00:00 a. m.",0,La luz de advertencia del vehículo está encendida,,Telematics Device,Telematics device,168,,
A-05507-A,"Vehicle, Conductores del mundo","sep. 18, 2025 1:57:00 p. m.","ene. 00, 1900 12:00:00 a. m.",0,Catalyst system efficiency below threshold bank 1,No sub type information,OBD with Source Address Information,OBD Powertrain,P0420,,
A-05507-A,"Vehicle, Conductores del mundo","sep. 18, 2025 1:57:00 p. m.","ene. 00, 1900 12:00:00 a. m.",0,Catalyst system efficiency below threshold bank 1,No sub type information,OBD with Source Address Information,OBD Powertrain,P0420,,
A-05507-A,"Vehicle, Conductores del mundo","sep. 18, 2025 1:57:20 p. m.","ene. 00, 1900 12:00:00 a. m.",0,La luz de advertencia del vehículo está encendida,,Telematics Device,Telematics device,168,,
A-05507-A,"Vehicle, Conductores del mundo","sep. 18, 2025 3:53:46 p. m.","ene. 00, 1900 12:00:00 a. m.",0,Catalyst system efficiency below threshold bank 1,No sub type information,OBD with Source Address Information,OBD Powertrain,P0420,,
A-05507-A,"Vehicle, Conductores del mundo","sep. 18, 2025 3:53:47 p. m.","ene. 00, 1900 12:00:00 a. m.",0,Catalyst system efficiency below threshold bank 1,No sub type information,OBD with Source Address Information,OBD Powertrain,P0420,,
A-05507-A,"Vehicle, Conductores del mundo","sep. 18, 2025 3:54:07 p. m.","ene. 00, 1900 12:00:00 a. m.",0,La luz de advertencia del vehículo está encendida,,Telematics Device,Telematics device,168,,
A-05507-A,"Vehicle, Conductores del mundo","sep. 18, 2025 7:01:48 p. m.","ene. 00, 1900 12:00:00 a. m.",0,Catalyst system efficiency below threshold bank 1,No sub type information,OBD with Source Address Information,OBD Powertrain,P0420,,
A-05507-A,"Vehicle, Conductores del mundo","sep. 18, 2025 7:01:49 p. m.","ene. 00, 1900 12:00:00 a. m.",0,Catalyst system efficiency below threshold bank 1,No sub type information,OBD with Source Address Information,OBD Powertrain,P0420,,
A-05507-A,"Vehicle, Conductores del mundo","sep. 18, 2025 7:02:08 p. m.","ene. 00, 1900 12:00:00 a. m.",0,La luz de advertencia del vehículo está encendida,,Telematics Device,Telematics device,168,,
A-05507-A,"Vehicle, Conductores del mundo","sep. 18, 2025 9:06:28 p. m.","ene. 00, 1900 12:00:00 a. m.",0,Catalyst system efficiency below threshold bank 1,No sub type information,OBD with Source Address Information,OBD Powertrain,P0420,,
A-05507-A,"Vehicle, Conductores del mundo","sep. 18, 2025 9:06:28 p. m.","ene. 00, 1900 12:00:00 a. m.",0,Catalyst system efficiency below threshold bank 1,No sub type information,OBD with Source Address Information,OBD Powertrain,P0420,,
A-05507-A,"Vehicle, Conductores del mundo","sep. 18, 2025 9:06:48 p. m.","ene. 00, 1900 12:00:00 a. m.",0,La luz de advertencia del vehículo está encendida,,Telematics Device,Telematics device,168,,
A-05507-A,"Vehicle, Conductores del mundo","sep. 19, 2025 4:39:05 a. m.","ene. 00, 1900 12:00:00 a. m.",0,Catalyst system efficiency below threshold bank 1,No sub type information,OBD with Source Address Information,OBD Powertrain,P0420,,
A-05507-A,"Vehicle, Conductores del mundo","sep. 19, 2025 4:39:05 a. m.","ene. 00, 1900 12:00:00 a. m.",0,Catalyst system efficiency below threshold bank 1,No sub type information,OBD with Source Address Information,OBD Powertrain,P0420,,
A-05507-A,"Vehicle, Conductores del mundo","sep. 19, 2025 4:39:25 a. m.","ene. 00, 1900 12:00:00 a. m.",0,La luz de advertencia del vehículo está encendida,,Telematics Device,Telematics device,168,,
A-05507-A,"Vehicle, Conductores del mundo","sep. 19, 2025 6:25:27 a. m.","ene. 00, 1900 12:00:00 a. m.",0,Catalyst system efficiency below threshold bank 1,No sub type information,OBD with Source Address Information,OBD Powertrain,P0420,,
A-05507-A,"Vehicle, Conductores del mundo","sep. 19, 2025 6:25:27 a. m.","ene. 00, 1900 12:00:00 a. m.",0,Catalyst system efficiency below threshold bank 1,No sub type information,OBD with Source Address Information,OBD Powertrain,P0420,,
A-05507-A,"Vehicle, Conductores del mundo","sep. 19, 2025 6:25:47 a. m.","ene. 00, 1900 12:00:00 a. m.",0,La luz de advertencia del vehículo está encendida,,Telematics Device,Telematics device,168,,
A-05507-A,"Vehicle, Conductores del mundo","sep. 19, 2025 7:28:05 a. m.","ene. 00, 1900 12:00:00 a. m.",0,Catalyst system efficiency below threshold bank 1,No sub type information,OBD with Source Address Information,OBD Powertrain,P0420,,
A-05507-A,"Vehicle, Conductores del mundo","sep. 19, 2025 7:28:06 a. m.","ene. 00, 1900 12:00:00 a. m.",0,Catalyst system efficiency below threshold bank 1,No sub type information,OBD with Source Address Information,OBD Powertrain,P0420,,
A-05507-A,"Vehicle, Conductores del mundo","sep. 19, 2025 7:28:25 a. m.","ene. 00, 1900 12:00:00 a. m.",0,La luz de advertencia del vehículo está encendida,,Telematics Device,Telematics device,168,,
A-05507-A,"Vehicle, Conductores del mundo","sep. 19, 2025 9:10:06 a. m.","ene. 00, 1900 12:00:00 a. m.",0,Catalyst system efficiency below threshold bank 1,No sub type information,OBD with Source Address Information,OBD Powertrain,P0420,,
A-05507-A,"Vehicle, Conductores del mundo","sep. 19, 2025 9:10:06 a. m.","ene. 00, 1900 12:00:00 a. m.",0,Catalyst system efficiency below threshold bank 1,No sub type information,OBD with Source Address Information,OBD Powertrain,P0420,,
A-05507-A,"Vehicle, Conductores del mundo","sep. 19, 2025 9:10:26 a. m.","ene. 00, 1900 12:00:00 a. m.",0,La luz de advertencia del vehículo está encendida,,Telematics Device,Telematics device,168,,
A-05507-A,"Vehicle, Conductores del mundo","sep. 19, 2025 10:42:38 a. m.","ene. 00, 1900 12:00:00 a. m.",0,Catalyst system efficiency below threshold bank 1,No sub type information,OBD with Source Address Information,OBD Powertrain,P0420,,
A-05507-A,"Vehicle, Conductores del mundo","sep. 19, 2025 10:42:38 a. m.","ene. 00, 1900 12:00:00 a. m.",0,Catalyst system efficiency below threshold bank 1,No sub type information,OBD with Source Address Information,OBD Powertrain,P0420,,
A-05507-A,"Vehicle, Conductores del mundo","sep. 19, 2025 10:42:58 a. m.","ene. 00, 1900 12:00:00 a. m.",0,La luz de advertencia del vehículo está encendida,,Telematics Device,Telematics device,168,,
A-05507-A,"Vehicle, Conductores del mundo","sep. 19, 2025 10:56:12 a. m.","ene. 00, 1900 12:00:00 a. m.",0,Catalyst system efficiency below threshold bank 1,No sub type information,OBD with Source Address Information,OBD Powertrain,P0420,,
A-05507-A,"Vehicle, Conductores del mundo","sep. 19, 2025 10:56:12 a. m.","ene. 00, 1900 12:00:00 a. m.",0,Catalyst system efficiency below threshold bank 1,No sub type information,OBD with Source Address Information,OBD Powertrain,P0420,,
A-05507-A,"Vehicle, Conductores del mundo","sep. 19, 2025 10:56:32 a. m.","ene. 00, 1900 12:00:00 a. m.",0,La luz de advertencia del vehículo está encendida,,Telematics Device,Telematics device,168,,
A-05507-A,"Vehicle, Conductores del mundo","sep. 19, 2025 10:59:06 a. m.","ene. 00, 1900 12:00:00 a. m.",0,Catalyst system efficiency below threshold bank 1,No sub type information,OBD with Source Address Information,OBD Powertrain,P0420,,
A-05507-A,"Vehicle, Conductores del mundo","sep. 19, 2025 10:59:07 a. m.","ene. 00, 1900 12:00:00 a. m.",0,Catalyst system efficiency below threshold bank 1,No sub type information,OBD with Source Address Information,OBD Powertrain,P0420,,
A-05507-A,"Vehicle, Conductores del mundo","sep. 19, 2025 10:59:27 a. m.","ene. 00, 1900 12:00:00 a. m.",0,La luz de advertencia del vehículo está encendida,,Telematics Device,Telematics device,168,,
A-05507-A,"Vehicle, Conductores del mundo","sep. 19, 2025 11:18:46 a. m.","ene. 00, 1900 12:00:00 a. m.",0,Catalyst system efficiency below threshold bank 1,No sub type information,OBD with Source Address Information,OBD Powertrain,P0420,,
A-05507-A,"Vehicle, Conductores del mundo","sep. 19, 2025 11:18:46 a. m.","ene. 00, 1900 12:00:00 a. m.",0,Catalyst system efficiency below threshold bank 1,No sub type information,OBD with Source Address Information,OBD Powertrain,P0420,,
A-05507-A,"Vehicle, Conductores del mundo","sep. 19, 2025 11:19:06 a. m.","ene. 00, 1900 12:00:00 a. m.",0,La luz de advertencia del vehículo está encendida,,Telematics Device,Telematics device,168,,
A-05507-A,"Vehicle, Conductores del mundo","sep. 19, 2025 11:41:21 a. m.","ene. 00, 1900 12:00:00 a. m.",0,Catalyst system efficiency below threshold bank 1,No sub type information,OBD with Source Address Information,OBD Powertrain,P0420,,
A-05507-A,"Vehicle, Conductores del mundo","sep. 19, 2025 11:41:21 a. m.","ene. 00, 1900 12:00:00 a. m.",0,Catalyst system efficiency below threshold bank 1,No sub type information,OBD with Source Address Information,OBD Powertrain,P0420,,
A-05507-A,"Vehicle, Conductores del mundo","sep. 19, 2025 11:41:41 a. m.","ene. 00, 1900 12:00:00 a. m.",0,La luz de advertencia del vehículo está encendida,,Telematics Device,Telematics device,168,,
A-05507-A,"Vehicle, Conductores del mundo","sep. 19, 2025 12:01:11 p. m.","ene. 00, 1900 12:00:00 a. m.",0,Catalyst system efficiency below threshold bank 1,No sub type information,OBD with Source Address Information,OBD Powertrain,P0420,,
A-05507-A,"Vehicle, Conductores del mundo","sep. 19, 2025 12:01:12 p. m.","ene. 00, 1900 12:00:00 a. m.",0,Catalyst system efficiency below threshold bank 1,No sub type information,OBD with Source Address Information,OBD Powertrain,P0420,,
A-05507-A,"Vehicle, Conductores del mundo","sep. 19, 2025 12:01:31 p. m.","ene. 00, 1900 12:00:00 a. m.",0,La luz de advertencia del vehículo está encendida,,Telematics Device,Telematics device,168,,
A-05507-A,"Vehicle, Conductores del mundo","sep. 19, 2025 12:26:41 p. m.","ene. 00, 1900 12:00:00 a. m.",0,Catalyst system efficiency below threshold bank 1,No sub type information,OBD with Source Address Information,OBD Powertrain,P0420,,
A-05507-A,"Vehicle, Conductores del mundo","sep. 19, 2025 12:26:41 p. m.","ene. 00, 1900 12:00:00 a. m.",0,Catalyst system efficiency below threshold bank 1,No sub type information,OBD with Source Address Information,OBD Powertrain,P0420,,
A-05507-A,"Vehicle, Conductores del mundo","sep. 19, 2025 12:27:01 p. m.","ene. 00, 1900 12:00:00 a. m.",0,La luz de advertencia del vehículo está encendida,,Telematics Device,Telematics device,168,,
A-05507-A,"Vehicle, Conductores del mundo","sep. 19, 2025 1:28:33 p. m.","ene. 00, 1900 12:00:00 a. m.",0,Catalyst system efficiency below threshold bank 1,No sub type information,OBD with Source Address Information,OBD Powertrain,P0420,,
A-05507-A,"Vehicle, Conductores del mundo","sep. 19, 2025 1:28:33 p. m.","ene. 00, 1900 12:00:00 a. m.",0,Catalyst system efficiency below threshold bank 1,No sub type information,OBD with Source Address Information,OBD Powertrain,P0420,,
A-05507-A,"Vehicle, Conductores del mundo","sep. 19, 2025 1:28:53 p. m.","ene. 00, 1900 12:00:00 a. m.",0,La luz de advertencia del vehículo está encendida,,Telematics Device,Telematics device,168,,
A-05507-A,"Vehicle, Conductores del mundo","sep. 19, 2025 1:40:43 p. m.","ene. 00, 1900 12:00:00 a. m.",0,Catalyst system efficiency below threshold bank 1,No sub type information,OBD with Source Address Information,OBD Powertrain,P0420,,
A-05507-A,"Vehicle, Conductores del mundo","sep. 19, 2025 1:40:43 p. m.","ene. 00, 1900 12:00:00 a. m.",0,Catalyst system efficiency below threshold bank 1,No sub type information,OBD with Source Address Information,OBD Powertrain,P0420,,
A-05507-A,"Vehicle, Conductores del mundo","sep. 19, 2025 1:41:03 p. m.","ene. 00, 1900 12:00:00 a. m.",0,La luz de advertencia del vehículo está encendida,,Telematics Device,Telematics device,168,,
A-05507-A,"Vehicle, Conductores del mundo","sep. 19, 2025 1:47:10 p. m.","ene. 00, 1900 12:00:00 a. m.",0,Catalyst system efficiency below threshold bank 1,No sub type information,OBD with Source Address Information,OBD Powertrain,P0420,,
A-05507-A,"Vehicle, Conductores del mundo","sep. 19, 2025 1:47:11 p. m.","ene. 00, 1900 12:00:00 a. m.",0,Catalyst system efficiency below threshold bank 1,No sub type information,OBD with Source Address Information,OBD Powertrain,P0420,,
A-05507-A,"Vehicle, Conductores del mundo","sep. 19, 2025 1:47:30 p. m.","ene. 00, 1900 12:00:00 a. m.",0,La luz de advertencia del vehículo está encendida,,Telematics Device,Telematics device,168,,
A-05507-A,"Vehicle, Conductores del mundo","sep. 19, 2025 3:14:19 p. m.","ene. 00, 1900 12:00:00 a. m.",0,Catalyst system efficiency below threshold bank 1,No sub type information,OBD with Source Address Information,OBD Powertrain,P0420,,
A-05507-A,"Vehicle, Conductores del mundo","sep. 19, 2025 3:14:19 p. m.","ene. 00, 1900 12:00:00 a. m.",0,Catalyst system efficiency below threshold bank 1,No sub type information,OBD with Source Address Information,OBD Powertrain,P0420,,
A-05507-A,"Vehicle, Conductores del mundo","sep. 19, 2025 3:14:39 p. m.","ene. 00, 1900 12:00:00 a. m.",0,La luz de advertencia del vehículo está encendida,,Telematics Device,Telematics device,168,,
A-05507-A,"Vehicle, Conductores del mundo","sep. 19, 2025 4:48:24 p. m.","ene. 00, 1900 12:00:00 a. m.",0,Catalyst system efficiency below threshold bank 1,No sub type information,OBD with Source Address Information,OBD Powertrain,P0420,,
A-05507-A,"Vehicle, Conductores del mundo","sep. 19, 2025 4:48:24 p. m.","ene. 00, 1900 12:00:00 a. m.",0,Catalyst system efficiency below threshold bank 1,No sub type information,OBD with Source Address Information,OBD Powertrain,P0420,,
A-05507-A,"Vehicle, Conductores del mundo","sep. 19, 2025 4:48:44 p. m.","ene. 00, 1900 12:00:00 a. m.",0,La luz de advertencia del vehículo está encendida,,Telematics Device,Telematics device,168,,
A-05507-A,"Vehicle, Conductores del mundo","sep. 19, 2025 5:27:04 p. m.","ene. 00, 1900 12:00:00 a. m.",0,Catalyst system efficiency below threshold bank 1,No sub type information,OBD with Source Address Information,OBD Powertrain,P0420,,
A-05507-A,"Vehicle, Conductores del mundo","sep. 19, 2025 5:27:05 p. m.","ene. 00, 1900 12:00:00 a. m.",0,Catalyst system efficiency below threshold bank 1,No sub type information,OBD with Source Address Information,OBD Powertrain,P0420,,
A-05507-A,"Vehicle, Conductores del mundo","sep. 19, 2025 5:27:25 p. m.","ene. 00, 1900 12:00:00 a. m.",0,La luz de advertencia del vehículo está encendida,,Telematics Device,Telematics device,168,,
A-05507-A,"Vehicle, Conductores del mundo","sep. 19, 2025 7:07:54 p. m.","ene. 00, 1900 12:00:00 a. m.",0,Catalyst system efficiency below threshold bank 1,No sub type information,OBD with Source Address Information,OBD Powertrain,P0420,,
A-05507-A,"Vehicle, Conductores del mundo","sep. 19, 2025 7:07:54 p. m.","ene. 00, 1900 12:00:00 a. m.",0,Catalyst system efficiency below threshold bank 1,No sub type information,OBD with Source Address Information,OBD Powertrain,P0420,,
A-05507-A,"Vehicle, Conductores del mundo","sep. 19, 2025 7:08:14 p. m.","ene. 00, 1900 12:00:00 a. m.",0,La luz de advertencia del vehículo está encendida,,Telematics Device,Telematics device,168,,
A-05507-A,"Vehicle, Conductores del mundo","sep. 20, 2025 4:41:14 a. m.","ene. 00, 1900 12:00:00 a. m.",0,Catalyst system efficiency below threshold bank 1,No sub type information,OBD with Source Address Information,OBD Powertrain,P0420,,
A-05507-A,"Vehicle, Conductores del mundo","sep. 20, 2025 4:41:14 a. m.","ene. 00, 1900 12:00:00 a. m.",0,Catalyst system efficiency below threshold bank 1,No sub type information,OBD with Source Address Information,OBD Powertrain,P0420,,
A-05507-A,"Vehicle, Conductores del mundo","sep. 20, 2025 4:41:34 a. m.","ene. 00, 1900 12:00:00 a. m.",0,La luz de advertencia del vehículo está encendida,,Telematics Device,Telematics device,168,,
A-05507-A,"Vehicle, Conductores del mundo","sep. 20, 2025 6:29:03 a. m.","ene. 00, 1900 12:00:00 a. m.",0,Catalyst system efficiency below threshold bank 1,No sub type information,OBD with Source Address Information,OBD Powertrain,P0420,,
A-05507-A,"Vehicle, Conductores del mundo","sep. 20, 2025 6:29:03 a. m.","ene. 00, 1900 12:00:00 a. m.",0,Catalyst system efficiency below threshold bank 1,No sub type information,OBD with Source Address Information,OBD Powertrain,P0420,,
A-05507-A,"Vehicle, Conductores del mundo","sep. 20, 2025 6:29:23 a. m.","ene. 00, 1900 12:00:00 a. m.",0,La luz de advertencia del vehículo está encendida,,Telematics Device,Telematics device,168,,
A-05507-A,"Vehicle, Conductores del mundo","sep. 20, 2025 6:41:44 a. m.","ene. 00, 1900 12:00:00 a. m.",0,Catalyst system efficiency below threshold bank 1,No sub type information,OBD with Source Address Information,OBD Powertrain,P0420,,
A-05507-A,"Vehicle, Conductores del mundo","sep. 20, 2025 6:41:45 a. m.","ene. 00, 1900 12:00:00 a. m.",0,Catalyst system efficiency below threshold bank 1,No sub type information,OBD with Source Address Information,OBD Powertrain,P0420,,
A-05507-A,"Vehicle, Conductores del mundo","sep. 20, 2025 6:42:05 a. m.","ene. 00, 1900 12:00:00 a. m.",0,La luz de advertencia del vehículo está encendida,,Telematics Device,Telematics device,168,,
A-05507-A,"Vehicle, Conductores del mundo","sep. 20, 2025 7:21:03 a. m.","ene. 00, 1900 12:00:00 a. m.",0,Catalyst system efficiency below threshold bank 1,No sub type information,OBD with Source Address Information,OBD Powertrain,P0420,,
A-05507-A,"Vehicle, Conductores del mundo","sep. 20, 2025 7:21:03 a. m.","ene. 00, 1900 12:00:00 a. m.",0,Catalyst system efficiency below threshold bank 1,No sub type information,OBD with Source Address Information,OBD Powertrain,P0420,,
A-05507-A,"Vehicle, Conductores del mundo","sep. 20, 2025 7:21:23 a. m.","ene. 00, 1900 12:00:00 a. m.",0,La luz de advertencia del vehículo está encendida,,Telematics Device,Telematics device,168,,
A-05507-A,"Vehicle, Conductores del mundo","sep. 20, 2025 9:14:18 a. m.","ene. 00, 1900 12:00:00 a. m.",0,Catalyst system efficiency below threshold bank 1,No sub type information,OBD with Source Address Information,OBD Powertrain,P0420,,
A-05507-A,"Vehicle, Conductores del mundo","sep. 20, 2025 9:14:19 a. m.","ene. 00, 1900 12:00:00 a. m.",0,Catalyst system efficiency below threshold bank 1,No sub type information,OBD with Source Address Information,OBD Powertrain,P0420,,
A-05507-A,"Vehicle, Conductores del mundo","sep. 20, 2025 9:14:38 a. m.","ene. 00, 1900 12:00:00 a. m.",0,La luz de advertencia del vehículo está encendida,,Telematics Device,Telematics device,168,,
A-05507-A,"Vehicle, Conductores del mundo","sep. 20, 2025 1:22:09 p. m.","ene. 00, 1900 12:00:00 a. m.",0,Catalyst system efficiency below threshold bank 1,No sub type information,OBD with Source Address Information,OBD Powertrain,P0420,,
A-05507-A,"Vehicle, Conductores del mundo","sep. 20, 2025 1:22:09 p. m.","ene. 00, 1900 12:00:00 a. m.",0,Catalyst system efficiency below threshold bank 1,No sub type information,OBD with Source Address Information,OBD Powertrain,P0420,,
A-05507-A,"Vehicle, Conductores del mundo","sep. 20, 2025 1:22:29 p. m.","ene. 00, 1900 12:00:00 a. m.",0,La luz de advertencia del vehículo está encendida,,Telematics Device,Telematics device,168,,
A-05507-A,"Vehicle, Conductores del mundo","sep. 20, 2025 1:29:57 p. m.","ene. 00, 1900 12:00:00 a. m.",0,Catalyst system efficiency below threshold bank 1,No sub type information,OBD with Source Address Information,OBD Powertrain,P0420,,
A-05507-A,"Vehicle, Conductores del mundo","sep. 20, 2025 1:29:57 p. m.","ene. 00, 1900 12:00:00 a. m.",0,Catalyst system efficiency below threshold bank 1,No sub type information,OBD with Source Address Information,OBD Powertrain,P0420,,
A-05507-A,"Vehicle, Conductores del mundo","sep. 20, 2025 1:30:17 p. m.","ene. 00, 1900 12:00:00 a. m.",0,La luz de advertencia del vehículo está encendida,,Telematics Device,Telematics device,168,,
A-05507-A,"Vehicle, Conductores del mundo","sep. 20, 2025 3:14:12 p. m.","ene. 00, 1900 12:00:00 a. m.",0,Catalyst system efficiency below threshold bank 1,No sub type information,OBD with Source Address Information,OBD Powertrain,P0420,,
A-05507-A,"Vehicle, Conductores del mundo","sep. 20, 2025 3:14:13 p. m.","ene. 00, 1900 12:00:00 a. m.",0,Catalyst system efficiency below threshold bank 1,No sub type information,OBD with Source Address Information,OBD Powertrain,P0420,,
A-05507-A,"Vehicle, Conductores del mundo","sep. 20, 2025 3:14:32 p. m.","ene. 00, 1900 12:00:00 a. m.",0,La luz de advertencia del vehículo está encendida,,Telematics Device,Telematics device,168,,
A-05507-A,"Vehicle, Conductores del mundo","sep. 20, 2025 4:48:39 p. m.","ene. 00, 1900 12:00:00 a. m.",0,Catalyst system efficiency below threshold bank 1,No sub type information,OBD with Source Address Information,OBD Powertrain,P0420,,
A-05507-A,"Vehicle, Conductores del mundo","sep. 20, 2025 4:48:39 p. m.","ene. 00, 1900 12:00:00 a. m.",0,Catalyst system efficiency below threshold bank 1,No sub type information,OBD with Source Address Information,OBD Powertrain,P0420,,
A-05507-A,"Vehicle, Conductores del mundo","sep. 20, 2025 4:48:59 p. m.","ene. 00, 1900 12:00:00 a. m.",0,La luz de advertencia del vehículo está encendida,,Telematics Device,Telematics device,168,,
A-05507-A,"Vehicle, Conductores del mundo","sep. 20, 2025 4:59:51 p. m.","ene. 00, 1900 12:00:00 a. m.",0,Catalyst system efficiency below threshold bank 1,No sub type information,OBD with Source Address Information,OBD Powertrain,P0420,,
A-05507-A,"Vehicle, Conductores del mundo","sep. 20, 2025 4:59:52 p. m.","ene. 00, 1900 12:00:00 a. m.",0,Catalyst system efficiency below threshold bank 1,No sub type information,OBD with Source Address Information,OBD Powertrain,P0420,,
A-05507-A,"Vehicle, Conductores del mundo","sep. 20, 2025 5:00:11 p. m.","ene. 00, 1900 12:00:00 a. m.",0,La luz de advertencia del vehículo está encendida,,Telematics Device,Telematics device,168,,
A-05507-A,"Vehicle, Conductores del mundo","sep. 21, 2025 6:34:52 a. m.","ene. 00, 1900 12:00:00 a. m.",0,Catalyst system efficiency below threshold bank 1,No sub type information,OBD with Source Address Information,OBD Powertrain,P0420,,
A-05507-A,"Vehicle, Conductores del mundo","sep. 21, 2025 6:34:53 a. m.","ene. 00, 1900 12:00:00 a. m.",0,Catalyst system efficiency below threshold bank 1,No sub type information,OBD with Source Address Information,OBD Powertrain,P0420,,
A-05507-A,"Vehicle, Conductores del mundo","sep. 21, 2025 6:35:13 a. m.","ene. 00, 1900 12:00:00 a. m.",0,La luz de advertencia del vehículo está encendida,,Telematics Device,Telematics device,168,,
A-05507-A,"Vehicle, Conductores del mundo","sep. 21, 2025 6:59:52 a. m.","ene. 00, 1900 12:00:00 a. m.",0,Catalyst system efficiency below threshold bank 1,No sub type information,OBD with Source Address Information,OBD Powertrain,P0420,,
A-05507-A,"Vehicle, Conductores del mundo","sep. 21, 2025 6:59:52 a. m.","ene. 00, 1900 12:00:00 a. m.",0,Catalyst system efficiency below threshold bank 1,No sub type information,OBD with Source Address Information,OBD Powertrain,P0420,,
A-05507-A,"Vehicle, Conductores del mundo","sep. 21, 2025 7:00:12 a. m.","ene. 00, 1900 12:00:00 a. m.",0,La luz de advertencia del vehículo está encendida,,Telematics Device,Telematics device,168,,
A-05507-A,"Vehicle, Conductores del mundo","sep. 21, 2025 8:38:18 a. m.","ene. 00, 1900 12:00:00 a. m.",0,Catalyst system efficiency below threshold bank 1,No sub type information,OBD with Source Address Information,OBD Powertrain,P0420,,
A-05507-A,"Vehicle, Conductores del mundo","sep. 21, 2025 8:38:18 a. m.","ene. 00, 1900 12:00:00 a. m.",0,Catalyst system efficiency below threshold bank 1,No sub type information,OBD with Source Address Information,OBD Powertrain,P0420,,
A-05507-A,"Vehicle, Conductores del mundo","sep. 21, 2025 8:38:38 a. m.","ene. 00, 1900 12:00:00 a. m.",0,La luz de advertencia del vehículo está encendida,,Telematics Device,Telematics device,168,,
A-05507-A,"Vehicle, Conductores del mundo","sep. 21, 2025 10:13:12 a. m.","ene. 00, 1900 12:00:00 a. m.",0,Catalyst system efficiency below threshold bank 1,No sub type information,OBD with Source Address Information,OBD Powertrain,P0420,,
A-05507-A,"Vehicle, Conductores del mundo","sep. 21, 2025 10:13:12 a. m.","ene. 00, 1900 12:00:00 a. m.",0,Catalyst system efficiency below threshold bank 1,No sub type information,OBD with Source Address Information,OBD Powertrain,P0420,,
A-05507-A,"Vehicle, Conductores del mundo","sep. 21, 2025 10:13:32 a. m.","ene. 00, 1900 12:00:00 a. m.",0,La luz de advertencia del vehículo está encendida,,Telematics Device,Telematics device,168,,
A-05507-A,"Vehicle, Conductores del mundo","sep. 21, 2025 1:18:17 p. m.","ene. 00, 1900 12:00:00 a. m.",0,Catalyst system efficiency below threshold bank 1,No sub type information,OBD with Source Address Information,OBD Powertrain,P0420,,
A-05507-A,"Vehicle, Conductores del mundo","sep. 21, 2025 1:18:18 p. m.","ene. 00, 1900 12:00:00 a. m.",0,Catalyst system efficiency below threshold bank 1,No sub type information,OBD with Source Address Information,OBD Powertrain,P0420,,
A-05507-A,"Vehicle, Conductores del mundo","sep. 21, 2025 1:18:37 p. m.","ene. 00, 1900 12:00:00 a. m.",0,La luz de advertencia del vehículo está encendida,,Telematics Device,Telematics device,168,,
A-05507-A,"Vehicle, Conductores del mundo","sep. 21, 2025 1:28:55 p. m.","ene. 00, 1900 12:00:00 a. m.",0,Catalyst system efficiency below threshold bank 1,No sub type information,OBD with Source Address Information,OBD Powertrain,P0420,,
A-05507-A,"Vehicle, Conductores del mundo","sep. 21, 2025 1:28:55 p. m.","ene. 00, 1900 12:00:00 a. m.",0,Catalyst system efficiency below threshold bank 1,No sub type information,OBD with Source Address Information,OBD Powertrain,P0420,,
A-05507-A,"Vehicle, Conductores del mundo","sep. 21, 2025 1:29:15 p. m.","ene. 00, 1900 12:00:00 a. m.",0,La luz de advertencia del vehículo está encendida,,Telematics Device,Telematics device,168,,
A-05507-A,"Vehicle, Conductores del mundo","sep. 22, 2025 4:42:15 a. m.","ene. 00, 1900 12:00:00 a. m.",0,Catalyst system efficiency below threshold bank 1,No sub type information,OBD with Source Address Information,OBD Powertrain,P0420,,
A-05507-A,"Vehicle, Conductores del mundo","sep. 22, 2025 4:42:15 a. m.","ene. 00, 1900 12:00:00 a. m.",0,Catalyst system efficiency below threshold bank 1,No sub type information,OBD with Source Address Information,OBD Powertrain,P0420,,
A-05507-A,"Vehicle, Conductores del mundo","sep. 22, 2025 4:42:35 a. m.","ene. 00, 1900 12:00:00 a. m.",0,La luz de advertencia del vehículo está encendida,,Telematics Device,Telematics device,168,,
A-05507-A,"Vehicle, Conductores del mundo","sep. 22, 2025 7:07:06 a. m.","ene. 00, 1900 12:00:00 a. m.",0,Catalyst system efficiency below threshold bank 1,No sub type information,OBD with Source Address Information,OBD Powertrain,P0420,,
A-05507-A,"Vehicle, Conductores del mundo","sep. 22, 2025 7:07:06 a. m.","ene. 00, 1900 12:00:00 a. m.",0,Catalyst system efficiency below threshold bank 1,No sub type information,OBD with Source Address Information,OBD Powertrain,P0420,,
A-05507-A,"Vehicle, Conductores del mundo","sep. 22, 2025 7:07:26 a. m.","ene. 00, 1900 12:00:00 a. m.",0,La luz de advertencia del vehículo está encendida,,Telematics Device,Telematics device,168,,
A-05507-A,"Vehicle, Conductores del mundo","sep. 22, 2025 9:13:56 a. m.","ene. 00, 1900 12:00:00 a. m.",0,Catalyst system efficiency below threshold bank 1,No sub type information,OBD with Source Address Information,OBD Powertrain,P0420,,
A-05507-A,"Vehicle, Conductores del mundo","sep. 22, 2025 9:13:56 a. m.","ene. 00, 1900 12:00:00 a. m.",0,Catalyst system efficiency below threshold bank 1,No sub type information,OBD with Source Address Information,OBD Powertrain,P0420,,
A-05507-A,"Vehicle, Conductores del mundo","sep. 22, 2025 9:14:16 a. m.","ene. 00, 1900 12:00:00 a. m.",0,La luz de advertencia del vehículo está encendida,,Telematics Device,Telematics device,168,,
A-05507-A,"Vehicle, Conductores del mundo","sep. 22, 2025 10:53:32 a. m.","ene. 00, 1900 12:00:00 a. m.",0,Catalyst system efficiency below threshold bank 1,No sub type information,OBD with Source Address Information,OBD Powertrain,P0420,,
A-05507-A,"Vehicle, Conductores del mundo","sep. 22, 2025 10:53:32 a. m.","ene. 00, 1900 12:00:00 a. m.",0,Catalyst system efficiency below threshold bank 1,No sub type information,OBD with Source Address Information,OBD Powertrain,P0420,,
A-05507-A,"Vehicle, Conductores del mundo","sep. 22, 2025 10:53:52 a. m.","ene. 00, 1900 12:00:00 a. m.",0,La luz de advertencia del vehículo está encendida,,Telematics Device,Telematics device,168,,
A-05507-A,"Vehicle, Conductores del mundo","sep. 22, 2025 12:54:49 p. m.","ene. 00, 1900 12:00:00 a. m.",0,Catalyst system efficiency below threshold bank 1,No sub type information,OBD with Source Address Information,OBD Powertrain,P0420,,
A-05507-A,"Vehicle, Conductores del mundo","sep. 22, 2025 12:54:49 p. m.","ene. 00, 1900 12:00:00 a. m.",0,Catalyst system efficiency below threshold bank 1,No sub type information,OBD with Source Address Information,OBD Powertrain,P0420,,
A-05507-A,"Vehicle, Conductores del mundo","sep. 22, 2025 12:55:09 p. m.","ene. 00, 1900 12:00:00 a. m.",0,La luz de advertencia del vehículo está encendida,,Telematics Device,Telematics device,168,,
A-05507-A,"Vehicle, Conductores del mundo","sep. 22, 2025 1:50:48 p. m.","ene. 00, 1900 12:00:00 a. m.",0,Catalyst system efficiency below threshold bank 1,No sub type information,OBD with Source Address Information,OBD Powertrain,P0420,,
A-05507-A,"Vehicle, Conductores del mundo","sep. 22, 2025 1:50:49 p. m.","ene. 00, 1900 12:00:00 a. m.",0,Catalyst system efficiency below threshold bank 1,No sub type information,OBD with Source Address Information,OBD Powertrain,P0420,,
A-05507-A,"Vehicle, Conductores del mundo","sep. 22, 2025 1:51:08 p. m.","ene. 00, 1900 12:00:00 a. m.",0,La luz de advertencia del vehículo está encendida,,Telematics Device,Telematics device,168,,
A-05507-A,"Vehicle, Conductores del mundo","sep. 22, 2025 1:57:29 p. m.","ene. 00, 1900 12:00:00 a. m.",0,Catalyst system efficiency below threshold bank 1,No sub type information,OBD with Source Address Information,OBD Powertrain,P0420,,
A-05507-A,"Vehicle, Conductores del mundo","sep. 22, 2025 1:57:29 p. m.","ene. 00, 1900 12:00:00 a. m.",0,Catalyst system efficiency below threshold bank 1,No sub type information,OBD with Source Address Information,OBD Powertrain,P0420,,
A-05507-A,"Vehicle, Conductores del mundo","sep. 22, 2025 1:57:49 p. m.","ene. 00, 1900 12:00:00 a. m.",0,La luz de advertencia del vehículo está encendida,,Telematics Device,Telematics device,168,,
A-05507-A,"Vehicle, Conductores del mundo","sep. 22, 2025 3:32:52 p. m.","ene. 00, 1900 12:00:00 a. m.",0,Catalyst system efficiency below threshold bank 1,No sub type information,OBD with Source Address Information,OBD Powertrain,P0420,,
A-05507-A,"Vehicle, Conductores del mundo","sep. 22, 2025 3:32:52 p. m.","ene. 00, 1900 12:00:00 a. m.",0,Catalyst system efficiency below threshold bank 1,No sub type information,OBD with Source Address Information,OBD Powertrain,P0420,,
A-05507-A,"Vehicle, Conductores del mundo","sep. 22, 2025 3:33:12 p. m.","ene. 00, 1900 12:00:00 a. m.",0,La luz de advertencia del vehículo está encendida,,Telematics Device,Telematics device,168,,
A-05507-A,"Vehicle, Conductores del mundo","sep. 22, 2025 4:32:29 p. m.","ene. 00, 1900 12:00:00 a. m.",0,Catalyst system efficiency below threshold bank 1,No sub type information,OBD with Source Address Information,OBD Powertrain,P0420,,
A-05507-A,"Vehicle, Conductores del mundo","sep. 22, 2025 4:32:29 p. m.","ene. 00, 1900 12:00:00 a. m.",0,Catalyst system efficiency below threshold bank 1,No sub type information,OBD with Source Address Information,OBD Powertrain,P0420,,
A-05507-A,"Vehicle, Conductores del mundo","sep. 22, 2025 4:32:49 p. m.","ene. 00, 1900 12:00:00 a. m.",0,La luz de advertencia del vehículo está encendida,,Telematics Device,Telematics device,168,,
A-05507-A,"Vehicle, Conductores del mundo","sep. 22, 2025 5:53:51 p. m.","ene. 00, 1900 12:00:00 a. m.",0,Catalyst system efficiency below threshold bank 1,No sub type information,OBD with Source Address Information,OBD Powertrain,P0420,,
A-05507-A,"Vehicle, Conductores del mundo","sep. 22, 2025 5:53:51 p. m.","ene. 00, 1900 12:00:00 a. m.",0,Catalyst system efficiency below threshold bank 1,No sub type information,OBD with Source Address Information,OBD Powertrain,P0420,,
A-05507-A,"Vehicle, Conductores del mundo","sep. 22, 2025 5:54:10 p. m.","ene. 00, 1900 12:00:00 a. m.",0,La luz de advertencia del vehículo está encendida,,Telematics Device,Telematics device,168,,
A-05507-A,"Vehicle, Conductores del mundo","sep. 22, 2025 6:50:40 p. m.","ene. 00, 1900 12:00:00 a. m.",0,Catalyst system efficiency below threshold bank 1,No sub type information,OBD with Source Address Information,OBD Powertrain,P0420,,
A-05507-A,"Vehicle, Conductores del mundo","sep. 22, 2025 6:50:40 p. m.","ene. 00, 1900 12:00:00 a. m.",0,Catalyst system efficiency below threshold bank 1,No sub type information,OBD with Source Address Information,OBD Powertrain,P0420,,
A-05507-A,"Vehicle, Conductores del mundo","sep. 22, 2025 6:51:00 p. m.","ene. 00, 1900 12:00:00 a. m.",0,La luz de advertencia del vehículo está encendida,,Telematics Device,Telematics device,168,,
A-05507-A,"Vehicle, Conductores del mundo","sep. 22, 2025 7:01:51 p. m.","ene. 00, 1900 12:00:00 a. m.",0,Catalyst system efficiency below threshold bank 1,No sub type information,OBD with Source Address Information,OBD Powertrain,P0420,,
A-05507-A,"Vehicle, Conductores del mundo","sep. 22, 2025 7:01:51 p. m.","ene. 00, 1900 12:00:00 a. m.",0,Catalyst system efficiency below threshold bank 1,No sub type information,OBD with Source Address Information,OBD Powertrain,P0420,,
A-05507-A,"Vehicle, Conductores del mundo","sep. 22, 2025 7:02:11 p. m.","ene. 00, 1900 12:00:00 a. m.",0,La luz de advertencia del vehículo está encendida,,Telematics Device,Telematics device,168,,
A-05507-A,"Vehicle, Conductores del mundo","sep. 22, 2025 7:07:02 p. m.","ene. 00, 1900 12:00:00 a. m.",0,Catalyst system efficiency below threshold bank 1,No sub type information,OBD with Source Address Information,OBD Powertrain,P0420,,
A-05507-A,"Vehicle, Conductores del mundo","sep. 22, 2025 7:07:02 p. m.","ene. 00, 1900 12:00:00 a. m.",0,Catalyst system efficiency below threshold bank 1,No sub type information,OBD with Source Address Information,OBD Powertrain,P0420,,
A-05507-A,"Vehicle, Conductores del mundo","sep. 22, 2025 7:07:22 p. m.","ene. 00, 1900 12:00:00 a. m.",0,La luz de advertencia del vehículo está encendida,,Telematics Device,Telematics device,168,,
A-05507-A,"Vehicle, Conductores del mundo","sep. 22, 2025 7:09:36 p. m.","ene. 00, 1900 12:00:00 a. m.",0,Telematics device fault: internal reset initiated,,Telematics Device,Telematics device,292,,
A-05507-A,"Vehicle, Conductores del mundo","sep. 23, 2025 4:49:37 a. m.","ene. 00, 1900 12:00:00 a. m.",0,Catalyst system efficiency below threshold bank 1,No sub type information,OBD with Source Address Information,OBD Powertrain,P0420,,
A-05507-A,"Vehicle, Conductores del mundo","sep. 23, 2025 4:49:38 a. m.","ene. 00, 1900 12:00:00 a. m.",0,Catalyst system efficiency below threshold bank 1,No sub type information,OBD with Source Address Information,OBD Powertrain,P0420,,
A-05507-A,"Vehicle, Conductores del mundo","sep. 23, 2025 4:49:57 a. m.","ene. 00, 1900 12:00:00 a. m.",0,La luz de advertencia del vehículo está encendida,,Telematics Device,Telematics device,168,,
A-05507-A,"Vehicle, Conductores del mundo","sep. 23, 2025 7:25:59 a. m.","ene. 00, 1900 12:00:00 a. m.",0,Catalyst system efficiency below threshold bank 1,No sub type information,OBD with Source Address Information,OBD Powertrain,P0420,,
A-05507-A,"Vehicle, Conductores del mundo","sep. 23, 2025 7:25:59 a. m.","ene. 00, 1900 12:00:00 a. m.",0,Catalyst system efficiency below threshold bank 1,No sub type information,OBD with Source Address Information,OBD Powertrain,P0420,,
A-05507-A,"Vehicle, Conductores del mundo","sep. 23, 2025 7:26:19 a. m.","ene. 00, 1900 12:00:00 a. m.",0,La luz de advertencia del vehículo está encendida,,Telematics Device,Telematics device,168,,
A-05507-A,"Vehicle, Conductores del mundo","sep. 23, 2025 9:01:54 a. m.","ene. 00, 1900 12:00:00 a. m.",0,Catalyst system efficiency below threshold bank 1,No sub type information,OBD with Source Address Information,OBD Powertrain,P0420,,
A-05507-A,"Vehicle, Conductores del mundo","sep. 23, 2025 9:01:55 a. m.","ene. 00, 1900 12:00:00 a. m.",0,Catalyst system efficiency below threshold bank 1,No sub type information,OBD with Source Address Information,OBD Powertrain,P0420,,
A-05507-A,"Vehicle, Conductores del mundo","sep. 23, 2025 9:02:15 a. m.","ene. 00, 1900 12:00:00 a. m.",0,La luz de advertencia del vehículo está encendida,,Telematics Device,Telematics device,168,,
A-05507-A,"Vehicle, Conductores del mundo","sep. 23, 2025 9:08:26 a. m.","ene. 00, 1900 12:00:00 a. m.",0,Catalyst system efficiency below threshold bank 1,No sub type information,OBD with Source Address Information,OBD Powertrain,P0420,,
A-05507-A,"Vehicle, Conductores del mundo","sep. 23, 2025 9:08:26 a. m.","ene. 00, 1900 12:00:00 a. m.",0,Catalyst system efficiency below threshold bank 1,No sub type information,OBD with Source Address Information,OBD Powertrain,P0420,,
A-05507-A,"Vehicle, Conductores del mundo","sep. 23, 2025 9:08:46 a. m.","ene. 00, 1900 12:00:00 a. m.",0,La luz de advertencia del vehículo está encendida,,Telematics Device,Telematics device,168,,
A-05507-A,"Vehicle, Conductores del mundo","sep. 23, 2025 9:29:15 a. m.","ene. 00, 1900 12:00:00 a. m.",0,Catalyst system efficiency below threshold bank 1,No sub type information,OBD with Source Address Information,OBD Powertrain,P0420,,
A-05507-A,"Vehicle, Conductores del mundo","sep. 23, 2025 9:29:16 a. m.","ene. 00, 1900 12:00:00 a. m.",0,Catalyst system efficiency below threshold bank 1,No sub type information,OBD with Source Address Information,OBD Powertrain,P0420,,
A-05507-A,"Vehicle, Conductores del mundo","sep. 23, 2025 9:29:35 a. m.","ene. 00, 1900 12:00:00 a. m.",0,La luz de advertencia del vehículo está encendida,,Telematics Device,Telematics device,168,,
A-05507-A,"Vehicle, Conductores del mundo","sep. 23, 2025 11:02:11 a. m.","ene. 00, 1900 12:00:00 a. m.",0,Catalyst system efficiency below threshold bank 1,No sub type information,OBD with Source Address Information,OBD Powertrain,P0420,,
A-05507-A,"Vehicle, Conductores del mundo","sep. 23, 2025 11:02:11 a. m.","ene. 00, 1900 12:00:00 a. m.",0,Catalyst system efficiency below threshold bank 1,No sub type information,OBD with Source Address Information,OBD Powertrain,P0420,,
A-05507-A,"Vehicle, Conductores del mundo","sep. 23, 2025 11:02:31 a. m.","ene. 00, 1900 12:00:00 a. m.",0,La luz de advertencia del vehículo está encendida,,Telematics Device,Telematics device,168,,
A-05507-A,"Vehicle, Conductores del mundo","sep. 23, 2025 11:34:13 a. m.","ene. 00, 1900 12:00:00 a. m.",0,Catalyst system efficiency below threshold bank 1,No sub type information,OBD with Source Address Information,OBD Powertrain,P0420,,
A-05507-A,"Vehicle, Conductores del mundo","sep. 23, 2025 11:34:13 a. m.","ene. 00, 1900 12:00:00 a. m.",0,Catalyst system efficiency below threshold bank 1,No sub type information,OBD with Source Address Information,OBD Powertrain,P0420,,
A-05507-A,"Vehicle, Conductores del mundo","sep. 23, 2025 11:34:33 a. m.","ene. 00, 1900 12:00:00 a. m.",0,La luz de advertencia del vehículo está encendida,,Telematics Device,Telematics device,168,,
A-05507-A,"Vehicle, Conductores del mundo","sep. 23, 2025 12:15:54 p. m.","ene. 00, 1900 12:00:00 a. m.",0,Catalyst system efficiency below threshold bank 1,No sub type information,OBD with Source Address Information,OBD Powertrain,P0420,,
A-05507-A,"Vehicle, Conductores del mundo","sep. 23, 2025 12:15:54 p. m.","ene. 00, 1900 12:00:00 a. m.",0,Catalyst system efficiency below threshold bank 1,No sub type information,OBD with Source Address Information,OBD Powertrain,P0420,,
A-05507-A,"Vehicle, Conductores del mundo","sep. 23, 2025 12:16:14 p. m.","ene. 00, 1900 12:00:00 a. m.",0,La luz de advertencia del vehículo está encendida,,Telematics Device,Telematics device,168,,
A-05507-A,"Vehicle, Conductores del mundo","sep. 23, 2025 1:42:21 p. m.","ene. 00, 1900 12:00:00 a. m.",0,Catalyst system efficiency below threshold bank 1,No sub type information,OBD with Source Address Information,OBD Powertrain,P0420,,
A-05507-A,"Vehicle, Conductores del mundo","sep. 23, 2025 1:42:21 p. m.","ene. 00, 1900 12:00:00 a. m.",0,Catalyst system efficiency below threshold bank 1,No sub type information,OBD with Source Address Information,OBD Powertrain,P0420,,
A-05507-A,"Vehicle, Conductores del mundo","sep. 23, 2025 1:42:41 p. m.","ene. 00, 1900 12:00:00 a. m.",0,La luz de advertencia del vehículo está encendida,,Telematics Device,Telematics device,168,,
A-05507-A,"Vehicle, Conductores del mundo","sep. 23, 2025 1:59:06 p. m.","ene. 00, 1900 12:00:00 a. m.",0,Catalyst system efficiency below threshold bank 1,No sub type information,OBD with Source Address Information,OBD Powertrain,P0420,,
A-05507-A,"Vehicle, Conductores del mundo","sep. 23, 2025 1:59:07 p. m.","ene. 00, 1900 12:00:00 a. m.",0,Catalyst system efficiency below threshold bank 1,No sub type information,OBD with Source Address Information,OBD Powertrain,P0420,,
A-05507-A,"Vehicle, Conductores del mundo","sep. 23, 2025 1:59:26 p. m.","ene. 00, 1900 12:00:00 a. m.",0,La luz de advertencia del vehículo está encendida,,Telematics Device,Telematics device,168,,
A-05507-A,"Vehicle, Conductores del mundo","sep. 23, 2025 4:01:46 p. m.","ene. 00, 1900 12:00:00 a. m.",0,Catalyst system efficiency below threshold bank 1,No sub type information,OBD with Source Address Information,OBD Powertrain,P0420,,
A-05507-A,"Vehicle, Conductores del mundo","sep. 23, 2025 4:01:46 p. m.","ene. 00, 1900 12:00:00 a. m.",0,Catalyst system efficiency below threshold bank 1,No sub type information,OBD with Source Address Information,OBD Powertrain,P0420,,
A-05507-A,"Vehicle, Conductores del mundo","sep. 23, 2025 4:02:06 p. m.","ene. 00, 1900 12:00:00 a. m.",0,La luz de advertencia del vehículo está encendida,,Telematics Device,Telematics device,168,,
A-05507-A,"Vehicle, Conductores del mundo","sep. 23, 2025 4:11:14 p. m.","ene. 00, 1900 12:00:00 a. m.",0,Catalyst system efficiency below threshold bank 1,No sub type information,OBD with Source Address Information,OBD Powertrain,P0420,,
A-05507-A,"Vehicle, Conductores del mundo","sep. 23, 2025 4:11:14 p. m.","ene. 00, 1900 12:00:00 a. m.",0,Catalyst system efficiency below threshold bank 1,No sub type information,OBD with Source Address Information,OBD Powertrain,P0420,,
A-05507-A,"Vehicle, Conductores del mundo","sep. 23, 2025 4:11:34 p. m.","ene. 00, 1900 12:00:00 a. m.",0,La luz de advertencia del vehículo está encendida,,Telematics Device,Telematics device,168,,
A-05507-A,"Vehicle, Conductores del mundo","sep. 23, 2025 5:03:37 p. m.","ene. 00, 1900 12:00:00 a. m.",0,Catalyst system efficiency below threshold bank 1,No sub type information,OBD with Source Address Information,OBD Powertrain,P0420,,
A-05507-A,"Vehicle, Conductores del mundo","sep. 23, 2025 5:03:37 p. m.","ene. 00, 1900 12:00:00 a. m.",0,Catalyst system efficiency below threshold bank 1,No sub type information,OBD with Source Address Information,OBD Powertrain,P0420,,
A-05507-A,"Vehicle, Conductores del mundo","sep. 23, 2025 5:03:57 p. m.","ene. 00, 1900 12:00:00 a. m.",0,La luz de advertencia del vehículo está encendida,,Telematics Device,Telematics device,168,,
A-05507-A,"Vehicle, Conductores del mundo","sep. 24, 2025 4:51:37 a. m.","ene. 00, 1900 12:00:00 a. m.",0,Catalyst system efficiency below threshold bank 1,No sub type information,OBD with Source Address Information,OBD Powertrain,P0420,,
A-05507-A,"Vehicle, Conductores del mundo","sep. 24, 2025 4:51:39 a. m.","ene. 00, 1900 12:00:00 a. m.",0,Catalyst system efficiency below threshold bank 1,No sub type information,OBD with Source Address Information,OBD Powertrain,P0420,,
A-05507-A,"Vehicle, Conductores del mundo","sep. 24, 2025 4:51:58 a. m.","ene. 00, 1900 12:00:00 a. m.",0,La luz de advertencia del vehículo está encendida,,Telematics Device,Telematics device,168,,
A-05507-A,"Vehicle, Conductores del mundo","sep. 24, 2025 7:08:09 a. m.","ene. 00, 1900 12:00:00 a. m.",0,Catalyst system efficiency below threshold bank 1,No sub type information,OBD with Source Address Information,OBD Powertrain,P0420,,
A-05507-A,"Vehicle, Conductores del mundo","sep. 24, 2025 7:08:10 a. m.","ene. 00, 1900 12:00:00 a. m.",0,Catalyst system efficiency below threshold bank 1,No sub type information,OBD with Source Address Information,OBD Powertrain,P0420,,
A-05507-A,"Vehicle, Conductores del mundo","sep. 24, 2025 7:08:30 a. m.","ene. 00, 1900 12:00:00 a. m.",0,La luz de advertencia del vehículo está encendida,,Telematics Device,Telematics device,168,,
A-05507-A,"Vehicle, Conductores del mundo","sep. 24, 2025 7:24:18 a. m.","ene. 00, 1900 12:00:00 a. m.",0,Catalyst system efficiency below threshold bank 1,No sub type information,OBD with Source Address Information,OBD Powertrain,P0420,,
A-05507-A,"Vehicle, Conductores del mundo","sep. 24, 2025 7:24:18 a. m.","ene. 00, 1900 12:00:00 a. m.",0,Catalyst system efficiency below threshold bank 1,No sub type information,OBD with Source Address Information,OBD Powertrain,P0420,,
A-05507-A,"Vehicle, Conductores del mundo","sep. 24, 2025 7:24:38 a. m.","ene. 00, 1900 12:00:00 a. m.",0,La luz de advertencia del vehículo está encendida,,Telematics Device,Telematics device,168,,
A-05507-A,"Vehicle, Conductores del mundo","sep. 24, 2025 9:00:58 a. m.","ene. 00, 1900 12:00:00 a. m.",0,Catalyst system efficiency below threshold bank 1,No sub type information,OBD with Source Address Information,OBD Powertrain,P0420,,
A-05507-A,"Vehicle, Conductores del mundo","sep. 24, 2025 9:00:59 a. m.","ene. 00, 1900 12:00:00 a. m.",0,Catalyst system efficiency below threshold bank 1,No sub type information,OBD with Source Address Information,OBD Powertrain,P0420,,
A-05507-A,"Vehicle, Conductores del mundo","sep. 24, 2025 9:01:19 a. m.","ene. 00, 1900 12:00:00 a. m.",0,La luz de advertencia del vehículo está encendida,,Telematics Device,Telematics device,168,,
A-05507-A,"Vehicle, Conductores del mundo","sep. 24, 2025 9:12:31 a. m.","ene. 00, 1900 12:00:00 a. m.",0,Catalyst system efficiency below threshold bank 1,No sub type information,OBD with Source Address Information,OBD Powertrain,P0420,,
A-05507-A,"Vehicle, Conductores del mundo","sep. 24, 2025 9:12:32 a. m.","ene. 00, 1900 12:00:00 a. m.",0,Catalyst system efficiency below threshold bank 1,No sub type information,OBD with Source Address Information,OBD Powertrain,P0420,,
A-05507-A,"Vehicle, Conductores del mundo","sep. 24, 2025 9:12:52 a. m.","ene. 00, 1900 12:00:00 a. m.",0,La luz de advertencia del vehículo está encendida,,Telematics Device,Telematics device,168,,
A-05507-A,"Vehicle, Conductores del mundo","sep. 24, 2025 10:54:37 a. m.","ene. 00, 1900 12:00:00 a. m.",0,Catalyst system efficiency below threshold bank 1,No sub type information,OBD with Source Address Information,OBD Powertrain,P0420,,
A-05507-A,"Vehicle, Conductores del mundo","sep. 24, 2025 10:54:37 a. m.","ene. 00, 1900 12:00:00 a. m.",0,Catalyst system efficiency below threshold bank 1,No sub type information,OBD with Source Address Information,OBD Powertrain,P0420,,
A-05507-A,"Vehicle, Conductores del mundo","sep. 24, 2025 10:54:57 a. m.","ene. 00, 1900 12:00:00 a. m.",0,La luz de advertencia del vehículo está encendida,,Telematics Device,Telematics device,168,,
A-05507-A,"Vehicle, Conductores del mundo","sep. 24, 2025 11:04:59 a. m.","ene. 00, 1900 12:00:00 a. m.",0,Catalyst system efficiency below threshold bank 1,No sub type information,OBD with Source Address Information,OBD Powertrain,P0420,,
A-05507-A,"Vehicle, Conductores del mundo","sep. 24, 2025 11:05:00 a. m.","ene. 00, 1900 12:00:00 a. m.",0,Catalyst system efficiency below threshold bank 1,No sub type information,OBD with Source Address Information,OBD Powertrain,P0420,,
A-05507-A,"Vehicle, Conductores del mundo","sep. 24, 2025 11:05:19 a. m.","ene. 00, 1900 12:00:00 a. m.",0,La luz de advertencia del vehículo está encendida,,Telematics Device,Telematics device,168,,
A-05507-A,"Vehicle, Conductores del mundo","sep. 24, 2025 11:32:24 a. m.","ene. 00, 1900 12:00:00 a. m.",0,Catalyst system efficiency below threshold bank 1,No sub type information,OBD with Source Address Information,OBD Powertrain,P0420,,
A-05507-A,"Vehicle, Conductores del mundo","sep. 24, 2025 11:32:25 a. m.","ene. 00, 1900 12:00:00 a. m.",0,Catalyst system efficiency below threshold bank 1,No sub type information,OBD with Source Address Information,OBD Powertrain,P0420,,
A-05507-A,"Vehicle, Conductores del mundo","sep. 24, 2025 11:32:44 a. m.","ene. 00, 1900 12:00:00 a. m.",0,La luz de advertencia del vehículo está encendida,,Telematics Device,Telematics device,168,,
A-05507-A,"Vehicle, Conductores del mundo","sep. 24, 2025 11:53:10 a. m.","ene. 00, 1900 12:00:00 a. m.",0,Catalyst system efficiency below threshold bank 1,No sub type information,OBD with Source Address Information,OBD Powertrain,P0420,,
A-05507-A,"Vehicle, Conductores del mundo","sep. 24, 2025 11:53:10 a. m.","ene. 00, 1900 12:00:00 a. m.",0,Catalyst system efficiency below threshold bank 1,No sub type information,OBD with Source Address Information,OBD Powertrain,P0420,,
A-05507-A,"Vehicle, Conductores del mundo","sep. 24, 2025 11:53:30 a. m.","ene. 00, 1900 12:00:00 a. m.",0,La luz de advertencia del vehículo está encendida,,Telematics Device,Telematics device,168,,
A-05507-A,"Vehicle, Conductores del mundo","sep. 24, 2025 12:03:17 p. m.","ene. 00, 1900 12:00:00 a. m.",0,Catalyst system efficiency below threshold bank 1,No sub type information,OBD with Source Address Information,OBD Powertrain,P0420,,
A-05507-A,"Vehicle, Conductores del mundo","sep. 24, 2025 12:03:17 p. m.","ene. 00, 1900 12:00:00 a. m.",0,Catalyst system efficiency below threshold bank 1,No sub type information,OBD with Source Address Information,OBD Powertrain,P0420,,
A-05507-A,"Vehicle, Conductores del mundo","sep. 24, 2025 12:03:37 p. m.","ene. 00, 1900 12:00:00 a. m.",0,La luz de advertencia del vehículo está encendida,,Telematics Device,Telematics device,168,,
A-05507-A,"Vehicle, Conductores del mundo","sep. 24, 2025 12:30:12 p. m.","ene. 00, 1900 12:00:00 a. m.",0,Catalyst system efficiency below threshold bank 1,No sub type information,OBD with Source Address Information,OBD Powertrain,P0420,,
A-05507-A,"Vehicle, Conductores del mundo","sep. 24, 2025 12:30:14 p. m.","ene. 00, 1900 12:00:00 a. m.",0,Catalyst system efficiency below threshold bank 1,No sub type information,OBD with Source Address Information,OBD Powertrain,P0420,,
A-05507-A,"Vehicle, Conductores del mundo","sep. 24, 2025 12:30:33 p. m.","ene. 00, 1900 12:00:00 a. m.",0,La luz de advertencia del vehículo está encendida,,Telematics Device,Telematics device,168,,
A-05507-A,"Vehicle, Conductores del mundo","sep. 24, 2025 1:15:03 p. m.","ene. 00, 1900 12:00:00 a. m.",0,Catalyst system efficiency below threshold bank 1,No sub type information,OBD with Source Address Information,OBD Powertrain,P0420,,
A-05507-A,"Vehicle, Conductores del mundo","sep. 24, 2025 1:15:03 p. m.","ene. 00, 1900 12:00:00 a. m.",0,Catalyst system efficiency below threshold bank 1,No sub type information,OBD with Source Address Information,OBD Powertrain,P0420,,
A-05507-A,"Vehicle, Conductores del mundo","sep. 24, 2025 1:15:22 p. m.","ene. 00, 1900 12:00:00 a. m.",0,La luz de advertencia del vehículo está encendida,,Telematics Device,Telematics device,168,,
A-05507-A,"Vehicle, Conductores del mundo","sep. 24, 2025 1:38:57 p. m.","ene. 00, 1900 12:00:00 a. m.",0,Catalyst system efficiency below threshold bank 1,No sub type information,OBD with Source Address Information,OBD Powertrain,P0420,,
A-05507-A,"Vehicle, Conductores del mundo","sep. 24, 2025 1:38:58 p. m.","ene. 00, 1900 12:00:00 a. m.",0,Catalyst system efficiency below threshold bank 1,No sub type information,OBD with Source Address Information,OBD Powertrain,P0420,,
A-05507-A,"Vehicle, Conductores del mundo","sep. 24, 2025 1:39:17 p. m.","ene. 00, 1900 12:00:00 a. m.",0,La luz de advertencia del vehículo está encendida,,Telematics Device,Telematics device,168,,
A-05507-A,"Vehicle, Conductores del mundo","sep. 24, 2025 1:50:39 p. m.","ene. 00, 1900 12:00:00 a. m.",0,Catalyst system efficiency below threshold bank 1,No sub type information,OBD with Source Address Information,OBD Powertrain,P0420,,
A-05507-A,"Vehicle, Conductores del mundo","sep. 24, 2025 1:50:40 p. m.","ene. 00, 1900 12:00:00 a. m.",0,Catalyst system efficiency below threshold bank 1,No sub type information,OBD with Source Address Information,OBD Powertrain,P0420,,
A-05507-A,"Vehicle, Conductores del mundo","sep. 24, 2025 1:50:59 p. m.","ene. 00, 1900 12:00:00 a. m.",0,La luz de advertencia del vehículo está encendida,,Telematics Device,Telematics device,168,,
A-05507-A,"Vehicle, Conductores del mundo","sep. 24, 2025 2:01:28 p. m.","ene. 00, 1900 12:00:00 a. m.",0,Catalyst system efficiency below threshold bank 1,No sub type information,OBD with Source Address Information,OBD Powertrain,P0420,,
A-05507-A,"Vehicle, Conductores del mundo","sep. 24, 2025 2:01:29 p. m.","ene. 00, 1900 12:00:00 a. m.",0,Catalyst system efficiency below threshold bank 1,No sub type information,OBD with Source Address Information,OBD Powertrain,P0420,,
A-05507-A,"Vehicle, Conductores del mundo","sep. 24, 2025 2:01:48 p. m.","ene. 00, 1900 12:00:00 a. m.",0,La luz de advertencia del vehículo está encendida,,Telematics Device,Telematics device,168,,
A-05507-A,"Vehicle, Conductores del mundo","sep. 24, 2025 3:25:12 p. m.","ene. 00, 1900 12:00:00 a. m.",0,Catalyst system efficiency below threshold bank 1,No sub type information,OBD with Source Address Information,OBD Powertrain,P0420,,
A-05507-A,"Vehicle, Conductores del mundo","sep. 24, 2025 3:25:12 p. m.","ene. 00, 1900 12:00:00 a. m.",0,Catalyst system efficiency below threshold bank 1,No sub type information,OBD with Source Address Information,OBD Powertrain,P0420,,
A-05507-A,"Vehicle, Conductores del mundo","sep. 24, 2025 3:29:26 p. m.","ene. 00, 1900 12:00:00 a. m.",0,Catalyst system efficiency below threshold bank 1,No sub type information,OBD with Source Address Information,OBD Powertrain,P0420,,
A-05507-A,"Vehicle, Conductores del mundo","sep. 24, 2025 3:29:26 p. m.","ene. 00, 1900 12:00:00 a. m.",0,Catalyst system efficiency below threshold bank 1,No sub type information,OBD with Source Address Information,OBD Powertrain,P0420,,
A-05507-A,"Vehicle, Conductores del mundo","sep. 24, 2025 3:29:46 p. m.","ene. 00, 1900 12:00:00 a. m.",0,La luz de advertencia del vehículo está encendida,,Telematics Device,Telematics device,168,,
A-05507-A,"Vehicle, Conductores del mundo","sep. 24, 2025 4:47:05 p. m.","ene. 00, 1900 12:00:00 a. m.",0,Catalyst system efficiency below threshold bank 1,No sub type information,OBD with Source Address Information,OBD Powertrain,P0420,,
A-05507-A,"Vehicle, Conductores del mundo","sep. 24, 2025 4:47:05 p. m.","ene. 00, 1900 12:00:00 a. m.",0,Catalyst system efficiency below threshold bank 1,No sub type information,OBD with Source Address Information,OBD Powertrain,P0420,,
A-05507-A,"Vehicle, Conductores del mundo","sep. 24, 2025 4:47:25 p. m.","ene. 00, 1900 12:00:00 a. m.",0,La luz de advertencia del vehículo está encendida,,Telematics Device,Telematics device,168,,
A-05507-A,"Vehicle, Conductores del mundo","sep. 24, 2025 7:19:42 p. m.","ene. 00, 1900 12:00:00 a. m.",0,Catalyst system efficiency below threshold bank 1,No sub type information,OBD with Source Address Information,OBD Powertrain,P0420,,
A-05507-A,"Vehicle, Conductores del mundo","sep. 24, 2025 7:19:43 p. m.","ene. 00, 1900 12:00:00 a. m.",0,Catalyst system efficiency below threshold bank 1,No sub type information,OBD with Source Address Information,OBD Powertrain,P0420,,
A-05507-A,"Vehicle, Conductores del mundo","sep. 24, 2025 7:20:02 p. m.","ene. 00, 1900 12:00:00 a. m.",0,La luz de advertencia del vehículo está encendida,,Telematics Device,Telematics device,168,,
A-05507-A,"Vehicle, Conductores del mundo","sep. 25, 2025 4:45:12 a. m.","ene. 00, 1900 12:00:00 a. m.",0,Catalyst system efficiency below threshold bank 1,No sub type information,OBD with Source Address Information,OBD Powertrain,P0420,,
A-05507-A,"Vehicle, Conductores del mundo","sep. 25, 2025 4:45:13 a. m.","ene. 00, 1900 12:00:00 a. m.",0,Catalyst system efficiency below threshold bank 1,No sub type information,OBD with Source Address Information,OBD Powertrain,P0420,,
A-05507-A,"Vehicle, Conductores del mundo","sep. 25, 2025 4:45:32 a. m.","ene. 00, 1900 12:00:00 a. m.",0,La luz de advertencia del vehículo está encendida,,Telematics Device,Telematics device,168,,
A-05507-A,"Vehicle, Conductores del mundo","sep. 25, 2025 6:45:39 a. m.","ene. 00, 1900 12:00:00 a. m.",0,Catalyst system efficiency below threshold bank 1,No sub type information,OBD with Source Address Information,OBD Powertrain,P0420,,
A-05507-A,"Vehicle, Conductores del mundo","sep. 25, 2025 6:45:39 a. m.","ene. 00, 1900 12:00:00 a. m.",0,Catalyst system efficiency below threshold bank 1,No sub type information,OBD with Source Address Information,OBD Powertrain,P0420,,
A-05507-A,"Vehicle, Conductores del mundo","sep. 25, 2025 7:09:41 a. m.","ene. 00, 1900 12:00:00 a. m.",0,Catalyst system efficiency below threshold bank 1,No sub type information,OBD with Source Address Information,OBD Powertrain,P0420,,
A-05507-A,"Vehicle, Conductores del mundo","sep. 25, 2025 7:09:41 a. m.","ene. 00, 1900 12:00:00 a. m.",0,Catalyst system efficiency below threshold bank 1,No sub type information,OBD with Source Address Information,OBD Powertrain,P0420,,
A-05507-A,"Vehicle, Conductores del mundo","sep. 25, 2025 7:10:01 a. m.","ene. 00, 1900 12:00:00 a. m.",0,La luz de advertencia del vehículo está encendida,,Telematics Device,Telematics device,168,,
A-05507-A,"Vehicle, Conductores del mundo","sep. 25, 2025 9:05:38 a. m.","ene. 00, 1900 12:00:00 a. m.",0,Catalyst system efficiency below threshold bank 1,No sub type information,OBD with Source Address Information,OBD Powertrain,P0420,,
A-05507-A,"Vehicle, Conductores del mundo","sep. 25, 2025 9:05:38 a. m.","ene. 00, 1900 12:00:00 a. m.",0,Catalyst system efficiency below threshold bank 1,No sub type information,OBD with Source Address Information,OBD Powertrain,P0420,,
A-05507-A,"Vehicle, Conductores del mundo","sep. 25, 2025 9:05:58 a. m.","ene. 00, 1900 12:00:00 a. m.",0,La luz de advertencia del vehículo está encendida,,Telematics Device,Telematics device,168,,
A-05507-A,"Vehicle, Conductores del mundo","sep. 25, 2025 9:13:17 a. m.","ene. 00, 1900 12:00:00 a. m.",0,Catalyst system efficiency below threshold bank 1,No sub type information,OBD with Source Address Information,OBD Powertrain,P0420,,
A-05507-A,"Vehicle, Conductores del mundo","sep. 25, 2025 9:13:18 a. m.","ene. 00, 1900 12:00:00 a. m.",0,Catalyst system efficiency below threshold bank 1,No sub type information,OBD with Source Address Information,OBD Powertrain,P0420,,
A-05507-A,"Vehicle, Conductores del mundo","sep. 25, 2025 9:13:37 a. m.","ene. 00, 1900 12:00:00 a. m.",0,La luz de advertencia del vehículo está encendida,,Telematics Device,Telematics device,168,,
A-05507-A,"Vehicle, Conductores del mundo","sep. 25, 2025 10:52:50 a. m.","ene. 00, 1900 12:00:00 a. m.",0,Catalyst system efficiency below threshold bank 1,No sub type information,OBD with Source Address Information,OBD Powertrain,P0420,,
A-05507-A,"Vehicle, Conductores del mundo","sep. 25, 2025 10:52:50 a. m.","ene. 00, 1900 12:00:00 a. m.",0,Catalyst system efficiency below threshold bank 1,No sub type information,OBD with Source Address Information,OBD Powertrain,P0420,,
A-05507-A,"Vehicle, Conductores del mundo","sep. 25, 2025 10:53:10 a. m.","ene. 00, 1900 12:00:00 a. m.",0,La luz de advertencia del vehículo está encendida,,Telematics Device,Telematics device,168,,
A-05507-A,"Vehicle, Conductores del mundo","sep. 25, 2025 11:55:09 a. m.","ene. 00, 1900 12:00:00 a. m.",0,Catalyst system efficiency below threshold bank 1,No sub type information,OBD with Source Address Information,OBD Powertrain,P0420,,
A-05507-A,"Vehicle, Conductores del mundo","sep. 25, 2025 11:55:09 a. m.","ene. 00, 1900 12:00:00 a. m.",0,Catalyst system efficiency below threshold bank 1,No sub type information,OBD with Source Address Information,OBD Powertrain,P0420,,
A-05507-A,"Vehicle, Conductores del mundo","sep. 25, 2025 11:55:29 a. m.","ene. 00, 1900 12:00:00 a. m.",0,La luz de advertencia del vehículo está encendida,,Telematics Device,Telematics device,168,,
A-05507-A,"Vehicle, Conductores del mundo","sep. 25, 2025 12:05:20 p. m.","ene. 00, 1900 12:00:00 a. m.",0,Catalyst system efficiency below threshold bank 1,No sub type information,OBD with Source Address Information,OBD Powertrain,P0420,,
A-05507-A,"Vehicle, Conductores del mundo","sep. 25, 2025 12:05:20 p. m.","ene. 00, 1900 12:00:00 a. m.",0,Catalyst system efficiency below threshold bank 1,No sub type information,OBD with Source Address Information,OBD Powertrain,P0420,,
A-05507-A,"Vehicle, Conductores del mundo","sep. 25, 2025 12:05:39 p. m.","ene. 00, 1900 12:00:00 a. m.",0,La luz de advertencia del vehículo está encendida,,Telematics Device,Telematics device,168,,
A-05507-A,"Vehicle, Conductores del mundo","sep. 25, 2025 1:10:34 p. m.","ene. 00, 1900 12:00:00 a. m.",0,Catalyst system efficiency below threshold bank 1,No sub type information,OBD with Source Address Information,OBD Powertrain,P0420,,
A-05507-A,"Vehicle, Conductores del mundo","sep. 25, 2025 1:10:34 p. m.","ene. 00, 1900 12:00:00 a. m.",0,Catalyst system efficiency below threshold bank 1,No sub type information,OBD with Source Address Information,OBD Powertrain,P0420,,
A-05507-A,"Vehicle, Conductores del mundo","sep. 25, 2025 1:10:54 p. m.","ene. 00, 1900 12:00:00 a. m.",0,La luz de advertencia del vehículo está encendida,,Telematics Device,Telematics device,168,,
A-05507-A,"Vehicle, Conductores del mundo","sep. 25, 2025 1:16:30 p. m.","ene. 00, 1900 12:00:00 a. m.",0,Catalyst system efficiency below threshold bank 1,No sub type information,OBD with Source Address Information,OBD Powertrain,P0420,,
A-05507-A,"Vehicle, Conductores del mundo","sep. 25, 2025 1:16:31 p. m.","ene. 00, 1900 12:00:00 a. m.",0,Catalyst system efficiency below threshold bank 1,No sub type information,OBD with Source Address Information,OBD Powertrain,P0420,,
A-05507-A,"Vehicle, Conductores del mundo","sep. 25, 2025 1:27:34 p. m.","ene. 00, 1900 12:00:00 a. m.",0,Catalyst system efficiency below threshold bank 1,No sub type information,OBD with Source Address Information,OBD Powertrain,P0420,,
A-05507-A,"Vehicle, Conductores del mundo","sep. 25, 2025 1:27:34 p. m.","ene. 00, 1900 12:00:00 a. m.",0,Catalyst system efficiency below threshold bank 1,No sub type information,OBD with Source Address Information,OBD Powertrain,P0420,,
A-05507-A,"Vehicle, Conductores del mundo","sep. 25, 2025 1:27:54 p. m.","ene. 00, 1900 12:00:00 a. m.",0,La luz de advertencia del vehículo está encendida,,Telematics Device,Telematics device,168,,
A-05507-A,"Vehicle, Conductores del mundo","sep. 25, 2025 4:16:06 p. m.","ene. 00, 1900 12:00:00 a. m.",0,Catalyst system efficiency below threshold bank 1,No sub type information,OBD with Source Address Information,OBD Powertrain,P0420,,
A-05507-A,"Vehicle, Conductores del mundo","sep. 25, 2025 4:16:06 p. m.","ene. 00, 1900 12:00:00 a. m.",0,Catalyst system efficiency below threshold bank 1,No sub type information,OBD with Source Address Information,OBD Powertrain,P0420,,
A-05507-A,"Vehicle, Conductores del mundo","sep. 25, 2025 4:16:26 p. m.","ene. 00, 1900 12:00:00 a. m.",0,La luz de advertencia del vehículo está encendida,,Telematics Device,Telematics device,168,,
A-05507-A,"Vehicle, Conductores del mundo","sep. 25, 2025 5:14:12 p. m.","ene. 00, 1900 12:00:00 a. m.",0,Catalyst system efficiency below threshold bank 1,No sub type information,OBD with Source Address Information,OBD Powertrain,P0420,,
A-05507-A,"Vehicle, Conductores del mundo","sep. 25, 2025 5:14:12 p. m.","ene. 00, 1900 12:00:00 a. m.",0,Catalyst system efficiency below threshold bank 1,No sub type information,OBD with Source Address Information,OBD Powertrain,P0420,,
A-05507-A,"Vehicle, Conductores del mundo","sep. 25, 2025 5:14:32 p. m.","ene. 00, 1900 12:00:00 a. m.",0,La luz de advertencia del vehículo está encendida,,Telematics Device,Telematics device,168,,
A-05507-A,"Vehicle, Conductores del mundo","sep. 25, 2025 5:18:03 p. m.","ene. 00, 1900 12:00:00 a. m.",0,Catalyst system efficiency below threshold bank 1,No sub type information,OBD with Source Address Information,OBD Powertrain,P0420,,
A-05507-A,"Vehicle, Conductores del mundo","sep. 25, 2025 5:18:03 p. m.","ene. 00, 1900 12:00:00 a. m.",0,Catalyst system efficiency below threshold bank 1,No sub type information,OBD with Source Address Information,OBD Powertrain,P0420,,
A-05507-A,"Vehicle, Conductores del mundo","sep. 25, 2025 5:18:23 p. m.","ene. 00, 1900 12:00:00 a. m.",0,La luz de advertencia del vehículo está encendida,,Telematics Device,Telematics device,168,,
A-05507-A,"Vehicle, Conductores del mundo","sep. 25, 2025 7:15:56 p. m.","ene. 00, 1900 12:00:00 a. m.",0,Catalyst system efficiency below threshold bank 1,No sub type information,OBD with Source Address Information,OBD Powertrain,P0420,,
A-05507-A,"Vehicle, Conductores del mundo","sep. 25, 2025 7:15:56 p. m.","ene. 00, 1900 12:00:00 a. m.",0,Catalyst system efficiency below threshold bank 1,No sub type information,OBD with Source Address Information,OBD Powertrain,P0420,,
A-05507-A,"Vehicle, Conductores del mundo","sep. 25, 2025 7:16:16 p. m.","ene. 00, 1900 12:00:00 a. m.",0,La luz de advertencia del vehículo está encendida,,Telematics Device,Telematics device,168,,
A-05507-A,"Vehicle, Conductores del mundo","sep. 25, 2025 7:50:34 p. m.","ene. 00, 1900 12:00:00 a. m.",0,Catalyst system efficiency below threshold bank 1,No sub type information,OBD with Source Address Information,OBD Powertrain,P0420,,
A-05507-A,"Vehicle, Conductores del mundo","sep. 25, 2025 7:50:34 p. m.","ene. 00, 1900 12:00:00 a. m.",0,Catalyst system efficiency below threshold bank 1,No sub type information,OBD with Source Address Information,OBD Powertrain,P0420,,
A-05507-A,"Vehicle, Conductores del mundo","sep. 25, 2025 7:50:54 p. m.","ene. 00, 1900 12:00:00 a. m.",0,La luz de advertencia del vehículo está encendida,,Telematics Device,Telematics device,168,,
A-05507-A,"Vehicle, Conductores del mundo","sep. 25, 2025 8:27:29 p. m.","ene. 00, 1900 12:00:00 a. m.",0,Catalyst system efficiency below threshold bank 1,No sub type information,OBD with Source Address Information,OBD Powertrain,P0420,,
A-05507-A,"Vehicle, Conductores del mundo","sep. 25, 2025 8:27:30 p. m.","ene. 00, 1900 12:00:00 a. m.",0,Catalyst system efficiency below threshold bank 1,No sub type information,OBD with Source Address Information,OBD Powertrain,P0420,,
A-05507-A,"Vehicle, Conductores del mundo","sep. 25, 2025 8:27:49 p. m.","ene. 00, 1900 12:00:00 a. m.",0,La luz de advertencia del vehículo está encendida,,Telematics Device,Telematics device,168,,
A-05507-A,"Vehicle, Conductores del mundo","sep. 26, 2025 4:46:09 a. m.","ene. 00, 1900 12:00:00 a. m.",0,Catalyst system efficiency below threshold bank 1,No sub type information,OBD with Source Address Information,OBD Powertrain,P0420,,
A-05507-A,"Vehicle, Conductores del mundo","sep. 26, 2025 4:46:10 a. m.","ene. 00, 1900 12:00:00 a. m.",0,Catalyst system efficiency below threshold bank 1,No sub type information,OBD with Source Address Information,OBD Powertrain,P0420,,
A-05507-A,"Vehicle, Conductores del mundo","sep. 26, 2025 4:46:30 a. m.","ene. 00, 1900 12:00:00 a. m.",0,La luz de advertencia del vehículo está encendida,,Telematics Device,Telematics device,168,,
A-05507-A,"Vehicle, Conductores del mundo","sep. 26, 2025 6:29:58 a. m.","ene. 00, 1900 12:00:00 a. m.",0,Catalyst system efficiency below threshold bank 1,No sub type information,OBD with Source Address Information,OBD Powertrain,P0420,,
A-05507-A,"Vehicle, Conductores del mundo","sep. 26, 2025 6:29:58 a. m.","ene. 00, 1900 12:00:00 a. m.",0,Catalyst system efficiency below threshold bank 1,No sub type information,OBD with Source Address Information,OBD Powertrain,P0420,,
A-05507-A,"Vehicle, Conductores del mundo","sep. 26, 2025 6:30:18 a. m.","ene. 00, 1900 12:00:00 a. m.",0,La luz de advertencia del vehículo está encendida,,Telematics Device,Telematics device,168,,
A-05507-A,"Vehicle, Conductores del mundo","sep. 26, 2025 7:08:56 a. m.","ene. 00, 1900 12:00:00 a. m.",0,Catalyst system efficiency below threshold bank 1,No sub type information,OBD with Source Address Information,OBD Powertrain,P0420,,
A-05507-A,"Vehicle, Conductores del mundo","sep. 26, 2025 7:08:56 a. m.","ene. 00, 1900 12:00:00 a. m.",0,Catalyst system efficiency below threshold bank 1,No sub type information,OBD with Source Address Information,OBD Powertrain,P0420,,
A-05507-A,"Vehicle, Conductores del mundo","sep. 26, 2025 7:21:56 a. m.","ene. 00, 1900 12:00:00 a. m.",0,Catalyst system efficiency below threshold bank 1,No sub type information,OBD with Source Address Information,OBD Powertrain,P0420,,
A-05507-A,"Vehicle, Conductores del mundo","sep. 26, 2025 7:21:56 a. m.","ene. 00, 1900 12:00:00 a. m.",0,Catalyst system efficiency below threshold bank 1,No sub type information,OBD with Source Address Information,OBD Powertrain,P0420,,
A-05507-A,"Vehicle, Conductores del mundo","sep. 26, 2025 7:22:16 a. m.","ene. 00, 1900 12:00:00 a. m.",0,La luz de advertencia del vehículo está encendida,,Telematics Device,Telematics device,168,,
A-05507-A,"Vehicle, Conductores del mundo","sep. 26, 2025 9:11:24 a. m.","ene. 00, 1900 12:00:00 a. m.",0,Catalyst system efficiency below threshold bank 1,No sub type information,OBD with Source Address Information,OBD Powertrain,P0420,,
A-05507-A,"Vehicle, Conductores del mundo","sep. 26, 2025 9:11:24 a. m.","ene. 00, 1900 12:00:00 a. m.",0,Catalyst system efficiency below threshold bank 1,No sub type information,OBD with Source Address Information,OBD Powertrain,P0420,,
A-05507-A,"Vehicle, Conductores del mundo","sep. 26, 2025 9:11:44 a. m.","ene. 00, 1900 12:00:00 a. m.",0,La luz de advertencia del vehículo está encendida,,Telematics Device,Telematics device,168,,
A-05507-A,"Vehicle, Conductores del mundo","sep. 26, 2025 10:42:54 a. m.","ene. 00, 1900 12:00:00 a. m.",0,Catalyst system efficiency below threshold bank 1,No sub type information,OBD with Source Address Information,OBD Powertrain,P0420,,
A-05507-A,"Vehicle, Conductores del mundo","sep. 26, 2025 10:42:54 a. m.","ene. 00, 1900 12:00:00 a. m.",0,Catalyst system efficiency below threshold bank 1,No sub type information,OBD with Source Address Information,OBD Powertrain,P0420,,
A-05507-A,"Vehicle, Conductores del mundo","sep. 26, 2025 10:43:14 a. m.","ene. 00, 1900 12:00:00 a. m.",0,La luz de advertencia del vehículo está encendida,,Telematics Device,Telematics device,168,,
A-05507-A,"Vehicle, Conductores del mundo","sep. 26, 2025 11:05:07 a. m.","ene. 00, 1900 12:00:00 a. m.",0,Catalyst system efficiency below threshold bank 1,No sub type information,OBD with Source Address Information,OBD Powertrain,P0420,,
A-05507-A,"Vehicle, Conductores del mundo","sep. 26, 2025 11:05:08 a. m.","ene. 00, 1900 12:00:00 a. m.",0,Catalyst system efficiency below threshold bank 1,No sub type information,OBD with Source Address Information,OBD Powertrain,P0420,,
A-05507-A,"Vehicle, Conductores del mundo","sep. 26, 2025 11:05:27 a. m.","ene. 00, 1900 12:00:00 a. m.",0,La luz de advertencia del vehículo está encendida,,Telematics Device,Telematics device,168,,
A-05507-A,"Vehicle, Conductores del mundo","sep. 26, 2025 11:15:23 a. m.","ene. 00, 1900 12:00:00 a. m.",0,Catalyst system efficiency below threshold bank 1,No sub type information,OBD with Source Address Information,OBD Powertrain,P0420,,
A-05507-A,"Vehicle, Conductores del mundo","sep. 26, 2025 11:15:24 a. m.","ene. 00, 1900 12:00:00 a. m.",0,Catalyst system efficiency below threshold bank 1,No sub type information,OBD with Source Address Information,OBD Powertrain,P0420,,
A-05507-A,"Vehicle, Conductores del mundo","sep. 26, 2025 11:15:43 a. m.","ene. 00, 1900 12:00:00 a. m.",0,La luz de advertencia del vehículo está encendida,,Telematics Device,Telematics device,168,,
A-05507-A,"Vehicle, Conductores del mundo","sep. 26, 2025 11:41:43 a. m.","ene. 00, 1900 12:00:00 a. m.",0,Catalyst system efficiency below threshold bank 1,No sub type information,OBD with Source Address Information,OBD Powertrain,P0420,,
A-05507-A,"Vehicle, Conductores del mundo","sep. 26, 2025 11:41:43 a. m.","ene. 00, 1900 12:00:00 a. m.",0,Catalyst system efficiency below threshold bank 1,No sub type information,OBD with Source Address Information,OBD Powertrain,P0420,,
A-05507-A,"Vehicle, Conductores del mundo","sep. 26, 2025 11:42:04 a. m.","ene. 00, 1900 12:00:00 a. m.",0,La luz de advertencia del vehículo está encendida,,Telematics Device,Telematics device,168,,
A-05507-A,"Vehicle, Conductores del mundo","sep. 26, 2025 12:45:02 p. m.","ene. 00, 1900 12:00:00 a. m.",0,Catalyst system efficiency below threshold bank 1,No sub type information,OBD with Source Address Information,OBD Powertrain,P0420,,
A-05507-A,"Vehicle, Conductores del mundo","sep. 26, 2025 12:45:02 p. m.","ene. 00, 1900 12:00:00 a. m.",0,Catalyst system efficiency below threshold bank 1,No sub type information,OBD with Source Address Information,OBD Powertrain,P0420,,
A-05507-A,"Vehicle, Conductores del mundo","sep. 26, 2025 12:45:22 p. m.","ene. 00, 1900 12:00:00 a. m.",0,La luz de advertencia del vehículo está encendida,,Telematics Device,Telematics device,168,,
A-05507-A,"Vehicle, Conductores del mundo","sep. 26, 2025 2:29:16 p. m.","ene. 00, 1900 12:00:00 a. m.",0,Catalyst system efficiency below threshold bank 1,No sub type information,OBD with Source Address Information,OBD Powertrain,P0420,,
A-05507-A,"Vehicle, Conductores del mundo","sep. 26, 2025 2:29:16 p. m.","ene. 00, 1900 12:00:00 a. m.",0,Catalyst system efficiency below threshold bank 1,No sub type information,OBD with Source Address Information,OBD Powertrain,P0420,,
A-05507-A,"Vehicle, Conductores del mundo","sep. 26, 2025 2:29:36 p. m.","ene. 00, 1900 12:00:00 a. m.",0,La luz de advertencia del vehículo está encendida,,Telematics Device,Telematics device,168,,
A-05507-A,"Vehicle, Conductores del mundo","sep. 26, 2025 4:06:27 p. m.","ene. 00, 1900 12:00:00 a. m.",0,Catalyst system efficiency below threshold bank 1,No sub type information,OBD with Source Address Information,OBD Powertrain,P0420,,
A-05507-A,"Vehicle, Conductores del mundo","sep. 26, 2025 4:06:27 p. m.","ene. 00, 1900 12:00:00 a. m.",0,Catalyst system efficiency below threshold bank 1,No sub type information,OBD with Source Address Information,OBD Powertrain,P0420,,
A-05507-A,"Vehicle, Conductores del mundo","sep. 26, 2025 4:06:47 p. m.","ene. 00, 1900 12:00:00 a. m.",0,La luz de advertencia del vehículo está encendida,,Telematics Device,Telematics device,168,,
A-05507-A,"Vehicle, Conductores del mundo","sep. 26, 2025 4:51:55 p. m.","ene. 00, 1900 12:00:00 a. m.",0,Catalyst system efficiency below threshold bank 1,No sub type information,OBD with Source Address Information,OBD Powertrain,P0420,,
A-05507-A,"Vehicle, Conductores del mundo","sep. 26, 2025 4:51:56 p. m.","ene. 00, 1900 12:00:00 a. m.",0,Catalyst system efficiency below threshold bank 1,No sub type information,OBD with Source Address Information,OBD Powertrain,P0420,,
A-05507-A,"Vehicle, Conductores del mundo","sep. 26, 2025 4:52:15 p. m.","ene. 00, 1900 12:00:00 a. m.",0,La luz de advertencia del vehículo está encendida,,Telematics Device,Telematics device,168,,
A-05507-A,"Vehicle, Conductores del mundo","sep. 27, 2025 4:41:51 a. m.","ene. 00, 1900 12:00:00 a. m.",0,Catalyst system efficiency below threshold bank 1,No sub type information,OBD with Source Address Information,OBD Powertrain,P0420,,
A-05507-A,"Vehicle, Conductores del mundo","sep. 27, 2025 4:41:52 a. m.","ene. 00, 1900 12:00:00 a. m.",0,Catalyst system efficiency below threshold bank 1,No sub type information,OBD with Source Address Information,OBD Powertrain,P0420,,
A-05507-A,"Vehicle, Conductores del mundo","sep. 27, 2025 4:42:12 a. m.","ene. 00, 1900 12:00:00 a. m.",0,La luz de advertencia del vehículo está encendida,,Telematics Device,Telematics device,168,,
A-05507-A,"Vehicle, Conductores del mundo","sep. 27, 2025 6:33:10 a. m.","ene. 00, 1900 12:00:00 a. m.",0,Catalyst system efficiency below threshold bank 1,No sub type information,OBD with Source Address Information,OBD Powertrain,P0420,,
A-05507-A,"Vehicle, Conductores del mundo","sep. 27, 2025 6:33:11 a. m.","ene. 00, 1900 12:00:00 a. m.",0,Catalyst system efficiency below threshold bank 1,No sub type information,OBD with Source Address Information,OBD Powertrain,P0420,,
A-05507-A,"Vehicle, Conductores del mundo","sep. 27, 2025 6:33:30 a. m.","ene. 00, 1900 12:00:00 a. m.",0,La luz de advertencia del vehículo está encendida,,Telematics Device,Telematics device,168,,
A-05507-A,"Vehicle, Conductores del mundo","sep. 27, 2025 6:37:46 a. m.","ene. 00, 1900 12:00:00 a. m.",0,Catalyst system efficiency below threshold bank 1,No sub type information,OBD with Source Address Information,OBD Powertrain,P0420,,
A-05507-A,"Vehicle, Conductores del mundo","sep. 27, 2025 6:37:46 a. m.","ene. 00, 1900 12:00:00 a. m.",0,Catalyst system efficiency below threshold bank 1,No sub type information,OBD with Source Address Information,OBD Powertrain,P0420,,
A-05507-A,"Vehicle, Conductores del mundo","sep. 27, 2025 6:38:06 a. m.","ene. 00, 1900 12:00:00 a. m.",0,La luz de advertencia del vehículo está encendida,,Telematics Device,Telematics device,168,,
A-05507-A,"Vehicle, Conductores del mundo","sep. 27, 2025 7:20:29 a. m.","ene. 00, 1900 12:00:00 a. m.",0,Catalyst system efficiency below threshold bank 1,No sub type information,OBD with Source Address Information,OBD Powertrain,P0420,,
A-05507-A,"Vehicle, Conductores del mundo","sep. 27, 2025 7:20:29 a. m.","ene. 00, 1900 12:00:00 a. m.",0,Catalyst system efficiency below threshold bank 1,No sub type information,OBD with Source Address Information,OBD Powertrain,P0420,,
A-05507-A,"Vehicle, Conductores del mundo","sep. 27, 2025 7:20:49 a. m.","ene. 00, 1900 12:00:00 a. m.",0,La luz de advertencia del vehículo está encendida,,Telematics Device,Telematics device,168,,
A-05507-A,"Vehicle, Conductores del mundo","sep. 27, 2025 8:44:36 a. m.","ene. 00, 1900 12:00:00 a. m.",0,Catalyst system efficiency below threshold bank 1,No sub type information,OBD with Source Address Information,OBD Powertrain,P0420,,
A-05507-A,"Vehicle, Conductores del mundo","sep. 27, 2025 8:44:36 a. m.","ene. 00, 1900 12:00:00 a. m.",0,Catalyst system efficiency below threshold bank 1,No sub type information,OBD with Source Address Information,OBD Powertrain,P0420,,
A-05507-A,"Vehicle, Conductores del mundo","sep. 27, 2025 8:44:56 a. m.","ene. 00, 1900 12:00:00 a. m.",0,La luz de advertencia del vehículo está encendida,,Telematics Device,Telematics device,168,,
A-05507-A,"Vehicle, Conductores del mundo","sep. 27, 2025 11:57:14 a. m.","ene. 00, 1900 12:00:00 a. m.",0,Catalyst system efficiency below threshold bank 1,No sub type information,OBD with Source Address Information,OBD Powertrain,P0420,,
A-05507-A,"Vehicle, Conductores del mundo","sep. 27, 2025 11:57:14 a. m.","ene. 00, 1900 12:00:00 a. m.",0,Catalyst system efficiency below threshold bank 1,No sub type information,OBD with Source Address Information,OBD Powertrain,P0420,,
A-05507-A,"Vehicle, Conductores del mundo","sep. 27, 2025 11:57:34 a. m.","ene. 00, 1900 12:00:00 a. m.",0,La luz de advertencia del vehículo está encendida,,Telematics Device,Telematics device,168,,
A-05507-A,"Vehicle, Conductores del mundo","sep. 27, 2025 1:43:16 p. m.","ene. 00, 1900 12:00:00 a. m.",0,Catalyst system efficiency below threshold bank 1,No sub type information,OBD with Source Address Information,OBD Powertrain,P0420,,
A-05507-A,"Vehicle, Conductores del mundo","sep. 27, 2025 1:43:16 p. m.","ene. 00, 1900 12:00:00 a. m.",0,Catalyst system efficiency below threshold bank 1,No sub type information,OBD with Source Address Information,OBD Powertrain,P0420,,
A-05507-A,"Vehicle, Conductores del mundo","sep. 27, 2025 1:43:36 p. m.","ene. 00, 1900 12:00:00 a. m.",0,La luz de advertencia del vehículo está encendida,,Telematics Device,Telematics device,168,,
A-05507-A,"Vehicle, Conductores del mundo","sep. 27, 2025 3:27:32 p. m.","ene. 00, 1900 12:00:00 a. m.",0,Catalyst system efficiency below threshold bank 1,No sub type information,OBD with Source Address Information,OBD Powertrain,P0420,,
A-05507-A,"Vehicle, Conductores del mundo","sep. 27, 2025 3:27:32 p. m.","ene. 00, 1900 12:00:00 a. m.",0,Catalyst system efficiency below threshold bank 1,No sub type information,OBD with Source Address Information,OBD Powertrain,P0420,,
A-05507-A,"Vehicle, Conductores del mundo","sep. 27, 2025 3:27:52 p. m.","ene. 00, 1900 12:00:00 a. m.",0,La luz de advertencia del vehículo está encendida,,Telematics Device,Telematics device,168,,
A-05507-A,"Vehicle, Conductores del mundo","sep. 27, 2025 4:17:38 p. m.","ene. 00, 1900 12:00:00 a. m.",0,Catalyst system efficiency below threshold bank 1,No sub type information,OBD with Source Address Information,OBD Powertrain,P0420,,
A-05507-A,"Vehicle, Conductores del mundo","sep. 27, 2025 4:17:38 p. m.","ene. 00, 1900 12:00:00 a. m.",0,Catalyst system efficiency below threshold bank 1,No sub type information,OBD with Source Address Information,OBD Powertrain,P0420,,
A-05507-A,"Vehicle, Conductores del mundo","sep. 27, 2025 4:17:58 p. m.","ene. 00, 1900 12:00:00 a. m.",0,La luz de advertencia del vehículo está encendida,,Telematics Device,Telematics device,168,,
A-05507-A,"Vehicle, Conductores del mundo","sep. 27, 2025 6:02:48 p. m.","ene. 00, 1900 12:00:00 a. m.",0,Catalyst system efficiency below threshold bank 1,No sub type information,OBD with Source Address Information,OBD Powertrain,P0420,,
A-05507-A,"Vehicle, Conductores del mundo","sep. 27, 2025 6:02:48 p. m.","ene. 00, 1900 12:00:00 a. m.",0,Catalyst system efficiency below threshold bank 1,No sub type information,OBD with Source Address Information,OBD Powertrain,P0420,,
A-05507-A,"Vehicle, Conductores del mundo","sep. 27, 2025 6:03:08 p. m.","ene. 00, 1900 12:00:00 a. m.",0,La luz de advertencia del vehículo está encendida,,Telematics Device,Telematics device,168,,
A-05507-A,"Vehicle, Conductores del mundo","sep. 28, 2025 7:58:54 a. m.","ene. 00, 1900 12:00:00 a. m.",0,Catalyst system efficiency below threshold bank 1,No sub type information,OBD with Source Address Information,OBD Powertrain,P0420,,
A-05507-A,"Vehicle, Conductores del mundo","sep. 28, 2025 7:58:54 a. m.","ene. 00, 1900 12:00:00 a. m.",0,Catalyst system efficiency below threshold bank 1,No sub type information,OBD with Source Address Information,OBD Powertrain,P0420,,
A-05507-A,"Vehicle, Conductores del mundo","sep. 28, 2025 7:59:14 a. m.","ene. 00, 1900 12:00:00 a. m.",0,La luz de advertencia del vehículo está encendida,,Telematics Device,Telematics device,168,,
A-05507-A,"Vehicle, Conductores del mundo","sep. 28, 2025 8:31:04 a. m.","ene. 00, 1900 12:00:00 a. m.",0,Catalyst system efficiency below threshold bank 1,No sub type information,OBD with Source Address Information,OBD Powertrain,P0420,,
A-05507-A,"Vehicle, Conductores del mundo","sep. 28, 2025 8:31:04 a. m.","ene. 00, 1900 12:00:00 a. m.",0,Catalyst system efficiency below threshold bank 1,No sub type information,OBD with Source Address Information,OBD Powertrain,P0420,,
A-05507-A,"Vehicle, Conductores del mundo","sep. 28, 2025 8:31:23 a. m.","ene. 00, 1900 12:00:00 a. m.",0,La luz de advertencia del vehículo está encendida,,Telematics Device,Telematics device,168,,
A-05507-A,"Vehicle, Conductores del mundo","sep. 28, 2025 9:31:14 a. m.","ene. 00, 1900 12:00:00 a. m.",0,Catalyst system efficiency below threshold bank 1,No sub type information,OBD with Source Address Information,OBD Powertrain,P0420,,
A-05507-A,"Vehicle, Conductores del mundo","sep. 28, 2025 9:31:14 a. m.","ene. 00, 1900 12:00:00 a. m.",0,Catalyst system efficiency below threshold bank 1,No sub type information,OBD with Source Address Information,OBD Powertrain,P0420,,
A-05507-A,"Vehicle, Conductores del mundo","sep. 28, 2025 9:31:34 a. m.","ene. 00, 1900 12:00:00 a. m.",0,La luz de advertencia del vehículo está encendida,,Telematics Device,Telematics device,168,,
A-05507-A,"Vehicle, Conductores del mundo","sep. 28, 2025 10:32:22 a. m.","ene. 00, 1900 12:00:00 a. m.",0,Catalyst system efficiency below threshold bank 1,No sub type information,OBD with Source Address Information,OBD Powertrain,P0420,,
A-05507-A,"Vehicle, Conductores del mundo","sep. 28, 2025 10:32:22 a. m.","ene. 00, 1900 12:00:00 a. m.",0,Catalyst system efficiency below threshold bank 1,No sub type information,OBD with Source Address Information,OBD Powertrain,P0420,,
A-05507-A,"Vehicle, Conductores del mundo","sep. 28, 2025 10:32:42 a. m.","ene. 00, 1900 12:00:00 a. m.",0,La luz de advertencia del vehículo está encendida,,Telematics Device,Telematics device,168,,
A-05507-A,"Vehicle, Conductores del mundo","sep. 28, 2025 11:35:53 a. m.","ene. 00, 1900 12:00:00 a. m.",0,Catalyst system efficiency below threshold bank 1,No sub type information,OBD with Source Address Information,OBD Powertrain,P0420,,
A-05507-A,"Vehicle, Conductores del mundo","sep. 28, 2025 11:35:53 a. m.","ene. 00, 1900 12:00:00 a. m.",0,Catalyst system efficiency below threshold bank 1,No sub type information,OBD with Source Address Information,OBD Powertrain,P0420,,
A-05507-A,"Vehicle, Conductores del mundo","sep. 28, 2025 11:36:13 a. m.","ene. 00, 1900 12:00:00 a. m.",0,La luz de advertencia del vehículo está encendida,,Telematics Device,Telematics device,168,,
A-05507-A,"Vehicle, Conductores del mundo","sep. 28, 2025 12:43:06 p. m.","ene. 00, 1900 12:00:00 a. m.",0,Catalyst system efficiency below threshold bank 1,No sub type information,OBD with Source Address Information,OBD Powertrain,P0420,,
A-05507-A,"Vehicle, Conductores del mundo","sep. 28, 2025 12:43:06 p. m.","ene. 00, 1900 12:00:00 a. m.",0,Catalyst system efficiency below threshold bank 1,No sub type information,OBD with Source Address Information,OBD Powertrain,P0420,,
A-05507-A,"Vehicle, Conductores del mundo","sep. 28, 2025 12:43:26 p. m.","ene. 00, 1900 12:00:00 a. m.",0,La luz de advertencia del vehículo está encendida,,Telematics Device,Telematics device,168,,
A-05507-A,"Vehicle, Conductores del mundo","sep. 28, 2025 2:34:13 p. m.","ene. 00, 1900 12:00:00 a. m.",0,Catalyst system efficiency below threshold bank 1,No sub type information,OBD with Source Address Information,OBD Powertrain,P0420,,
A-05507-A,"Vehicle, Conductores del mundo","sep. 28, 2025 2:34:13 p. m.","ene. 00, 1900 12:00:00 a. m.",0,Catalyst system efficiency below threshold bank 1,No sub type information,OBD with Source Address Information,OBD Powertrain,P0420,,
A-05507-A,"Vehicle, Conductores del mundo","sep. 28, 2025 2:34:33 p. m.","ene. 00, 1900 12:00:00 a. m.",0,La luz de advertencia del vehículo está encendida,,Telematics Device,Telematics device,168,,
A-05507-A,"Vehicle, Conductores del mundo","sep. 28, 2025 3:32:35 p. m.","ene. 00, 1900 12:00:00 a. m.",0,Catalyst system efficiency below threshold bank 1,No sub type information,OBD with Source Address Information,OBD Powertrain,P0420,,
A-05507-A,"Vehicle, Conductores del mundo","sep. 28, 2025 3:32:35 p. m.","ene. 00, 1900 12:00:00 a. m.",0,Catalyst system efficiency below threshold bank 1,No sub type information,OBD with Source Address Information,OBD Powertrain,P0420,,
A-05507-A,"Vehicle, Conductores del mundo","sep. 28, 2025 3:32:55 p. m.","ene. 00, 1900 12:00:00 a. m.",0,La luz de advertencia del vehículo está encendida,,Telematics Device,Telematics device,168,,
A-05507-A,"Vehicle, Conductores del mundo","sep. 28, 2025 4:05:02 p. m.","ene. 00, 1900 12:00:00 a. m.",0,Catalyst system efficiency below threshold bank 1,No sub type information,OBD with Source Address Information,OBD Powertrain,P0420,,
A-05507-A,"Vehicle, Conductores del mundo","sep. 28, 2025 4:05:03 p. m.","ene. 00, 1900 12:00:00 a. m.",0,Catalyst system efficiency below threshold bank 1,No sub type information,OBD with Source Address Information,OBD Powertrain,P0420,,
A-05507-A,"Vehicle, Conductores del mundo","sep. 28, 2025 4:05:22 p. m.","ene. 00, 1900 12:00:00 a. m.",0,La luz de advertencia del vehículo está encendida,,Telematics Device,Telematics device,168,,
A-05507-A,"Vehicle, Conductores del mundo","sep. 28, 2025 4:29:27 p. m.","ene. 00, 1900 12:00:00 a. m.",0,Catalyst system efficiency below threshold bank 1,No sub type information,OBD with Source Address Information,OBD Powertrain,P0420,,
A-05507-A,"Vehicle, Conductores del mundo","sep. 28, 2025 4:29:27 p. m.","ene. 00, 1900 12:00:00 a. m.",0,Catalyst system efficiency below threshold bank 1,No sub type information,OBD with Source Address Information,OBD Powertrain,P0420,,
A-05507-A,"Vehicle, Conductores del mundo","sep. 28, 2025 4:29:47 p. m.","ene. 00, 1900 12:00:00 a. m.",0,La luz de advertencia del vehículo está encendida,,Telematics Device,Telematics device,168,,
A-05507-A,"Vehicle, Conductores del mundo","sep. 28, 2025 4:48:03 p. m.","ene. 00, 1900 12:00:00 a. m.",0,Catalyst system efficiency below threshold bank 1,No sub type information,OBD with Source Address Information,OBD Powertrain,P0420,,
A-05507-A,"Vehicle, Conductores del mundo","sep. 28, 2025 4:48:03 p. m.","ene. 00, 1900 12:00:00 a. m.",0,Catalyst system efficiency below threshold bank 1,No sub type information,OBD with Source Address Information,OBD Powertrain,P0420,,
A-05507-A,"Vehicle, Conductores del mundo","sep. 28, 2025 4:48:23 p. m.","ene. 00, 1900 12:00:00 a. m.",0,La luz de advertencia del vehículo está encendida,,Telematics Device,Telematics device,168,,
A-05507-A,"Vehicle, Conductores del mundo","sep. 28, 2025 5:50:53 p. m.","ene. 00, 1900 12:00:00 a. m.",0,Catalyst system efficiency below threshold bank 1,No sub type information,OBD with Source Address Information,OBD Powertrain,P0420,,
A-05507-A,"Vehicle, Conductores del mundo","sep. 28, 2025 5:50:53 p. m.","ene. 00, 1900 12:00:00 a. m.",0,Catalyst system efficiency below threshold bank 1,No sub type information,OBD with Source Address Information,OBD Powertrain,P0420,,
A-05507-A,"Vehicle, Conductores del mundo","sep. 28, 2025 5:51:13 p. m.","ene. 00, 1900 12:00:00 a. m.",0,La luz de advertencia del vehículo está encendida,,Telematics Device,Telematics device,168,,
A-05507-A,"Vehicle, Conductores del mundo","sep. 28, 2025 6:36:52 p. m.","ene. 00, 1900 12:00:00 a. m.",0,Catalyst system efficiency below threshold bank 1,No sub type information,OBD with Source Address Information,OBD Powertrain,P0420,,
A-05507-A,"Vehicle, Conductores del mundo","sep. 28, 2025 6:36:53 p. m.","ene. 00, 1900 12:00:00 a. m.",0,Catalyst system efficiency below threshold bank 1,No sub type information,OBD with Source Address Information,OBD Powertrain,P0420,,
A-05507-A,"Vehicle, Conductores del mundo","sep. 28, 2025 6:37:13 p. m.","ene. 00, 1900 12:00:00 a. m.",0,La luz de advertencia del vehículo está encendida,,Telematics Device,Telematics device,168,,
A-05507-A,"Vehicle, Conductores del mundo","sep. 29, 2025 4:45:56 a. m.","ene. 00, 1900 12:00:00 a. m.",0,Catalyst system efficiency below threshold bank 1,No sub type information,OBD with Source Address Information,OBD Powertrain,P0420,,
A-05507-A,"Vehicle, Conductores del mundo","sep. 29, 2025 4:45:56 a. m.","ene. 00, 1900 12:00:00 a. m.",0,Catalyst system efficiency below threshold bank 1,No sub type information,OBD with Source Address Information,OBD Powertrain,P0420,,
A-05507-A,"Vehicle, Conductores del mundo","sep. 29, 2025 4:46:16 a. m.","ene. 00, 1900 12:00:00 a. m.",0,La luz de advertencia del vehículo está encendida,,Telematics Device,Telematics device,168,,
A-05507-A,"Vehicle, Conductores del mundo","sep. 29, 2025 6:31:31 a. m.","ene. 00, 1900 12:00:00 a. m.",0,Catalyst system efficiency below threshold bank 1,No sub type information,OBD with Source Address Information,OBD Powertrain,P0420,,
A-05507-A,"Vehicle, Conductores del mundo","sep. 29, 2025 6:31:31 a. m.","ene. 00, 1900 12:00:00 a. m.",0,Catalyst system efficiency below threshold bank 1,No sub type information,OBD with Source Address Information,OBD Powertrain,P0420,,
A-05507-A,"Vehicle, Conductores del mundo","sep. 29, 2025 6:31:51 a. m.","ene. 00, 1900 12:00:00 a. m.",0,La luz de advertencia del vehículo está encendida,,Telematics Device,Telematics device,168,,
A-05507-A,"Vehicle, Conductores del mundo","sep. 29, 2025 7:09:00 a. m.","ene. 00, 1900 12:00:00 a. m.",0,Catalyst system efficiency below threshold bank 1,No sub type information,OBD with Source Address Information,OBD Powertrain,P0420,,
A-05507-A,"Vehicle, Conductores del mundo","sep. 29, 2025 7:09:00 a. m.","ene. 00, 1900 12:00:00 a. m.",0,Catalyst system efficiency below threshold bank 1,No sub type information,OBD with Source Address Information,OBD Powertrain,P0420,,
A-05507-A,"Vehicle, Conductores del mundo","sep. 29, 2025 7:09:20 a. m.","ene. 00, 1900 12:00:00 a. m.",0,La luz de advertencia del vehículo está encendida,,Telematics Device,Telematics device,168,,
A-05507-A,"Vehicle, Conductores del mundo","sep. 29, 2025 7:44:39 a. m.","ene. 00, 1900 12:00:00 a. m.",0,Catalyst system efficiency below threshold bank 1,No sub type information,OBD with Source Address Information,OBD Powertrain,P0420,,
A-05507-A,"Vehicle, Conductores del mundo","sep. 29, 2025 7:44:39 a. m.","ene. 00, 1900 12:00:00 a. m.",0,Catalyst system efficiency below threshold bank 1,No sub type information,OBD with Source Address Information,OBD Powertrain,P0420,,
A-05507-A,"Vehicle, Conductores del mundo","sep. 29, 2025 7:44:59 a. m.","ene. 00, 1900 12:00:00 a. m.",0,La luz de advertencia del vehículo está encendida,,Telematics Device,Telematics device,168,,
A-05507-A,"Vehicle, Conductores del mundo","sep. 29, 2025 9:14:26 a. m.","ene. 00, 1900 12:00:00 a. m.",0,Catalyst system efficiency below threshold bank 1,No sub type information,OBD with Source Address Information,OBD Powertrain,P0420,,
A-05507-A,"Vehicle, Conductores del mundo","sep. 29, 2025 9:14:26 a. m.","ene. 00, 1900 12:00:00 a. m.",0,Catalyst system efficiency below threshold bank 1,No sub type information,OBD with Source Address Information,OBD Powertrain,P0420,,
A-05507-A,"Vehicle, Conductores del mundo","sep. 29, 2025 9:14:46 a. m.","ene. 00, 1900 12:00:00 a. m.",0,La luz de advertencia del vehículo está encendida,,Telematics Device,Telematics device,168,,
A-05507-A,"Vehicle, Conductores del mundo","sep. 29, 2025 10:55:34 a. m.","ene. 00, 1900 12:00:00 a. m.",0,Catalyst system efficiency below threshold bank 1,No sub type information,OBD with Source Address Information,OBD Powertrain,P0420,,
A-05507-A,"Vehicle, Conductores del mundo","sep. 29, 2025 10:55:34 a. m.","ene. 00, 1900 12:00:00 a. m.",0,Catalyst system efficiency below threshold bank 1,No sub type information,OBD with Source Address Information,OBD Powertrain,P0420,,
A-05507-A,"Vehicle, Conductores del mundo","sep. 29, 2025 10:55:54 a. m.","ene. 00, 1900 12:00:00 a. m.",0,La luz de advertencia del vehículo está encendida,,Telematics Device,Telematics device,168,,
A-05507-A,"Vehicle, Conductores del mundo","sep. 29, 2025 12:58:46 p. m.","ene. 00, 1900 12:00:00 a. m.",0,Catalyst system efficiency below threshold bank 1,No sub type information,OBD with Source Address Information,OBD Powertrain,P0420,,
A-05507-A,"Vehicle, Conductores del mundo","sep. 29, 2025 12:58:46 p. m.","ene. 00, 1900 12:00:00 a. m.",0,Catalyst system efficiency below threshold bank 1,No sub type information,OBD with Source Address Information,OBD Powertrain,P0420,,
A-05507-A,"Vehicle, Conductores del mundo","sep. 29, 2025 12:59:06 p. m.","ene. 00, 1900 12:00:00 a. m.",0,La luz de advertencia del vehículo está encendida,,Telematics Device,Telematics device,168,,
A-05507-A,"Vehicle, Conductores del mundo","sep. 29, 2025 1:04:35 p. m.","ene. 00, 1900 12:00:00 a. m.",0,Catalyst system efficiency below threshold bank 1,No sub type information,OBD with Source Address Information,OBD Powertrain,P0420,,
A-05507-A,"Vehicle, Conductores del mundo","sep. 29, 2025 1:04:35 p. m.","ene. 00, 1900 12:00:00 a. m.",0,Catalyst system efficiency below threshold bank 1,No sub type information,OBD with Source Address Information,OBD Powertrain,P0420,,
A-05507-A,"Vehicle, Conductores del mundo","sep. 29, 2025 2:25:28 p. m.","ene. 00, 1900 12:00:00 a. m.",0,Catalyst system efficiency below threshold bank 1,No sub type information,OBD with Source Address Information,OBD Powertrain,P0420,,
A-05507-A,"Vehicle, Conductores del mundo","sep. 29, 2025 2:25:28 p. m.","ene. 00, 1900 12:00:00 a. m.",0,Catalyst system efficiency below threshold bank 1,No sub type information,OBD with Source Address Information,OBD Powertrain,P0420,,
A-05507-A,"Vehicle, Conductores del mundo","sep. 29, 2025 2:25:47 p. m.","ene. 00, 1900 12:00:00 a. m.",0,La luz de advertencia del vehículo está encendida,,Telematics Device,Telematics device,168,,
A-05507-A,"Vehicle, Conductores del mundo","sep. 29, 2025 2:42:37 p. m.","ene. 00, 1900 12:00:00 a. m.",0,Catalyst system efficiency below threshold bank 1,No sub type information,OBD with Source Address Information,OBD Powertrain,P0420,,
A-05507-A,"Vehicle, Conductores del mundo","sep. 29, 2025 2:42:37 p. m.","ene. 00, 1900 12:00:00 a. m.",0,Catalyst system efficiency below threshold bank 1,No sub type information,OBD with Source Address Information,OBD Powertrain,P0420,,
A-05507-A,"Vehicle, Conductores del mundo","sep. 29, 2025 2:42:57 p. m.","ene. 00, 1900 12:00:00 a. m.",0,La luz de advertencia del vehículo está encendida,,Telematics Device,Telematics device,168,,
A-05507-A,"Vehicle, Conductores del mundo","sep. 29, 2025 4:14:52 p. m.","ene. 00, 1900 12:00:00 a. m.",0,Catalyst system efficiency below threshold bank 1,No sub type information,OBD with Source Address Information,OBD Powertrain,P0420,,
A-05507-A,"Vehicle, Conductores del mundo","sep. 29, 2025 4:14:52 p. m.","ene. 00, 1900 12:00:00 a. m.",0,Catalyst system efficiency below threshold bank 1,No sub type information,OBD with Source Address Information,OBD Powertrain,P0420,,
A-05507-A,"Vehicle, Conductores del mundo","sep. 29, 2025 4:15:12 p. m.","ene. 00, 1900 12:00:00 a. m.",0,La luz de advertencia del vehículo está encendida,,Telematics Device,Telematics device,168,,
A-05507-A,"Vehicle, Conductores del mundo","sep. 29, 2025 4:28:21 p. m.","ene. 00, 1900 12:00:00 a. m.",0,Catalyst system efficiency below threshold bank 1,No sub type information,OBD with Source Address Information,OBD Powertrain,P0420,,
A-05507-A,"Vehicle, Conductores del mundo","sep. 29, 2025 4:28:22 p. m.","ene. 00, 1900 12:00:00 a. m.",0,Catalyst system efficiency below threshold bank 1,No sub type information,OBD with Source Address Information,OBD Powertrain,P0420,,
A-05507-A,"Vehicle, Conductores del mundo","sep. 29, 2025 4:28:41 p. m.","ene. 00, 1900 12:00:00 a. m.",0,La luz de advertencia del vehículo está encendida,,Telematics Device,Telematics device,168,,
A-05507-A,"Vehicle, Conductores del mundo","sep. 29, 2025 5:07:16 p. m.","ene. 00, 1900 12:00:00 a. m.",0,Catalyst system efficiency below threshold bank 1,No sub type information,OBD with Source Address Information,OBD Powertrain,P0420,,
A-05507-A,"Vehicle, Conductores del mundo","sep. 29, 2025 5:07:16 p. m.","ene. 00, 1900 12:00:00 a. m.",0,Catalyst system efficiency below threshold bank 1,No sub type information,OBD with Source Address Information,OBD Powertrain,P0420,,
A-05507-A,"Vehicle, Conductores del mundo","sep. 29, 2025 5:07:36 p. m.","ene. 00, 1900 12:00:00 a. m.",0,La luz de advertencia del vehículo está encendida,,Telematics Device,Telematics device,168,,
A-05507-A,"Vehicle, Conductores del mundo","sep. 30, 2025 4:52:32 a. m.","ene. 00, 1900 12:00:00 a. m.",0,Catalyst system efficiency below threshold bank 1,No sub type information,OBD with Source Address Information,OBD Powertrain,P0420,,
A-05507-A,"Vehicle, Conductores del mundo","sep. 30, 2025 4:52:32 a. m.","ene. 00, 1900 12:00:00 a. m.",0,Catalyst system efficiency below threshold bank 1,No sub type information,OBD with Source Address Information,OBD Powertrain,P0420,,
A-05507-A,"Vehicle, Conductores del mundo","sep. 30, 2025 4:52:52 a. m.","ene. 00, 1900 12:00:00 a. m.",0,La luz de advertencia del vehículo está encendida,,Telematics Device,Telematics device,168,,
A-05507-A,"Vehicle, Conductores del mundo","sep. 30, 2025 7:14:48 a. m.","ene. 00, 1900 12:00:00 a. m.",0,Catalyst system efficiency below threshold bank 1,No sub type information,OBD with Source Address Information,OBD Powertrain,P0420,,
A-05507-A,"Vehicle, Conductores del mundo","sep. 30, 2025 7:14:48 a. m.","ene. 00, 1900 12:00:00 a. m.",0,Catalyst system efficiency below threshold bank 1,No sub type information,OBD with Source Address Information,OBD Powertrain,P0420,,
A-05507-A,"Vehicle, Conductores del mundo","sep. 30, 2025 7:15:08 a. m.","ene. 00, 1900 12:00:00 a. m.",0,La luz de advertencia del vehículo está encendida,,Telematics Device,Telematics device,168,,
A-05507-A,"Vehicle, Conductores del mundo","sep. 30, 2025 9:08:48 a. m.","ene. 00, 1900 12:00:00 a. m.",0,Catalyst system efficiency below threshold bank 1,No sub type information,OBD with Source Address Information,OBD Powertrain,P0420,,
A-05507-A,"Vehicle, Conductores del mundo","sep. 30, 2025 9:08:48 a. m.","ene. 00, 1900 12:00:00 a. m.",0,Catalyst system efficiency below threshold bank 1,No sub type information,OBD with Source Address Information,OBD Powertrain,P0420,,
A-05507-A,"Vehicle, Conductores del mundo","sep. 30, 2025 9:09:08 a. m.","ene. 00, 1900 12:00:00 a. m.",0,La luz de advertencia del vehículo está encendida,,Telematics Device,Telematics device,168,,
A-05507-A,"Vehicle, Conductores del mundo","sep. 30, 2025 10:50:11 a. m.","ene. 00, 1900 12:00:00 a. m.",0,Catalyst system efficiency below threshold bank 1,No sub type information,OBD with Source Address Information,OBD Powertrain,P0420,,
A-05507-A,"Vehicle, Conductores del mundo","sep. 30, 2025 10:50:11 a. m.","ene. 00, 1900 12:00:00 a. m.",0,Catalyst system efficiency below threshold bank 1,No sub type information,OBD with Source Address Information,OBD Powertrain,P0420,,
A-05507-A,"Vehicle, Conductores del mundo","sep. 30, 2025 10:50:31 a. m.","ene. 00, 1900 12:00:00 a. m.",0,La luz de advertencia del vehículo está encendida,,Telematics Device,Telematics device,168,,
A-05507-A,"Vehicle, Conductores del mundo","sep. 30, 2025 11:15:36 a. m.","ene. 00, 1900 12:00:00 a. m.",0,Catalyst system efficiency below threshold bank 1,No sub type information,OBD with Source Address Information,OBD Powertrain,P0420,,
A-05507-A,"Vehicle, Conductores del mundo","sep. 30, 2025 11:15:36 a. m.","ene. 00, 1900 12:00:00 a. m.",0,Catalyst system efficiency below threshold bank 1,No sub type information,OBD with Source Address Information,OBD Powertrain,P0420,,
A-05507-A,"Vehicle, Conductores del mundo","sep. 30, 2025 11:15:56 a. m.","ene. 00, 1900 12:00:00 a. m.",0,La luz de advertencia del vehículo está encendida,,Telematics Device,Telematics device,168,,
A-05507-A,"Vehicle, Conductores del mundo","sep. 30, 2025 11:24:54 a. m.","ene. 00, 1900 12:00:00 a. m.",0,Catalyst system efficiency below threshold bank 1,No sub type information,OBD with Source Address Information,OBD Powertrain,P0420,,
A-05507-A,"Vehicle, Conductores del mundo","sep. 30, 2025 11:24:54 a. m.","ene. 00, 1900 12:00:00 a. m.",0,Catalyst system efficiency below threshold bank 1,No sub type information,OBD with Source Address Information,OBD Powertrain,P0420,,
A-05507-A,"Vehicle, Conductores del mundo","sep. 30, 2025 11:25:14 a. m.","ene. 00, 1900 12:00:00 a. m.",0,La luz de advertencia del vehículo está encendida,,Telematics Device,Telematics device,168,,
A-05507-A,"Vehicle, Conductores del mundo","sep. 30, 2025 11:32:28 a. m.","ene. 00, 1900 12:00:00 a. m.",0,Catalyst system efficiency below threshold bank 1,No sub type information,OBD with Source Address Information,OBD Powertrain,P0420,,
A-05507-A,"Vehicle, Conductores del mundo","sep. 30, 2025 11:32:29 a. m.","ene. 00, 1900 12:00:00 a. m.",0,Catalyst system efficiency below threshold bank 1,No sub type information,OBD with Source Address Information,OBD Powertrain,P0420,,
A-05507-A,"Vehicle, Conductores del mundo","sep. 30, 2025 11:32:48 a. m.","ene. 00, 1900 12:00:00 a. m.",0,La luz de advertencia del vehículo está encendida,,Telematics Device,Telematics device,168,,
A-05507-A,"Vehicle, Conductores del mundo","sep. 30, 2025 11:43:15 a. m.","ene. 00, 1900 12:00:00 a. m.",0,Catalyst system efficiency below threshold bank 1,No sub type information,OBD with Source Address Information,OBD Powertrain,P0420,,
A-05507-A,"Vehicle, Conductores del mundo","sep. 30, 2025 11:43:16 a. m.","ene. 00, 1900 12:00:00 a. m.",0,Catalyst system efficiency below threshold bank 1,No sub type information,OBD with Source Address Information,OBD Powertrain,P0420,,
A-05507-A,"Vehicle, Conductores del mundo","sep. 30, 2025 11:43:36 a. m.","ene. 00, 1900 12:00:00 a. m.",0,La luz de advertencia del vehículo está encendida,,Telematics Device,Telematics device,168,,
A-05507-A,"Vehicle, Conductores del mundo","sep. 30, 2025 11:50:15 a. m.","ene. 00, 1900 12:00:00 a. m.",0,Catalyst system efficiency below threshold bank 1,No sub type information,OBD with Source Address Information,OBD Powertrain,P0420,,
A-05507-A,"Vehicle, Conductores del mundo","sep. 30, 2025 11:50:15 a. m.","ene. 00, 1900 12:00:00 a. m.",0,Catalyst system efficiency below threshold bank 1,No sub type information,OBD with Source Address Information,OBD Powertrain,P0420,,
A-05507-A,"Vehicle, Conductores del mundo","sep. 30, 2025 11:50:35 a. m.","ene. 00, 1900 12:00:00 a. m.",0,La luz de advertencia del vehículo está encendida,,Telematics Device,Telematics device,168,,
A-05507-A,"Vehicle, Conductores del mundo","sep. 30, 2025 11:54:20 a. m.","ene. 00, 1900 12:00:00 a. m.",0,Catalyst system efficiency below threshold bank 1,No sub type information,OBD with Source Address Information,OBD Powertrain,P0420,,
A-05507-A,"Vehicle, Conductores del mundo","sep. 30, 2025 11:54:20 a. m.","ene. 00, 1900 12:00:00 a. m.",0,Catalyst system efficiency below threshold bank 1,No sub type information,OBD with Source Address Information,OBD Powertrain,P0420,,
A-05507-A,"Vehicle, Conductores del mundo","sep. 30, 2025 11:54:41 a. m.","ene. 00, 1900 12:00:00 a. m.",0,La luz de advertencia del vehículo está encendida,,Telematics Device,Telematics device,168,,
A-05507-A,"Vehicle, Conductores del mundo","sep. 30, 2025 1:07:25 p. m.","ene. 00, 1900 12:00:00 a. m.",0,Catalyst system efficiency below threshold bank 1,No sub type information,OBD with Source Address Information,OBD Powertrain,P0420,,
A-05507-A,"Vehicle, Conductores del mundo","sep. 30, 2025 1:07:25 p. m.","ene. 00, 1900 12:00:00 a. m.",0,Catalyst system efficiency below threshold bank 1,No sub type information,OBD with Source Address Information,OBD Powertrain,P0420,,
A-05507-A,"Vehicle, Conductores del mundo","sep. 30, 2025 1:07:45 p. m.","ene. 00, 1900 12:00:00 a. m.",0,La luz de advertencia del vehículo está encendida,,Telematics Device,Telematics device,168,,
A-05507-A,"Vehicle, Conductores del mundo","sep. 30, 2025 2:07:31 p. m.","ene. 00, 1900 12:00:00 a. m.",0,Catalyst system efficiency below threshold bank 1,No sub type information,OBD with Source Address Information,OBD Powertrain,P0420,,
A-05507-A,"Vehicle, Conductores del mundo","sep. 30, 2025 2:07:32 p. m.","ene. 00, 1900 12:00:00 a. m.",0,Catalyst system efficiency below threshold bank 1,No sub type information,OBD with Source Address Information,OBD Powertrain,P0420,,
A-05507-A,"Vehicle, Conductores del mundo","sep. 30, 2025 2:07:51 p. m.","ene. 00, 1900 12:00:00 a. m.",0,La luz de advertencia del vehículo está encendida,,Telematics Device,Telematics device,168,,
A-05507-A,"Vehicle, Conductores del mundo","sep. 30, 2025 2:23:34 p. m.","ene. 00, 1900 12:00:00 a. m.",0,Catalyst system efficiency below threshold bank 1,No sub type information,OBD with Source Address Information,OBD Powertrain,P0420,,
A-05507-A,"Vehicle, Conductores del mundo","sep. 30, 2025 2:23:34 p. m.","ene. 00, 1900 12:00:00 a. m.",0,Catalyst system efficiency below threshold bank 1,No sub type information,OBD with Source Address Information,OBD Powertrain,P0420,,
A-05507-A,"Vehicle, Conductores del mundo","sep. 30, 2025 2:23:54 p. m.","ene. 00, 1900 12:00:00 a. m.",0,La luz de advertencia del vehículo está encendida,,Telematics Device,Telematics device,168,,
A-05507-A,"Vehicle, Conductores del mundo","sep. 30, 2025 7:11:22 p. m.","ene. 00, 1900 12:00:00 a. m.",0,Catalyst system efficiency below threshold bank 1,No sub type information,OBD with Source Address Information,OBD Powertrain,P0420,,
A-05507-A,"Vehicle, Conductores del mundo","sep. 30, 2025 7:11:22 p. m.","ene. 00, 1900 12:00:00 a. m.",0,Catalyst system efficiency below threshold bank 1,No sub type information,OBD with Source Address Information,OBD Powertrain,P0420,,
A-05507-A,"Vehicle, Conductores del mundo","sep. 30, 2025 7:11:42 p. m.","ene. 00, 1900 12:00:00 a. m.",0,La luz de advertencia del vehículo está encendida,,Telematics Device,Telematics device,168,,
A-05508-A,"Vehicle, Conductores del mundo","sep. 12, 2025 8:52:41 a. m.","ene. 00, 1900 12:00:00 a. m.",0,Fallo de dispositivo telemático: Se eliminó toda la energía y se reinició el dispositivo,,Telematics Device,Telematics device,130,,
A-05508-A,"Vehicle, Conductores del mundo","sep. 12, 2025 9:00:26 a. m.","ene. 00, 1900 12:00:00 a. m.",0,Device reset due to parameter change,,Telematics Device,Telematics device,377,,
A-05508-A,"Vehicle, Conductores del mundo","sep. 12, 2025 9:10:27 a. m.","ene. 00, 1900 12:00:00 a. m.",0,Calibración del acelerómetro en curso (se requiere más conducción),,Telematics Device,Telematics device,281,,
A-05508-A,"Vehicle, Conductores del mundo","sep. 12, 2025 9:19:44 a. m.","ene. 00, 1900 12:00:00 a. m.",0,Alerta: Se excedió el límite de aceleración para colisiones,,Telematics Device,Telematics device,166,,
A-05508-A,"Vehicle, Conductores del mundo","sep. 12, 2025 9:27:07 a. m.","ene. 00, 1900 12:00:00 a. m.",0,Calibración del acelerómetro en curso (se requiere más conducción),,Telematics Device,Telematics device,281,,
A-05508-A,"Vehicle, Conductores del mundo","sep. 12, 2025 9:47:44 a. m.","ene. 00, 1900 12:00:00 a. m.",0,Calibración del acelerómetro en curso (se requiere más conducción),,Telematics Device,Telematics device,281,,
A-05508-A,"Vehicle, Conductores del mundo","sep. 12, 2025 9:57:39 a. m.","ene. 00, 1900 12:00:00 a. m.",0,Calibración del acelerómetro en curso (se requiere más conducción),,Telematics Device,Telematics device,281,,
A-05508-A,"Vehicle, Conductores del mundo","sep. 14, 2025 2:24:03 a. m.","ene. 00, 1900 12:00:00 a. m.",0,Firmware update applied,,Telematics Device,Telematics device,132,,
A-05508-A,"Vehicle, Conductores del mundo","sep. 22, 2025 3:04:25 p. m.","ene. 00, 1900 12:00:00 a. m.",0,Device reset due to parameter change,,Telematics Device,Telematics device,377,,
A-05508-A,"Vehicle, Conductores del mundo","sep. 22, 2025 11:38:22 p. m.","ene. 00, 1900 12:00:00 a. m.",0,Telematics device fault: internal reset initiated,,Telematics Device,Telematics device,292,,
A-05508-A,"Vehicle, Conductores del mundo","sep. 25, 2025 3:09:17 p. m.","ene. 00, 1900 12:00:00 a. m.",0,Telematics device fault: internal reset initiated,,Telematics Device,Telematics device,292,,
,,,,,,,,,,,